SK_ID_CURR,TARGET
100001,0.05693416
100005,0.26833242
100013,0.04468748
100028,0.06397232
100038,0.32899805
100042,0.04991061
100057,0.01457343
100065,0.05491078
100066,0.02744499
100067,0.18295630
100074,0.07050815
100090,0.05107763
100091,0.27950061
100092,0.14113738
100106,0.05552895
100107,0.33055746
100109,0.10512833
100117,0.04379478
100128,0.31482528
100141,0.05535413
100150,0.05249594
100168,0.01770435
100169,0.08592532
100170,0.46959861
100171,0.08005509
100172,0.19152038
100184,0.17655646
100187,0.11541296
100212,0.04443388
100222,0.09319896
100223,0.05870206
100232,0.01522117
100241,0.34619968
100245,0.03394587
100253,0.03818472
100256,0.08689343
100271,0.01276367
100278,0.66964081
100280,0.02397457
100306,0.47947951
100311,0.12899882
100312,0.01998310
100330,0.27598058
100331,0.03757089
100352,0.15094745
100358,0.13497760
100367,0.04168946
100382,0.20680796
100384,0.36381403
100385,0.09342025
100386,0.03137039
100399,0.05357672
100404,0.05185713
100416,0.02033429
100422,0.04162449
100426,0.07630758
100438,0.04326918
100444,0.20025127
100445,0.16398680
100446,0.09482392
100447,0.04644660
100450,0.17587520
100466,0.02329111
100483,0.03557313
100484,0.04809555
100494,0.09830077
100510,0.25775224
100512,0.02075526
100517,0.07128669
100548,0.04894690
100551,0.09635569
100552,0.07337305
100553,0.01987539
100561,0.26809037
100568,0.47888785
100569,0.02187368
100591,0.19942311
100592,0.05619494
100602,0.05829680
100607,0.11284168
100613,0.08880546
100617,0.12123439
100618,0.09951420
100622,0.05371006
100625,0.09931880
100677,0.19736960
100699,0.03487231
100702,0.58986928
100711,0.06838785
100729,0.19667195
100740,0.35794622
100744,0.28902532
100745,0.07888617
100747,0.18846477
100751,0.55497572
100752,0.05315545
100753,0.37888031
100754,0.70779445
100760,0.05619311
100762,0.23294309
100763,0.05126424
100765,0.01988774
100770,0.21117624
100772,0.05872429
100777,0.05230827
100791,0.01975548
100792,0.01764503
100797,0.03165429
100823,0.05153479
100826,0.04216805
100830,0.07138200
100836,0.34917266
100872,0.12731472
100910,0.08349567
100913,0.12541740
100918,0.02623443
100931,0.01433896
100952,0.04808521
100953,0.03092303
100965,0.44466763
100970,0.03820344
100982,0.28404667
100983,0.44905543
100984,0.07456914
100987,0.12316643
100997,0.05159776
100998,0.58577840
101002,0.06614424
101005,0.24173291
101008,0.73510965
101020,0.03768569
101021,0.09427165
101024,0.06298622
101025,0.37082424
101026,0.04698664
101031,0.02514327
101041,0.03786722
101051,0.00553628
101055,0.11024596
101056,0.43712230
101057,0.03549435
101064,0.02631214
101079,0.14482290
101087,0.02075363
101090,0.05274581
101092,0.21641545
101097,0.10444690
101099,0.04390131
101107,0.23893290
101118,0.04965938
101125,0.14010932
101126,0.01756027
101128,0.01172922
101136,0.10852976
101140,0.47403295
101149,0.16513072
101160,0.27503433
101169,0.34022980
101181,0.03948043
101186,0.01677532
101190,0.04126644
101193,0.16633697
101194,0.20488384
101198,0.23047521
101200,0.02846995
101204,0.02297621
101211,0.14888906
101213,0.09241576
101223,0.05935921
101225,0.27942527
101237,0.11051575
101243,0.18693430
101244,0.15530657
101258,0.03546273
101259,0.38159546
101268,0.21884156
101269,0.06269413
101271,0.04434353
101279,0.04625677
101281,0.52774923
101287,0.06340058
101292,0.04471443
101294,0.04943609
101296,0.23160499
101297,0.01939214
101299,0.04142079
101301,0.06465936
101305,0.11533997
101308,0.38477584
101318,0.01522245
101327,0.31426035
101329,0.01630768
101332,0.07641604
101337,0.04912377
101343,0.03181239
101345,0.04891785
101346,0.01826838
101353,0.03368484
101354,0.31530754
101355,0.32646125
101356,0.04178570
101362,0.14005083
101363,0.88437512
101365,0.02593392
101366,0.10866670
101367,0.33264970
101368,0.01722462
101374,0.13605515
101380,0.02295804
101383,0.09818455
101398,0.02056070
101399,0.41364351
101401,0.49691917
101412,0.09169596
101426,0.09465485
101427,0.61296628
101428,0.35861522
101429,0.37971837
101434,0.03408392
101440,0.61783065
101448,0.09426098
101449,0.07109403
101465,0.05820517
101467,0.03236134
101472,0.10659170
101478,0.30719196
101497,0.09240215
101504,0.05629578
101547,0.02722124
101548,0.11262431
101555,0.09887930
101570,0.02488492
101572,0.06122675
101578,0.06686466
101580,0.18873405
101588,0.17567773
101602,0.11404664
101610,0.11312444
101614,0.06118209
101616,0.03718306
101643,0.19017199
101644,0.07664107
101649,0.02939510
101650,0.10481029
101665,0.02326863
101667,0.18124111
101669,0.23406110
101674,0.16916837
101675,0.01506598
101678,0.19015334
101682,0.02574824
101686,0.05435660
101697,0.57611896
101700,0.87419702
101711,0.05005567
101714,0.03655474
101715,0.51806937
101728,0.03217203
101732,0.06759333
101757,0.24148520
101758,0.05292514
101759,0.09323770
101762,0.03962274
101764,0.13379026
101780,0.44898426
101784,0.02144497
101789,0.04805894
101816,0.07992162
101819,0.07492320
101827,0.01893457
101863,0.06478502
101867,0.05406415
101870,0.02075887
101873,0.41621028
101878,0.09384506
101879,0.14552164
101880,0.04247274
101887,0.06073853
101897,0.03156550
101901,0.17020700
101903,0.47733105
101920,0.06423323
101921,0.05125491
101922,0.08450967
101961,0.18271692
101962,0.02771955
101971,0.05980919
101976,0.90070977
102002,0.24204424
102005,0.04409093
102007,0.39589296
102017,0.04621533
102019,0.29731036
102029,0.02009870
102051,0.26645501
102052,0.02041438
102054,0.03237414
102062,0.11578876
102067,0.17709478
102068,0.36214472
102070,0.09947315
102090,0.20601415
102092,0.08440225
102099,0.13202951
102100,0.05321889
102112,0.23879959
102113,0.03907230
102122,0.45009838
102123,0.08689196
102125,0.02910467
102126,0.28572986
102146,0.02783426
102147,0.09680233
102151,0.08757655
102158,0.30578843
102159,0.03601757
102162,0.06824713
102165,0.07497461
102166,0.02029292
102174,0.01011098
102193,0.31122145
102198,0.04640820
102205,0.36336192
102206,0.01495866
102218,0.02912865
102221,0.04860019
102230,0.13178706
102238,0.02911964
102248,0.06292707
102252,0.50796038
102259,0.10060966
102262,0.29443442
102273,0.05192188
102286,0.29432460
102293,0.01162481
102294,0.04592016
102296,0.17840148
102298,0.12671679
102303,0.03369704
102309,0.05125876
102315,0.07535182
102340,0.06152001
102342,0.09826104
102344,0.06813078
102346,0.16313079
102347,0.01654578
102374,0.14027216
102380,0.04365890
102387,0.02398006
102393,0.06098425
102403,0.01941347
102413,0.03756964
102414,0.01779864
102415,0.07358656
102416,0.10337218
102439,0.06452857
102441,0.04912242
102443,0.02892886
102444,0.10120004
102445,0.11070758
102448,0.05182130
102449,0.13657003
102450,0.43709117
102456,0.01678390
102458,0.23758964
102459,0.12271284
102465,0.06166094
102470,0.46281847
102471,0.04380671
102475,0.02953364
102476,0.37582687
102506,0.05440226
102509,0.05603885
102519,0.03761106
102522,0.03563590
102545,0.14297137
102549,0.05354741
102562,0.02794143
102563,0.03170825
102568,0.14698504
102582,0.06161622
102592,0.01338302
102597,0.18432269
102605,0.05180985
102614,0.06383746
102617,0.44026541
102634,0.05478883
102652,0.03962116
102655,0.02952378
102671,0.14024406
102694,0.32828150
102701,0.08008471
102703,0.01400348
102704,0.03732788
102713,0.01708795
102720,0.16713688
102731,0.03395370
102733,0.04689825
102749,0.03747433
102755,0.21893804
102763,0.01326848
102770,0.06838672
102772,0.17232038
102799,0.25056134
102838,0.02037223
102854,0.02270733
102862,0.34053942
102863,0.04472024
102867,0.01421471
102868,0.02017174
102878,0.10197816
102887,0.03066146
102898,0.65780291
102904,0.13875336
102912,0.06813001
102919,0.10888176
102927,0.16206656
102932,0.11754397
102933,0.07484858
102935,0.02670301
102958,0.12116636
102969,0.60374652
102971,0.04090867
102975,0.10064585
102979,0.06776791
102982,0.01769743
102987,0.40253532
102989,0.06236487
102995,0.12291229
102996,0.02931116
103000,0.09006295
103001,0.29469585
103004,0.02576576
103010,0.02095145
103025,0.42081565
103029,0.03163730
103046,0.11397761
103056,0.03307261
103062,0.27611991
103078,0.04057730
103083,0.02349003
103092,0.08098429
103096,0.09054028
103097,0.14475601
103102,0.44521659
103112,0.11440937
103132,0.04284578
103144,0.09815936
103145,0.26836420
103146,0.00987311
103147,0.07834143
103158,0.04769235
103171,0.20890685
103173,0.07019171
103184,0.03358339
103195,0.30597212
103196,0.13223275
103206,0.02282094
103230,0.37590972
103231,0.44766544
103232,0.02446631
103239,0.15164129
103240,0.16986102
103243,0.02254831
103252,0.20750843
103258,0.05656859
103259,0.22073550
103279,0.02331745
103280,0.01042927
103286,0.07367931
103287,0.99478616
103290,0.00723184
103298,0.03417806
103315,0.01535300
103319,0.03866958
103334,0.39702952
103336,0.05781781
103345,0.10722629
103368,0.04476198
103371,0.60052699
103377,0.02557043
103398,0.03143773
103404,0.09705686
103408,0.30414992
103410,0.08101896
103418,0.03898651
103420,0.29289198
103432,0.09878433
103433,0.03409500
103436,0.04431404
103440,0.03797128
103453,0.05498055
103459,0.05056559
103460,0.06357170
103461,0.00979758
103462,0.04463867
103473,0.10350801
103474,0.04283465
103475,0.43380061
103478,0.15623547
103480,0.06536290
103484,0.03774309
103494,0.33842114
103513,0.06101808
103515,0.14247388
103516,0.22774872
103525,0.22354495
103541,0.28411104
103544,0.01716430
103562,0.73206139
103570,0.50621957
103572,0.25096920
103574,0.01774077
103575,0.07440509
103591,0.33990438
103594,0.01138220
103609,0.08744103
103613,0.39625142
103614,0.05214850
103615,0.08957023
103624,0.08764330
103625,0.39716779
103628,0.29495016
103629,0.01459961
103647,0.11259557
103648,0.08585780
103651,0.04103372
103658,0.05774350
103668,0.15991776
103669,0.04881168
103676,0.05527235
103682,0.05837055
103683,0.20534253
103689,0.03318506
103725,0.19308725
103733,0.22119819
103744,0.09675002
103762,0.38238761
103771,0.83187875
103773,0.01046741
103783,0.06712385
103784,0.07608057
103808,0.01412041
103812,0.07849875
103813,0.24594208
103814,0.09988445
103818,0.08590968
103824,0.03352503
103828,0.01503583
103830,0.63776517
103840,0.03125259
103842,0.20790595
103847,0.29252559
103848,0.25147662
103851,0.04539766
103854,0.17967784
103857,0.28764050
103861,0.02813353
103862,0.06840833
103865,0.03376526
103870,0.01515636
103876,0.04306356
103891,0.63157112
103908,0.12777725
103914,0.18610387
103918,0.16440502
103940,0.03148579
103963,0.15415939
103966,0.07416369
103971,0.34217123
103980,0.23040431
103984,0.06782973
103985,0.06048173
103998,0.54563677
104019,0.02222009
104026,0.06474633
104035,0.12056651
104044,0.06455395
104045,0.16324372
104047,0.28445084
104051,0.02560943
104058,0.06324558
104063,0.04890677
104066,0.70373525
104087,0.04824768
104089,0.18684233
104095,0.07033290
104098,0.15975341
104104,0.04996407
104110,0.69786917
104120,0.04208337
104122,0.13116586
104131,0.08519445
104132,0.08945308
104135,0.04286711
104136,0.02964097
104149,0.16855157
104150,0.09853605
104156,0.65400323
104165,0.34532777
104175,0.02046512
104179,0.17353605
104184,0.16939335
104206,0.03537492
104216,0.59017099
104230,0.36251112
104257,0.06276373
104272,0.03266448
104273,0.13570516
104278,0.05055789
104294,0.10263543
104295,0.03010494
104297,0.05820160
104298,0.09607895
104308,0.04683833
104318,0.06264782
104319,0.13494977
104320,0.17566434
104327,0.20040355
104334,0.09359347
104344,0.07378626
104350,0.02980233
104351,0.30572670
104354,0.07886822
104369,0.09866159
104376,0.22170739
104381,0.07071054
104384,0.24623346
104391,0.04367266
104394,0.06689699
104398,0.52521248
104402,0.01799940
104408,0.14002805
104409,0.02206196
104410,0.89841462
104412,0.06764200
104417,0.17541200
104424,0.07444630
104426,0.02240222
104435,0.09780781
104445,0.04269359
104458,0.01980012
104460,0.04123218
104466,0.01471800
104472,0.07632955
104473,0.09070202
104479,0.02804506
104480,0.02022313
104482,0.05855489
104499,0.03759054
104501,0.01344862
104502,0.01998431
104506,0.18586948
104510,0.00889348
104512,0.08777118
104520,0.57635078
104528,0.09073755
104529,0.01979307
104541,0.05676976
104578,0.02616299
104584,0.04143003
104588,0.15589506
104602,0.27310501
104610,0.01790726
104611,0.57566187
104618,0.10083516
104620,0.07594379
104622,0.02418276
104624,0.08204921
104625,0.22786461
104634,0.11852766
104639,0.15706018
104646,0.02379210
104647,0.08953279
104652,0.06449135
104670,0.04943298
104677,0.01175216
104685,0.13733810
104691,0.05123387
104696,0.15015368
104699,0.02161582
104712,0.12982607
104714,0.01841603
104717,0.13134398
104718,0.02348374
104740,0.08859379
104741,0.03510206
104743,0.01092411
104744,0.03082568
104747,0.11209228
104767,0.05221477
104772,0.19825511
104776,0.32314659
104779,0.04104454
104814,0.02535337
104815,0.04763063
104830,0.05891255
104831,0.10855001
104833,0.06781126
104839,0.02792602
104840,0.03287975
104860,0.52098592
104861,0.03576050
104866,0.12680316
104870,0.01926693
104877,0.14880817
104878,0.02568881
104879,0.06986540
104880,0.16957478
104899,0.01201566
104906,0.06817204
104907,0.09496556
104913,0.23840386
104916,0.17992517
104921,0.08619920
104930,0.06740161
104931,0.56147006
104936,0.03107553
104937,0.04237008
104942,0.04620635
104943,0.08367121
104969,0.09542521
104972,0.30902899
104988,0.17920230
105013,0.03253712
105015,0.02049343
105019,0.09598110
105027,0.06890263
105030,0.11635154
105035,0.68350255
105041,0.04023840
105051,0.27089612
105056,0.05953213
105067,0.56983302
105071,0.10107793
105072,0.01221726
105074,0.11717894
105091,0.06332929
105101,0.03780113
105103,0.08950878
105134,0.05821649
105139,0.02000331
105142,0.14735852
105146,0.11706156
105163,0.16784058
105168,0.07527860
105172,0.03422619
105176,0.66859058
105195,0.08133495
105196,0.54470401
105197,0.01819656
105203,0.12795696
105223,0.13531092
105227,0.27349476
105228,0.02287891
105230,0.14809410
105231,0.38869256
105239,0.08720721
105242,0.31160940
105244,0.04581019
105245,0.04691033
105248,0.04980784
105249,0.05091244
105266,0.31862791
105271,0.52565036
105276,0.03318751
105282,0.07078354
105292,0.11865166
105297,0.01808810
105332,0.07927572
105333,0.02932128
105343,0.20973361
105344,0.04685220
105345,0.17828444
105357,0.03993081
105359,0.18408226
105366,0.08243935
105367,0.05101970
105370,0.00823081
105377,0.04762831
105390,0.03463323
105399,0.01370679
105403,0.32369311
105404,0.10850453
105414,0.03376846
105417,0.07628065
105425,0.35751499
105452,0.21954202
105454,0.11909714
105456,0.12530278
105470,0.06219902
105471,0.06817916
105483,0.23379709
105493,0.22540774
105508,0.13527837
105514,0.07966178
105515,0.02521481
105528,0.41020471
105529,0.02242553
105531,0.04182980
105532,0.05820153
105558,0.02702004
105574,0.01872085
105578,0.01406486
105584,0.64097658
105595,0.07402409
105617,0.70140603
105618,0.05749266
105621,0.05134055
105625,0.06421253
105629,0.04546664
105630,0.03117408
105634,0.04358060
105635,0.03869053
105641,0.20733950
105647,0.29542859
105648,0.14975746
105655,0.05166169
105657,0.02911718
105672,0.19673804
105678,0.32101836
105682,0.17618155
105691,0.06411673
105692,0.05065987
105706,0.05724881
105712,0.05082550
105720,0.04136081
105734,0.01959007
105735,0.04268213
105736,0.31961049
105737,0.01830060
105738,0.28601600
105740,0.39161637
105744,0.09330174
105747,0.11125371
105749,0.19581840
105754,0.07967590
105758,0.09953167
105760,0.05675452
105767,0.39638605
105784,0.12331762
105791,0.02476155
105802,0.43032316
105807,0.33528105
105809,0.13076541
105816,0.13034622
105817,0.02346233
105824,0.04868526
105832,0.04665278
105856,0.04145048
105865,0.06207186
105899,0.53189103
105906,0.04986432
105916,0.10990243
105923,0.06839761
105937,0.13059859
105965,0.05736295
105966,0.19068101
105968,0.06892358
105973,0.09888083
105976,0.27165207
105978,0.16854715
105979,0.06033725
105991,0.18789223
105998,0.25468957
105999,0.02275257
106000,0.38406763
106001,0.03179108
106010,0.37689190
106011,0.02331469
106013,0.33350657
106015,0.01689984
106026,0.02268356
106032,0.01391787
106035,0.49609486
106040,0.06595370
106041,0.55609781
106044,0.02690584
106053,0.13654847
106054,0.01916031
106065,0.20280054
106081,0.06489238
106083,0.15911127
106087,0.03433531
106090,0.11774190
106101,0.05097674
106102,0.12124979
106109,0.07526794
106116,0.18322112
106150,0.01150441
106155,0.18476698
106166,0.01814933
106176,0.41219894
106189,0.04701667
106199,0.25300649
106205,0.33746770
106206,0.08856591
106211,0.02117363
106214,0.08887442
106216,0.09556458
106217,0.06044647
106225,0.06919677
106249,0.05382185
106256,0.09118512
106258,0.05799714
106261,0.04328507
106262,0.11269660
106264,0.02972241
106271,0.05820221
106276,0.03634395
106277,0.13577347
106286,0.13541496
106293,0.05298084
106295,0.10351323
106296,0.03137005
106297,0.11924624
106298,0.09082113
106311,0.09788883
106314,0.05512818
106320,0.04741779
106334,0.14323605
106346,0.07239309
106347,0.06222012
106349,0.14035988
106354,0.12369047
106360,0.02249298
106373,0.16023015
106377,0.04042446
106386,0.29853214
106387,0.08207790
106391,0.03142518
106401,0.68962808
106411,0.12809821
106413,0.41772515
106426,0.59342587
106427,0.24245072
106428,0.26015652
106434,0.06998453
106438,0.02314101
106440,0.03760360
106441,0.02751256
106452,0.28606434
106453,0.06527296
106454,0.05275543
106457,0.18522807
106484,0.02582800
106488,0.16396995
106491,0.43420448
106514,0.17661482
106527,0.19211444
106528,0.07609213
106529,0.01974068
106534,0.51264600
106550,0.38876824
106577,0.05682306
106585,0.17141278
106590,0.00790232
106607,0.08504459
106610,0.18653179
106611,0.06904147
106612,0.09145062
106624,0.05247573
106631,0.01533062
106647,0.56832542
106660,0.30662027
106674,0.03657294
106687,0.01815582
106712,0.07849599
106713,0.08005436
106717,0.06771007
106720,0.10670065
106721,0.21163063
106724,0.16117237
106735,0.21123428
106739,0.08311812
106740,0.07571506
106754,0.18348062
106760,0.55592806
106761,0.13626202
106784,0.27764233
106787,0.06408657
106797,0.01843301
106798,0.09309981
106802,0.23108339
106803,0.06608340
106804,0.44929084
106805,0.03592504
106810,0.16141971
106812,0.31573731
106813,0.08762329
106817,0.06788041
106822,0.11433113
106823,0.07107555
106827,0.02895684
106841,0.06665755
106851,0.40237561
106852,0.10712287
106853,0.30904530
106854,0.95401584
106861,0.07862048
106873,0.06067222
106877,0.03760246
106878,0.02030971
106881,0.17294144
106900,0.05041906
106906,0.04723759
106907,0.22852956
106914,0.16904048
106916,0.16216825
106924,0.02027436
106931,0.08535243
106936,0.11185825
106937,0.37224253
106938,0.02872159
106939,0.10476844
106943,0.05533659
106944,0.19836183
106967,0.13334809
106980,0.02669150
106986,0.14199805
106987,0.04008805
106990,0.03167833
107013,0.02140930
107023,0.15039952
107033,0.06095617
107037,0.20679765
107048,0.04106916
107071,0.05223738
107081,0.01449685
107113,0.20763530
107130,0.02493309
107131,0.04271270
107145,0.07946821
107156,0.16941623
107219,0.13372237
107222,0.22582356
107223,0.59511884
107232,0.78773384
107245,0.06107959
107246,0.13898822
107247,0.12559694
107256,0.01596501
107259,0.02670587
107260,0.01114947
107279,0.43606591
107280,0.15033524
107281,0.05368350
107285,0.39877401
107329,0.01405443
107337,0.24367408
107349,0.25772615
107350,0.04466664
107351,0.01183141
107359,0.16076135
107391,0.10805819
107394,0.04720043
107395,0.06190030
107406,0.07516051
107416,0.20269783
107417,0.02040197
107418,0.13888952
107419,0.04459739
107444,0.02590817
107445,0.03033975
107446,0.21755338
107460,0.42630831
107470,0.15012211
107475,0.05054267
107520,0.04797087
107526,0.44467421
107527,0.03706724
107530,0.02717356
107532,0.14348486
107534,0.13818328
107535,0.04197118
107554,0.12217182
107556,0.03144160
107559,0.26781968
107561,0.01383854
107564,0.05048770
107566,0.03670205
107571,0.10675868
107590,0.38099824
107602,0.17498437
107625,0.11415235
107626,0.81093625
107635,0.02115704
107636,0.15263342
107645,0.02292012
107652,0.24999785
107655,0.04983437
107668,0.06621997
107670,0.03517699
107677,0.01523958
107680,0.59789489
107683,0.43184736
107684,0.02351173
107691,0.08010400
107692,0.10758236
107703,0.05319654
107709,0.05206314
107710,0.23463313
107721,0.31812169
107725,0.32943439
107727,0.27383456
107739,0.03299801
107740,0.08032438
107741,0.06102639
107747,0.03330597
107765,0.40352486
107768,0.00892778
107775,0.19889554
107782,0.54495051
107790,0.02568475
107801,0.02848371
107807,0.03578177
107811,0.03233514
107817,0.26866419
107826,0.12848336
107838,0.24384640
107839,0.04068504
107843,0.21205806
107847,0.15884406
107849,0.26990386
107850,0.17068887
107867,0.15304229
107871,0.14188457
107908,0.09371272
107913,0.17567751
107927,0.02918935
107931,0.07356477
107955,0.01574773
107962,0.21107888
107977,0.08387285
107978,0.09651548
107993,0.02616404
108010,0.18747788
108016,0.04626820
108018,0.74091300
108027,0.57187023
108045,0.71813381
108069,0.29705263
108082,0.01480975
108089,0.11175647
108092,0.05296661
108106,0.00881730
108112,0.13475187
108120,0.18774891
108122,0.46936692
108135,0.03857696
108170,0.00887346
108171,0.12370943
108177,0.01950199
108180,0.22609721
108183,0.03322384
108184,0.02924542
108185,0.03738535
108192,0.10950782
108195,0.40874576
108196,0.29901841
108218,0.03823214
108219,0.10246074
108243,0.09879650
108249,0.02469146
108251,0.03457124
108274,0.07834805
108280,0.78417373
108289,0.12984458
108292,0.04067802
108295,0.06857874
108327,0.03719760
108332,0.05978578
108346,0.04771890
108349,0.37938639
108353,0.08287690
108362,0.05650843
108363,0.05300036
108377,0.61870723
108378,0.10272796
108381,0.04695259
108383,0.60939751
108390,0.08283502
108407,0.01899189
108408,0.06270445
108411,0.14256086
108412,0.04900107
108419,0.02812573
108436,0.54609645
108437,0.51571143
108438,0.23790016
108441,0.04231332
108448,0.02943600
108449,0.09443281
108466,0.02157728
108467,0.18029960
108473,0.03169071
108474,0.11273959
108476,0.02875184
108479,0.03065966
108486,0.01487273
108493,0.04203819
108501,0.05958723
108506,0.35875014
108510,0.06185522
108511,0.02361095
108514,0.24555555
108517,0.02635408
108519,0.10338845
108522,0.08389954
108548,0.23428504
108554,0.11617317
108555,0.28295167
108559,0.14384028
108562,0.03771483
108571,0.09800806
108572,0.06248511
108579,0.06637687
108583,0.03305520
108584,0.01325685
108592,0.06334447
108602,0.02689507
108609,0.02527303
108613,0.20903371
108616,0.10615947
108618,0.12208996
108620,0.03193421
108643,0.03631539
108649,0.04732090
108654,0.17297729
108655,0.01690938
108656,0.04733786
108667,0.22016498
108668,0.17471692
108682,0.10846096
108690,0.07330426
108691,0.07189127
108692,0.10258568
108695,0.05017861
108699,0.06382775
108710,0.39333842
108718,0.46564545
108739,0.17930789
108740,0.02607449
108741,0.01874781
108742,0.02292916
108763,0.01922467
108767,0.29695168
108769,0.25680183
108779,0.44610216
108788,0.05616237
108801,0.05135728
108802,0.08077866
108810,0.07871456
108811,0.03136018
108813,0.01020147
108814,0.21852785
108825,0.05740239
108826,0.06270936
108830,0.13485847
108834,0.05554556
108852,0.01510004
108887,0.33005901
108901,0.15486557
108908,0.02462841
108910,0.06007623
108920,0.11599228
108922,0.02854303
108929,0.71046122
108930,0.01939957
108937,0.04742181
108938,0.05482071
108943,0.16889926
108948,0.08024398
108953,0.12433195
108956,0.13849470
108965,0.02014904
108985,0.13732965
108986,0.18981217
108987,0.06652744
108990,0.01542408
108991,0.02711453
108993,0.62434733
109000,0.11523896
109001,0.20610982
109012,0.69679697
109014,0.12073182
109015,0.13936945
109021,0.10862716
109037,0.15911877
109042,0.32759920
109044,0.05626066
109046,0.97754916
109064,0.01031647
109084,0.10074897
109086,0.05047334
109092,0.01451574
109093,0.15344703
109100,0.19711140
109101,0.01268709
109110,0.04556442
109114,0.42417027
109126,0.23989007
109152,0.05187688
109162,0.09359159
109167,0.04854921
109168,0.10223794
109169,0.01653846
109179,0.09640708
109184,0.10775166
109191,0.11997628
109192,0.07641712
109193,0.01745111
109196,0.08721289
109206,0.06649286
109210,0.07259318
109244,0.06759073
109249,0.01662080
109273,0.06256843
109276,0.51874377
109281,0.13406682
109287,0.18556256
109297,0.11985452
109298,0.10255833
109306,0.06291423
109309,0.12563352
109321,0.39054978
109328,0.30351661
109336,0.03483970
109342,0.10922788
109346,0.03601001
109347,0.16216643
109348,0.09364631
109362,0.11019293
109363,0.06612654
109367,0.05778362
109370,0.01735178
109393,0.14724297
109405,0.04566039
109413,0.10708003
109414,0.72748083
109421,0.05456570
109427,0.08692038
109428,0.07379888
109429,0.26659407
109437,0.03936716
109443,0.03086760
109461,0.11930839
109468,0.31645493
109469,0.02826543
109471,0.12411263
109479,0.10966987
109484,0.02967311
109501,0.16683938
109505,0.12698673
109535,0.04545102
109539,0.01847179
109544,0.08724066
109545,0.02509522
109551,0.28748219
109553,0.04294052
109555,0.06262852
109561,0.10928583
109580,0.03323389
109583,0.62237699
109593,0.51936481
109604,0.24538562
109620,0.10410173
109635,0.08575329
109637,0.47682891
109638,0.12360604
109642,0.33262992
109649,0.03010897
109652,0.04553823
109656,0.07468244
109663,0.05865364
109696,0.22113480
109700,0.27053605
109709,0.14877198
109735,0.02493962
109740,0.05395217
109741,0.04289844
109749,0.11970942
109764,0.05050625
109771,0.07036504
109772,0.04352722
109773,0.35085227
109798,0.08058302
109802,0.73662564
109804,0.04400711
109813,0.09302484
109818,0.05911480
109848,0.08663766
109850,0.03870499
109851,0.04464120
109855,0.01946906
109871,0.45337202
109877,0.08609426
109883,0.02095881
109886,0.03224200
109905,0.14623444
109936,0.38185232
109950,0.11267653
109958,0.12249246
109959,0.12859196
109969,0.03825964
109971,0.05931787
109984,0.02977858
109985,0.22524193
109988,0.05239593
109992,0.12440215
110005,0.06010807
110009,0.13171749
110011,0.41219216
110014,0.04280342
110026,0.05517572
110042,0.07174846
110058,0.02128401
110069,0.12875781
110080,0.02865506
110087,0.06162360
110091,0.25195442
110094,0.06321979
110098,0.23835099
110105,0.08939051
110117,0.07798019
110136,0.23096590
110138,0.27919457
110149,0.18614167
110164,0.12233425
110202,0.18532598
110212,0.01621731
110226,0.01363087
110236,0.02534213
110249,0.03136928
110257,0.12173417
110258,0.02305450
110277,0.03087656
110282,0.04574751
110284,0.12121975
110286,0.11800516
110289,0.02363538
110304,0.01524632
110319,0.11733813
110324,0.25186221
110326,0.01721959
110335,0.08131032
110337,0.14643500
110338,0.03804693
110343,0.15169271
110345,0.03150676
110347,0.22352352
110355,0.01406338
110359,0.12695739
110360,0.12610158
110364,0.08902802
110371,0.23351774
110372,0.06060239
110376,0.09608922
110379,0.33283293
110380,0.05252875
110393,0.09759625
110401,0.41445068
110406,0.04512651
110411,0.09832290
110416,0.01788601
110420,0.04031711
110443,0.02436867
110465,0.02883381
110468,0.03979070
110469,0.20765081
110471,0.24454403
110487,0.65764774
110491,0.34837387
110504,0.11355762
110547,0.08758721
110550,0.15845664
110559,0.28487451
110578,0.17007455
110582,0.06434749
110590,0.02946656
110598,0.08449606
110601,0.56140660
110602,0.05068433
110604,0.04327063
110625,0.14766359
110626,0.25914682
110636,0.78885341
110637,0.09668326
110638,0.14871389
110646,0.04049834
110648,0.06061670
110652,0.08743621
110681,0.05177318
110682,0.16167038
110687,0.19664708
110691,0.02765686
110694,0.21993436
110695,0.07091897
110696,0.43407633
110708,0.02271647
110710,0.02015331
110717,0.07104333
110730,0.10349963
110740,0.03580521
110742,0.05858045
110747,0.04986655
110761,0.05743074
110766,0.02383742
110769,0.04154259
110774,0.11468003
110803,0.04646956
110805,0.02090254
110809,0.52721555
110827,0.07990029
110832,0.08366793
110839,0.15688986
110859,0.42434784
110861,0.01840475
110863,0.26606436
110865,0.24483945
110881,0.13817753
110889,0.07577382
110891,0.02275000
110894,0.01528047
110895,0.25085322
110907,0.72273763
110914,0.11240294
110933,0.04020504
110934,0.01552988
110937,0.05046418
110953,0.03862112
110954,0.28680557
110958,0.40222903
110970,0.06592863
110974,0.10867074
110977,0.18366339
110989,0.03623358
110993,0.73235085
110994,0.17507892
111018,0.02634393
111019,0.03341846
111030,0.07145803
111032,0.12257108
111041,0.03082115
111045,0.05905313
111048,0.01758220
111052,0.07770330
111070,0.69272299
111084,0.25819869
111091,0.17182993
111104,0.01382038
111108,0.07459612
111112,0.02674299
111127,0.01599210
111142,0.14051917
111146,0.94910406
111165,0.05843626
111168,0.07485550
111169,0.85669878
111172,0.02997827
111173,0.02324191
111174,0.08397520
111175,0.33560885
111176,0.11199313
111177,0.11463676
111180,0.04281303
111182,0.06944703
111192,0.01756975
111194,0.13766544
111196,0.48474353
111197,0.04778161
111198,0.06723279
111205,0.06238764
111207,0.12994843
111222,0.01204086
111228,0.04724834
111233,0.03077340
111256,0.04199538
111258,0.01450886
111262,0.03847016
111263,0.20806965
111267,0.05771406
111269,0.04427653
111276,0.05564779
111277,0.77494505
111279,0.12808536
111290,0.03084688
111294,0.01396807
111295,0.27487051
111315,0.29024701
111318,0.12927985
111327,0.05995371
111328,0.26955331
111332,0.18711724
111338,0.02952857
111343,0.09731485
111344,0.06586999
111345,0.78725984
111347,0.04679815
111356,0.02664469
111359,0.15492885
111367,0.02316100
111368,0.01478099
111391,0.49296122
111408,0.00996822
111412,0.19205842
111419,0.18430651
111422,0.04244073
111423,0.57735778
111439,0.09563482
111452,0.92299404
111456,0.07775689
111467,0.04562499
111478,0.32474704
111482,0.05077506
111488,0.83843332
111503,0.10002972
111510,0.03677811
111512,0.00997348
111518,0.09267486
111532,0.20253670
111537,0.02166582
111541,0.08405486
111544,0.28755660
111550,0.05829362
111554,0.13745668
111560,0.42100077
111566,0.06314105
111567,0.20703635
111592,0.03859927
111618,0.17204461
111620,0.16625526
111627,0.02517298
111641,0.37602932
111646,0.61896791
111652,0.05849961
111657,0.07312924
111664,0.16263724
111665,0.21342745
111669,0.03780563
111673,0.02039204
111687,0.03697771
111688,0.04682492
111689,0.03841212
111694,0.11305893
111695,0.15859481
111698,0.14414223
111703,0.01853458
111709,0.04207924
111712,0.08547919
111715,0.14147715
111724,0.26509728
111730,0.04242439
111747,0.03140282
111760,0.05257238
111761,0.03039034
111763,0.18098789
111776,0.10028100
111777,0.01538203
111781,0.04593560
111793,0.08536098
111804,0.44307435
111810,0.17999457
111816,0.03937444
111818,0.06211194
111830,0.05391630
111832,0.08462012
111841,0.04665934
111842,0.03320949
111843,0.15615894
111846,0.13397134
111848,0.28292626
111856,0.03610489
111857,0.01675943
111877,0.03177411
111882,0.13613690
111883,0.18689666
111891,0.01058315
111893,0.04778317
111901,0.13308738
111912,0.07091692
111913,0.03233420
111955,0.03357578
111958,0.04841337
111960,0.13643311
111967,0.03699454
112000,0.20532722
112003,0.17262437
112015,0.48439895
112019,0.76556548
112020,0.08022145
112028,0.07733598
112029,0.04832135
112031,0.09225336
112039,0.06321711
112042,0.01767149
112049,0.02317826
112052,0.36812133
112054,0.02474987
112055,0.02408808
112063,0.32048655
112070,0.06542584
112071,0.08058950
112080,0.02679646
112083,0.03551205
112085,0.02709321
112089,0.24838398
112098,0.20634275
112100,0.06658056
112105,0.21133761
112124,0.05880279
112126,0.08984489
112127,0.06697179
112128,0.04109054
112148,0.03404562
112149,0.08500781
112165,0.27519278
112170,0.02204652
112171,0.05272722
112176,0.37357913
112186,0.03383130
112199,0.09061317
112203,0.02864240
112214,0.21515668
112215,0.01439869
112216,0.09084584
112224,0.36673693
112225,0.05179260
112231,0.30132268
112234,0.19668325
112235,0.02935106
112236,0.10460996
112254,0.26756349
112265,0.32242392
112271,0.03868704
112284,0.03956451
112287,0.20471439
112295,0.52005657
112303,0.12126790
112307,0.24312009
112310,0.05513802
112312,0.23883351
112313,0.10656618
112326,0.05407773
112333,0.04938833
112334,0.03680301
112339,0.09165944
112347,0.14430445
112350,0.14236315
112356,0.13090097
112357,0.11216162
112359,0.16148056
112360,0.15170170
112371,0.51628271
112385,0.05472609
112392,0.05461747
112401,0.15015321
112405,0.25726624
112414,0.41081757
112429,0.11900207
112448,0.04899973
112467,0.14363801
112468,0.11354888
112469,0.14863286
112491,0.16012381
112500,0.11087465
112510,0.44067598
112535,0.11543454
112537,0.04360777
112551,0.03456751
112552,0.10500761
112556,0.31066995
112577,0.10715487
112590,0.09511318
112593,0.03385158
112596,0.23143447
112601,0.08361508
112604,0.17437464
112622,0.02572358
112655,0.02956270
112663,0.01962339
112667,0.00576982
112670,0.10764763
112676,0.10147179
112677,0.08781641
112679,0.04105078
112683,0.51342559
112688,0.02978737
112692,0.13005117
112696,0.31751377
112702,0.02235700
112709,0.02011868
112720,0.10068646
112735,0.04370033
112738,0.10965104
112742,0.01884289
112748,0.00985694
112749,0.10717022
112766,0.02976577
112767,0.02633360
112769,0.07631639
112771,0.22615566
112775,0.04248536
112794,0.09622553
112795,0.00831563
112796,0.03817954
112815,0.03179957
112817,0.39339120
112821,0.08495244
112822,0.13613982
112829,0.23655334
112831,0.20549707
112835,0.06912562
112838,0.05035436
112842,0.03033849
112844,0.25406300
112845,0.01821878
112846,0.07481950
112847,0.04628209
112867,0.07032850
112868,0.06658134
112874,0.02535116
112879,0.01982088
112882,0.14933178
112886,0.11709693
112895,0.13269128
112896,0.05648088
112902,0.04780552
112904,0.03209578
112917,0.84894731
112932,0.12956493
112944,0.02058768
112946,0.24483674
112947,0.07902369
112948,0.06149972
112966,0.14177943
112967,0.01658597
112971,0.12188786
112973,0.09217777
112974,0.03390929
112978,0.14992183
112988,0.03317795
112992,0.54066543
113003,0.06307733
113004,0.06225991
113007,0.94460800
113020,0.16657358
113025,0.28047526
113032,0.02078911
113042,0.21259671
113047,0.03240940
113066,0.04336010
113067,0.27061504
113071,0.12124358
113087,0.15660146
113108,0.01829173
113109,0.06134556
113123,0.04671191
113128,0.58575174
113134,0.08392894
113151,0.11156887
113175,0.24224735
113181,0.05482130
113188,0.52386549
113191,0.08138327
113193,0.35578442
113201,0.18461449
113209,0.12819211
113222,0.07344792
113248,0.02012672
113272,0.11068754
113276,0.02419550
113287,0.01418694
113302,0.05000809
113308,0.29711271
113316,0.28296003
113318,0.14320092
113320,0.10371097
113322,0.45601028
113325,0.12443100
113326,0.25971567
113332,0.09455144
113346,0.72021458
113352,0.01948228
113361,0.01748482
113362,0.02798903
113365,0.02571687
113366,0.07873720
113368,0.06686917
113382,0.01406957
113385,0.04765648
113390,0.11178963
113391,0.05549104
113393,0.06798274
113396,0.03195832
113397,0.14328494
113402,0.04213188
113403,0.08688884
113405,0.07685261
113406,0.10469398
113410,0.65592928
113413,0.06503801
113418,0.14444468
113419,0.06169150
113435,0.53049002
113438,0.13561959
113447,0.01561920
113458,0.42473389
113466,0.08418222
113475,0.05806242
113482,0.24533712
113490,0.03174240
113505,0.08041473
113508,0.12201654
113520,0.09269109
113532,0.05074624
113535,0.03586654
113549,0.03215902
113557,0.31999147
113558,0.01703444
113561,0.13644910
113566,0.05812217
113569,0.20450709
113574,0.04313089
113576,0.14349086
113577,0.03442657
113585,0.03907716
113587,0.33420660
113599,0.15106484
113601,0.05002378
113602,0.06218414
113605,0.15989730
113609,0.14817144
113611,0.14797222
113616,0.04336404
113627,1.20875879
113631,0.38278894
113643,0.07140753
113652,0.25838902
113657,0.04071140
113659,0.02306512
113672,0.10184552
113680,0.01978389
113692,0.21304824
113694,0.07127031
113695,0.11543797
113701,0.03414536
113733,0.04368652
113738,0.20281997
113740,0.13609411
113742,0.03787807
113777,0.01015416
113783,0.14600983
113788,0.04158249
113789,0.06555920
113791,0.12662814
113795,0.08742988
113799,0.04338370
113805,0.02722656
113820,0.06659141
113822,0.01686454
113824,0.04833781
113829,0.10912758
113832,0.01764362
113833,0.11636106
113841,0.02981506
113849,0.09684003
113862,0.24706195
113863,0.34367797
113864,0.04012031
113870,0.01851371
113875,0.03268551
113882,0.03479090
113887,0.08884715
113894,0.04495972
113909,0.01865590
113930,0.26182186
113936,0.12415996
113939,0.14451835
113942,0.09333947
113943,0.49950887
113945,0.15609614
113947,0.01978497
113950,0.01898309
113951,0.24011236
113957,0.10743234
113966,0.21875412
113967,0.06113966
113977,0.03853452
113984,0.32571828
113986,0.11539508
113992,0.02499893
113998,0.01054206
113999,1.08439126
114003,0.08010515
114010,0.01918362
114011,0.32924240
114032,0.01717630
114047,0.09411377
114055,0.06927031
114056,0.31654612
114064,0.23764309
114065,0.03659226
114067,0.05067142
114068,0.02360229
114075,0.04416944
114076,0.14453110
114077,0.02138936
114094,0.06801686
114095,0.01463186
114109,0.17454833
114114,0.36531859
114116,0.04759144
114127,0.05364642
114158,0.11820015
114168,0.25388175
114169,0.23257490
114171,0.23008220
114180,0.72221194
114193,0.01217214
114198,0.05045709
114201,0.09248599
114202,0.29808336
114207,0.18903530
114210,0.11400501
114221,0.10627331
114222,0.13914040
114227,0.27368402
114250,0.02645051
114253,0.16896148
114265,0.03475917
114267,0.13532403
114273,0.37125088
114280,0.62222396
114281,0.05834479
114283,1.35431125
114291,0.30287815
114310,0.36632010
114316,0.00867639
114326,0.00824756
114327,0.03302237
114339,0.14412761
114352,0.07622285
114359,0.44246766
114360,0.09205531
114382,0.18885603
114396,0.42533453
114397,0.05328024
114415,0.07387393
114425,0.07649604
114434,0.04291973
114456,0.34438536
114463,0.03846708
114469,0.01326910
114476,0.01640131
114480,0.00655621
114482,0.38007545
114492,0.01842363
114493,0.21070090
114501,0.09498231
114506,0.17074565
114510,0.04713700
114515,0.41147183
114524,0.27607396
114545,0.59092200
114546,0.02151066
114560,0.02377847
114562,0.17627699
114563,0.06327129
114566,0.25064098
114599,0.02346996
114601,0.00616866
114607,0.11915922
114612,0.01621295
114622,0.16038611
114625,0.68804734
114634,0.32493567
114635,0.05113717
114641,0.01450135
114644,0.08076801
114645,0.12571796
114651,0.01784812
114653,0.00891807
114654,0.09705182
114667,0.03262988
114668,0.42084173
114670,0.04927363
114686,0.16255005
114688,0.47944439
114690,0.09665993
114691,0.03705663
114700,0.04539157
114706,0.02304484
114740,0.11389796
114741,0.24813470
114755,0.02155607
114757,0.01700795
114767,0.03701570
114772,0.72047088
114780,0.27938304
114782,0.04228699
114791,0.03975773
114815,0.12321450
114823,0.08502930
114835,0.18134771
114838,0.01475082
114840,0.05035300
114842,0.04339548
114844,0.11240933
114850,0.20711457
114853,0.03914821
114856,0.78658861
114857,0.03715678
114858,0.13706123
114864,0.07677448
114871,0.03683014
114875,0.13781525
114879,0.06076101
114893,0.02884509
114912,0.07597823
114922,0.06163538
114930,0.02385059
114945,0.04858877
114951,0.00936177
114958,0.06426804
114962,0.07652020
114976,0.22293351
114978,0.12420275
114987,0.06844083
115002,0.02809408
115005,0.05365998
115023,0.32639123
115030,0.04336796
115033,0.19562914
115034,0.13591811
115038,0.01977554
115046,0.05891026
115049,0.05798626
115055,0.04363039
115059,0.10782042
115076,0.10007377
115078,0.07279910
115081,0.10925314
115085,0.10496829
115096,0.09131924
115101,0.03680083
115114,0.04670892
115119,0.05266616
115121,0.11935269
115122,0.07002146
115144,0.14139207
115147,0.27822493
115151,0.02154479
115172,0.05414859
115175,0.15028220
115183,0.02375190
115185,0.21353869
115197,0.06903853
115200,0.14697703
115207,0.07746663
115217,0.01231641
115230,0.09246510
115237,0.03934294
115246,0.03272591
115251,0.03607303
115269,0.20251633
115290,0.20187642
115299,0.08873535
115309,0.53558140
115310,0.13052263
115311,0.02504868
115312,0.03806108
115323,0.01880906
115324,0.08028508
115341,0.27132656
115342,0.03893813
115343,0.00967198
115350,0.13046073
115354,0.11951856
115360,0.42641165
115368,0.04478945
115373,0.06320046
115396,0.75735413
115400,0.09384479
115401,0.02878784
115404,0.02708085
115405,0.18557232
115406,0.04204127
115407,0.01941365
115412,0.01761913
115413,0.05020519
115415,0.08453836
115423,0.03163848
115427,0.14960416
115428,0.01038688
115439,0.06852175
115440,0.28888566
115447,0.02940685
115450,0.04718294
115457,0.10042052
115459,0.13351416
115463,0.07334934
115473,0.30680477
115477,0.03325169
115479,0.02519096
115480,0.28429545
115481,0.07562172
115485,0.18701154
115489,0.07250157
115495,0.02119104
115500,0.04519166
115521,0.15318818
115572,0.01631053
115580,0.02138295
115582,0.02746056
115586,0.02091625
115587,0.11769679
115588,0.03039359
115591,0.29839319
115592,0.04843805
115618,0.01343141
115619,0.05730968
115621,0.51513795
115632,0.28411885
115646,0.11036742
115658,0.10689271
115671,0.04932661
115680,0.08984304
115686,0.06110094
115688,0.02854123
115705,0.12527458
115707,0.04020109
115708,0.04489797
115726,0.64492037
115759,0.08597359
115773,0.05469089
115777,0.01442857
115778,0.42487649
115781,0.01531817
115801,0.79885044
115804,0.08955096
115810,0.16613512
115812,0.15961667
115820,0.38172855
115827,0.10342913
115831,0.12247220
115841,0.24949172
115846,0.23951411
115852,0.01722448
115857,0.05166219
115858,0.12195019
115860,0.05179245
115865,0.03864934
115867,0.23810109
115869,0.13149570
115877,0.14013657
115904,0.11668073
115913,0.12749880
115916,0.03425623
115928,0.10949305
115932,0.05201358
115933,0.05441368
115937,0.72914206
115938,0.02062357
115957,0.04064236
115958,0.06621138
115969,0.01528935
115980,0.08165939
115984,0.02141291
116006,0.25980916
116007,0.27607936
116008,0.10193157
116009,0.31826020
116011,0.02148252
116012,0.18351082
116015,0.75318533
116025,0.31671858
116047,0.00827786
116052,0.17965606
116068,0.03299322
116077,0.21052730
116084,0.04462445
116089,0.02554956
116093,0.03363293
116097,0.22421892
116102,0.24407336
116118,0.06152310
116119,0.02763617
116125,0.05315979
116128,0.06745610
116135,0.03716594
116140,0.36018753
116141,0.01859562
116142,0.18383669
116153,0.09876206
116156,0.02401505
116157,0.07437830
116167,0.02220210
116168,0.07040961
116175,0.02390845
116187,0.03981347
116189,0.10101155
116191,0.16179806
116201,0.26370804
116210,0.21471414
116213,0.11960612
116215,0.21305973
116223,0.06943707
116226,0.03101237
116228,0.02759194
116241,0.02976597
116247,0.02593081
116266,0.03292515
116276,0.65443562
116287,0.01356447
116289,0.14408360
116292,0.09220220
116306,0.04205198
116309,0.05584855
116312,0.01292187
116313,0.05902570
116335,0.05530759
116342,0.11242363
116348,0.02182867
116367,0.07910916
116380,0.05629394
116383,0.23380106
116389,0.15333119
116395,0.32684056
116397,0.08249372
116398,0.15470240
116402,0.11711654
116404,0.03808953
116406,0.02290006
116424,0.24851270
116428,0.01104263
116436,0.07259655
116440,0.02757298
116448,0.10459520
116458,0.02848419
116466,0.03158305
116469,0.02892881
116473,0.05735023
116474,0.10702644
116479,0.10094687
116480,0.04640598
116491,0.02089172
116493,0.04635066
116505,0.06839187
116511,0.02910921
116525,0.02873696
116535,0.17471777
116544,0.02946675
116546,0.02570758
116562,0.03267625
116565,0.04651560
116578,0.02938443
116579,0.03033030
116580,0.25295796
116582,0.00943343
116584,0.03071268
116586,0.10262843
116596,0.03166680
116597,0.08060531
116598,0.04037740
116604,0.34740899
116608,0.01534212
116609,0.02883288
116613,0.04421967
116614,0.15788235
116615,0.06726880
116633,0.22817131
116637,0.02758483
116643,0.04815574
116647,0.15981189
116656,0.07042886
116659,0.11295571
116662,0.15906649
116676,0.06214054
116680,0.07163492
116681,0.06822921
116683,0.42414595
116684,0.06585062
116712,0.04203002
116720,0.06331059
116726,0.13122880
116729,0.02710709
116737,0.40600720
116745,0.04505442
116747,0.07390340
116766,0.01224240
116781,0.03080583
116783,0.04377004
116787,0.03889729
116788,0.36091988
116789,0.00583538
116801,0.02833169
116803,0.06574828
116804,0.14613171
116806,0.06365904
116815,0.09781766
116817,0.02806928
116825,0.06656382
116828,0.01546633
116829,0.08953885
116853,0.14164690
116854,0.26776642
116859,0.14999964
116860,0.19811482
116865,0.08610861
116872,0.40291800
116880,0.62775058
116882,0.09064677
116893,0.08701899
116896,0.16944250
116906,0.01705168
116908,0.08614906
116925,0.03439218
116926,0.43670561
116948,0.13084438
116949,0.20099669
116955,0.15284783
116964,0.06645793
116974,0.10866725
116976,0.42542276
116990,0.05275644
116993,0.13255614
116994,0.27084971
116997,0.15561278
117003,0.04447754
117007,0.10380950
117011,0.03566810
117012,0.04307661
117019,0.01448862
117021,0.01842034
117030,0.16949423
117036,0.04735057
117043,0.25479665
117054,0.05266027
117070,0.24947398
117077,0.26247913
117087,0.07961421
117093,0.08226343
117105,0.07922059
117112,0.17177535
117129,0.64486662
117135,0.35551902
117138,0.46826394
117142,0.03945801
117148,0.28326762
117157,0.26791919
117170,0.02207141
117171,0.02180870
117172,0.10597715
117178,0.20512616
117186,0.11570356
117187,0.09502983
117193,0.38399269
117194,0.15219628
117199,0.04919287
117207,0.05419909
117211,0.07475412
117216,0.87617818
117217,0.02637426
117218,0.06085792
117219,0.07303421
117224,0.03780810
117225,0.02887083
117239,0.07654470
117242,0.07670669
117249,0.40562456
117255,0.05799302
117257,0.35451822
117272,0.01868292
117284,0.42508344
117287,0.06010183
117293,0.03661651
117298,0.51529388
117299,0.04160260
117307,0.02160492
117321,0.04756536
117323,0.06333151
117326,0.14731120
117327,0.38050854
117341,0.02612016
117350,0.17161110
117362,0.34364940
117375,0.06672021
117391,0.15102040
117392,0.06974169
117396,0.37132976
117399,0.10099076
117400,0.07478460
117402,0.07759950
117406,0.14073484
117417,0.71379045
117418,0.12774275
117425,0.10748779
117428,0.06342260
117443,0.05188350
117448,0.04792945
117449,0.03498216
117450,0.47841984
117463,0.11046538
117467,0.03862350
117478,0.09322704
117480,0.33756834
117483,0.36369630
117484,0.07757136
117495,0.11114170
117498,0.01177900
117501,0.11781494
117503,0.10918383
117520,1.08665669
117524,0.11508970
117525,0.23020792
117526,0.17618153
117527,0.14898836
117531,0.03370636
117545,0.08338856
117547,0.63121978
117557,0.12993489
117563,0.07768428
117564,0.09892281
117598,0.41934806
117599,0.07215411
117610,0.02241141
117614,0.07434272
117616,0.50520337
117623,0.03779223
117625,0.73656960
117633,0.02144531
117634,0.16304319
117639,0.36937761
117652,0.07467591
117653,0.24400052
117660,0.07072828
117661,0.03165621
117662,0.16520645
117676,0.14247013
117677,0.27015574
117681,0.05153487
117684,0.36449413
117707,0.09178714
117736,0.39900848
117737,0.25913320
117741,0.08742308
117746,0.34596747
117753,0.30471849
117755,0.06560312
117775,0.07420110
117784,0.27292520
117786,0.10709255
117791,0.04420455
117801,0.10551995
117805,0.02669838
117816,0.03122160
117824,0.25007771
117835,0.39402649
117837,0.04947448
117847,0.07107194
117853,0.06305984
117854,0.05439753
117886,0.05691624
117900,0.02609207
117920,0.95991780
117924,0.06316285
117925,0.20221540
117934,0.07024235
117957,0.11371662
117959,0.37649593
117967,0.30554398
117969,0.19660532
117981,0.02938713
117982,0.07674931
117996,0.18483163
118000,0.20405550
118018,0.16106473
118025,0.32681493
118026,0.81191454
118044,0.11588556
118045,0.09624766
118048,0.03621502
118055,0.11725070
118058,0.01235936
118060,0.99380272
118066,0.01688733
118071,0.11759077
118072,0.29280385
118082,0.04919437
118089,0.20211202
118106,0.06506895
118115,0.05224595
118127,0.55240369
118144,0.18173279
118150,0.03049393
118151,0.04086450
118157,0.75775583
118162,0.03441814
118163,0.01954456
118166,0.09244271
118181,0.06521045
118191,0.03346828
118202,0.36937509
118205,0.14011253
118214,0.05013158
118251,0.29885735
118264,0.33478974
118271,0.81980334
118272,0.18197163
118276,0.40726258
118287,0.48263991
118291,0.02145631
118292,0.14080274
118294,0.03783078
118305,0.05823084
118312,0.12830658
118319,0.02890302
118321,0.02456824
118326,0.99386200
118342,0.42773948
118343,0.03854869
118353,0.29373886
118354,0.07141352
118358,0.05525903
118359,0.16813732
118365,0.20953893
118367,0.01727851
118368,0.04587920
118371,0.11112103
118378,0.02704454
118379,0.07626600
118383,0.02531644
118386,0.12988006
118387,0.04017590
118400,0.07492329
118403,0.04864995
118428,0.18399655
118440,0.13994044
118459,0.04280481
118490,0.04069968
118491,0.10224518
118492,0.12308060
118498,0.21549139
118499,0.20948549
118509,0.27788829
118518,0.04912010
118531,0.21101139
118532,0.03074107
118546,0.01223588
118548,0.08319647
118558,0.05884260
118560,0.18530789
118561,0.03422065
118562,0.46628900
118564,0.08103169
118569,0.26404967
118578,0.06606849
118585,0.06205503
118591,0.01964406
118592,0.07841035
118594,0.10079122
118611,0.02024909
118614,0.09526400
118622,0.04791201
118641,0.07386070
118642,0.04820440
118650,0.08231379
118666,0.07620266
118696,0.20658393
118697,0.04067016
118710,0.01761999
118717,0.17092264
118720,0.03646008
118735,0.04881655
118747,0.03695701
118750,0.11961001
118789,0.03956880
118791,0.04902241
118803,0.14842149
118804,0.11714429
118806,0.43911451
118809,0.20380120
118823,0.21019168
118842,0.05643842
118871,0.72209897
118874,0.10557122
118876,0.06068142
118886,0.32345765
118888,0.27728960
118889,0.01397389
118894,0.06574902
118898,0.02579697
118905,0.21303843
118911,0.02814731
118915,0.02800371
118916,0.18091372
118925,0.05633991
118926,0.08033996
118929,0.06275374
118935,0.08262185
118947,0.14128850
118951,0.01707363
118953,0.03004863
118960,0.17495787
118973,0.05906284
119001,0.10279830
119003,0.48047644
119009,0.17722905
119011,0.05506793
119012,0.26556493
119014,0.05396938
119025,0.03786355
119047,0.15780242
119049,0.03194870
119057,0.11536049
119062,0.01721689
119064,0.03217203
119069,0.08629442
119079,0.00813485
119088,0.01602489
119091,0.54849494
119095,0.40358040
119104,0.05735695
119108,0.35812367
119109,0.13319548
119115,0.07929094
119125,0.02148438
119146,0.03236935
119148,0.09090813
119160,0.45245972
119164,0.71461216
119169,0.07126385
119179,0.34010466
119187,0.03820633
119191,0.02456279
119205,0.01353659
119207,0.12281770
119208,0.01767168
119217,0.12866393
119230,0.11438674
119232,0.11124656
119236,0.46748513
119238,0.08925738
119240,0.11539427
119250,0.29224104
119251,0.12683331
119252,0.04821391
119266,0.07544688
119267,0.06830648
119270,0.22533640
119272,0.22839735
119276,0.24401491
119281,0.01184776
119295,0.09387102
119313,0.18030372
119318,0.06600957
119321,0.06046757
119340,0.08878375
119341,0.01628017
119344,0.10719448
119348,0.04220187
119353,0.04926986
119361,0.13721058
119362,1.23076786
119376,0.19103094
119383,0.09952860
119391,0.29449928
119394,0.09462713
119395,0.05670519
119415,0.07194563
119430,0.44506062
119441,0.03958198
119454,0.13760691
119468,0.04355485
119474,0.74250462
119492,0.04439926
119496,0.20833984
119500,0.26690351
119501,0.22013160
119510,0.04301797
119518,0.04109193
119524,0.29951800
119533,0.21605448
119540,0.23238108
119553,0.02709299
119573,0.08028131
119593,0.14222641
119594,0.05311470
119595,0.69742742
119596,0.06835538
119607,0.64921672
119609,0.16849935
119616,0.06379132
119618,0.21002146
119619,0.48154480
119628,0.09376622
119630,0.04744635
119632,0.03757370
119648,0.97699815
119671,0.07365313
119675,0.09860328
119683,0.06814540
119689,0.02364227
119697,0.06646622
119698,0.60989851
119702,0.39112428
119709,0.08121843
119715,0.00723759
119718,0.00549112
119719,0.67172241
119731,0.24172248
119736,0.14717176
119745,0.17399897
119749,0.01531274
119751,0.08172531
119757,0.20499278
119761,0.03797251
119762,0.49083508
119771,0.18275839
119778,0.04821138
119784,0.11608656
119788,0.02605820
119802,0.01018907
119803,0.25591833
119806,0.19417956
119810,0.05940982
119811,0.39227333
119813,0.67368644
119820,0.33600908
119821,1.05712782
119842,0.09797540
119843,0.06111793
119844,0.04039643
119861,0.02218918
119866,0.08278833
119868,0.06447191
119875,0.25301460
119896,1.31953273
119898,0.01746074
119921,0.04065046
119922,0.04703588
119929,0.07225565
119934,0.03866062
119938,0.04191807
119947,0.02634706
119948,0.51270383
119967,0.10977767
119977,0.17284049
119980,0.12640147
119984,0.08391017
119989,0.38542490
119990,0.10002524
119994,0.04395075
119999,0.17183378
120004,0.07447575
120020,0.14085304
120030,0.03323251
120036,0.06156046
120050,0.57582960
120051,0.56953922
120053,0.15108681
120075,0.04856568
120076,0.03590715
120088,0.03826715
120099,0.05970119
120101,0.06232023
120102,0.01894201
120108,0.01482393
120145,0.11454485
120146,0.43837891
120154,0.13654485
120156,0.12012307
120165,0.06609960
120166,0.04919718
120176,0.07392869
120179,0.17675366
120182,0.02789521
120198,0.02120517
120205,0.17003006
120208,0.15743222
120214,0.02984691
120220,0.41772658
120227,0.15865973
120233,0.21207757
120240,0.07557205
120243,0.04530952
120266,0.08169481
120268,0.28096895
120280,0.27209328
120281,0.17140588
120284,0.02850862
120298,0.03032885
120304,0.09007986
120306,0.08720828
120320,0.28571672
120325,0.03817387
120326,0.11025129
120335,0.38385670
120341,0.05644573
120343,0.06044707
120388,0.02032641
120390,0.05201993
120404,0.01736542
120405,0.04553731
120408,0.28458512
120415,0.25162193
120421,0.60255828
120422,0.08380758
120433,0.12035812
120437,0.42757342
120440,0.04455939
120441,0.07187637
120449,0.17017833
120457,0.12692880
120459,0.04543236
120460,0.02811518
120463,0.29617120
120464,0.05323131
120470,0.16839212
120488,0.51949321
120535,0.05803824
120538,0.02867200
120539,0.40019299
120541,0.20353607
120562,0.01579026
120570,0.07081070
120580,0.34018712
120581,0.06760744
120591,0.71489903
120593,0.14285296
120598,0.05088608
120603,0.02289154
120607,0.31348810
120642,0.04591572
120647,0.05238316
120649,0.02432347
120664,0.02852305
120665,0.01286583
120671,0.16806734
120678,0.02751284
120679,0.04036686
120680,0.09638300
120681,0.07514133
120691,0.12066682
120696,0.03133673
120697,0.26744946
120713,0.16364829
120721,0.19599051
120725,0.06799551
120734,0.22773576
120740,0.53130943
120748,0.24296719
120755,0.05206783
120759,0.03844942
120761,0.11310122
120764,0.09054819
120770,0.12021582
120777,0.04705713
120796,0.02491558
120803,0.16700751
120809,0.06771433
120811,0.05681436
120826,0.11943324
120829,0.07815049
120832,0.07890415
120840,0.24175761
120857,0.07824021
120885,0.07683810
120891,0.02181147
120894,0.03988105
120905,0.22923236
120913,0.03970394
120914,0.02654394
120918,0.02365604
120921,0.08687442
120923,0.08242068
120927,0.20271911
120928,0.35812615
120934,0.57658954
120936,0.04048127
120942,0.04239030
120946,0.05828737
120947,0.05072892
120953,0.04437687
120955,0.06875924
120956,0.29452843
120977,0.13343872
120980,0.56413876
120981,0.09778885
120982,0.01210942
120991,0.41064444
121011,0.05596001
121013,0.02672409
121018,0.24985870
121020,0.02390999
121037,0.01809004
121038,0.10117692
121039,0.05239332
121045,0.18919704
121046,0.01789028
121059,0.40382689
121066,0.51486760
121078,0.34950642
121080,0.26698770
121081,0.05201985
121086,0.12111511
121099,0.11732548
121100,0.14117844
121107,0.39737565
121108,0.13193393
121111,0.04598821
121130,0.26372946
121131,0.14231955
121135,0.37317982
121152,0.02847384
121156,0.01759977
121160,0.15874483
121162,0.25565425
121175,0.18342878
121181,0.02930748
121186,0.10058765
121197,0.00847444
121201,0.65163012
121208,0.08064147
121215,0.09058284
121220,0.44069399
121225,0.55125125
121227,0.05371066
121228,0.50727068
121243,0.16456569
121258,0.18918865
121259,0.03998738
121265,0.05068695
121279,0.07089550
121280,0.14888068
121281,0.30636417
121283,0.01248119
121288,0.04665651
121296,0.03142513
121300,0.07963680
121308,0.25340446
121321,0.05874421
121323,0.04296674
121332,0.02597466
121334,0.02812842
121348,0.02820963
121350,0.01448837
121351,0.23326315
121363,0.01852531
121379,0.22367868
121380,0.14538160
121383,0.09791318
121387,0.16699544
121414,0.10479706
121416,0.03930033
121422,0.18089014
121423,0.04001767
121427,0.12471239
121431,0.01369924
121438,0.07752217
121460,0.22039985
121479,0.01128161
121482,0.08254698
121483,0.23943017
121488,0.13525888
121489,0.34163090
121492,0.20268674
121502,0.04422614
121503,0.03744330
121513,0.09398628
121544,0.03059772
121545,0.03006219
121546,0.03206184
121552,0.28003955
121553,0.08819052
121556,0.29149288
121557,0.08913527
121583,0.15579248
121588,0.03091114
121596,0.20623832
121597,0.02059452
121612,0.01848361
121618,0.04298377
121619,0.01913137
121621,0.13317863
121622,0.06358208
121626,0.09637631
121628,0.07200400
121630,0.32022776
121631,0.06747519
121632,0.28055237
121641,0.12992777
121695,0.14305302
121733,0.35866478
121754,0.11262252
121762,0.18452964
121765,0.00953700
121766,0.00935348
121771,0.03274046
121772,1.21301899
121778,0.34512351
121791,0.03569344
121792,0.09426533
121822,0.20803658
121825,0.30567605
121832,0.01688371
121841,0.08067988
121846,0.06223454
121850,0.07328249
121851,0.10401375
121853,0.61245774
121857,0.09296243
121862,0.03803212
121863,0.02412871
121875,0.01808429
121881,0.07045722
121896,0.18008836
121901,0.01801184
121908,0.07467766
121909,0.25836537
121916,0.12761729
121919,0.12541895
121921,0.04669078
121933,0.11527518
121947,0.07096019
121948,0.43819526
121963,0.44204406
121968,0.03508932
121970,0.02928810
121978,0.08750812
121991,0.14134005
121996,0.05880789
121997,0.88953583
122000,0.16708187
122015,0.28040595
122017,0.06444338
122027,0.10890186
122044,0.01115352
122047,0.17076292
122055,0.28148830
122065,0.08910085
122069,0.03525061
122074,0.15418802
122086,0.11904775
122089,0.14776112
122099,0.01011105
122102,0.03601564
122118,0.11289277
122124,0.02292685
122125,0.03453364
122129,0.02201267
122133,0.15705754
122135,0.07763863
122136,0.11208320
122142,0.11434588
122154,0.04593603
122158,0.29254938
122160,0.14219571
122165,0.03992370
122166,0.16289542
122170,0.06847423
122175,0.03066929
122192,0.09486133
122207,0.01494072
122210,0.22128144
122215,0.06972976
122222,0.03218169
122234,0.73831232
122235,0.02873316
122236,0.04797866
122248,0.37657746
122256,0.02328598
122257,0.01562251
122258,0.07848058
122259,0.05387807
122260,0.30357322
122264,0.03354494
122266,0.29263907
122268,0.13006617
122271,0.24006868
122283,0.09563599
122286,0.01940531
122288,0.01686643
122301,0.06197408
122313,0.05160089
122322,0.08375330
122323,0.04894681
122324,0.07175673
122336,0.07648912
122338,0.44854284
122349,0.03133815
122351,0.11397619
122354,0.05343829
122358,0.05053461
122376,0.27206731
122378,0.10432847
122387,0.03806113
122392,0.32533463
122405,0.44035755
122409,0.14466776
122411,0.37241953
122415,0.14926425
122416,0.10692552
122425,0.36808145
122452,0.13321146
122453,0.11951864
122456,0.11632580
122458,0.74650934
122465,0.09781142
122468,0.02002144
122477,0.02316611
122483,0.04632072
122517,0.37176988
122521,0.77767219
122537,0.06136341
122538,0.14156204
122552,0.05815353
122557,0.17615073
122561,0.04758661
122568,0.12575057
122573,0.41575013
122583,0.20133753
122590,0.19958599
122609,0.02951187
122617,0.01655015
122621,0.11866458
122635,0.23163573
122638,0.42812900
122639,0.15280189
122644,0.04683587
122675,0.08325533
122699,0.21041906
122703,0.04716665
122706,0.11717991
122712,0.15504270
122730,0.09747346
122731,0.03059137
122736,0.09129125
122741,0.05451609
122745,0.01883400
122751,0.37298525
122768,0.03838206
122785,0.29154083
122797,0.04536617
122812,0.15307114
122816,0.02733473
122817,0.10192717
122826,0.07840213
122838,0.09993426
122845,0.01957052
122848,0.16156490
122850,0.02625433
122856,0.01389438
122862,0.27808806
122869,0.34531066
122871,0.12261445
122874,0.51243404
122875,0.09492590
122885,0.14758459
122901,0.07772389
122902,0.05083293
122903,0.28726371
122904,0.03155353
122910,0.07922213
122921,0.06582100
122925,0.07245736
122964,0.02175193
122975,0.08379909
122977,0.15455935
122984,0.57187207
122999,0.05115903
123004,0.56862125
123009,0.29301466
123012,0.11435536
123018,0.04416617
123025,0.09489784
123037,0.04328169
123038,0.10195755
123039,0.02673875
123045,0.20333064
123046,0.02347155
123051,0.05373571
123052,0.10303402
123056,0.26835384
123061,0.15390557
123072,0.21832452
123074,0.03594883
123086,0.10659950
123087,0.05187007
123091,0.38145429
123094,0.01960212
123105,0.08301402
123110,0.07125612
123113,0.05050600
123114,0.32831030
123124,0.06826401
123131,0.08855938
123136,0.68661376
123146,0.04728137
123147,0.07130143
123155,0.15600674
123163,0.04108374
123182,0.07037205
123196,0.05814785
123200,0.12607060
123204,0.07312527
123207,0.05688345
123210,0.03849053
123215,0.24154579
123227,0.01641559
123234,0.04167932
123239,0.47618613
123249,0.29479310
123252,0.20506499
123255,0.03704469
123257,0.01602454
123260,0.13659131
123263,0.10305074
123274,0.04152567
123275,0.07664268
123276,0.04944796
123292,0.06360881
123308,0.03274179
123316,0.06119621
123328,0.04919987
123330,0.10972541
123331,0.11404595
123334,0.39256589
123343,0.00476680
123344,0.04415264
123345,0.04861481
123352,0.42686023
123356,0.03411421
123365,0.12111283
123368,0.05805080
123376,0.03795632
123381,0.09827745
123384,0.07540756
123389,0.02143871
123401,0.39732493
123419,0.03483859
123433,0.20533375
123438,0.14084962
123441,0.29630234
123456,0.15868329
123457,0.10884149
123476,0.01527425
123477,0.16323198
123489,0.14827063
123490,0.07934935
123496,0.39460056
123502,0.11761776
123503,0.30635306
123513,0.11004101
123515,0.08714049
123530,0.07479098
123532,0.07771179
123537,0.02653212
123539,0.10902023
123540,0.05780732
123546,0.04632166
123547,0.30621280
123554,0.12763740
123572,0.02227354
123574,0.24323154
123575,0.21283403
123576,0.02453196
123584,0.09786995
123586,0.09749408
123591,0.12100748
123606,0.04475444
123607,0.17813601
123615,0.02243224
123616,0.41600885
123619,0.23038749
123621,0.07913656
123622,0.03651410
123633,0.06113259
123635,0.33461752
123658,0.17114614
123659,0.05034429
123663,0.24066316
123666,0.09866677
123670,0.07120486
123678,0.03459158
123688,0.09770883
123707,0.02826631
123709,0.26389609
123720,0.44969377
123741,0.09349624
123751,0.20524407
123759,0.03935574
123765,0.34450858
123766,0.17732039
123793,0.34795741
123794,0.04940445
123809,0.08824765
123837,0.02482299
123839,0.03499807
123843,0.12333589
123851,0.11543335
123854,0.11373234
123860,0.04464428
123863,0.24535833
123879,0.13509106
123888,0.13694012
123891,0.04899997
123912,0.03177673
123942,0.08619308
123952,0.17714447
123953,0.05464768
123958,0.29538429
123966,0.01506176
123977,0.04347205
123981,0.06824567
124000,0.02569978
124023,0.07379163
124026,0.01373961
124027,0.06663565
124033,0.45945060
124053,0.07301702
124057,0.03192746
124065,0.47358932
124074,0.02481443
124079,0.19922623
124095,0.03029756
124110,0.13116682
124138,0.03691198
124167,0.35032716
124168,0.31803863
124175,0.03249949
124176,0.26416571
124181,0.09939230
124195,0.06116568
124197,0.06017520
124206,0.01155816
124225,0.08001463
124230,0.12921410
124231,0.24744192
124253,0.13671347
124257,0.14973900
124263,0.05944592
124277,0.18560004
124285,0.05046915
124289,0.02524716
124299,0.48762995
124303,0.04638888
124309,0.15306162
124316,0.14225237
124319,0.32979954
124335,0.51533616
124347,0.40915837
124359,0.23654539
124362,0.00964129
124363,0.44262303
124389,0.03592083
124390,0.02884247
124393,0.24722056
124401,0.90198580
124406,0.04743006
124407,0.03076231
124416,0.23613052
124423,0.08210770
124429,0.05711054
124431,0.19026087
124439,0.02745809
124441,0.02854344
124451,0.09380948
124454,0.02097659
124463,0.68237182
124492,0.05808812
124493,0.34807511
124503,0.04814239
124506,0.11178268
124514,0.13200425
124516,0.02416690
124519,0.01384406
124520,0.14125705
124539,0.14073726
124545,0.28092613
124546,0.07338780
124552,0.12649938
124553,0.29806372
124555,0.04086297
124575,0.02210847
124586,0.08207239
124587,0.03392830
124591,0.84578038
124595,0.07271738
124597,0.15496406
124625,0.23854122
124628,0.04423080
124647,0.10008905
124648,0.03231108
124654,0.21478062
124655,0.07423633
124656,0.05148376
124658,0.09665053
124674,0.30258112
124675,0.01806000
124686,0.23303652
124696,0.27095680
124698,0.02951010
124702,0.09037128
124704,0.22019092
124705,0.04615196
124719,0.01975437
124732,0.02003588
124734,0.09630285
124737,0.02604494
124742,0.21285761
124793,0.11725265
124816,0.73591977
124820,0.01428115
124823,0.58729046
124826,0.02384268
124829,0.03878293
124844,0.05501803
124850,0.02156008
124866,0.09505677
124868,0.04567106
124874,0.12578244
124875,0.10597198
124876,0.01738064
124887,0.05786153
124893,0.18943754
124901,0.00863524
124905,0.57091629
124906,0.32287699
124931,0.14096645
124938,0.06976052
124940,0.46869938
124947,0.15091088
124948,0.23967619
124949,0.06915500
124971,0.34987180
124974,0.02934039
124976,0.14857979
125004,0.27973573
125025,0.14909569
125029,0.08680247
125031,0.04972012
125037,0.11359944
125046,0.00971401
125052,0.01959910
125053,0.01703993
125090,0.25906745
125093,0.07570891
125100,0.03170050
125101,0.07280930
125104,0.22742915
125111,0.27732492
125133,0.06151592
125144,0.05536849
125145,0.08736365
125149,0.04539169
125157,0.13890884
125158,0.56099589
125164,0.07440655
125167,0.01909035
125170,0.08539179
125177,0.05752428
125185,0.23065225
125190,0.15001362
125196,0.14536174
125200,0.06125998
125203,0.19355615
125215,0.03484378
125221,0.10467424
125224,0.01102688
125227,0.17290415
125252,0.06526726
125256,0.02604210
125264,0.04627375
125266,0.08850042
125267,0.04770378
125268,0.96862299
125270,0.02572838
125271,0.05396448
125276,0.04213192
125290,0.02831876
125300,0.07045466
125311,0.05017373
125327,0.06051828
125338,0.04541833
125359,0.03473731
125360,0.03495083
125366,0.02130238
125373,0.23170987
125376,0.83005783
125384,0.02726927
125387,0.34065339
125388,0.08126134
125393,0.08541027
125394,0.55784744
125396,0.00715711
125397,0.01998334
125408,0.15962338
125409,0.21391442
125414,0.43123762
125423,0.11198580
125425,0.10444305
125436,0.18524912
125450,0.20437205
125465,0.09662949
125471,0.52606365
125488,0.04439604
125496,0.20308612
125500,0.37778512
125505,0.03674549
125507,0.06329499
125519,0.06112534
125521,0.32677758
125524,0.09900327
125531,0.67368732
125542,0.11291160
125552,0.04043561
125560,0.05120294
125573,0.01739514
125574,0.13993434
125576,0.11493139
125592,0.02375566
125604,0.28133315
125622,0.18474183
125628,0.03137398
125649,0.05063649
125668,0.18970103
125695,0.04604474
125698,0.06841828
125701,0.16006897
125705,0.13874847
125709,0.08820929
125713,0.01867811
125720,0.31573171
125727,0.36423265
125747,0.15767212
125752,0.08708869
125758,0.10250837
125772,0.09952404
125779,1.10898418
125798,0.07514638
125804,0.06461343
125814,0.03270147
125817,0.01646491
125835,0.03533262
125838,0.09283993
125842,0.10040027
125852,0.21011736
125878,0.01921803
125886,0.12570707
125896,0.50076143
125924,0.03616856
125930,0.06856425
125939,0.03240246
125957,0.05231354
125961,0.11501125
125972,0.10101802
125973,0.20302184
125975,0.03911737
125983,0.03427999
125984,0.96775049
125990,0.05948525
126016,0.10061230
126022,0.05753694
126028,0.19654487
126047,0.35578632
126048,0.12656677
126067,0.06049870
126068,0.01888742
126069,0.11604924
126088,0.25766971
126121,0.01969367
126123,0.02778424
126125,0.05011534
126136,0.23316913
126159,0.05457917
126162,0.08095252
126165,0.13783586
126172,0.24222904
126175,0.27267256
126178,0.04771221
126184,0.01514828
126198,0.09314520
126202,0.33881714
126203,0.01434769
126205,0.01001825
126214,0.12602871
126231,0.64169708
126238,0.08977682
126242,0.15896451
126252,0.02796909
126263,0.17602925
126265,0.21761704
126267,0.06982476
126274,0.04985895
126299,0.18709297
126307,0.08824999
126310,0.13799192
126329,0.04680339
126331,0.12992688
126340,0.01576812
126341,0.23723255
126348,0.03797565
126349,0.01991334
126351,0.01942906
126354,0.02069866
126366,0.02706906
126370,0.01958877
126398,0.04849051
126407,0.04483717
126409,0.26191267
126431,0.01769965
126438,0.50783402
126448,0.05277920
126462,0.04165506
126464,0.05431018
126468,0.03313884
126472,0.13387993
126473,0.03723406
126479,0.07647790
126484,0.17511646
126486,0.05009566
126488,0.02942068
126490,0.06655078
126494,0.08260032
126506,0.09003561
126510,0.08720998
126513,0.06102228
126526,0.35224680
126533,0.07383230
126538,0.08523502
126549,0.16296888
126553,0.24853741
126554,0.02349984
126555,0.12879467
126579,0.15671513
126584,0.05882535
126594,0.04617590
126595,0.02016020
126596,0.21715271
126602,0.06464859
126611,0.01912681
126614,0.10737440
126636,0.07406936
126638,0.12130474
126651,0.14143368
126658,0.15387452
126674,0.01578713
126685,0.02196078
126688,0.14769072
126689,0.01958382
126707,0.49384065
126715,0.07722004
126716,0.02116818
126721,0.35737969
126722,0.07065663
126732,0.07634637
126738,0.10224209
126743,0.16676715
126744,0.06815445
126752,0.17120537
126759,0.07131171
126763,0.40432895
126775,0.09381204
126778,0.39904069
126784,0.05458397
126791,0.07147875
126792,0.04868531
126804,0.26843353
126816,0.22801877
126817,0.03663186
126822,0.01006913
126832,0.07445943
126842,0.08808459
126849,0.01910194
126850,0.04189528
126861,0.04483427
126871,0.02457111
126872,0.42443722
126880,0.09554905
126888,0.09283911
126896,0.08025055
126913,0.05566827
126918,0.03718608
126954,0.03457021
126961,0.02069533
126963,0.02652970
126965,0.52643024
126968,0.40863303
126971,0.02077234
126981,0.06892442
126984,0.16280020
126985,0.29335192
126995,0.36700685
126999,0.18997740
127007,0.09415215
127015,0.04853416
127038,0.07785129
127054,0.05565252
127057,0.02101547
127062,0.09327215
127083,0.09324225
127098,0.04533083
127102,0.01384926
127110,0.03793938
127111,0.05547885
127116,0.04706994
127126,0.07963957
127135,0.01901868
127137,0.03251723
127142,0.06503004
127151,0.10287154
127155,0.02078478
127156,0.02364805
127160,0.09423626
127169,0.28273260
127174,0.21340121
127175,0.06955850
127177,0.05962072
127192,0.02128899
127193,0.05300890
127196,0.03167640
127197,0.20216793
127204,0.04306562
127207,0.05080173
127215,0.03182627
127226,0.14780712
127230,0.17923170
127244,0.06308524
127247,0.03870259
127249,0.10451309
127259,0.21927967
127299,0.14192501
127304,0.04435589
127308,0.45662490
127309,0.08576277
127313,0.12249516
127316,0.09682233
127317,0.05591999
127318,0.02374634
127333,0.04482923
127334,0.01519212
127336,0.01725789
127346,0.23078478
127370,0.02899000
127375,0.18303356
127390,0.10339771
127392,0.18485445
127398,0.11532513
127400,0.05661935
127402,0.11112780
127407,0.24163371
127412,0.03086162
127413,0.02698350
127415,0.04550520
127418,0.51476719
127425,0.18197622
127432,0.04265215
127436,0.02265461
127448,0.02357334
127449,0.12280015
127463,0.16625281
127464,0.18880426
127468,0.04556308
127481,0.03155883
127492,0.54540431
127495,0.05228197
127496,0.10245736
127501,0.11257625
127508,0.04323381
127531,0.03004641
127554,0.08454186
127562,0.02879348
127565,0.03203274
127567,0.05878402
127582,0.07442833
127593,0.07685648
127595,0.02381099
127614,0.07837755
127627,0.05244170
127630,0.05806277
127638,0.25554715
127639,0.04432497
127641,0.04998569
127643,0.06266116
127665,0.10579938
127674,0.02189647
127676,0.20846538
127693,0.17888784
127701,0.02437827
127702,0.18294073
127709,0.28317930
127720,0.05938916
127733,0.10599652
127739,0.20680585
127753,0.05654649
127756,0.03065290
127757,0.28041323
127777,0.34921673
127810,0.39405140
127811,0.14488799
127821,0.14360008
127835,0.03180877
127839,0.03508235
127870,0.30284289
127878,0.32363926
127887,0.34192093
127918,0.19329501
127919,0.47127506
127920,0.03544917
127932,0.05104720
127933,0.27993006
127953,0.03429595
127955,0.07013516
127957,0.03146597
127961,0.07366255
127967,0.29988718
127970,0.29783143
127975,0.12877239
127985,0.02939593
127991,0.04193810
127997,0.04738235
127999,0.02097746
128004,0.02098817
128005,0.14113021
128015,0.12265273
128018,0.08837318
128044,0.18902590
128046,0.06944092
128047,0.17663628
128048,0.40271849
128054,0.11943864
128066,0.08170909
128070,0.02057897
128071,0.19977854
128094,0.14121482
128095,0.06949900
128099,0.16938070
128116,0.01071418
128130,0.09157268
128132,0.11811395
128133,0.57952760
128140,0.02602622
128154,0.25611965
128156,0.36109134
128160,0.03143456
128165,0.58815453
128166,0.03002667
128169,0.03668964
128171,0.04352095
128177,0.09943015
128178,0.03189271
128182,0.01402224
128191,0.32259982
128199,0.26519729
128213,0.07549318
128214,0.04780563
128216,0.06240116
128217,0.31659471
128226,0.09966099
128229,0.06671958
128232,0.16661920
128246,0.03870703
128273,0.11015754
128274,0.10666792
128283,0.06680890
128284,0.13524442
128294,0.26283690
128295,0.11836606
128297,0.20738642
128300,0.04860398
128314,0.06911091
128317,0.02241840
128339,0.06681983
128340,0.01255363
128342,0.09197054
128343,0.10341349
128364,0.20372504
128368,0.78994815
128377,0.06029234
128380,0.03914151
128383,0.05012060
128407,0.02482241
128409,0.07730533
128423,0.05453772
128428,0.02128032
128433,0.13950651
128438,0.32413849
128439,0.18562465
128446,0.11733291
128447,0.06756721
128450,0.29580353
128455,0.32391986
128457,0.29683687
128464,0.08322043
128465,0.11832745
128471,0.04425991
128474,0.06279202
128483,0.03637100
128514,0.06189022
128516,0.04996914
128519,0.09510540
128528,0.02529754
128529,0.27653959
128536,0.06570890
128541,0.01873410
128542,0.08657244
128545,0.01728666
128557,0.02711393
128560,0.20084092
128568,0.06588857
128571,0.06845340
128578,0.01369703
128582,0.20231640
128588,0.12790395
128597,0.15098175
128610,0.18933129
128619,0.45564508
128630,0.19628088
128680,0.06211855
128684,0.09120827
128687,0.02749985
128699,0.26981081
128702,0.08994499
128704,0.08455133
128710,0.29214468
128720,0.12317461
128724,0.08448515
128727,0.14959285
128744,0.07969781
128745,0.06299524
128760,0.10809714
128766,0.57051707
128770,0.05352325
128782,0.28823118
128822,0.01854992
128830,0.30561021
128836,0.17919823
128845,0.05341489
128858,0.03917055
128859,0.02538739
128860,0.09678808
128874,0.15959691
128880,0.18091352
128882,0.20832894
128883,0.07970479
128884,0.03199403
128892,0.18027843
128905,0.06843131
128910,0.16925198
128912,0.10360518
128915,0.03793317
128917,0.12969911
128937,0.02866883
128942,0.25303548
128945,0.04124877
128957,0.05817488
128962,0.04307522
128970,0.03239635
128985,0.14749474
128986,0.03186197
128992,0.01747873
128994,0.08404225
129003,0.04934698
129005,0.10734685
129010,0.02734928
129024,0.14836446
129038,0.07008460
129042,0.11322515
129049,0.03267462
129062,0.31611122
129067,0.12100170
129070,0.03269627
129073,0.01430397
129074,0.08342138
129088,0.04577354
129090,0.11262256
129101,0.58789517
129102,0.11723469
129106,0.18538063
129108,0.14275858
129120,0.11409212
129122,0.06355476
129123,0.66892826
129135,0.07475494
129141,0.21583627
129152,0.12280011
129160,0.13014033
129168,0.09910983
129174,0.07749947
129178,0.07370873
129183,0.15253047
129187,0.02178145
129197,0.12186045
129200,0.04234298
129205,0.17715822
129222,0.29315744
129230,0.02056965
129235,0.01546478
129251,0.03429354
129274,0.04945623
129282,0.02564827
129284,0.17759861
129298,0.07294523
129299,0.13739563
129311,0.07734272
129312,0.02043099
129313,0.03138205
129314,0.07300785
129321,0.19344918
129329,0.08076933
129330,0.28016048
129332,0.02775731
129338,0.07888699
129345,0.01793863
129349,0.15885118
129353,0.01282756
129357,0.03056903
129358,0.35278290
129365,0.09307404
129376,0.02970419
129380,0.03033094
129382,0.07878528
129402,0.11233175
129403,0.01975635
129412,0.06115384
129441,0.64697085
129442,0.04956464
129448,0.21099464
129466,0.06497174
129475,0.03407267
129483,0.07009706
129484,0.04737666
129499,0.03695076
129501,0.07811253
129508,0.02375270
129510,0.41431262
129526,0.07257481
129527,0.48350651
129533,0.05677304
129535,0.12412217
129536,0.50591313
129545,0.06981423
129553,0.08744208
129557,0.11824330
129560,0.02883514
129576,0.09607025
129580,0.45540720
129585,0.09277973
129587,0.03443312
129597,0.17189686
129611,0.03060192
129619,0.06778607
129622,0.20127326
129631,0.08421250
129632,0.02552323
129640,0.01732498
129647,0.06868080
129658,0.03008293
129676,0.02914824
129683,0.03870865
129685,0.03389339
129701,0.16282367
129706,0.48124604
129707,0.04308944
129720,0.04899788
129727,0.53911422
129728,0.05128607
129768,0.04816589
129775,0.04410680
129790,0.01481424
129804,0.05001187
129805,0.17867220
129813,0.02217890
129816,0.03266956
129823,0.12489502
129826,0.77611573
129831,0.01460178
129833,0.00742942
129851,0.10233568
129857,0.50736774
129860,0.07135075
129914,0.09873331
129926,0.06896329
129933,0.13070036
129939,0.09873752
129949,0.02713356
129959,0.15890825
129962,0.30902060
129963,0.24092985
129964,0.02499596
129977,0.02706061
129985,0.03947741
129987,0.03701352
129992,0.11895696
130002,0.51029090
130016,0.11155693
130045,0.07686549
130048,0.09601811
130051,0.18550997
130053,0.21085190
130056,0.04001469
130061,0.03281422
130062,0.34289486
130065,0.09509897
130066,0.08410984
130070,0.25722842
130079,0.08036522
130080,0.23031570
130098,0.07387067
130109,0.13173897
130110,0.12804755
130116,0.01628518
130125,0.52176684
130134,0.43048938
130137,0.06685170
130138,0.08707810
130146,0.06043417
130148,0.12484860
130154,0.01512763
130156,0.05030787
130158,0.39637032
130159,0.07331340
130177,0.03532341
130186,0.80058572
130204,0.47000566
130205,0.19374028
130206,0.08825742
130211,0.03201380
130217,0.02086592
130218,0.03389238
130235,0.09893898
130236,0.74421224
130239,0.02515272
130256,0.19127452
130260,0.03426404
130261,0.15602984
130262,0.01246427
130263,0.09887842
130264,0.01303989
130266,0.22647513
130277,0.16760167
130278,0.02121188
130281,0.20094697
130297,0.06396173
130302,0.17879478
130320,0.14351234
130325,0.22102382
130329,0.03537731
130338,0.48569079
130339,0.08167764
130340,0.28127519
130344,0.06023210
130347,0.07758842
130353,0.05820754
130358,0.02078637
130366,0.03219509
130371,0.05041111
130374,0.10900508
130389,0.04270284
130390,0.19461263
130404,0.05718322
130426,0.03866466
130440,0.07481049
130449,0.98866664
130451,0.01677656
130452,0.28692951
130453,0.12213809
130463,0.02263640
130466,0.03924890
130467,0.04886336
130475,0.04833311
130489,0.11443072
130490,0.03306178
130495,0.13217781
130497,0.09716566
130499,0.01086237
130504,0.16321861
130513,0.07296376
130528,0.05753355
130533,0.30118815
130543,0.04529952
130567,0.26003488
130571,0.06499497
130572,0.04468733
130589,0.08575982
130592,0.22569218
130603,0.24978560
130623,0.04204433
130641,0.12017709
130687,0.05669797
130690,0.17988077
130698,0.02899576
130707,0.29071391
130709,0.46660325
130718,0.32525004
130722,0.14228041
130732,0.03943770
130735,0.16505758
130757,0.05307234
130760,0.09002918
130771,0.05921880
130772,0.01520743
130774,0.11846874
130779,0.07731183
130795,0.14089072
130828,0.11894916
130833,0.02391940
130843,0.02114979
130855,0.20924447
130871,0.02712292
130878,0.24144413
130885,0.12877240
130889,0.61101473
130894,0.04011636
130896,0.27441013
130905,0.05512236
130906,0.06405572
130930,0.05290218
130931,0.17787366
130943,0.31625077
130946,0.00767311
130947,0.24489124
130950,0.01709759
130954,0.02382103
130966,0.09506882
130983,0.22672259
131003,0.01573792
131005,0.01372291
131009,0.11037303
131013,0.11075724
131027,0.03465455
131030,0.64260756
131031,0.00893232
131033,0.02460374
131039,0.05211317
131045,0.20526239
131057,0.16949072
131072,0.01680038
131084,0.22169873
131088,0.04714261
131089,0.05822873
131091,0.03475116
131093,0.07648254
131114,0.45012269
131118,0.01404314
131123,0.08179125
131130,0.12222756
131144,0.04403605
131162,0.14212438
131163,0.01442009
131166,0.22187573
131179,0.29590450
131181,0.02556441
131183,0.89212621
131219,0.04214990
131227,0.04754537
131231,0.09178183
131235,0.12538959
131242,0.13225682
131251,0.08026301
131257,0.09185076
131263,0.08431781
131268,0.26356418
131271,0.04122249
131275,0.03809315
131286,0.14811702
131290,0.12448275
131300,0.04694802
131306,0.05946749
131316,0.31379755
131321,0.36483243
131322,0.03870177
131326,0.01005441
131333,0.19249330
131335,0.12831430
131352,0.03027922
131354,0.01661858
131366,0.19614045
131373,0.15401931
131388,0.12736364
131394,0.04683811
131404,0.36857510
131405,0.09450677
131411,0.01755657
131416,0.08072967
131421,0.13444536
131424,0.04472381
131426,0.31298340
131443,0.65525963
131470,0.19873438
131471,0.15566149
131476,0.04255660
131477,0.06816403
131479,0.55630716
131493,0.45326351
131495,0.21779899
131496,0.30209495
131498,0.27536476
131504,0.16729765
131525,0.46600005
131528,0.05790373
131548,0.02485262
131549,0.04037439
131550,0.12584412
131557,0.43424608
131564,0.07289068
131565,0.01859072
131576,0.14101487
131602,0.56353810
131628,0.26652238
131629,0.12455362
131641,0.08777338
131647,0.04570264
131664,0.06904556
131677,0.09823897
131681,0.11249428
131682,0.14974783
131688,0.41120038
131690,0.11989742
131691,0.03385037
131709,0.09364625
131713,0.06729406
131719,0.17266260
131733,0.02946172
131734,0.26445019
131743,0.38499415
131747,0.05312372
131748,0.25402122
131758,0.02586177
131759,0.53887810
131764,0.04260274
131771,0.01769502
131788,0.03627477
131791,0.20849242
131798,0.08890747
131810,0.13498337
131812,0.03801968
131815,0.09243219
131823,0.36272015
131824,0.02849180
131828,0.19202673
131844,0.07667142
131846,0.03680303
131848,0.01694189
131863,0.02908968
131864,0.04474318
131889,0.05286035
131890,0.12198084
131892,0.25531223
131895,0.07772164
131896,0.05363834
131897,0.04217335
131905,0.07349568
131906,0.09160510
131907,0.24401117
131914,0.05625038
131921,0.01611083
131922,0.07275602
131925,0.03133365
131936,0.03554520
131941,0.10502682
131950,0.02469766
131952,0.15800749
131959,0.70880047
131983,0.03724826
131987,0.11622485
131994,0.04714587
132004,0.08067879
132009,0.06816295
132012,0.03431827
132013,0.04987002
132014,0.57033852
132028,0.57223518
132054,0.05027353
132061,0.05907908
132062,0.29453053
132078,0.23807661
132082,0.01569605
132086,0.06825388
132089,0.06463831
132095,0.13972460
132109,0.06377061
132110,0.15319979
132121,0.00752252
132125,0.02640508
132127,0.21980109
132128,0.00857180
132134,0.07381260
132139,0.03849489
132141,0.05456439
132149,0.31687943
132150,0.09476494
132152,0.03760705
132153,0.14792110
132164,0.02022444
132179,0.71154173
132182,0.17745292
132189,0.04346461
132193,0.05420814
132194,0.03670204
132195,0.07437052
132208,0.58090070
132211,0.14908897
132212,0.26426600
132216,0.02874336
132219,0.02568091
132223,0.18252926
132238,0.11170049
132242,0.02190573
132268,0.03284924
132275,0.05596103
132276,0.18940699
132279,0.03342701
132289,0.45688453
132290,0.02152449
132300,0.46442567
132319,0.11686579
132340,0.00793164
132344,0.12343409
132345,0.02147056
132346,0.25167503
132352,0.11304351
132353,0.05876905
132358,1.40329842
132381,0.21858341
132382,0.03933348
132383,0.09875407
132410,0.08265909
132419,0.02718480
132423,0.07604086
132432,0.27541929
132434,0.02532656
132440,0.24353099
132441,0.04971795
132452,0.02012702
132453,0.01851393
132456,0.13209465
132459,0.02337079
132462,0.02722294
132463,0.03496186
132468,0.62394609
132485,0.48154628
132490,0.04708516
132500,0.12920561
132521,0.19650865
132555,0.08751741
132560,0.01368066
132562,0.08292509
132575,0.04806705
132587,0.05385860
132591,0.19947551
132611,0.04839911
132615,0.04097008
132617,0.26023341
132622,0.92093205
132629,0.02064439
132638,0.07292095
132642,0.05755871
132658,0.06288737
132664,0.14446582
132668,0.02161612
132676,0.36551283
132704,0.13331407
132707,0.37859270
132719,0.06046703
132723,0.97378461
132724,0.29740148
132732,0.07444316
132754,0.23922486
132756,0.05086058
132766,0.09793807
132767,0.06296718
132775,0.05703825
132776,0.31711453
132785,0.13623531
132787,0.02920285
132793,0.18083385
132807,0.01324021
132811,0.00831093
132818,0.02438976
132834,0.02824289
132846,0.02834751
132861,0.04585392
132870,0.21241768
132882,0.01698895
132884,0.04193672
132885,0.40479688
132888,0.10329000
132898,0.14733324
132912,0.03352771
132916,0.27233776
132917,0.07517186
132932,0.22256994
132940,0.03485184
132943,0.02393814
132962,0.15136309
132965,0.25078661
132969,0.01334595
132974,0.13428010
132977,0.04361035
132978,0.07547086
132982,0.05937857
132983,0.01835707
132996,0.09013089
133006,0.00868306
133007,0.04763739
133025,0.08564286
133027,0.05581864
133033,0.03396169
133038,0.04186979
133040,0.03430373
133041,0.01410647
133044,0.08809596
133053,0.03320231
133063,0.10046104
133065,0.02989635
133083,0.03510659
133084,0.01610747
133091,0.09519301
133092,0.04290898
133107,0.16441184
133111,0.05911078
133122,0.02379560
133132,0.04580626
133140,0.10060113
133147,0.05876733
133150,0.00962976
133168,0.05623744
133170,0.02938061
133184,0.05786300
133228,0.01808513
133229,0.10261403
133230,0.02524024
133232,0.09124954
133242,0.07554131
133246,0.26203311
133247,0.05131635
133253,0.08270532
133268,0.20023613
133271,0.22623615
133272,0.03450988
133296,0.50529253
133299,0.23280978
133302,0.12391191
133315,0.15936882
133330,0.08446891
133331,0.07047887
133332,0.04173500
133333,0.04929553
133334,0.91276244
133361,0.60709956
133363,0.14601801
133404,0.01128607
133412,0.88211095
133418,0.07057173
133422,0.28481386
133426,0.30882425
133450,0.03662592
133465,0.14503152
133468,0.11576940
133469,0.02788750
133474,0.03470616
133479,0.03954611
133490,0.21785769
133492,0.03179209
133495,0.03121232
133496,0.03473403
133501,0.52988295
133502,0.26560243
133511,0.03822152
133515,0.09519039
133528,0.09089019
133539,0.03031702
133551,0.06014478
133564,0.07819907
133569,0.08518162
133570,0.05068344
133578,0.15063167
133586,0.02700256
133587,0.34537299
133597,0.09283813
133608,0.02398749
133624,0.15306225
133626,0.17712935
133645,0.17772550
133655,0.02224267
133658,0.12601212
133659,0.02174205
133660,0.05999755
133664,0.02025302
133684,0.29076418
133685,0.02966962
133688,0.16494038
133706,0.08383438
133713,0.06714518
133723,0.02603034
133730,0.06064910
133733,0.03588060
133760,0.08555889
133762,0.43768446
133777,0.03463307
133793,0.02325347
133816,0.11945637
133818,0.12815424
133824,0.08851849
133841,0.05077536
133850,0.03736545
133877,0.45504340
133880,0.13783624
133887,0.03837226
133889,0.41760626
133896,0.28377649
133916,0.20658026
133920,0.03398412
133936,0.10428151
133939,0.03923757
133940,0.03188662
133942,0.08204047
133956,0.24907026
133957,0.04662441
133965,0.12918110
133972,0.17556082
133973,0.04962022
134008,0.06732290
134016,0.79138077
134039,0.13340856
134040,0.02984787
134045,0.09242852
134050,0.32296774
134056,0.28008303
134082,0.37582738
134085,0.28628192
134089,0.06249250
134102,0.36062114
134118,0.03800427
134131,0.02184979
134135,0.13664128
134137,0.07888513
134150,0.10266092
134159,0.03910438
134183,0.01812164
134186,0.25676855
134211,0.04078429
134216,0.02941998
134217,0.05260424
134218,0.03788106
134230,0.07583207
134233,0.13056167
134234,0.02374077
134236,0.47089770
134241,0.05745772
134242,0.03320277
134273,0.02745740
134277,0.03493768
134287,0.16267902
134293,0.05804545
134302,0.06770302
134306,0.32267856
134307,0.05939203
134325,0.05034723
134330,0.26006763
134334,0.18775724
134338,0.28735366
134339,0.02223878
134348,0.05742736
134355,0.01488460
134369,0.31071096
134387,0.10629621
134399,0.26777268
134400,0.02618477
134405,0.07285969
134407,0.03470864
134433,0.05819010
134448,0.00956751
134460,0.07639394
134463,0.25184300
134467,0.08211505
134485,0.02443823
134486,0.28208751
134490,0.46988999
134494,0.52159794
134501,0.61130784
134508,0.01602932
134512,0.19098593
134514,0.01110276
134519,0.06717551
134528,0.08609406
134536,0.04859038
134540,0.13060165
134546,0.01284537
134549,0.10657958
134558,0.15184262
134560,0.28653936
134588,0.08388203
134590,0.06900658
134591,0.13993727
134594,0.03226597
134622,0.03596339
134626,0.02255064
134639,0.03160863
134649,0.06930798
134654,0.14510376
134658,0.03697536
134683,0.13229879
134688,0.39455793
134689,0.71728040
134697,0.05710247
134698,0.35232410
134718,0.08969262
134742,0.06453901
134751,0.11571759
134760,0.04276462
134763,0.02739152
134764,0.24294406
134765,0.08550267
134773,0.02444265
134790,0.02882198
134794,0.04724128
134802,0.03516012
134805,0.01872248
134807,0.07736512
134812,0.02776133
134813,0.05566840
134823,0.19208110
134824,0.26043921
134838,0.16505051
134841,0.02800321
134857,0.03665567
134862,0.47190708
134865,0.03982071
134880,0.55124228
134883,0.19896526
134884,0.27799652
134916,0.01377058
134918,0.08359634
134919,0.35889130
134921,0.00811742
134928,0.08904016
134943,0.17775411
134950,0.09537163
134968,0.03336793
134971,0.17958075
134972,0.03136078
135011,0.07500235
135013,0.60469407
135016,0.03493176
135031,0.29781173
135036,0.05422371
135041,0.04731893
135052,0.05498071
135053,0.16249603
135054,0.19682917
135060,0.04108483
135072,0.06221730
135078,0.07764260
135079,0.04067569
135090,0.31517665
135113,0.14526305
135123,0.10039203
135128,0.16230930
135136,0.46003568
135152,0.01789884
135163,0.03355252
135166,0.02884987
135186,0.12454380
135188,0.06382025
135194,0.02695798
135214,0.05524098
135220,0.03180208
135235,0.02144070
135236,0.02576179
135241,0.11552389
135243,0.17495538
135253,0.04157208
135258,0.17305510
135264,0.04149530
135271,0.02257322
135274,0.12565322
135275,0.17030503
135288,0.10766094
135290,0.05788816
135299,0.19086299
135304,0.22302897
135309,0.01475632
135345,0.86036258
135359,0.13725655
135360,0.33336027
135361,0.09282431
135363,0.31130866
135365,0.11189520
135369,0.30307307
135380,0.01052448
135387,0.11979535
135389,0.08658441
135390,0.39882668
135393,0.04288660
135401,0.10533548
135409,0.47098527
135410,0.05611019
135412,0.02164489
135430,0.05264260
135434,0.02088452
135435,0.06590109
135445,0.48951383
135449,0.46673680
135460,0.08952002
135461,0.02618728
135491,0.05698067
135500,0.15526873
135504,0.03881295
135506,0.26585292
135521,0.45548454
135523,0.59540740
135527,0.06642380
135528,0.11970773
135530,0.88324023
135540,0.07977025
135541,0.81051311
135562,0.15594105
135578,0.02260842
135584,0.29713282
135589,0.46585721
135590,0.03452203
135591,0.30331187
135596,0.03772215
135607,0.00833314
135622,0.01596832
135626,0.19093546
135635,0.06300365
135636,0.11932290
135650,0.05846867
135656,0.02440743
135657,0.90751840
135672,0.67002911
135673,0.03446175
135678,0.11766329
135679,0.00810256
135684,0.12291895
135701,0.01682987
135704,0.08579682
135713,0.11080664
135716,0.15644234
135718,0.00843697
135723,0.04777183
135737,0.13738698
135738,0.01999224
135745,0.03741984
135746,0.32616821
135752,0.27869775
135755,0.04933733
135756,0.02173554
135765,0.02167641
135778,0.08993996
135779,0.10392354
135788,0.01611039
135803,0.06968089
135804,0.11373954
135809,0.03141473
135811,0.34243875
135812,0.05286474
135823,0.24142063
135834,0.05266775
135838,0.02719774
135843,0.04368924
135847,0.04402755
135857,1.05127713
135865,0.02873517
135872,0.04272061
135885,0.24593900
135888,0.03654163
135899,0.07496947
135910,0.08820313
135930,0.21764665
135941,0.54853288
135943,0.12370165
135949,0.16127445
135950,0.07835441
135951,0.09836832
135954,0.19985989
135966,0.46761478
135967,0.04848969
135971,0.08728771
135974,0.18085685
135975,0.13570236
135985,0.01813837
136004,0.05549691
136009,0.12599996
136033,0.22577020
136041,0.06962919
136051,0.01287858
136057,0.18362752
136070,0.40684368
136099,0.02067546
136103,0.03825926
136114,0.29073065
136116,0.08353640
136140,0.05477319
136160,0.01674223
136185,0.10848243
136201,0.02070013
136211,0.19798713
136213,0.30827935
136224,0.47215174
136234,0.09983211
136244,0.06928554
136255,0.02783340
136257,0.13820854
136260,0.03302385
136261,0.12109069
136263,0.10106735
136267,0.04769258
136277,0.10795844
136289,0.03923179
136293,0.19802422
136296,0.02999632
136302,0.05882465
136312,0.02435480
136317,0.18697801
136337,0.46347150
136355,0.04019729
136356,0.87448747
136383,0.04634271
136390,0.06950339
136406,0.03521553
136416,0.04791577
136417,0.02432083
136429,0.79216794
136440,0.09788673
136445,0.36150997
136449,0.02484461
136454,0.27260825
136457,0.00913225
136467,0.27872716
136474,0.15255305
136503,0.17733669
136505,0.35743419
136558,0.03730332
136578,0.25379651
136579,0.02731260
136582,0.12255887
136583,0.02451348
136588,0.04738608
136593,0.04505944
136605,0.31264240
136617,0.19018263
136620,0.05015771
136625,0.05687819
136640,0.05197463
136643,0.17922779
136653,0.13372720
136654,0.39197058
136660,0.02530746
136661,0.02000351
136663,0.07949858
136683,0.37666094
136711,0.18269347
136726,0.45515836
136730,0.16774543
136739,0.17248967
136740,0.40052586
136745,0.01490122
136751,0.10730873
136754,0.10984016
136758,0.19203371
136762,0.26912357
136763,0.02180235
136778,0.01285340
136782,0.07505591
136798,0.05543198
136808,0.34748698
136811,0.08106884
136829,0.05957826
136832,0.02841349
136838,0.07883610
136846,0.13767251
136848,0.12655932
136852,0.04225641
136854,0.10666744
136856,0.02014323
136862,0.65984843
136863,0.10276355
136885,0.04350286
136887,0.11795684
136902,0.22176794
136918,0.05169625
136922,0.06580176
136923,0.02150207
136929,0.64044774
136940,0.12288022
136967,0.33126474
136968,0.56960085
136972,0.10302566
136984,0.05651446
136993,0.29839705
136994,0.02694308
136995,0.04375672
136999,0.01442046
137013,0.08137517
137015,0.07483968
137023,0.26722597
137025,0.08336925
137032,0.02513594
137033,0.42653692
137045,0.23551449
137049,0.03107795
137051,0.09894911
137052,0.05906224
137101,0.29534740
137119,0.21270538
137142,0.30208237
137149,0.12248492
137166,0.01714197
137167,0.03030001
137192,0.02257674
137193,0.57403425
137194,0.09812229
137204,0.23161784
137214,0.07195685
137222,0.15275427
137223,0.09484404
137234,0.02454943
137254,0.03181039
137269,0.02212495
137284,0.06051080
137285,0.51571485
137286,0.52258389
137287,0.05764192
137300,0.14859709
137305,0.06561133
137313,0.08162024
137344,0.36834232
137346,0.40613324
137354,0.30596641
137356,0.14104461
137357,0.26236258
137364,0.21085614
137368,0.00704140
137380,0.05943170
137383,0.05682744
137395,0.05943054
137432,0.02347111
137433,0.12652651
137435,0.04831137
137444,0.02491361
137453,0.08770165
137454,0.03513564
137455,0.09415905
137456,0.02955755
137457,0.31199072
137465,0.19526399
137476,0.09588269
137515,0.08981073
137544,0.30779185
137549,0.04538616
137560,0.27761812
137577,0.56522991
137590,0.02523142
137591,0.02771028
137592,0.12522887
137595,0.04590171
137614,0.04509074
137624,0.04226033
137640,0.01460947
137651,0.24674021
137657,0.03087479
137658,0.24569540
137672,0.08203715
137673,0.13282835
137687,0.28958226
137688,0.14724719
137689,0.06387198
137700,0.65781371
137711,0.08906866
137715,0.14851612
137718,0.04518930
137721,0.02629419
137722,0.45458972
137726,0.08071515
137739,0.24267465
137741,0.02756621
137743,0.11847160
137747,0.09782074
137761,0.02884293
137796,0.01366314
137807,0.10414705
137809,0.10194820
137824,0.14168617
137827,0.13156472
137846,0.12512376
137862,0.04089327
137865,0.03383581
137868,0.15512151
137875,0.00869493
137878,0.03556231
137883,0.07198648
137888,0.07546388
137913,0.08849958
137915,0.01626251
137934,0.06990822
137936,0.32982493
137937,0.23630776
137942,0.09836593
137944,0.30449665
137947,0.01913184
137960,0.08788300
137977,0.11470842
138006,0.18087362
138007,0.07188450
138008,0.13235570
138019,0.25886686
138021,0.02262659
138022,0.09470196
138025,0.43813261
138044,0.02384465
138046,0.09900029
138050,0.05604007
138068,0.10012088
138084,0.14248386
138085,0.04938733
138086,0.02785006
138087,0.01465737
138089,0.10658421
138100,0.03932929
138105,0.02842987
138107,0.06571677
138127,0.06113643
138128,0.04892648
138129,0.02362047
138131,0.03068533
138132,0.03146042
138150,0.01950524
138156,0.04524342
138169,0.12973482
138174,0.12280269
138177,0.03926165
138187,0.12469162
138189,0.05014927
138193,0.21724814
138203,0.03225216
138209,0.03755938
138237,0.09975977
138243,0.02439322
138273,0.01974317
138274,0.07570989
138275,0.01895566
138277,0.07640442
138285,0.03119625
138289,0.39295359
138308,0.05055894
138313,0.11014118
138317,0.04550438
138326,0.10406832
138327,0.15231839
138338,0.03526277
138367,0.06659290
138377,0.40832845
138416,0.04734739
138417,0.07781328
138419,0.05491337
138425,0.17717479
138430,0.12615281
138454,0.15599772
138465,0.03541873
138470,0.03327982
138480,0.03151700
138481,0.73045325
138486,0.08539185
138492,0.06129897
138496,0.22075497
138519,0.10969197
138520,0.07415781
138522,0.10013218
138545,0.01618981
138556,0.09554658
138560,0.01543280
138564,0.03804840
138573,0.04650326
138581,0.36579119
138585,0.17785925
138591,0.10030260
138598,0.05772919
138600,0.02274683
138602,0.07462936
138613,0.13390709
138639,0.04665432
138651,0.03676822
138652,0.19437157
138661,0.34051967
138674,0.02918035
138678,1.05301821
138679,0.01577019
138686,0.03897293
138695,0.17603877
138711,0.02948623
138728,0.21186096
138731,0.03209526
138744,0.18137616
138752,0.46164298
138754,0.26860304
138756,0.25466449
138770,0.05043457
138771,0.37260581
138807,0.01408630
138818,0.04551501
138819,0.20196079
138820,0.13605590
138831,0.04459020
138843,0.02706942
138871,0.20896781
138873,0.06243944
138876,0.06538607
138880,0.18374395
138881,0.06583088
138882,0.05006445
138890,0.06175776
138892,0.01839848
138893,0.18265318
138917,0.04154115
138921,0.03700936
138922,0.39022463
138924,0.02553528
138926,0.02722507
138932,0.23381288
138946,0.16619290
138959,0.42919992
138961,0.01569646
138964,0.01853687
138968,0.22044996
138969,0.35399734
138980,0.28720821
138992,0.16617948
139002,0.26128445
139010,0.22784730
139011,0.06403403
139017,0.49028947
139030,0.05121975
139032,0.07141397
139034,0.26771396
139039,0.13665267
139049,0.16453305
139053,0.01619396
139058,0.17058396
139062,0.12504626
139067,0.62929989
139069,0.68320377
139070,0.91173897
139075,0.06774405
139082,0.20192655
139092,0.37492887
139098,0.08477919
139108,0.30936346
139127,0.34368439
139130,0.19382499
139145,0.05623328
139164,0.15093327
139174,0.04758587
139175,0.18989787
139178,0.01699664
139180,0.01489882
139181,1.23300769
139186,0.07374255
139189,0.20132761
139190,0.04535408
139191,0.01802159
139198,0.04949106
139201,0.05287851
139204,0.12769042
139208,0.00491883
139211,0.06846589
139215,0.14054028
139225,0.15570590
139226,0.01873744
139231,0.08228818
139246,0.43254609
139252,0.10549317
139256,0.02253958
139258,0.02507794
139268,0.07381484
139272,0.02936673
139283,0.07853045
139286,0.05041416
139289,0.19039317
139290,0.61345845
139291,0.09549556
139293,0.02575154
139303,0.02310263
139304,0.11062809
139307,0.56713669
139319,0.03091569
139321,0.25000504
139326,0.07417972
139327,0.06154567
139355,0.21723133
139363,0.03864138
139375,0.06867765
139397,0.12079535
139412,0.09153168
139413,0.00926905
139415,0.18644411
139416,0.19174308
139449,0.26589424
139461,0.03128997
139462,0.58239947
139463,0.29824299
139486,0.01511654
139493,0.24689812
139515,0.12586860
139516,0.09987018
139522,0.10710374
139532,0.08003795
139542,0.10297738
139545,0.10188072
139552,0.40125046
139553,0.13002919
139555,0.10072232
139559,0.29809652
139560,0.10157652
139564,0.06815023
139565,0.04869807
139567,0.01856857
139568,0.07216469
139572,0.06639923
139573,0.04780401
139592,0.05136172
139595,0.25811471
139597,0.13181076
139598,0.25300258
139607,0.10772722
139609,0.06417053
139628,0.05133818
139653,0.05555643
139656,1.16082488
139661,0.05539361
139673,0.07285305
139674,0.11223324
139683,0.00932951
139714,0.10580392
139724,0.04539458
139737,0.62670921
139749,0.12020900
139755,0.01105818
139756,0.16114582
139757,0.03466832
139763,0.21537731
139769,0.17003967
139774,0.70722867
139775,0.05110819
139777,0.10657482
139780,0.07854226
139788,0.41072805
139794,0.22405927
139831,0.17742141
139832,0.03890517
139834,0.05984579
139839,0.03205526
139843,0.34450124
139844,0.02998584
139858,0.30747391
139861,0.37359196
139864,0.51682679
139865,0.30126832
139874,0.08104598
139876,0.01260140
139895,0.02599014
139903,0.18948585
139917,0.09362417
139930,0.06904090
139934,0.05913837
139935,0.03245183
139946,0.03987149
139958,0.05548335
139977,0.03802042
139981,0.10919150
139989,0.01713008
139992,0.11957337
139995,0.04722535
139996,0.11712732
139997,0.04443483
140005,0.17232730
140010,0.46134151
140018,0.09237729
140026,0.09050740
140027,0.28598495
140031,0.05025745
140037,0.02705221
140039,0.00898883
140040,0.06679452
140042,0.03072860
140049,0.47693162
140084,0.07871194
140087,0.06554135
140096,0.11959259
140101,0.79497692
140114,0.04429057
140117,0.19223046
140129,0.16610353
140131,0.93383068
140132,0.02677648
140136,0.13227744
140144,0.02277213
140151,0.05843620
140172,0.03358664
140174,0.01290518
140190,0.10400255
140196,0.04634729
140200,0.05950335
140204,0.12562449
140223,0.07808783
140232,0.03263679
140234,0.06631039
140237,0.11234316
140245,0.40426839
140247,0.14223811
140248,0.17097284
140298,0.01667381
140305,0.60852855
140311,0.04741811
140312,0.25184570
140318,0.12312139
140325,0.16788048
140327,0.67286222
140334,0.15719624
140337,0.03723449
140338,0.00685634
140343,0.03338308
140376,0.06830669
140378,0.31175259
140381,0.03284742
140382,0.06759781
140384,0.13011682
140386,0.38833984
140390,0.05617956
140402,0.03569412
140406,0.01299984
140425,0.05260729
140426,0.17128208
140434,0.00879516
140435,0.04643611
140436,0.31641211
140451,0.15270217
140452,0.02535072
140454,0.33974599
140455,0.03345020
140483,0.24024410
140504,0.07708847
140512,0.08885178
140518,0.01577890
140534,0.24379862
140545,0.01125373
140546,0.08476470
140560,0.05908049
140563,0.01569444
140564,0.31199922
140569,0.02314857
140577,0.13261480
140638,0.05286018
140655,0.06673830
140664,0.33496281
140669,0.02954808
140672,0.56021479
140682,0.04070006
140693,0.12435212
140700,0.02181518
140701,0.11859676
140704,0.06733294
140705,0.05002847
140719,0.03841129
140749,0.33449273
140750,0.05733848
140751,0.25722154
140752,0.06013467
140762,0.27916834
140772,0.12546137
140778,0.40891679
140779,0.04197570
140780,0.02934151
140802,0.03690374
140804,0.16105328
140807,0.12048358
140813,0.07264113
140827,0.17376362
140840,0.02848070
140845,0.07297598
140847,0.41586957
140861,0.03965927
140862,0.14308063
140872,0.02297167
140879,0.07022768
140880,0.34779605
140886,0.09746604
140924,0.01845044
140938,0.02208156
140944,0.11889932
140945,0.31361055
140961,0.02201007
140963,0.03834406
140967,0.06979749
140982,0.19209670
140990,0.04437557
140993,0.04516074
140996,0.66560035
141004,0.12347708
141025,1.16978074
141030,0.02664194
141031,0.04144060
141032,0.11661573
141067,0.02751335
141072,0.12692670
141081,0.10074240
141084,0.32997232
141085,0.17030289
141089,0.03302995
141090,0.04740296
141093,0.15197579
141095,0.38999044
141110,0.04237179
141114,0.07740746
141119,0.57541183
141147,0.12124923
141150,0.57086368
141159,0.06726806
141160,0.40721324
141167,0.01521719
141206,0.21179180
141213,0.04084531
141215,1.22915510
141222,0.03658661
141255,0.03357883
141283,0.02949829
141298,0.14746403
141306,0.04811517
141310,0.36062941
141320,0.03650712
141323,0.35109711
141329,0.18033247
141333,0.04371930
141339,0.02563676
141340,0.12381915
141344,0.09704723
141345,0.03269246
141347,0.13174488
141350,0.06317527
141356,0.01831645
141358,0.06175619
141365,0.04281100
141368,0.01494561
141369,0.04348331
141376,0.24615206
141377,0.07515734
141385,0.03559509
141387,0.05294896
141388,0.33996897
141389,0.12384746
141390,0.06040456
141409,0.03869967
141410,0.26342318
141411,0.22389882
141414,0.11503708
141422,0.12873333
141426,0.22342056
141457,0.04211736
141470,0.04552216
141480,0.05685788
141481,0.03003982
141492,0.01597651
141493,0.05050244
141496,0.10940834
141497,0.03594670
141502,0.04256047
141503,0.12823853
141504,0.41109271
141507,0.10812069
141515,0.02574163
141524,0.37124256
141528,0.03774118
141540,0.01967958
141542,0.09500045
141551,0.40642509
141573,0.26226086
141580,0.03869408
141588,0.39522036
141596,0.31860227
141597,0.03692313
141602,0.15782333
141608,0.05821937
141611,0.02402692
141612,0.25242755
141618,0.06538722
141628,0.04387264
141632,0.24718543
141634,0.12120847
141637,0.07201681
141638,0.22576082
141639,0.02858921
141640,0.44194415
141644,0.09595403
141654,0.11340696
141656,0.05972237
141668,0.11521006
141717,0.34626939
141718,0.02588314
141723,0.43867348
141743,0.07769131
141744,0.03464288
141750,0.07323423
141753,0.04303617
141762,0.48640512
141809,0.03352282
141815,0.07303426
141826,0.04003210
141832,0.04962299
141840,0.04265290
141869,0.11866904
141870,0.15911852
141887,0.51795579
141915,0.03739935
141925,0.01526929
141945,1.40130542
141949,0.02275401
141958,0.02658963
141959,0.04347068
141963,0.04496525
141989,0.05823515
141995,0.09973086
141997,0.16323588
142005,0.07577498
142008,0.12869197
142012,0.13327648
142014,0.03168810
142025,0.32939373
142036,0.04155773
142037,0.06635978
142038,0.02667900
142039,0.18966584
142064,0.08836826
142065,0.29085345
142070,0.06297418
142074,0.13538652
142079,0.07590658
142084,0.24461746
142087,0.16142240
142102,0.03692117
142106,0.02858469
142115,0.05470085
142120,0.01827318
142132,0.03736604
142139,0.05844314
142142,0.02780763
142153,0.10565639
142160,0.12446004
142162,0.03176848
142163,0.05666792
142167,0.03237736
142168,0.07205399
142177,0.07960896
142180,0.65485374
142183,0.01647586
142186,0.10942729
142189,0.21301163
142195,0.04291682
142198,0.03403230
142210,0.02663225
142215,0.46029414
142222,0.01769865
142223,0.32810748
142224,0.02426173
142236,0.03009253
142237,0.02848985
142239,0.04538465
142242,0.11066326
142243,0.08162580
142244,0.05935104
142255,0.00885558
142273,0.03406489
142289,0.16099310
142294,0.01581269
142303,0.23618721
142305,0.10745704
142339,0.09320182
142359,0.67537568
142361,0.02888800
142364,0.02481269
142378,0.60743670
142380,0.23000943
142383,0.09019040
142387,0.12705278
142393,0.11311658
142396,0.52194831
142407,0.14742431
142409,0.15167348
142427,0.01716006
142429,1.12718629
142430,0.14446081
142431,0.08158439
142433,0.11184333
142439,0.37860207
142440,0.03695303
142446,0.03416297
142459,0.03236371
142478,0.01900352
142481,0.09928574
142491,0.17306730
142495,0.05010521
142497,0.05866371
142510,0.11470900
142513,0.18910690
142521,0.05246559
142529,0.51418968
142537,0.06559466
142542,0.49378583
142558,0.06670325
142574,0.03169133
142575,0.04048762
142579,0.09353294
142587,0.05467228
142590,0.86157901
142610,0.04544904
142614,0.03423876
142621,0.01266559
142641,0.07744802
142650,0.05385697
142653,0.11099532
142667,0.19172346
142671,0.43708150
142676,0.23919192
142680,0.11179226
142684,0.09325188
142685,0.02095327
142686,0.11354349
142689,0.10020848
142691,0.29911308
142704,0.03219981
142707,0.07306177
142724,0.01373312
142727,0.11599199
142728,0.02865222
142741,0.02823598
142747,0.39729866
142748,0.19815973
142752,0.04158416
142755,0.02981463
142756,0.11522227
142759,0.03750681
142762,0.02305366
142771,0.09996036
142778,0.04618155
142783,0.05814717
142789,0.26372781
142790,0.07201501
142791,0.20189918
142793,0.34587804
142795,0.31967099
142803,0.57351144
142819,0.02849177
142822,0.16055003
142825,0.11349698
142833,0.04548510
142871,0.07058648
142872,0.03522429
142883,0.23447452
142905,0.03207485
142906,0.12571460
142917,0.10475543
142921,0.28095059
142927,0.14398988
142932,0.02517024
142940,0.06734776
142962,0.48905110
142969,0.04794061
142976,0.01376432
142977,0.20111324
142982,0.29486037
142988,0.03219535
142990,0.09341701
142992,0.02690778
143012,0.07885957
143013,0.12778003
143016,0.15863851
143017,0.03714377
143033,0.18001421
143058,0.06408624
143059,0.04944592
143060,0.03836239
143065,0.05307085
143076,0.07571417
143081,0.43234456
143088,0.04319166
143089,0.09974830
143090,0.04426308
143094,0.01793692
143100,0.06274809
143115,0.05069615
143132,0.06181500
143135,0.02159672
143136,0.24516348
143149,0.23247633
143151,0.13258298
143152,0.02939142
143153,0.20858583
143162,0.13736246
143166,0.05679921
143167,0.04267285
143187,0.19849431
143188,0.02659181
143190,0.08975106
143191,0.02422775
143195,0.33782618
143207,0.14402792
143209,0.14609158
143227,0.07151023
143231,0.05205367
143232,0.05763879
143244,0.04296076
143263,0.23823751
143268,0.26127646
143275,0.26912610
143278,0.17839703
143302,0.30657570
143320,0.07555305
143328,0.23836241
143336,0.10729688
143339,0.03497281
143340,0.19012281
143353,0.04311735
143360,0.05603604
143361,0.19862475
143385,0.78218073
143388,0.17513281
143389,0.12281246
143390,0.02982543
143393,0.25190060
143396,0.29468600
143419,0.08140456
143421,0.01807792
143422,0.04187992
143431,0.05617219
143433,0.12168467
143440,0.45924837
143442,0.02460854
143463,0.03366320
143466,0.01008767
143475,0.19986003
143500,0.10551046
143510,0.11503593
143528,0.02096098
143532,0.01897469
143535,0.28181147
143538,0.06994657
143548,0.04318444
143550,0.08450708
143555,0.04854959
143576,0.39581070
143593,0.20451444
143595,0.18469889
143596,0.01451192
143597,0.06352887
143599,0.08563918
143601,0.03125149
143602,0.02714503
143605,0.02422510
143609,0.16245315
143611,0.23315002
143613,0.02391831
143618,0.08715056
143652,0.04241494
143667,0.03463181
143679,0.10277598
143680,0.05823204
143692,0.24104341
143703,0.27214320
143712,0.13164028
143714,0.10444787
143715,0.03363500
143729,0.09749812
143732,0.02787999
143738,0.05237215
143740,0.06800553
143743,0.12965093
143772,0.12426981
143773,0.08895176
143792,0.15404574
143802,0.02914083
143808,0.03852257
143819,0.01368710
143820,0.34525644
143825,0.03210668
143828,0.01700507
143831,0.36155152
143834,0.01048607
143835,0.01963496
143843,0.02385761
143860,0.02530180
143874,0.06977531
143889,0.54453743
143903,0.06777536
143921,0.12089067
143936,0.04896910
143944,0.08625043
143947,0.16093474
143948,0.02744028
143957,0.44956521
143964,0.67171550
143965,0.00868142
143971,0.10563055
143976,0.16243954
143977,0.44290224
143983,0.17211720
143991,0.08102246
144015,0.07928760
144032,0.05760956
144057,0.04994910
144065,0.05169096
144087,0.04374860
144090,0.06584971
144091,0.38229575
144092,0.04602224
144139,0.10361868
144150,0.03238428
144151,0.12068581
144153,0.21346439
144154,0.60119168
144159,0.48694734
144168,0.09457809
144169,0.07576673
144178,0.14855945
144179,0.03303329
144183,0.03804816
144186,0.06500589
144190,0.29134606
144191,0.04463793
144199,0.24427508
144226,0.08086779
144227,0.02292616
144229,0.15453203
144237,0.10276646
144247,0.01904106
144249,0.10736529
144259,0.11092209
144260,0.04786781
144282,0.04057550
144295,0.24935408
144304,0.03387265
144314,0.04476089
144318,0.06655298
144324,0.52847200
144325,0.02160259
144333,0.07461493
144334,0.06663913
144336,0.01576108
144350,0.08242580
144354,0.03463314
144357,0.08045880
144359,0.07977293
144365,0.04436323
144385,0.07239423
144386,0.04998899
144387,0.21300639
144390,0.05096878
144393,0.07189766
144398,0.07737458
144402,0.02363413
144416,0.08190202
144422,0.01532669
144446,0.21582837
144451,0.16654197
144461,0.01751897
144464,0.21697764
144483,0.12572682
144498,0.31017131
144499,0.08710790
144534,0.02439787
144549,0.12534473
144563,0.02704716
144570,0.68347699
144579,0.06644884
144580,0.03552608
144581,0.01725195
144582,0.05464084
144587,0.07429660
144588,0.07061814
144589,0.03310583
144590,0.05999576
144598,0.33488138
144601,0.03222908
144610,0.03836766
144611,0.06650113
144612,0.02758068
144613,0.03162863
144617,0.05618010
144635,0.44568592
144640,0.14147898
144644,0.06904632
144645,0.03661400
144654,0.03515834
144656,0.12325799
144657,0.15136770
144658,0.10865402
144659,0.13071959
144665,0.04096015
144667,0.06438755
144675,0.03660077
144677,0.25089332
144678,0.03073876
144690,0.05700790
144701,0.29113633
144702,0.13651098
144716,0.06404528
144721,0.00945636
144722,0.35916977
144729,0.14799683
144744,0.04438772
144753,0.02215269
144761,0.04422418
144764,0.63993042
144767,0.04386381
144780,0.38340809
144781,0.05996731
144784,0.22351846
144806,0.05246350
144810,0.20921329
144811,0.05929159
144824,0.05251065
144828,0.15020790
144829,0.03940165
144835,0.47971007
144849,0.11055498
144850,0.01839172
144870,0.03861779
144881,0.11424040
144891,0.04451982
144898,0.32598251
144904,0.03780681
144906,0.02864217
144909,0.03072321
144910,0.13389440
144912,0.30875290
144963,0.17378597
144965,0.28639629
144966,0.04459063
144979,0.21850108
144990,0.09274127
144991,0.03890899
144992,0.60867066
144999,0.07067849
145006,0.02050049
145007,0.17525003
145008,0.01279633
145009,0.09779775
145011,0.00933813
145014,0.28862669
145025,0.02642358
145036,0.03665070
145041,0.04069740
145058,0.32541090
145071,0.14203675
145106,0.12197979
145110,0.04963287
145142,0.19720098
145146,0.23778993
145147,0.01122604
145148,0.06479473
145149,0.02259783
145154,0.07037540
145157,0.10529121
145158,0.04102354
145167,0.02045070
145172,0.20586861
145174,0.02220118
145192,0.01327330
145195,0.07995225
145196,0.21012771
145199,0.02243973
145209,0.26020838
145242,0.02202824
145248,0.01422834
145249,0.05823693
145250,0.09464647
145281,0.16979084
145287,0.06802145
145288,0.29743157
145298,0.14379862
145303,0.00790410
145309,0.17995905
145333,0.17397815
145336,0.10707199
145339,0.14410443
145350,0.05963769
145353,0.04272961
145354,0.04526595
145358,0.07106089
145382,0.45668711
145383,0.71590208
145389,0.09537292
145390,0.13382100
145391,0.11032003
145392,0.13842231
145407,0.01482401
145410,0.06554727
145412,0.37802820
145415,0.13640348
145418,0.06756343
145419,0.04791075
145440,0.00763520
145451,0.26978592
145476,0.21596974
145481,0.03301677
145482,0.01744288
145484,0.01379183
145502,0.03793705
145512,0.08184614
145515,0.04759137
145521,0.03656407
145523,0.01812422
145554,0.02860883
145557,0.04501423
145560,0.48594209
145563,0.23811015
145569,0.03519477
145586,0.55341673
145601,0.21641139
145602,0.04786125
145615,0.18306372
145623,0.08540382
145638,0.02782146
145640,0.03213452
145645,0.04159966
145654,0.08895789
145664,0.09686439
145677,0.02858683
145679,0.02203346
145681,0.04269565
145698,0.06422114
145709,0.01361145
145713,0.10446218
145720,0.04871364
145780,0.07589633
145781,0.17210950
145798,0.37285765
145811,0.10507798
145819,0.02889864
145833,0.16442667
145834,0.12732231
145835,0.29532812
145844,0.06514140
145862,0.03553078
145869,0.23999855
145871,0.05972137
145872,0.01303840
145874,1.15460094
145888,0.02904064
145891,0.11450247
145907,0.17515556
145908,0.07673193
145919,0.03245885
145925,0.04119293
145940,0.18073278
145941,0.13066508
145943,0.05281248
145951,0.01030189
145954,0.09775353
145957,0.04167703
145962,0.27990376
145974,0.02892913
145976,0.09322782
145987,0.03838112
145988,0.46485058
145989,0.04224763
145990,0.06096924
145991,0.19964660
145993,0.22925664
146000,0.48809570
146001,0.04406111
146006,0.03414418
146011,0.01909182
146014,0.04837195
146020,0.04119966
146021,0.01546314
146022,0.16875114
146026,0.16364598
146028,0.26429672
146032,0.07251393
146033,0.15817473
146037,0.59512987
146059,0.03965775
146060,0.56681851
146063,0.39332444
146069,0.20855065
146086,0.03812053
146090,1.15401721
146092,0.03217535
146094,0.32096796
146097,0.03438886
146098,0.21513005
146106,0.08107879
146115,0.02760834
146121,0.31800679
146122,0.07584658
146140,0.05154625
146142,0.03115342
146146,0.18447232
146149,0.07011153
146153,0.02611453
146155,0.01728607
146156,0.05459277
146159,0.04311443
146172,0.11914271
146176,0.12414451
146184,0.09077545
146186,0.09097258
146191,0.05561769
146198,0.03044698
146199,0.01864261
146202,0.03460417
146206,0.40478395
146214,0.03463139
146221,0.12207737
146232,0.03822368
146239,0.14312374
146246,0.16657563
146247,0.03987214
146252,0.03831267
146255,0.01980495
146256,0.01549658
146262,0.28519064
146277,0.14785892
146292,0.32626467
146303,0.02984299
146305,0.15843342
146313,0.15762187
146317,0.02086477
146330,0.07256672
146344,0.06291846
146345,0.08896931
146347,0.20173391
146356,0.03094501
146369,0.19782897
146384,0.17799005
146385,0.00841978
146386,0.09019914
146388,0.03640197
146404,0.02048335
146409,0.29932015
146413,0.07860331
146421,0.12732918
146428,0.07380724
146451,0.25294223
146458,0.01256720
146466,0.01041844
146476,0.04254112
146485,0.01513053
146486,0.12136638
146487,0.05117112
146500,0.05276585
146502,0.07542780
146512,0.31222726
146514,0.04226941
146515,0.09322444
146516,0.06385911
146533,0.10094770
146535,0.07388711
146541,0.11344205
146557,0.12682521
146562,0.52306487
146565,0.03689762
146570,0.08493670
146571,0.02957554
146574,0.10163043
146587,0.06164040
146591,0.04038139
146597,0.20340380
146600,0.03451705
146614,1.20511663
146621,0.17513973
146623,0.06145475
146631,0.29417642
146644,0.02735668
146649,0.02469319
146651,0.03702636
146652,0.09649210
146663,0.37321372
146680,0.04241043
146683,0.05924316
146714,0.28014438
146724,0.18051625
146730,0.06810161
146732,0.37107575
146738,0.10636674
146752,0.13086094
146755,0.19816266
146756,0.10408280
146759,0.11792947
146760,0.34839375
146761,0.06403157
146765,0.02231535
146806,0.07661805
146809,0.18825433
146810,0.07698616
146811,0.05510429
146815,0.06338129
146820,0.36826595
146821,0.03571951
146824,0.14028193
146829,0.05799537
146842,0.09987079
146864,0.04733946
146891,0.38452715
146918,0.07184762
146955,0.05382839
146957,0.18653929
146972,0.09132617
146973,0.05074611
146979,0.09225116
146982,0.06583930
146984,0.03494803
146997,0.21925912
147001,0.03744999
147008,0.37944651
147014,0.01009698
147022,0.11343648
147038,0.05149091
147048,0.09462942
147060,0.01611175
147061,0.03554856
147077,0.16940696
147082,0.08758021
147083,0.05006354
147085,0.09247676
147086,0.04719755
147099,0.07549999
147127,0.03620659
147128,0.08033741
147133,0.06101159
147138,0.02209885
147139,0.00886840
147150,0.03936083
147155,0.36100073
147171,0.02759725
147172,0.02299505
147182,0.04634567
147195,0.02068313
147199,0.03313104
147216,0.24949192
147224,0.01774858
147225,0.06103109
147230,0.32866249
147240,0.24179633
147250,0.05897922
147253,0.03545988
147254,0.56617349
147264,0.02860732
147294,0.20980729
147308,0.04751461
147309,0.23295418
147315,0.13993741
147319,0.10867286
147329,0.03584371
147340,0.09611673
147345,0.35858838
147353,0.02826778
147354,0.28299856
147364,0.69026292
147366,0.13957628
147373,0.06488726
147382,0.01622000
147383,0.18615598
147390,0.05884901
147408,0.25375267
147411,0.01795492
147415,0.26600521
147416,0.15223789
147425,0.02157649
147427,0.05212706
147438,0.16467864
147439,0.03277687
147457,0.04331051
147459,0.03168167
147463,0.06222551
147469,0.18834670
147476,0.46892712
147483,0.03284062
147497,0.08496798
147502,0.45461639
147515,0.20163218
147523,0.29402045
147527,0.03828581
147541,0.17203729
147551,0.04865516
147552,0.09532564
147561,0.01385283
147571,0.04677335
147587,0.02775681
147657,0.12943861
147659,0.07325811
147670,0.00761386
147695,0.12133148
147696,0.20441776
147702,0.32149175
147710,0.98421473
147711,0.04771621
147712,0.03812643
147713,0.19533313
147720,0.02415044
147722,0.16348004
147742,0.02505591
147750,0.11057064
147761,0.54171731
147764,0.17362548
147770,0.01938967
147771,0.17852811
147774,0.25406714
147786,0.03117873
147787,1.03960931
147791,0.04958087
147792,0.13349531
147793,0.33427196
147794,0.03223918
147801,0.08141160
147824,0.01290857
147826,0.03965450
147840,0.06353533
147847,0.01617614
147862,0.15895846
147865,0.08279240
147882,0.24659848
147893,0.34011104
147925,0.09958839
147932,0.29395544
147942,0.14034233
147953,0.02933640
147955,0.19269835
147964,0.59353122
147966,0.06160601
147981,0.07417518
147982,0.50338296
147990,0.15696295
147998,0.06060062
148002,0.30962163
148013,0.18424793
148025,0.27519190
148026,0.26023171
148031,0.36222981
148035,0.07063269
148042,0.06211262
148047,0.02088623
148050,0.04987447
148063,0.20526960
148065,0.40511945
148069,0.27134950
148070,0.22365641
148075,0.31475378
148076,0.03582053
148087,0.01082368
148091,0.12648544
148102,0.17275694
148107,0.22127726
148108,0.09197979
148113,0.15044087
148131,0.07548396
148141,0.19676275
148149,0.17698715
148150,0.08054462
148163,0.47294055
148175,0.03678326
148185,0.26820175
148187,0.12877791
148198,0.72508618
148204,0.27285930
148205,0.02840245
148212,0.21158853
148216,0.36811076
148217,0.03367015
148223,0.04713291
148224,0.34134623
148235,0.29293226
148255,0.19094782
148276,0.04993145
148285,0.04245390
148289,0.04456637
148292,0.23984851
148294,0.21968780
148314,0.03426836
148319,0.03449783
148320,0.05877455
148322,0.09834922
148323,0.10755990
148325,0.09956815
148333,0.15421924
148339,0.03243680
148359,0.14550344
148361,0.36126547
148364,0.08582896
148380,0.02879317
148382,0.04349578
148386,0.33808630
148393,0.23226991
148394,0.11076765
148404,0.13847299
148419,0.09380774
148423,0.08512607
148437,0.52693503
148440,0.09898635
148448,0.04412258
148449,0.00762213
148450,0.04303196
148451,0.10657390
148458,0.20238052
148471,0.08171775
148475,0.02839628
148476,0.09805070
148497,0.15329260
148511,0.09908008
148512,0.07988005
148534,0.20396090
148545,0.17141277
148557,0.07759867
148564,0.04348463
148570,0.05477714
148586,0.06338563
148596,0.11943187
148600,0.07165980
148607,0.03309999
148609,0.20458664
148622,0.03043443
148623,0.04765880
148625,0.24226395
148626,0.00761436
148628,0.09169293
148632,0.06292084
148639,0.05266471
148643,0.06461716
148644,0.41403445
148680,0.02851152
148702,0.21298195
148716,0.25410213
148717,0.17386410
148726,0.38906237
148738,0.37215305
148746,0.12609091
148749,0.04820701
148750,0.10424288
148769,0.06363590
148791,0.05933071
148803,0.06141427
148804,0.03889271
148823,0.00988842
148831,0.03441968
148849,0.02419576
148850,0.03967226
148855,0.05657677
148893,0.02746811
148896,0.06025714
148899,0.11134366
148903,0.18323561
148910,0.07515327
148911,0.02279085
148912,0.54633859
148913,0.03578527
148933,0.13648149
148935,0.02083509
148937,0.01567740
148946,0.38447968
148955,0.08660642
148980,0.04620128
148996,0.22942666
149015,0.53185054
149025,0.02326427
149028,0.47397025
149029,0.02344533
149035,0.03530729
149050,0.05949868
149051,0.05694641
149052,0.19618950
149056,0.01461687
149062,0.02288495
149067,0.38708581
149076,0.28410713
149090,0.74960001
149106,0.13151910
149107,0.05345678
149118,0.63168932
149119,0.03082902
149130,0.37350863
149154,0.08035095
149157,0.10837916
149158,0.03182853
149160,0.10448796
149163,0.16809975
149164,0.15329327
149165,0.02794685
149166,0.10106278
149214,0.05015326
149231,0.26988432
149236,0.03686871
149237,0.17561004
149246,0.02733945
149247,0.05680847
149253,0.16344269
149254,0.01667979
149265,0.42521243
149266,0.14738353
149277,0.16437781
149283,0.34110407
149289,0.13774704
149310,0.04185480
149314,0.04097029
149318,0.10586293
149319,0.03861213
149320,0.06246999
149321,0.45578929
149333,0.05234345
149337,0.18383282
149338,0.03229526
149341,0.07662416
149342,0.05255801
149349,0.03031284
149351,0.30007001
149354,0.03501173
149360,0.01821760
149362,0.11908154
149366,0.02213316
149372,0.61765829
149376,0.08450369
149388,0.09940655
149393,0.02530759
149401,0.02907173
149405,0.17698106
149412,0.17378807
149415,0.03696635
149416,0.04003952
149430,0.16351207
149435,0.04083160
149436,0.02898636
149444,0.13425296
149456,0.11087007
149471,0.01417210
149480,0.01429208
149481,0.05259633
149490,0.09740183
149491,0.06009462
149503,0.05751103
149512,0.02462909
149524,0.01607355
149525,0.02850912
149532,0.07853844
149533,0.14154772
149536,0.66669432
149540,0.05876325
149548,0.07487688
149563,0.23690755
149568,0.20661442
149569,0.28428449
149570,0.17133945
149582,0.01479702
149584,0.06776687
149587,0.16752620
149592,0.11405935
149596,0.12423171
149599,0.10379528
149612,0.07076777
149643,0.11584179
149648,0.51043006
149665,0.02374508
149666,0.42501666
149671,0.07151256
149675,0.01869607
149676,0.13138751
149677,0.01689198
149680,0.39754835
149711,0.14543317
149723,0.04652558
149726,0.08430692
149727,0.02283195
149730,0.01943275
149733,0.14808371
149734,0.62751424
149736,0.25370215
149750,0.01775281
149752,0.78945336
149767,0.07801424
149791,0.09343445
149793,0.03450695
149810,0.03729937
149850,0.07600161
149857,0.10381392
149858,0.02311564
149860,0.28453126
149882,0.01144449
149889,0.03721064
149890,0.39027249
149918,0.01664203
149919,0.04963491
149927,0.01561422
149928,0.02370271
149940,0.48282561
149944,0.06875866
149947,0.05350857
149951,0.23643351
149956,0.09303486
149958,0.31451871
149969,0.06855959
149988,0.15740670
149996,0.09084988
150007,0.02618062
150018,0.06618163
150025,0.06896273
150054,0.16939032
150064,0.27371136
150070,0.09231650
150074,0.08588189
150078,0.02817242
150084,0.04423398
150106,0.09611603
150111,0.51029630
150115,0.02592872
150117,0.30578459
150120,0.34618950
150127,0.13958371
150128,0.06268027
150130,0.16192451
150132,0.16241862
150135,0.03468406
150145,0.03724182
150148,0.02360312
150153,0.12322144
150154,0.03886513
150173,0.02583995
150174,0.31968828
150176,0.41276723
150177,0.24761735
150178,0.12439922
150179,0.38469652
150187,0.02314134
150207,0.08962744
150223,0.14169623
150224,0.02948928
150229,0.02665778
150233,0.14834868
150245,0.09792439
150252,0.02904509
150257,0.18076788
150258,0.04146584
150267,0.05442055
150268,0.34563526
150272,0.53278041
150282,0.06571192
150289,0.25836955
150299,0.01296455
150307,0.11014120
150310,0.05417250
150311,0.08697206
150312,0.01920852
150313,0.04068409
150324,0.12355562
150335,0.03755359
150343,0.08558115
150354,0.02270342
150363,0.06262629
150365,0.10469199
150377,0.07768999
150381,0.21395830
150382,0.01886594
150414,0.10195890
150418,0.16942352
150431,0.03814500
150449,0.04808769
150450,0.45462106
150473,0.01560289
150475,0.06530922
150476,0.16545956
150478,0.34521950
150488,0.13255749
150499,0.38450410
150501,0.59378538
150503,0.08694611
150518,0.06794204
150529,0.05414258
150531,0.02971949
150532,0.10641430
150535,0.13273307
150543,0.49405440
150545,0.17407200
150548,0.06178050
150552,0.05114154
150558,0.15134398
150574,0.22238698
150576,0.56344608
150577,0.03214085
150594,0.20770658
150601,0.02399976
150604,0.03271716
150618,0.04578715
150626,0.28747546
150627,0.21664075
150635,0.37449963
150648,0.09220301
150649,0.31599795
150650,0.26510671
150651,0.07568900
150652,0.03737821
150657,0.13289060
150659,0.04710281
150666,0.16709918
150667,0.19177440
150680,0.01265658
150698,0.97837481
150700,0.77713451
150713,0.07054057
150715,0.07866766
150718,0.00680335
150724,0.25473715
150731,0.04054583
150734,0.01859684
150738,0.02155457
150744,0.05218833
150745,0.19844615
150746,0.23722054
150749,0.04238632
150750,0.16283749
150753,0.03254282
150759,0.03713217
150762,0.01826964
150764,0.03302091
150782,0.07511358
150784,0.02393935
150785,0.04752782
150786,0.08108377
150789,0.14237704
150802,0.09196776
150809,0.04954266
150810,0.12760093
150817,0.07927165
150820,0.02745708
150822,0.12259184
150845,0.03424381
150846,0.12209888
150854,0.06709527
150858,0.59438055
150866,0.08484127
150869,0.02481802
150874,0.11520316
150887,0.01208903
150889,0.03088632
150892,0.27351619
150896,0.02805127
150901,0.66089178
150914,0.57263341
150918,0.06585408
150919,0.09088193
150929,0.21289844
150935,0.03967399
150941,0.03917999
150949,0.03430334
150950,0.11409888
150951,0.01172660
150952,0.02253101
150980,0.34934345
150981,0.04256085
150986,0.32125091
150987,0.09957365
151004,0.09281146
151005,0.13792578
151010,0.08107620
151012,0.07451781
151016,0.03714394
151021,0.18788342
151022,0.04419566
151023,0.32407755
151024,0.83460806
151035,0.41502077
151036,0.05231873
151039,0.05090705
151041,0.12610828
151043,0.12461331
151052,0.60589020
151058,0.49697541
151065,0.25209735
151066,0.08896060
151067,0.37976914
151069,0.10721725
151070,0.04095084
151080,0.10446173
151090,0.03612251
151092,1.30624874
151100,0.01329547
151108,0.14131291
151113,0.04427557
151119,0.03954335
151131,0.03014404
151145,0.04802287
151147,0.36774182
151148,0.02180960
151149,0.10013796
151153,0.05260338
151158,0.07524575
151167,0.04849923
151169,0.06664050
151185,0.02805857
151186,0.26064970
151187,0.17274139
151203,0.08422299
151206,0.02534781
151213,0.35589961
151237,0.09620783
151254,0.05405486
151255,0.04746834
151264,0.16502083
151266,0.06440686
151267,0.07665617
151270,0.02466748
151286,0.02818451
151288,0.14794597
151289,0.10028343
151290,0.09628710
151303,0.04214605
151304,0.22148526
151308,0.04706813
151315,0.02984103
151324,0.06695459
151329,0.03808734
151335,0.01516301
151343,0.02529644
151347,0.38230810
151348,0.14097168
151357,0.24281265
151366,0.11689092
151372,0.03302189
151374,0.02350364
151394,0.03650778
151395,0.14926929
151403,0.08412373
151410,0.07257560
151412,0.11065504
151419,0.07330753
151443,0.02822172
151464,0.02508729
151466,0.28151703
151467,0.02689714
151476,0.05169462
151480,0.08037072
151481,0.51972589
151486,0.04935694
151487,0.18677940
151490,0.25291629
151498,0.03805599
151500,0.02820802
151504,0.01477715
151516,0.02464256
151519,0.12072619
151528,0.14276281
151529,0.10828961
151539,0.75667097
151540,0.12079182
151556,0.76021357
151558,0.02236346
151559,0.04360547
151581,0.02903972
151586,0.16172136
151589,0.31652166
151603,0.32359429
151604,0.08885182
151610,0.01211710
151637,0.14821902
151652,0.51287620
151654,0.05190690
151667,0.09552415
151668,0.36268076
151669,0.03133349
151678,0.02970935
151697,0.09750678
151706,0.07897449
151729,0.03746146
151730,0.06149674
151737,0.06124473
151744,0.19655469
151756,0.21684315
151785,0.02078587
151800,0.06322608
151801,0.02218955
151821,0.10146297
151822,0.17767290
151834,0.08196312
151845,0.15738081
151846,0.05379099
151847,0.14132014
151848,0.21487686
151859,0.08758333
151872,0.19207578
151875,0.15601179
151883,0.03412606
151888,0.05469761
151895,0.02487056
151896,0.03083415
151900,0.27541561
151913,0.02503948
151920,0.08274728
151928,0.29873371
151933,0.05101956
151934,0.07545832
151948,0.17785637
151951,0.04440836
151963,0.04616791
151964,0.01160799
151965,0.00680577
151966,0.15178728
151974,0.07789760
151975,0.37642856
151978,0.04204809
151982,0.08684401
151993,0.06762441
152002,0.02223571
152005,0.09573161
152017,0.07903334
152020,0.17559554
152039,0.10914621
152047,0.50745193
152064,0.08630363
152071,0.16987347
152076,0.17084915
152088,0.01370197
152091,0.03297876
152093,0.11406599
152100,0.09034100
152107,0.06484441
152115,0.02033088
152119,0.01873602
152123,0.02123311
152129,0.11106514
152140,1.08022557
152141,0.04952473
152142,0.07253640
152148,0.08227270
152170,0.02478040
152171,0.08531704
152176,0.03601597
152186,0.18057818
152192,0.33898787
152204,0.28410147
152215,0.00894351
152220,0.07520838
152230,0.02066692
152256,0.09264758
152265,0.11937140
152266,0.46995006
152268,0.04449200
152272,0.12125430
152286,0.03475833
152299,0.04383175
152305,0.05796518
152324,0.04641804
152329,0.23659161
152355,0.06756514
152356,0.01753795
152365,0.13427636
152369,0.26464521
152373,0.06538203
152374,0.13219208
152383,0.21983185
152395,0.27296862
152403,0.35990592
152404,0.09039013
152406,0.02742260
152425,0.03333664
152437,0.04059812
152438,0.09781035
152442,0.34577289
152460,0.12399218
152461,0.04319420
152462,0.03065780
152472,0.12655420
152473,0.20126911
152477,0.03887889
152506,0.06006537
152522,0.05987752
152530,0.04945823
152535,0.01891919
152543,0.03799547
152548,0.09548884
152556,0.07941456
152562,0.09665353
152563,0.15254797
152565,0.06049256
152591,0.03782318
152593,0.10386507
152612,0.13569120
152619,0.03642957
152627,0.04214657
152628,0.05421519
152632,0.62980045
152638,0.14871958
152646,0.07017123
152662,0.31790346
152679,0.16724425
152680,0.06438669
152699,0.13576494
152703,0.06512399
152717,0.23657661
152720,0.49374518
152721,0.07552895
152735,0.04743227
152736,0.03715503
152739,0.21732788
152755,0.03618146
152769,0.03359756
152785,0.32013426
152788,0.03211573
152791,0.03949211
152808,0.09815953
152815,0.03278489
152816,0.31504954
152817,0.07568964
152818,0.02481173
152819,0.52770659
152820,0.05046272
152823,0.17230867
152831,0.04286557
152832,0.49927463
152833,0.27459339
152835,0.11135000
152838,0.03696279
152846,0.02561217
152862,0.45518621
152864,0.02319772
152865,0.06212585
152871,0.00971486
152874,0.02838515
152875,0.00902945
152876,0.84150536
152877,1.00965828
152881,0.16986330
152892,0.02108182
152908,0.27450904
152909,0.14054781
152915,0.03352101
152916,0.26029880
152923,0.03805179
152932,0.04720958
152934,0.03219449
152936,0.02265286
152948,0.08373916
152951,0.09501396
152956,0.10006851
152963,0.08965998
152964,1.07237027
152978,0.26350542
152980,0.14932162
152986,0.40450024
153001,0.20738579
153002,0.07879613
153007,0.08139621
153009,0.02243553
153017,0.04230786
153018,0.44479035
153022,0.29801144
153027,0.69060639
153032,0.04964990
153033,0.14226144
153034,0.05534022
153037,0.11977175
153051,0.88543369
153052,0.05249719
153057,0.01568561
153067,0.15460377
153084,0.07464119
153088,0.35460500
153089,0.03837467
153093,0.02843158
153094,0.10965316
153095,0.32560656
153105,0.31190040
153108,0.27811399
153110,0.07859836
153119,0.15047917
153135,0.03351173
153139,0.04225776
153146,0.06739367
153154,0.10535670
153185,0.02618345
153195,0.62436919
153196,0.08365550
153198,0.08095715
153202,0.01502084
153203,0.04819163
153209,0.03464402
153223,0.08183417
153224,0.08151319
153227,0.11605090
153230,0.13407321
153233,0.05789119
153234,0.02833626
153235,0.27869291
153243,0.10415782
153263,0.14304058
153269,0.08687675
153272,0.02071407
153276,0.34275185
153279,0.04508844
153291,0.24821239
153311,0.14950083
153328,0.74233396
153330,0.19481555
153341,0.71079307
153345,0.04186775
153393,0.02992482
153394,0.11417949
153395,0.03544140
153420,0.08395440
153428,0.08571382
153432,0.20588598
153449,0.05504869
153458,0.65916162
153459,0.03337335
153472,0.10242220
153475,0.01235941
153479,0.21120011
153480,0.07348020
153490,0.08247920
153491,0.04719619
153501,0.06656165
153502,0.04734218
153507,0.26906508
153513,0.17012379
153514,0.09766421
153519,0.37018315
153520,0.02186746
153556,0.08269258
153577,0.23360204
153582,0.54001384
153594,0.16126219
153595,0.08627194
153598,0.20440349
153601,0.02610733
153625,0.05936800
153641,0.01147339
153654,0.04443354
153676,0.08151471
153681,0.01237787
153704,0.07244855
153706,0.06521986
153710,0.16833731
153720,0.13116811
153734,0.33866335
153738,0.07620038
153743,0.05651444
153748,0.09721900
153756,0.14289536
153757,0.03021370
153759,0.03224129
153764,0.33220294
153782,0.01707061
153796,0.10007398
153802,0.37051593
153809,1.15175093
153810,0.00750450
153817,0.46998840
153821,0.03959613
153823,0.04274639
153830,0.06379409
153834,0.08724091
153839,0.03169638
153842,0.27041434
153847,0.26311475
153855,0.03437355
153873,0.01308348
153875,0.11840926
153882,0.04642209
153884,0.02065291
153885,0.34557660
153886,0.12067923
153890,0.11010495
153892,0.01381296
153897,0.07831570
153898,0.04864522
153901,0.16917660
153924,0.04902937
153928,0.07895956
153929,0.50464266
153949,0.01340373
153979,0.03116984
153980,0.01313721
153981,0.08405063
154010,0.32213964
154015,0.07065821
154039,0.12566082
154043,0.00594274
154044,0.12432858
154046,0.08450501
154047,0.06657606
154058,0.03164545
154060,0.06943350
154065,0.57553980
154083,0.04257835
154100,0.07061832
154108,0.12926751
154120,0.26382427
154121,0.05659198
154122,0.11833407
154128,0.12133491
154137,0.11599834
154143,0.33415134
154151,0.27810844
154158,0.05983209
154176,0.04721458
154184,0.15157427
154191,0.15933421
154215,0.17231629
154216,0.11067822
154220,0.02483234
154222,0.27594556
154227,0.08620762
154241,0.01511166
154243,0.09356994
154244,0.06823088
154254,0.04420558
154264,0.05698480
154265,0.25353904
154268,0.14458946
154269,0.02165865
154299,0.03823659
154307,0.11779414
154315,0.12403160
154325,0.17548405
154327,0.10376989
154332,0.36330231
154346,0.02199208
154347,0.01829656
154353,0.46603464
154369,0.03265448
154376,0.03874269
154377,0.49803520
154379,0.07436815
154389,0.03848521
154402,0.07437115
154403,0.09608608
154416,0.02609539
154428,0.13715638
154430,0.02927644
154442,0.84491598
154447,0.03465578
154468,0.01868587
154470,0.05144567
154473,0.16959298
154480,0.04679104
154486,0.05419869
154500,0.17464837
154507,0.21229857
154529,0.00959417
154549,0.01300647
154557,0.01409121
154571,0.16264810
154578,0.08144129
154580,0.02436521
154591,0.07041381
154611,0.68190100
154623,0.01816412
154650,0.09650290
154655,0.12775049
154659,0.06196199
154680,0.17176942
154681,0.05835094
154690,0.37569414
154711,0.04452710
154712,0.06643916
154722,0.01709450
154731,0.03142890
154747,0.46674366
154749,0.20279496
154750,0.15702350
154760,0.18488164
154763,0.06063268
154786,0.38583019
154788,0.10188308
154792,0.13594642
154807,0.47522529
154812,0.02211238
154818,0.57489337
154819,0.13087237
154824,0.13694997
154839,0.20701693
154840,0.00879818
154843,0.02493147
154847,0.34827376
154849,0.26177462
154850,0.00990825
154851,0.10146274
154853,0.06675695
154858,0.06444555
154868,0.95265159
154871,0.03335429
154877,0.04270370
154916,0.03701571
154920,0.01553418
154922,0.13335452
154924,0.03834204
154933,0.21643292
154942,0.54087257
154955,0.04928253
154957,0.81874452
154966,0.11949571
154971,0.07477963
154972,0.05063044
154973,0.05206358
154974,0.03170227
154979,0.02642187
154982,0.06611261
154990,0.25992959
154991,0.03689998
154994,0.18197546
154995,0.10282169
155009,0.03388554
155014,0.03167624
155017,0.00810532
155018,0.01986065
155019,0.01779121
155020,0.05902586
155027,0.12173188
155034,0.10736517
155047,0.01843021
155049,0.22798673
155052,0.49341271
155053,0.03776724
155059,0.05365324
155060,0.32511830
155069,0.01850935
155077,0.31450500
155078,0.05637456
155086,0.11293529
155088,0.08705221
155094,0.02883374
155099,0.02481487
155100,0.02221069
155116,0.12155385
155117,0.33221484
155119,0.05208044
155120,0.02097784
155133,0.18012580
155135,0.97467990
155141,0.41045283
155144,0.01322673
155145,0.03378136
155174,0.07302216
155194,0.29185626
155196,0.03327410
155204,0.10348707
155232,0.45335158
155240,0.08074851
155246,0.10962112
155254,0.04004277
155267,0.04080733
155273,0.17411021
155274,0.07861045
155283,0.13605832
155296,0.51004508
155312,0.03220139
155318,0.02824549
155322,0.15273794
155323,0.13829352
155329,0.32800341
155342,0.03453599
155346,0.50344211
155366,0.48167417
155369,0.10150684
155372,0.10611640
155378,0.15533663
155382,0.38007515
155390,0.07363728
155401,0.29679163
155428,0.06624658
155443,0.12365487
155445,0.04678066
155450,0.06853869
155452,0.13135901
155453,0.01823065
155480,0.43382777
155482,0.01788620
155484,0.14864064
155485,0.03819894
155496,0.21114969
155497,0.35846047
155531,0.05238291
155541,0.01424574
155547,0.33288267
155550,0.15922607
155551,0.11943067
155565,0.20679729
155567,0.04566536
155569,0.32209225
155573,0.03436597
155575,0.08851607
155581,0.01955751
155591,0.04845669
155593,0.26417422
155594,0.01496797
155610,0.65672160
155623,0.08135988
155624,0.17938172
155629,0.03922266
155638,0.16289384
155650,0.06315862
155652,0.09943389
155687,0.16821356
155697,0.59038218
155715,0.44179743
155718,0.04042498
155719,0.02853016
155723,0.29982659
155730,0.14065755
155731,0.03489957
155737,0.18429199
155738,0.12263005
155740,0.06465806
155742,0.02283007
155755,0.03520536
155766,0.08601966
155768,0.02205957
155771,0.33805797
155803,0.05288777
155808,0.03162533
155809,0.09802482
155812,0.03430697
155820,0.15902975
155832,0.23843571
155841,0.11469779
155847,0.50604874
155848,0.05774931
155855,0.29610166
155886,0.04407057
155893,0.18948430
155905,0.08263961
155910,0.41142981
155912,0.01120968
155919,0.51292555
155921,0.04756186
155937,0.08323568
155939,0.19172211
155950,0.12979776
155987,0.20356998
155988,0.03390868
156005,0.03301639
156006,0.01779767
156010,0.12318459
156018,0.08169173
156021,0.29672038
156026,0.11085810
156030,0.05584513
156033,0.02369495
156038,0.09237726
156041,0.34424626
156049,0.03556882
156050,0.01714850
156068,0.12429355
156069,0.46468670
156087,0.02252654
156088,0.27482233
156095,0.12362330
156104,0.38405160
156107,0.02509625
156108,0.25270659
156111,0.08863001
156119,0.02928434
156123,0.11189377
156140,0.88276997
156149,0.03897320
156161,0.04011200
156180,0.68477212
156186,0.18115438
156189,0.33653131
156194,0.05165830
156200,0.02763332
156213,0.59687842
156214,0.05799154
156228,0.02518117
156234,0.02860406
156236,0.17227385
156243,0.06190858
156256,0.04583070
156268,0.08003238
156269,0.02139716
156270,0.06476686
156274,0.20695455
156290,0.02356991
156291,0.06688771
156292,0.09970665
156298,0.08094500
156301,0.26141046
156302,0.36693670
156309,0.04953029
156355,0.03601911
156365,0.02723821
156367,0.61348999
156372,0.02017948
156376,0.08927475
156377,0.06896764
156389,0.05970791
156400,0.10943692
156404,0.35872408
156405,0.04844580
156426,0.18058180
156427,0.03343085
156429,0.10843079
156430,0.04585053
156431,0.12328233
156432,0.11264022
156449,0.11455966
156463,0.02593082
156464,0.10832463
156478,0.03847285
156492,0.38316043
156508,0.28816329
156509,0.25725905
156517,0.12257307
156526,0.44250355
156527,0.01483656
156538,0.63708594
156542,0.08232905
156543,0.08421342
156555,0.03121966
156556,0.27186518
156561,0.10633504
156563,0.02298437
156564,0.11067282
156567,0.02110540
156570,0.04461589
156581,0.08145284
156594,0.09269010
156597,0.05263042
156600,0.12481307
156601,0.03448997
156627,0.13148799
156629,0.28157248
156642,0.02002137
156644,0.05184543
156663,0.03119017
156674,0.02503160
156688,0.00950597
156696,0.16651893
156707,0.01454172
156723,0.10408705
156728,0.12975978
156731,0.13456380
156732,0.10825517
156733,0.11985702
156768,0.08471771
156773,0.13609883
156782,0.21939541
156815,0.13289467
156837,0.04498665
156854,0.09853383
156861,0.17646321
156862,0.01653326
156878,0.58941721
156903,0.28153921
156910,0.04596419
156925,0.10377998
156933,0.13511398
156952,0.04882652
156953,0.08048712
156963,0.49822390
156965,0.41769537
156989,0.03386668
156994,0.05481328
156996,0.03406780
157005,0.07141706
157011,0.01439515
157046,0.07775047
157058,0.05686014
157061,0.45368767
157065,0.03715508
157066,0.14298259
157067,0.17158176
157090,0.12420221
157091,0.13594975
157096,0.04468404
157101,0.84478331
157104,0.05880416
157109,0.06306962
157116,0.07141765
157120,0.77322223
157121,0.03367279
157124,0.39796812
157125,0.03319334
157132,0.33505233
157153,0.15328197
157157,0.62223466
157159,0.41529328
157168,0.09066504
157189,0.10574952
157195,0.07751459
157203,0.04970144
157210,0.15542818
157212,0.07466097
157220,0.04069922
157239,0.19055106
157241,0.06473463
157246,0.02833406
157247,0.16013515
157252,0.03141851
157253,0.88171766
157265,0.02006802
157291,0.16871260
157292,0.08188721
157301,0.10089673
157306,0.28438796
157312,1.35184572
157314,0.09765887
157332,0.02874443
157333,0.08539800
157337,0.17638167
157345,0.10569301
157347,0.10142161
157363,0.11668599
157376,0.03354117
157382,0.07086669
157397,0.02172985
157409,0.01840957
157411,0.04292129
157422,0.04217577
157428,0.07515776
157434,0.29082313
157442,0.03731032
157446,0.03642328
157456,0.03332289
157465,0.05387363
157469,0.02056017
157482,0.03494854
157497,0.06053933
157507,0.00817840
157510,0.08843627
157515,0.02860957
157529,0.06314652
157530,0.27859867
157541,0.30960514
157546,0.55012948
157553,0.09044053
157554,0.05718202
157562,0.16032417
157565,0.25575138
157566,0.07588779
157571,0.02371416
157572,0.02474530
157574,0.02920064
157575,0.06483130
157581,0.62172785
157590,0.74440707
157604,0.03563909
157611,0.36490970
157617,0.17492561
157620,0.09180653
157623,0.06519171
157651,0.18634356
157653,0.03311826
157664,0.12705768
157690,0.06713684
157704,0.15542779
157712,0.37090498
157722,0.54771049
157727,0.07142266
157764,0.04076772
157765,0.39953484
157775,0.02682128
157777,0.16804229
157789,0.08253085
157802,0.32774684
157803,0.02968497
157804,0.02994106
157805,0.31663342
157822,0.10694159
157823,0.04189452
157827,0.05366378
157836,0.20509798
157839,0.12971137
157847,0.04491855
157859,0.09329880
157864,0.02881229
157866,0.47274608
157877,0.78520098
157886,0.08335280
157892,0.10395083
157903,0.05243395
157913,0.35229247
157919,0.01896449
157920,0.19938638
157923,0.05881639
157926,0.04831823
157927,0.28487202
157948,0.03196579
157949,0.05696307
157952,0.03877364
157955,0.93915905
157958,0.21693590
157960,0.07793192
157966,0.06334100
157970,0.03259226
157979,0.04594058
157980,0.13919936
157985,0.01371414
157997,0.16365547
157998,0.20222016
158002,0.12197570
158004,0.09568793
158005,0.22589548
158007,0.03583409
158008,0.03442387
158015,0.05666038
158033,0.15817338
158036,0.04198183
158041,0.12823902
158044,0.01949191
158049,0.41468273
158061,0.05659613
158078,0.06501068
158099,0.02402304
158100,0.06871858
158102,0.28415455
158107,0.10599720
158114,0.09814737
158127,0.21046885
158128,0.13430747
158142,0.11663910
158145,0.40673591
158146,0.13919490
158167,0.00937284
158176,0.17877856
158184,0.02876229
158197,0.04809258
158201,0.10123626
158202,0.24463394
158205,0.06642344
158208,0.65489597
158211,0.14580812
158215,0.07844393
158218,0.12886187
158221,0.90611757
158223,0.16125431
158230,0.01397298
158234,0.05659463
158235,0.06750015
158245,0.10550080
158254,0.19436702
158267,0.08287698
158277,0.02767090
158283,0.14297734
158289,0.38362122
158290,0.06101184
158298,0.04236261
158307,0.04817127
158332,0.05100043
158336,0.01666593
158342,0.07851921
158344,0.08342738
158347,0.31186205
158352,0.01739053
158354,0.14748695
158355,0.03983489
158357,0.01507888
158365,0.02473134
158366,0.00644475
158367,0.06869419
158368,0.95546265
158384,0.16935113
158388,0.01941435
158395,0.19635331
158413,0.09322915
158425,0.10862239
158426,0.14591360
158432,0.02214409
158444,0.19385796
158453,0.02330235
158454,0.22319075
158459,0.02540620
158462,0.07351075
158468,0.16850058
158469,0.08040257
158470,0.05530658
158483,0.14723234
158485,0.04796649
158490,0.23823807
158494,0.04395400
158500,0.06580158
158503,0.06226786
158504,0.02261566
158519,0.15510254
158523,0.06824486
158527,0.05155341
158533,0.02054816
158535,0.02170716
158539,0.06363503
158544,0.44940761
158547,0.03625690
158551,0.16930722
158552,0.00963938
158560,0.04455707
158616,0.41774322
158638,0.01735043
158642,0.02377994
158651,0.01214565
158653,0.04458602
158677,0.03446547
158683,0.04903348
158687,0.06029163
158693,0.04303930
158700,0.02725152
158703,0.08924302
158705,0.72429447
158706,0.07402669
158708,0.02190189
158712,0.03095818
158714,0.22615838
158715,0.05517316
158752,0.05601691
158753,0.07581470
158763,0.01917007
158764,0.11297021
158767,0.30192574
158770,0.01705959
158781,0.04275325
158789,0.13240873
158790,0.02863123
158791,0.99684840
158795,0.22562358
158796,0.08033832
158800,0.08416652
158806,0.07864207
158807,0.67972024
158815,0.43977196
158824,0.09331082
158828,0.28732228
158831,0.25894972
158840,0.04325049
158841,0.03836703
158847,0.08476878
158856,0.06017336
158858,0.18539769
158884,0.17379826
158885,0.03941699
158891,0.20238239
158898,0.04800569
158911,0.04582105
158913,0.01363742
158918,0.04411794
158926,0.05598638
158929,0.20256563
158939,0.10390914
158940,0.18066374
158952,0.09555127
158963,0.05558433
158973,0.02062743
158977,0.24289413
158988,0.23637087
159013,0.22727516
159016,0.09837878
159018,0.01147384
159024,0.57832808
159034,0.14150357
159035,0.18033221
159039,0.21420140
159049,0.18141435
159056,0.16495225
159068,0.05340941
159078,0.24798663
159099,0.09647605
159103,0.17137254
159106,0.34989109
159113,0.02284213
159117,0.06463091
159124,0.87257407
159132,0.04183040
159139,0.04924149
159142,0.12203060
159145,0.16439284
159147,0.03030431
159174,0.03199070
159201,0.11745544
159203,0.05534263
159212,0.61254030
159214,0.11636611
159221,0.10161115
159240,0.07847591
159241,0.12391407
159242,0.06241414
159244,0.19381272
159250,0.08419167
159275,0.05823214
159284,0.17221482
159293,0.17422319
159295,0.05002953
159301,0.01900033
159310,0.10765590
159314,0.05680562
159318,0.01455307
159333,0.04134606
159334,0.05023764
159335,0.12123912
159337,0.33736792
159338,0.19732434
159340,0.15850563
159361,0.03586950
159384,0.13088604
159402,0.10889728
159421,0.03282338
159424,0.18454649
159425,0.01755965
159426,0.11341066
159439,0.27577461
159445,0.06586602
159449,0.02980288
159460,0.84792230
159475,0.09683196
159481,0.07777620
159483,0.11570851
159494,0.08269390
159504,0.03875285
159512,0.20223470
159522,0.49699904
159524,0.04659068
159526,0.03662513
159528,0.06943632
159547,0.87847819
159555,0.01590369
159562,0.05091663
159563,0.03941672
159565,0.31842180
159569,0.08911952
159578,0.03421202
159579,0.13780596
159581,0.02157894
159594,0.14608597
159598,0.02677721
159604,0.07378202
159605,0.02835087
159620,0.27261901
159631,0.09937805
159633,0.03174816
159659,0.13783300
159661,0.16598184
159667,0.03098237
159669,0.03615444
159682,0.06409596
159683,0.03872645
159693,0.09561364
159698,0.04384070
159702,0.12316666
159703,0.04798166
159707,0.02083473
159716,0.05182137
159732,0.07516563
159734,0.12013729
159740,0.03860865
159748,0.17066186
159751,0.11207139
159756,0.34076326
159758,0.43074195
159767,0.05456369
159769,0.42982418
159775,0.06856231
159802,0.07332613
159804,0.06514610
159817,0.05386169
159818,0.00713980
159824,0.02883293
159837,0.01024265
159840,0.07657824
159842,0.53903998
159851,0.02245871
159865,0.96526861
159866,0.12932139
159872,0.06602850
159874,0.07026136
159879,0.04254125
159883,0.07609812
159884,0.06039900
159898,0.33479072
159903,0.09907403
159906,0.12759698
159914,0.31943049
159915,0.32898508
159917,0.03749737
159929,0.14785812
159949,0.29179558
159951,0.04964240
159953,0.05710393
159957,0.08409342
159968,0.06173180
159972,0.05818971
159973,0.15379776
159993,0.14338836
160008,0.44209565
160011,0.04808129
160013,0.08023063
160015,0.06841094
160017,0.02011499
160023,0.14906287
160028,0.24865862
160035,0.12027175
160074,0.30069759
160076,0.09254457
160077,0.09322178
160080,0.11082626
160084,0.19574446
160089,0.73541226
160094,0.01049043
160101,0.03931581
160103,0.03870838
160111,0.13860550
160114,0.07360296
160116,0.04310455
160119,0.06492671
160123,0.04068406
160141,0.06442321
160147,0.03441883
160151,0.05902068
160172,0.87569166
160173,0.02340961
160177,0.17390094
160178,0.04445234
160180,0.03708359
160181,0.03927228
160188,0.02415978
160189,0.01837295
160193,0.02827929
160205,0.03865002
160214,0.22467052
160215,0.14593225
160217,0.02350336
160262,0.03099209
160263,0.05198164
160273,0.12709164
160282,0.46126510
160295,0.70164078
160297,0.09891118
160303,0.01826187
160305,0.05043257
160309,0.05044006
160324,0.04803284
160338,0.47368077
160366,0.12390018
160375,0.03737126
160381,0.03263180
160398,0.03243579
160400,0.09256442
160406,0.10227235
160410,0.04999923
160411,0.00773367
160418,0.07054900
160440,0.01225795
160441,0.10682996
160450,0.44432504
160465,0.02043503
160470,0.11920973
160471,0.17572020
160472,0.62514669
160479,0.15530448
160490,0.04936550
160500,0.36903138
160503,0.04670508
160504,0.12075238
160515,0.14850497
160541,0.19935481
160545,0.08421895
160562,0.07681176
160589,0.04975976
160594,0.05003533
160595,0.01425562
160598,0.12052501
160601,0.02741079
160605,0.49974610
160606,0.02096088
160607,0.03342149
160608,0.18556872
160610,0.08080418
160614,0.14067638
160615,0.01948068
160626,0.02702929
160634,0.00948445
160656,0.02302599
160660,0.04348169
160666,0.12480165
160672,0.03485183
160673,0.04983049
160674,0.06730919
160681,0.05346661
160683,0.09517502
160694,0.03011573
160710,0.14709009
160715,0.26316594
160719,0.13661387
160732,0.05271973
160734,0.01201982
160737,0.41495862
160742,0.08329722
160747,0.02016356
160749,0.27395587
160753,0.05740724
160756,0.17047577
160757,0.13733811
160763,0.01518404
160782,0.02782811
160789,0.06182079
160804,0.08276373
160805,0.18643627
160813,0.03827956
160815,0.01469754
160819,0.05401968
160820,0.17625473
160822,0.03526185
160823,0.19449407
160837,0.11950816
160841,0.03431503
160847,0.12614145
160861,0.08803590
160886,0.03603668
160891,0.06241747
160897,0.06794673
160914,0.12271053
160915,0.31337538
160929,0.31751554
160930,0.01635174
160931,0.01814528
160935,0.15731302
160939,0.09616794
160953,0.02669185
160954,0.06546325
160962,0.11673313
160966,0.02165052
160982,0.06942040
160983,0.05710711
160991,0.03027854
160998,0.03492167
161009,0.16820099
161014,0.04300917
161017,0.08165069
161021,0.04794774
161023,0.05302746
161027,0.04010638
161028,0.12126423
161030,0.51397330
161031,0.02251456
161033,0.11961691
161050,0.11694023
161053,0.06221467
161054,0.07593576
161055,0.01070843
161059,0.05905846
161061,0.13698884
161065,0.11202262
161069,0.07566107
161072,0.04790780
161073,0.07115742
161080,0.09794028
161083,0.09905774
161104,0.05846539
161111,0.40571470
161139,0.20791116
161149,0.04198032
161158,0.21305948
161171,0.17485016
161175,0.11814262
161201,0.17501028
161202,0.21208825
161205,0.11683061
161228,0.02229832
161233,0.08311706
161234,0.08516290
161237,0.09571475
161238,0.12390208
161250,0.31387194
161251,0.03553728
161253,0.02465060
161254,0.03740388
161283,0.04312129
161291,0.06918343
161297,0.04897893
161300,0.05842847
161314,0.20851831
161315,0.07043849
161336,0.04854186
161341,0.37154516
161343,0.09427077
161351,0.33679465
161352,0.11439467
161353,0.10134042
161361,0.14458350
161366,0.08398707
161368,0.48489253
161378,0.12757495
161379,0.14493611
161380,0.04045907
161398,0.27070881
161408,0.01379748
161432,0.02709236
161439,0.16650464
161461,0.15874505
161467,0.17750267
161468,0.07803842
161471,0.10454165
161477,0.25235236
161503,0.03349070
161514,0.01327928
161524,0.39490345
161527,0.07602191
161528,0.02858200
161531,0.51426151
161536,0.04053630
161537,0.06978742
161548,0.05368349
161558,0.04188156
161572,0.01268222
161586,0.02253041
161605,0.12815508
161606,0.06104265
161607,0.10239478
161618,0.12078314
161640,0.15362129
161658,0.11759517
161660,0.02954201
161661,0.14082741
161662,0.51817391
161677,0.22720131
161681,0.16570377
161682,0.01987844
161683,0.17831713
161685,0.02080560
161686,0.04895216
161687,0.04889256
161691,0.04351221
161701,0.16206091
161707,0.05064243
161709,0.03741672
161710,0.02014103
161711,0.13678137
161714,0.21070496
161742,0.09027493
161751,0.02302302
161764,0.11666540
161771,0.26217306
161781,0.07415741
161782,0.05737104
161800,0.03897207
161810,0.13912401
161812,0.11888463
161813,0.02071710
161816,0.01399236
161838,0.22829631
161841,0.06103747
161845,0.04383033
161871,0.36974847
161877,0.20488135
161882,0.05972710
161885,0.14370238
161886,0.03067956
161895,0.04668390
161897,0.12399086
161914,0.10685167
161921,0.12289170
161922,0.09347911
161927,0.66877373
161946,0.01076156
161952,0.05717562
161954,0.36138837
161955,0.24111872
161961,0.10755632
161977,0.28167535
161980,0.08143010
161989,0.16167389
161993,0.49450282
162002,0.07184653
162011,0.06223111
162012,0.01520282
162015,0.05269122
162016,0.04176793
162019,0.03215735
162021,0.12258936
162022,0.41101184
162023,0.10807416
162025,0.02969512
162028,0.01070706
162029,0.02709462
162030,0.02405344
162031,0.66719998
162033,0.27841623
162037,0.01285948
162044,0.11807874
162071,0.13166911
162093,0.13147983
162094,0.03977346
162100,0.01000922
162102,0.10467757
162105,0.11987188
162109,0.13352453
162116,0.12593706
162117,0.01332347
162118,0.25370525
162120,0.24783462
162125,0.16443645
162128,0.45172500
162131,0.32317312
162133,0.15815946
162135,0.08383267
162156,0.02741243
162157,0.04259943
162165,0.19039991
162166,0.04439474
162170,0.15268833
162201,0.04761813
162202,0.06026128
162206,0.01252911
162211,0.11268255
162227,0.04127828
162232,0.05308855
162235,0.05726771
162237,0.57213012
162248,0.08031339
162261,0.07834272
162262,0.03246302
162280,0.03766332
162282,0.05619592
162284,0.06547793
162287,0.45867514
162305,0.05239962
162308,0.02791454
162309,0.05266009
162312,0.03931591
162313,0.01372671
162316,0.08425879
162324,0.08109147
162325,0.16311312
162333,0.03691016
162334,0.14922597
162337,0.10189297
162340,0.11438870
162344,0.17953388
162347,0.08725961
162350,0.03503884
162351,0.23838493
162365,0.06695529
162368,0.04373139
162379,0.22015700
162383,0.03899893
162392,0.08120687
162393,0.08242309
162397,0.10844482
162398,0.19316849
162406,0.14206962
162410,0.10439276
162418,0.01137878
162420,0.09172328
162424,0.13341833
162425,0.02567476
162438,0.03553629
162442,0.02297599
162462,0.05988896
162476,0.01705443
162477,0.02815102
162480,0.05892014
162491,0.12743343
162493,0.06919535
162503,0.04356740
162504,0.05773419
162513,0.08646663
162516,0.38818783
162517,0.05415254
162522,0.14205308
162523,0.14955629
162542,0.16422384
162584,0.28597290
162586,0.09958643
162589,0.16847578
162594,0.07839586
162616,0.03329475
162630,0.11581472
162637,0.07488268
162652,0.02061310
162659,0.58761802
162668,0.01990651
162674,0.05266905
162680,0.13176836
162685,0.42082052
162689,0.34983284
162711,0.05249454
162714,0.03980813
162732,0.02289713
162741,0.05158166
162758,0.17664695
162759,0.05978379
162775,0.10789489
162776,0.15922598
162777,0.04112784
162782,0.05063949
162786,0.02295185
162794,0.14177365
162799,0.01840467
162801,0.26987681
162802,0.19280898
162807,0.04038925
162820,0.03928761
162827,0.02369236
162833,0.03328791
162837,0.04305108
162844,0.03401405
162860,0.06834820
162862,0.02175983
162864,0.16680643
162868,0.12772500
162880,0.06703594
162895,0.71725702
162898,0.14241314
162918,0.11738180
162924,0.18700258
162931,0.22313178
162936,0.13109487
162978,0.14030818
162979,0.04491975
162988,0.10379797
162989,0.14589030
163013,0.14555838
163014,0.06383582
163021,0.08820579
163024,0.02460647
163027,0.01617024
163030,0.03005817
163031,0.02988099
163032,0.02985303
163039,0.14344183
163042,0.04871707
163048,0.10595186
163049,0.03570066
163068,0.10474566
163071,0.02956753
163074,0.10386085
163079,0.07080830
163080,0.02539541
163085,0.07790173
163093,0.12221400
163094,0.23675282
163109,0.09646394
163116,0.04605299
163117,0.06660792
163118,0.09704076
163119,0.64289143
163121,0.04145444
163131,0.06233452
163132,0.13464449
163133,0.51951270
163182,0.08046920
163187,0.02446783
163188,0.84040446
163195,0.02253155
163197,0.03559234
163200,0.00593687
163206,0.48717531
163207,0.07780207
163214,0.29517498
163222,0.02689238
163224,0.03559607
163226,0.32112374
163235,0.10050551
163240,0.10002838
163258,0.29836849
163263,0.03451626
163264,0.25058583
163265,0.07633198
163266,0.12111655
163268,0.19446899
163272,0.04046779
163273,0.82577831
163278,0.34945423
163288,0.00696419
163299,0.35338174
163302,0.22135791
163307,0.03087889
163321,0.14473174
163349,0.10861664
163352,0.37967156
163353,0.12677231
163357,0.38723840
163362,0.03546964
163375,0.02189736
163385,0.02362728
163386,0.25367976
163390,0.18694090
163408,0.37144745
163423,0.04937454
163426,0.36471235
163437,0.30045180
163452,0.05907694
163472,0.08326565
163473,0.02558166
163479,0.02131568
163480,0.02213479
163487,0.08882838
163492,0.49012478
163493,0.10206241
163523,0.46914550
163524,0.05790444
163527,0.08263047
163528,0.43071818
163531,0.01388405
163538,0.11341834
163556,0.03477357
163563,1.16358262
163566,0.09326936
163570,0.04811090
163571,0.04867496
163574,0.08579387
163578,0.06241888
163580,0.12164959
163597,0.18635952
163601,0.14262244
163604,0.20683031
163609,0.04422481
163618,0.10759116
163634,0.35497891
163647,0.12660095
163660,0.83224391
163661,0.06254026
163666,0.02702105
163667,0.17867562
163669,0.08326753
163676,0.03245336
163681,0.03483552
163682,0.09944716
163684,0.08426987
163714,0.32752871
163724,0.03451538
163728,0.43415739
163729,0.02419953
163738,0.01250756
163742,0.11313793
163743,0.57928288
163748,0.08832802
163759,0.06973486
163782,0.02840522
163793,0.03357674
163800,0.04077417
163801,0.10376868
163802,0.04414098
163814,0.07089872
163820,0.06957677
163821,0.03047856
163848,0.02017622
163852,0.20326666
163854,0.04710649
163855,0.50019270
163882,0.01481438
163895,0.08029073
163900,0.72906342
163907,0.12600810
163915,0.02589670
163926,0.12707229
163929,0.06086349
163934,0.41532880
163940,0.12088614
163943,0.09901363
163944,0.06937078
163949,0.01994414
163951,0.02177534
163952,0.11074524
163965,0.24448537
163970,0.04220083
163980,0.07780115
163981,0.06747067
163988,0.38253373
163989,0.21819815
163991,0.02368222
164015,0.10348359
164028,0.05494740
164030,0.12954253
164031,0.32399723
164037,0.02191557
164049,0.15467593
164052,0.04020757
164059,0.03849289
164083,0.31060777
164095,0.08260585
164106,0.87981676
164116,0.07802126
164117,0.58881066
164119,0.04221296
164133,0.33349429
164134,0.12725957
164142,0.04143330
164143,0.01930469
164147,0.04826408
164148,0.20572870
164150,0.46181604
164152,0.05637219
164156,0.45648507
164157,0.07110268
164158,0.04441215
164166,0.23458794
164191,0.02764701
164194,0.05517575
164198,0.01417501
164201,0.07848334
164202,0.05523465
164207,0.77120696
164228,0.03808625
164240,0.09875883
164241,0.06688860
164244,0.02549532
164256,0.31386288
164262,0.07844526
164269,0.02937378
164276,0.02921865
164281,0.30080197
164290,0.03332727
164300,0.68877041
164305,0.27037660
164307,0.04502408
164308,0.02610783
164309,0.02051021
164314,0.16764769
164319,0.07377664
164331,0.05461538
164332,0.02994227
164343,0.09922585
164349,0.14977139
164363,0.08170884
164373,0.13257528
164410,0.25708907
164417,0.08350090
164436,0.02889161
164438,0.01981542
164441,0.11954092
164445,0.03657614
164451,0.10201347
164452,0.00850514
164502,0.17995013
164513,0.18085781
164526,0.79869859
164527,0.01777078
164528,0.15873865
164530,0.03397536
164537,0.18171793
164542,0.15767536
164546,0.06624134
164555,0.62140578
164556,0.02255142
164568,0.39719712
164571,0.35058825
164572,0.46587004
164574,0.11108325
164580,0.06121184
164597,0.02403196
164601,0.01681024
164619,0.07841432
164633,0.03510353
164642,0.06578763
164652,0.20345203
164676,0.03639489
164682,0.04139961
164685,0.12467423
164691,0.24492538
164696,0.06150311
164708,0.10582131
164711,0.20505051
164712,0.18046349
164717,0.05951913
164721,0.07816653
164740,0.03319324
164746,0.01966933
164755,0.03127449
164761,0.08729614
164764,0.03156618
164766,1.25650036
164776,0.83597816
164777,0.02884004
164783,0.08521584
164786,0.01614327
164799,0.11442882
164808,0.19354384
164812,0.11035843
164815,0.15837357
164816,0.03459556
164817,0.18872489
164818,0.21085779
164819,0.60480473
164821,0.08434979
164822,0.03642548
164825,0.02623719
164834,0.10183822
164841,0.01068620
164842,0.22704199
164853,0.04903016
164855,0.12315454
164856,0.02131528
164878,0.02842531
164883,0.04540197
164887,0.06009653
164888,0.03921865
164889,0.13382558
164891,0.66408949
164892,0.01329833
164922,0.04964748
164924,0.17645402
164933,0.33632173
164938,0.05179508
164939,0.20397868
164949,0.02609099
164950,0.01619740
164957,0.89639951
164961,0.14630283
164963,0.04458427
164972,0.04411736
164980,0.02240909
164981,0.07648650
165020,0.03875065
165027,0.05776277
165046,0.11792185
165048,0.29949547
165049,0.08195132
165058,0.03440859
165065,0.06938269
165081,0.04784359
165082,0.15919081
165090,0.03919602
165107,0.03048073
165131,0.14614198
165133,0.17556886
165137,0.02637973
165140,0.12285493
165142,0.06977702
165143,0.14577577
165152,0.18398247
165154,0.03919252
165158,0.34950870
165166,0.02598671
165168,0.14334621
165171,0.02770138
165175,0.19022232
165182,0.04770352
165188,0.53251350
165190,0.03477738
165199,0.04307167
165202,0.32570436
165203,0.14232278
165204,0.12005436
165208,0.06080925
165221,0.32775443
165243,0.02352682
165283,0.26464455
165300,0.03369430
165302,0.16593003
165304,0.02920042
165313,0.06468438
165336,0.30800398
165339,0.12550674
165363,0.49917066
165376,0.28644747
165380,0.43258591
165385,0.01741765
165386,0.03386132
165410,0.01571272
165422,0.01860565
165426,0.04324271
165428,0.09334375
165445,0.22436367
165452,0.20402263
165454,0.05514696
165455,0.03006145
165462,0.03166608
165465,0.11776070
165466,0.21859798
165467,0.40563734
165476,0.08390574
165477,0.06903131
165478,0.90411833
165497,0.15848697
165500,0.06068169
165511,0.07211447
165513,0.27510946
165515,0.60410885
165521,0.02108841
165522,0.13305358
165523,0.12982480
165530,0.09402144
165537,0.07146903
165538,0.02701934
165539,0.10878774
165545,0.03041822
165550,0.10522535
165551,0.13249644
165552,0.11648220
165557,0.07460279
165558,0.06759337
165560,0.04194008
165574,0.23779924
165576,0.57902449
165587,0.05982122
165601,0.03241881
165605,0.02544086
165606,0.01940668
165607,0.06799625
165624,0.12141553
165632,0.09728261
165633,0.15955052
165634,0.28903204
165646,0.06014748
165649,0.02012805
165651,0.17099272
165661,0.03786017
165666,0.06273263
165669,0.10900159
165674,0.02023200
165685,0.41103833
165687,0.07394599
165692,0.10008737
165721,0.36642091
165726,0.20077485
165748,0.07872495
165749,0.18903281
165752,0.07964875
165755,0.04426523
165758,0.03733474
165761,0.03198244
165762,0.07977564
165780,0.06854641
165781,0.07313982
165789,0.23488596
165802,0.01044486
165806,0.06958327
165817,0.07134903
165822,0.67620216
165837,0.02659569
165840,0.34354005
165846,0.01484522
165853,0.04084389
165864,0.59795671
165865,0.06896833
165868,0.39614762
165869,0.05933614
165871,0.07392195
165880,0.10340624
165887,0.16251866
165904,0.14594532
165907,0.05186461
165910,0.07559019
165915,0.17332678
165917,0.04893369
165918,1.01661983
165919,0.06602687
165923,0.18353667
165931,0.01877627
165932,0.04511267
165934,0.68843949
165939,0.10122440
165944,0.17593934
165951,0.79158722
165955,0.01677997
165959,0.20607880
165966,0.29012786
165970,0.10039661
165975,0.02876936
165977,0.02151733
165990,0.36639792
165997,0.04221738
166003,0.11465807
166008,0.05182955
166020,0.07653510
166025,0.03866009
166033,0.05191034
166038,0.07369179
166042,0.08965104
166049,0.01476208
166071,0.01090736
166091,0.39315151
166093,0.47138949
166095,0.05875095
166104,0.02576172
166107,0.04747692
166108,0.05066133
166110,0.04233052
166112,0.23850608
166135,0.08790818
166136,0.04618957
166138,0.26474527
166153,0.61997591
166155,0.11164871
166158,0.07593298
166164,0.23408927
166186,0.16689513
166191,0.26196805
166196,0.01950505
166197,0.47089396
166202,0.07296262
166215,0.02169404
166230,0.04442674
166243,0.60433941
166244,0.13297355
166255,0.03050129
166258,0.15936459
166263,0.35420654
166271,0.14301201
166283,0.14652562
166286,0.06745687
166291,0.05370625
166294,0.15012761
166303,0.29447676
166306,0.10573377
166309,0.03617777
166316,0.30346628
166317,0.04245203
166321,0.20393306
166331,0.09418003
166349,0.03492337
166374,0.00673081
166387,0.01214550
166393,0.04869331
166400,0.02655629
166420,0.01148344
166446,0.03330933
166449,0.06629905
166452,0.07121940
166495,0.04190288
166501,0.05368130
166514,0.23363553
166515,0.11514682
166521,0.05550186
166525,0.03821917
166529,0.03441512
166536,0.21631819
166542,0.05212541
166543,0.26575319
166545,0.08453586
166550,0.07063376
166560,0.04558285
166567,0.07339969
166570,0.17415374
166573,0.07597720
166582,0.31158183
166583,0.39252603
166590,0.02585365
166594,0.18157460
166618,0.56803450
166623,0.28715054
166626,0.12942456
166641,0.40048287
166654,0.02218055
166682,0.19961862
166685,0.14177550
166688,0.08377777
166692,0.07195438
166701,0.04821283
166702,0.16354786
166705,0.02568877
166713,0.14798988
166733,0.02205465
166734,0.07444934
166738,0.07258251
166739,0.04793444
166740,0.05714311
166755,0.07404063
166761,0.36266431
166764,0.04575023
166773,0.04204474
166774,0.09957106
166814,0.05753846
166819,0.24094567
166834,0.26741603
166841,0.41798557
166848,0.24020529
166857,0.14661437
166858,0.02492252
166873,0.04311676
166889,0.02510453
166890,0.01711650
166891,0.15393541
166902,0.27116614
166908,0.09121831
166916,0.14587215
166920,0.08953645
166922,0.09962079
166926,0.05084230
166928,0.06641965
166930,0.25777458
166931,0.02494685
166932,0.02014269
166937,0.02446691
166941,0.02674201
166944,0.03262010
166960,0.13855158
166972,0.04366894
166973,0.07403318
166978,0.03614193
166984,0.22120314
166994,0.07650485
166995,0.17551133
166996,0.02038680
167001,0.06024949
167006,0.12937606
167007,0.08668574
167037,0.44211974
167041,0.02980726
167051,0.27712367
167052,0.19575713
167054,0.06666555
167057,0.07412015
167058,0.09138587
167059,0.02468024
167060,0.06194703
167066,0.01580621
167077,0.07500060
167078,0.05619960
167080,0.15640521
167089,0.13886452
167090,0.10080005
167091,0.09570849
167096,0.04963739
167105,0.08497220
167121,0.09034096
167128,0.09069813
167131,0.41474555
167139,0.07415143
167140,0.50393402
167149,0.17673823
167152,0.75736913
167153,0.20652314
167163,0.30144356
167167,0.26142084
167171,0.04458143
167178,0.03717945
167179,0.05989303
167182,0.02311543
167187,0.06431934
167192,0.25996926
167208,0.03952814
167212,0.26355933
167217,0.08786033
167230,0.22800831
167236,0.01008496
167238,0.08739498
167239,0.06851554
167257,0.20241155
167260,0.18249600
167264,0.18691304
167271,0.06167123
167273,0.32456027
167276,0.30080811
167283,0.51670673
167295,0.08248958
167296,0.45731639
167299,0.39273689
167310,0.00988924
167313,0.33510275
167323,0.03430295
167328,0.10097630
167329,0.07572120
167333,0.07151776
167349,0.07608669
167351,0.04907192
167359,0.05001321
167363,0.04665025
167371,0.02455821
167384,0.17039961
167387,0.07990894
167389,0.07239079
167393,0.02890596
167401,0.07437503
167427,0.03032013
167428,0.02282013
167433,0.08339298
167434,0.06399168
167437,0.17388370
167438,0.03687295
167454,0.07646419
167475,0.01682121
167480,0.04567460
167491,0.04739615
167494,0.16295742
167495,0.12247753
167503,0.03719384
167521,0.11211504
167529,0.09181747
167530,0.03147700
167550,0.07054277
167554,0.11969186
167557,0.17041533
167562,0.05289779
167566,0.11033857
167572,0.89590557
167573,0.37637001
167578,0.14430078
167592,0.36373519
167597,0.08841870
167621,0.11284273
167622,0.01951379
167631,0.72685626
167637,0.99012385
167638,0.05960039
167645,0.12077799
167648,0.66887891
167697,0.27312652
167698,0.01494895
167701,0.10261399
167708,0.01561128
167714,0.01550329
167717,0.74660602
167727,0.03059335
167737,0.04160704
167746,0.33416371
167751,0.10635007
167753,0.12491875
167755,0.04013092
167771,0.07811867
167805,0.13928425
167811,0.07753760
167815,0.04944251
167829,0.03549407
167830,0.08299205
167834,0.06241534
167841,0.19368851
167846,0.03208078
167851,0.80563224
167871,0.01407242
167890,0.14751896
167898,0.01132486
167901,0.01164790
167902,0.07216556
167907,0.29991250
167911,0.05598642
167912,0.05780232
167916,0.12110978
167917,0.03568490
167928,0.15959809
167940,0.06302511
167947,0.06593348
167948,0.23006035
167953,0.02209777
167957,0.24266791
167958,0.02416173
167968,0.02009348
167970,0.08551575
167977,0.02630139
167980,0.04418715
167993,0.21320775
167994,0.17233436
167998,0.06756085
168000,0.27451710
168006,0.14111121
168011,0.11852462
168012,0.02342027
168013,0.04201317
168022,0.01706492
168026,0.11171996
168032,0.01174277
168046,0.22654096
168054,0.14558789
168071,0.09718460
168078,0.43342767
168092,0.11035181
168093,0.24508052
168097,0.02938884
168105,0.30462081
168107,0.15217578
168108,0.23881134
168115,0.49648957
168127,0.09708589
168133,0.29028624
168135,0.03022972
168162,0.03750789
168163,0.03149072
168165,0.42742326
168169,0.06613243
168171,0.16985272
168174,0.04941461
168175,0.59174516
168186,0.03802240
168202,0.06382596
168204,0.02450134
168208,0.08288975
168229,0.06941313
168239,0.04486698
168245,0.04900907
168276,0.03089231
168309,0.33789030
168313,0.26870156
168322,0.02475682
168323,0.00433118
168326,0.24083952
168331,0.12305401
168349,0.08038891
168384,0.05413424
168398,0.01720022
168403,0.01754498
168405,0.11834428
168416,0.01115022
168418,0.15006677
168420,0.07897862
168422,0.03673570
168436,0.23407408
168438,0.03626616
168443,0.02822177
168444,0.05490193
168446,0.01748832
168454,0.08315762
168459,0.22129579
168462,0.13503610
168472,0.06813101
168485,0.01047617
168496,0.25402684
168503,0.02628628
168515,0.05761262
168516,0.06431486
168520,0.41090812
168521,0.09274816
168531,0.01328250
168542,0.16312555
168548,0.05333774
168551,0.05522180
168575,0.02279967
168580,0.05370870
168588,0.08279679
168593,0.06156980
168614,0.11478638
168615,0.03971322
168622,0.03402117
168623,0.08094953
168634,0.04018528
168645,0.48479211
168651,0.19548366
168683,0.04736677
168691,0.30887299
168708,0.14461612
168716,0.20638677
168718,0.05350170
168720,0.14470323
168722,0.51091139
168731,0.19877706
168736,0.16423568
168738,0.10579762
168747,0.05186208
168751,0.30535723
168752,0.16260136
168753,0.03775492
168774,0.24950171
168782,0.04786290
168788,0.01408743
168790,0.13724756
168791,0.40723726
168793,0.27434116
168796,0.12189356
168802,0.14579849
168803,0.03515355
168810,0.42035931
168817,0.01065913
168820,0.25643997
168823,0.09728164
168827,0.09742760
168828,0.08289120
168831,0.04532348
168842,0.12897153
168845,0.10053059
168855,0.15140209
168856,0.18630417
168861,0.07994431
168876,0.02852966
168897,0.39177495
168899,0.02769550
168913,0.34485133
168915,0.06216365
168916,0.06702884
168929,0.18956222
168930,0.03844254
168933,0.32559794
168954,0.03640321
168957,0.26761147
168959,0.02732368
168960,0.10687657
168961,0.16927147
168968,0.13032521
168969,0.16607495
168994,0.09702329
168995,0.24412441
169003,0.03158083
169004,0.52882090
169008,0.07019524
169009,0.09821537
169014,0.03014279
169030,0.03240749
169048,0.06833106
169061,0.28533499
169070,0.25699382
169092,0.01359827
169117,0.50960998
169118,0.75201041
169121,0.05655270
169123,0.06894351
169124,0.46405191
169137,0.12668340
169138,0.02123187
169143,0.00858054
169165,0.14014021
169166,0.09415247
169167,0.17658087
169168,0.12175331
169175,0.01320848
169184,0.10249424
169195,0.05790306
169196,0.01021605
169197,0.16657226
169202,0.74581560
169204,0.08480161
169212,0.08554143
169214,0.20520459
169218,0.60703569
169239,0.05188605
169248,0.05290426
169252,0.04899157
169254,0.37273309
169257,0.09449883
169264,0.47815194
169267,0.04764550
169269,0.46406341
169278,0.09446148
169297,0.06084095
169299,0.28083236
169301,0.50565141
169306,0.01887037
169323,0.11797149
169328,0.42199229
169330,0.15043444
169331,0.01724650
169346,0.11976230
169348,0.11879985
169350,0.20906748
169353,0.01879635
169355,0.24936446
169364,0.60166954
169365,0.05089667
169367,0.01148929
169370,0.02834790
169378,0.27071139
169385,0.00608888
169387,0.14722129
169389,0.06424311
169395,0.18310567
169412,0.06160690
169426,0.72701202
169427,0.20228963
169432,0.13326992
169436,0.42916638
169453,0.02325287
169455,0.32675231
169457,0.11216529
169458,0.00669654
169461,0.10152847
169467,0.03807809
169470,0.05282303
169477,0.04226752
169481,0.02388861
169483,0.21627045
169490,0.23029303
169491,0.02625728
169495,0.05388758
169504,0.12496777
169514,0.06626260
169517,0.30878606
169523,0.04113443
169528,0.66550969
169534,0.10894614
169535,0.05077723
169537,0.12868810
169541,0.25989827
169546,0.02213087
169549,0.01680312
169554,0.66634738
169561,0.03706701
169571,0.01218824
169580,0.63488437
169597,0.02271955
169598,0.03523786
169625,0.26543828
169626,0.20847771
169627,0.16493454
169628,0.04033999
169629,0.13731739
169658,0.10404466
169659,0.03330707
169668,0.02069313
169669,0.15547888
169673,0.02429045
169674,0.04136630
169676,0.24091472
169677,0.25338438
169678,0.08110745
169680,0.10470580
169695,0.31002533
169698,0.22335936
169710,0.55178605
169719,0.02242278
169720,0.18544009
169722,0.02508460
169735,0.18634904
169745,0.05555539
169749,0.10196837
169754,0.02291396
169760,0.15100204
169772,0.04547360
169773,0.02179887
169780,0.02878804
169788,0.01400431
169793,0.07480423
169809,0.22582420
169810,0.05581935
169824,0.01519449
169831,0.14380179
169833,0.18756608
169836,0.00994234
169859,0.08126549
169864,1.17187084
169872,0.02806239
169895,0.35012725
169911,0.01407876
169914,0.04065311
169960,0.12266000
169961,0.41658434
169964,0.03642416
169974,0.01816091
169988,0.02154664
169989,0.01077124
169995,0.02564506
170007,0.04198898
170026,0.11351146
170030,0.76476416
170033,0.47919022
170041,0.20392976
170043,0.01745676
170048,0.03484891
170050,0.05531947
170051,0.07173065
170056,0.22797079
170072,0.37941968
170076,0.02820836
170080,0.24648011
170101,0.04256475
170102,0.06553606
170107,0.47142909
170115,0.08659526
170119,0.01683103
170128,0.07908955
170129,0.02155718
170134,0.59167887
170136,0.42786656
170139,0.04079802
170140,0.12141808
170143,0.30345582
170148,1.23028447
170159,0.05813678
170163,0.24005911
170164,0.30253209
170173,0.03282097
170178,0.10745263
170179,0.03805845
170199,0.21804696
170203,0.02487029
170207,0.16522399
170211,0.14435501
170217,0.01897441
170224,0.02867315
170225,0.09213382
170255,0.15106639
170258,0.02976700
170259,0.05960040
170262,0.04399725
170278,0.05957866
170284,0.10308211
170285,0.41234776
170292,0.03099900
170293,0.14771130
170301,0.11407452
170302,0.55478512
170305,0.29645915
170309,0.13445121
170310,0.02769139
170326,0.20535058
170327,0.02594265
170328,0.19043882
170329,0.07348292
170330,0.05950630
170331,0.05613598
170337,0.02551820
170340,0.37617724
170341,0.04493199
170343,0.23270198
170361,0.04502136
170366,0.04049904
170376,0.13976320
170382,0.42039952
170396,0.02589601
170400,0.28219466
170403,0.29688541
170409,0.40256135
170410,0.01787006
170421,0.15284299
170425,0.06142327
170427,0.03329502
170428,0.06029484
170435,0.01673897
170438,0.08406376
170442,0.22810344
170446,0.28293724
170461,0.01155276
170473,0.54489950
170477,0.13755817
170516,0.01645897
170517,0.03666888
170522,0.12381174
170523,0.05470176
170534,0.06195858
170535,0.23887006
170538,0.24130121
170549,0.14945229
170556,0.03514564
170563,0.05535175
170570,0.25847688
170580,0.09349827
170582,0.05055678
170584,0.32537893
170585,0.02619449
170587,0.06920232
170590,0.13019136
170598,0.13022206
170599,0.12244649
170601,0.03073095
170612,0.68114312
170617,0.03320625
170620,0.18622104
170629,0.04810637
170647,0.26227797
170651,0.02973102
170654,0.17794472
170657,0.33195997
170662,0.03847721
170707,0.07693368
170719,0.40220064
170722,0.07678565
170723,0.18535977
170731,0.48643134
170735,0.05462744
170750,0.06827197
170769,0.04322702
170770,0.11083976
170776,0.36054953
170783,0.06093407
170789,0.64817165
170800,0.19103132
170809,0.18086579
170810,0.08575345
170811,0.06741306
170827,0.01123189
170842,0.01717390
170854,0.12338075
170857,0.28335420
170865,0.21575181
170867,0.02450582
170869,0.11204249
170870,0.24672413
170878,0.05961045
170881,0.16362222
170910,0.16548693
170913,0.15833636
170919,0.13975572
170932,0.12222554
170939,0.29534295
170947,0.06479011
170950,0.25785884
170953,0.13210207
170954,0.14307891
170970,0.08044019
170972,0.04805777
170973,0.23197265
170980,0.02240135
170981,0.15947191
170983,0.17797835
170998,0.31336334
171001,0.24838413
171004,0.09337189
171020,0.07994632
171023,0.02111599
171026,0.09017309
171060,0.27009549
171061,0.13010897
171065,0.03281791
171077,0.07896419
171081,0.02133762
171103,0.59164076
171110,0.14404405
171114,0.03633813
171118,0.03098751
171119,0.20894478
171120,0.35088782
171137,0.36765309
171147,0.04639060
171153,0.27697290
171156,0.32673407
171158,0.11434102
171163,0.05989385
171169,0.04350977
171170,0.08270295
171172,0.03706835
171173,0.05858524
171176,0.04628036
171181,0.11107503
171182,0.22125476
171191,0.05907511
171193,0.40081612
171195,0.39849565
171198,0.02089391
171205,0.03342950
171212,0.63219935
171237,0.17566060
171241,0.06168827
171262,0.09352402
171263,0.03735851
171266,0.06407923
171274,0.03997577
171290,0.13868476
171291,0.53366055
171297,0.03825274
171307,0.02861525
171311,0.60955950
171320,0.08069688
171322,0.01723947
171328,0.02794902
171337,0.04934673
171346,0.03476797
171348,0.19034207
171354,0.07878241
171358,0.06491639
171359,0.00738385
171360,0.23155567
171369,0.07867233
171379,0.06400167
171384,0.06837579
171388,0.15586350
171390,0.09498643
171394,0.01195999
171395,0.07721262
171399,0.39801260
171403,0.04339755
171422,0.02314749
171423,0.02144338
171469,0.10979595
171480,0.11186269
171487,0.01441156
171497,0.12750767
171502,0.35051811
171503,0.02817497
171506,0.09536023
171521,0.03960360
171530,0.13476282
171540,0.14042051
171541,0.27924256
171544,0.10447237
171551,0.30104847
171582,0.31429850
171587,0.04724267
171597,0.29286188
171603,0.09721057
171610,0.15045179
171614,0.02445673
171619,0.03253062
171621,0.02227497
171625,0.04414276
171626,0.04535618
171638,0.02440064
171642,0.06152332
171658,0.08894782
171674,0.11776919
171677,0.09743466
171684,0.07270584
171685,0.53542936
171686,0.08678909
171695,0.02103831
171702,0.02548950
171703,0.02282252
171704,0.06721244
171705,0.02380617
171706,0.08593538
171709,0.01233187
171712,0.07224265
171716,0.01596588
171730,0.14859640
171748,0.01212946
171757,0.13692864
171767,0.03069865
171768,0.52937913
171771,0.09325573
171775,0.02949432
171778,0.31576260
171780,0.88931755
171781,0.04013039
171785,0.04980668
171786,0.32808038
171789,0.03591339
171802,0.01036542
171803,0.04603923
171812,0.25477230
171862,0.03882706
171864,0.29728434
171891,0.49542666
171892,0.04529965
171913,0.06812945
171914,0.58539995
171922,0.23034109
171927,0.09308935
171933,0.08217753
171934,0.01677521
171943,0.16177031
171945,0.19930643
171960,0.13145932
171964,0.03676775
171975,0.09018381
171994,0.16521257
171996,0.22475421
171997,0.01283221
172000,0.05459984
172029,0.01262021
172038,0.07167263
172039,0.06202853
172043,0.11332921
172046,0.04328968
172048,0.06000206
172049,0.18283913
172053,0.10294414
172054,0.32524578
172058,0.13635312
172060,0.02291434
172061,0.01034674
172067,0.09762785
172072,0.06939462
172073,0.12623434
172098,0.06640760
172100,0.10408308
172101,0.15970621
172113,0.58292711
172144,0.09025529
172147,0.04562985
172149,0.15544717
172168,0.06040077
172169,0.03872998
172175,0.05690703
172197,0.04171867
172200,0.30111495
172205,0.25902358
172207,0.07859435
172210,0.06677723
172261,0.06812975
172279,0.04269071
172294,0.04395509
172300,0.00986389
172301,0.16183108
172310,0.10478314
172351,0.01842754
172353,0.01777905
172358,0.00744450
172374,0.12396375
172380,0.10988678
172384,0.02345152
172400,0.05898009
172403,0.04239444
172408,0.24515394
172411,0.03429774
172420,0.01684502
172426,0.48469339
172433,0.05032848
172434,0.09182820
172442,0.14631408
172443,0.24266106
172452,0.14412937
172454,0.07621738
172456,0.27258208
172460,0.07143328
172470,0.01688298
172479,0.34160642
172481,0.05847318
172483,0.02207114
172484,0.17758789
172485,0.05666776
172486,0.19461906
172493,0.09151000
172494,0.18046028
172497,0.25051687
172504,0.03160040
172518,0.32859428
172523,0.12667556
172527,0.12867422
172533,0.05068775
172536,0.02515639
172540,0.12373877
172541,0.12298057
172543,0.05824275
172545,0.34336354
172547,0.05083946
172551,0.07373385
172556,0.30309592
172562,0.03813863
172570,0.05551249
172574,0.05929471
172575,0.15036909
172599,0.01289396
172611,0.20460258
172612,0.02419661
172616,0.05559353
172623,0.32755796
172627,0.03436997
172635,0.20898041
172643,0.05649120
172644,0.01515092
172652,0.13365738
172656,0.03120336
172661,0.01553748
172664,0.05869374
172672,0.03424870
172678,0.08866147
172680,0.06156308
172683,0.04524017
172684,0.10495464
172690,0.03238207
172695,0.07655398
172696,0.02492769
172701,0.03401122
172713,0.23967863
172714,0.02647610
172731,0.04050400
172738,0.04175434
172761,0.04146613
172767,0.23458744
172770,0.55067019
172771,0.04952255
172799,0.02270578
172800,0.15748409
172804,0.23631607
172805,0.04584436
172820,0.09034497
172829,0.30071951
172831,0.09144167
172833,0.08508571
172843,0.04821468
172853,0.09702653
172855,0.04730745
172856,0.26148404
172857,0.02022458
172863,0.01032945
172877,0.10819970
172881,0.14760892
172895,0.06435098
172896,0.03440529
172910,0.00899407
172922,0.01478980
172939,0.25184902
172942,0.12838895
172945,0.09710433
172948,0.03241077
172949,0.43052911
172953,0.01983807
172967,0.37370428
172993,0.08184769
172995,0.14945374
172996,0.73233073
172997,0.04827775
172998,0.30371747
172999,0.11361085
173004,0.03813311
173006,0.52257001
173007,0.20819714
173013,0.14246318
173016,0.13827609
173020,0.25340167
173030,0.10033029
173048,0.05385963
173056,0.02780107
173066,0.05946971
173079,0.09492423
173107,0.10037687
173109,0.05055113
173127,0.02560090
173128,0.07975450
173130,0.05010904
173137,0.11827139
173157,0.05618989
173160,0.10194559
173168,0.03171406
173193,0.01451139
173197,0.61050398
173215,0.01127463
173216,0.17775056
173227,0.02841798
173236,0.20366610
173237,0.11529122
173247,0.06090244
173250,0.40384536
173259,0.14276761
173277,0.17924709
173285,0.30147062
173286,0.03901877
173299,0.07327552
173310,0.50638991
173312,0.06920818
173313,0.04718628
173320,0.10823335
173330,0.11387116
173333,0.09579099
173351,0.07509600
173370,0.30364218
173372,0.01928558
173381,0.34905828
173386,0.01317895
173387,0.43325032
173388,0.22498995
173393,0.02118029
173394,0.32133136
173403,0.02219251
173467,0.03341316
173469,0.18197682
173475,0.19227672
173476,0.05225637
173477,0.01040326
173484,0.08527708
173485,0.09571717
173488,0.16140320
173491,0.05107862
173520,0.02382638
173522,0.60691802
173535,0.06235758
173539,0.10356353
173549,0.00918804
173552,0.03431633
173565,0.12448418
173586,0.03687483
173587,0.05352426
173588,0.02661116
173595,0.05298463
173606,0.45909049
173620,0.33806360
173623,0.05157899
173629,0.03075197
173647,0.03371340
173649,0.02416389
173650,0.04288082
173652,0.02163848
173654,0.31251579
173665,0.08461627
173667,0.53993776
173685,0.08746019
173710,0.23707122
173711,0.26199972
173713,0.16507409
173718,0.20149856
173743,0.02509858
173744,0.16271568
173762,0.42595287
173768,0.14309939
173769,0.89401407
173770,0.11960435
173773,0.11852671
173779,0.12116091
173780,0.03674276
173781,0.33846242
173783,0.08593784
173795,0.05450912
173800,0.57728063
173812,0.01119845
173823,0.12945639
173834,0.14422879
173874,0.03682215
173891,0.11645408
173904,0.35051985
173909,0.05620452
173925,0.03517838
173941,0.04837431
173942,0.02021173
173944,0.11366145
173955,0.03069888
173959,0.06086559
174000,0.07089765
174004,0.04589048
174006,0.04592936
174008,0.09282712
174012,0.08617940
174017,0.16492992
174020,0.01898795
174044,0.03100833
174051,0.04369412
174052,0.05645736
174059,0.06785166
174060,0.04776886
174061,0.05847201
174063,0.13113285
174068,0.05886022
174069,0.10245231
174072,0.09965829
174074,0.05563299
174091,0.04333827
174092,0.09661145
174098,0.67462036
174105,0.11987162
174107,0.03903602
174110,0.02565486
174121,0.02476717
174126,0.08715587
174153,0.03471784
174156,0.04924912
174160,0.06149695
174173,0.01844083
174183,0.01992702
174185,0.02512803
174188,0.23671971
174198,0.02081617
174206,0.02871360
174207,0.02661344
174211,0.09758155
174239,0.09038384
174260,0.35967805
174261,0.02989431
174262,0.47526554
174264,0.03518948
174271,0.43780481
174275,0.40256822
174277,0.09240858
174286,0.01694001
174301,0.02323829
174312,0.40401226
174314,0.07709889
174322,0.34198616
174323,0.24664797
174325,0.19564304
174326,0.10093824
174327,0.07359698
174334,0.49313565
174360,0.03158376
174362,0.25789058
174367,0.04215335
174371,0.07022220
174372,0.05347723
174384,0.01763463
174390,0.06761547
174391,0.05383662
174396,0.01539726
174412,0.15647485
174423,0.40338953
174428,0.12285559
174429,0.66254969
174438,0.04586679
174481,0.08826290
174483,0.20732504
174484,0.01098442
174485,0.46949804
174488,0.08087602
174497,0.02954089
174509,0.28959272
174513,0.06060281
174514,0.35137810
174520,0.08649230
174526,0.10926490
174532,0.01333502
174536,0.19154531
174537,0.04725719
174538,0.27164676
174539,0.30078612
174540,0.02728221
174549,0.02693781
174551,0.04968250
174563,0.24410987
174574,0.51877345
174575,0.44655107
174586,0.01097175
174590,0.09465670
174606,0.10109183
174607,0.25634908
174609,0.03837629
174610,0.16490202
174630,0.13462142
174631,0.04546816
174661,0.06414264
174665,0.02489974
174666,0.02886232
174677,0.02807911
174690,0.05494128
174700,0.04768650
174702,0.03383446
174703,0.02723012
174713,0.05923207
174721,0.12153196
174726,0.05013024
174729,0.08590869
174741,0.03417887
174742,0.40872682
174754,0.02506095
174757,0.02197938
174782,0.84765386
174795,0.06339687
174805,0.02250431
174806,0.10168125
174809,0.12483623
174810,0.09760278
174829,0.02475228
174830,0.36745700
174832,0.09293568
174836,0.14733431
174839,0.02773204
174843,0.04321548
174854,0.05390699
174861,0.10548403
174863,0.08619249
174867,0.10514850
174871,0.08474608
174887,0.04028985
174890,0.18943968
174897,0.01516597
174901,0.29746400
174903,0.02523139
174912,0.01322057
174913,0.07529790
174920,0.84749494
174922,0.82089203
174924,0.12601246
174925,0.02776921
174928,0.07857955
174938,0.11394169
174939,0.01986324
174943,0.04557906
174950,0.15638980
174954,0.09643166
174955,0.01822226
174957,0.10234379
174965,0.06045527
174966,0.07898714
174967,0.26083510
174977,0.18356345
174983,0.07025671
174986,0.25881545
174987,0.09048145
175012,0.47335637
175015,0.12712639
175025,0.07036195
175027,0.24624704
175029,0.01729907
175056,0.16817160
175075,0.05341262
175081,0.12911993
175097,0.39736215
175128,0.12001139
175129,0.02441505
175138,0.12992195
175169,0.26810733
175183,0.23847254
175211,0.03705227
175212,0.11399039
175215,0.03017027
175223,0.07603678
175225,0.02584787
175233,0.12867840
175250,0.02912919
175253,0.02407852
175257,0.02949448
175260,0.03570992
175261,0.03667775
175264,0.02307595
175284,0.46963636
175288,0.02664551
175295,0.05797296
175309,0.05103418
175310,0.05837084
175313,0.16583376
175334,0.03078689
175337,0.03460281
175346,0.03744523
175347,0.09342607
175349,0.07442914
175350,0.18816102
175351,0.09417366
175367,0.38629547
175369,0.09534901
175371,0.14570329
175372,0.03480062
175392,0.24957141
175400,0.01208552
175402,0.02283770
175403,0.27225151
175407,0.13654478
175408,0.02647068
175414,0.31807728
175431,0.04312198
175435,0.06386877
175442,0.01893523
175454,0.03084849
175456,0.03515096
175457,0.06413815
175464,0.09952306
175465,0.10368958
175477,0.02779411
175488,0.05491921
175495,0.05066569
175499,0.14634439
175500,0.05094910
175515,0.13557590
175519,0.03939513
175520,0.11056973
175531,0.02838458
175534,0.03162865
175543,0.33935576
175566,0.03955758
175568,0.02251057
175573,0.07440987
175574,0.11949556
175576,0.10127996
175591,0.11203888
175593,0.03122773
175605,0.40736022
175609,0.18322128
175617,0.01333992
175624,0.65720651
175629,0.06204579
175633,0.02808265
175645,0.32277188
175649,0.01304262
175650,0.05348937
175653,0.10666022
175659,0.01161624
175660,0.01183745
175661,0.06173312
175664,0.04422012
175665,0.03973032
175677,0.02794977
175682,0.42399868
175684,0.32809152
175687,0.05479180
175690,0.39385310
175706,0.05028168
175722,0.12296223
175724,0.05377209
175730,0.33574627
175731,0.01575708
175737,0.06494013
175743,0.17236175
175745,0.23931172
175758,0.15760207
175768,0.09365245
175769,0.06093215
175773,0.01795279
175775,0.10086532
175794,0.02457905
175798,0.20537222
175809,0.26276346
175818,0.04645375
175830,0.00971175
175835,0.02697709
175840,0.34521087
175864,0.05491752
175875,0.06416718
175890,0.04262228
175892,0.02626557
175914,0.05259348
175930,0.49352789
175935,0.03881922
175955,0.02062539
175958,0.11335092
175959,0.02897527
175960,0.25366419
175964,0.01776610
175968,0.01578736
175986,0.27091113
175987,0.24103804
175997,0.06087380
175998,0.18394773
176003,0.02802477
176004,0.13164307
176021,0.09785308
176034,0.07350439
176035,0.15334138
176043,0.74917219
176045,0.08288376
176051,0.08387994
176052,0.03383742
176059,0.01746245
176067,0.06159674
176073,0.37515085
176076,0.01609474
176077,0.01625978
176085,0.01752037
176088,0.10984447
176095,0.05196135
176118,0.13643600
176129,0.09743854
176177,0.05591585
176183,0.07256376
176206,0.33464079
176218,0.03556847
176240,0.09107086
176253,0.01679411
176260,0.25595795
176275,0.07893674
176285,0.08744733
176288,0.07365458
176289,0.17802191
176290,0.19453813
176297,0.09735897
176300,0.39625037
176301,0.25179834
176319,0.06732160
176322,0.07553724
176337,0.01803049
176346,0.11758115
176347,0.08896074
176352,0.10319712
176358,0.03095219
176359,0.20712741
176365,0.13976879
176371,0.04335016
176403,0.11126248
176419,0.08518042
176428,0.03943011
176429,0.38768197
176430,0.07132782
176432,0.14008779
176437,0.14679979
176440,0.04918835
176441,0.28148046
176450,0.03541940
176454,0.10725741
176459,0.06773786
176460,0.14694294
176467,0.08170659
176472,0.77259536
176482,0.24618657
176483,1.43916082
176486,0.16497433
176487,0.03940093
176494,0.04778203
176497,0.11531198
176500,0.06746038
176509,0.19533814
176511,0.15291374
176512,0.01880174
176522,0.07972034
176525,0.11440946
176526,0.28084943
176537,0.04724722
176538,0.11095891
176572,0.07288357
176573,0.11592465
176574,0.39601269
176579,0.20883733
176580,0.10262197
176592,0.42372443
176601,0.03622502
176603,0.15160855
176605,0.14211822
176606,0.02709505
176615,0.13372705
176620,0.18716292
176634,0.05633040
176635,0.05097786
176638,0.02050097
176639,0.06009522
176641,0.12041419
176661,0.04659384
176668,0.15713150
176669,0.07508678
176683,0.13159042
176688,0.01677735
176700,0.19611250
176702,0.04085008
176705,0.07648793
176709,0.02939329
176710,0.28706265
176720,0.20249557
176726,0.00758233
176731,0.11703799
176732,0.19805050
176733,0.08862484
176734,0.04246601
176736,0.10276157
176741,0.02842189
176756,0.03264879
176785,0.02253428
176790,0.02197306
176793,0.08228914
176820,0.21910463
176827,0.09918994
176828,0.03338333
176839,0.17532204
176848,0.02861850
176850,0.05179051
176853,0.01801194
176866,0.00545932
176867,0.09171590
176875,0.10677399
176883,0.54402889
176888,0.42302798
176890,0.26212983
176898,0.32191554
176917,0.13607590
176925,0.08977374
176929,0.08843510
176934,0.21455869
176938,0.15015348
176953,0.07755614
176957,0.32929489
176970,0.03174248
176997,0.13832173
177029,0.18445793
177030,0.01652829
177031,0.08403532
177032,0.32097176
177047,0.05179342
177048,0.02561063
177051,0.12298376
177055,0.02413507
177060,0.05761173
177064,0.57780351
177065,0.01515871
177069,0.33520130
177076,0.12916442
177085,0.12348221
177087,0.06537538
177105,0.12432366
177126,0.05190666
177133,0.02710397
177141,0.04240592
177146,0.09948943
177156,0.11713654
177179,0.05714180
177187,0.75217744
177192,0.63384745
177203,0.11717643
177228,0.28855875
177229,0.10196509
177249,0.05288748
177250,0.33321373
177253,0.14520581
177260,0.16056439
177262,0.10811496
177270,0.08515634
177275,0.23442218
177284,0.13648442
177285,0.33243021
177314,0.17880902
177319,0.13704219
177325,0.02056872
177327,0.14042178
177339,0.08941557
177344,0.09539402
177378,0.19103311
177384,0.06455167
177385,0.02669560
177386,0.02812758
177387,0.04339426
177405,0.03073801
177423,0.17402890
177424,0.00367243
177425,0.05779747
177430,0.30939999
177435,0.03135228
177447,0.04728004
177448,0.05623738
177449,0.03040101
177451,0.14734996
177460,0.49453525
177479,0.05037539
177489,0.03262253
177504,0.01471964
177505,0.19948564
177511,0.34355256
177524,0.05450006
177526,0.02483943
177535,0.03009483
177558,0.02520132
177562,0.35392010
177569,0.03622322
177579,0.04760519
177580,0.07924887
177583,0.01939411
177584,0.36022889
177585,0.21307411
177605,0.27475882
177606,0.03660170
177618,0.20903255
177639,0.65223444
177649,0.01848091
177656,0.06125832
177657,0.02313633
177661,0.16558193
177665,0.03620368
177669,0.04793830
177680,0.28271979
177688,0.57495272
177689,0.05699548
177694,0.03161254
177696,0.18526305
177700,0.04677917
177705,0.05754977
177710,0.10184257
177720,0.02296828
177728,0.05213505
177729,0.17706403
177731,0.12761567
177733,0.11549238
177749,0.15024271
177751,0.19017243
177767,0.17633555
177776,0.04931861
177780,0.28872324
177783,0.02595789
177785,0.20661337
177791,0.07557749
177797,0.06626837
177798,0.13291477
177799,0.03171376
177802,0.06432237
177803,0.04153281
177805,0.02447387
177820,0.02177643
177824,0.05002001
177825,0.06228817
177829,0.03507637
177839,0.25173822
177861,0.03495086
177865,0.11339866
177867,0.04495212
177875,0.13787585
177876,0.55938795
177878,0.10164030
177883,0.02378446
177886,0.03443470
177891,0.18449551
177892,0.09583715
177902,0.04288032
177904,0.13534071
177931,0.07211378
177939,0.02261059
177944,0.18902543
177946,0.06260946
177959,0.29895122
177977,0.06591744
177992,0.32634326
177993,0.16407655
178005,0.25511231
178008,0.07398922
178009,0.04913693
178012,0.39428842
178015,0.02371454
178018,0.05784503
178037,0.21189268
178050,0.03523666
178058,0.17885047
178060,0.04040140
178064,0.66845111
178074,0.07851374
178077,0.08339574
178094,0.12994849
178095,0.17222583
178096,0.22133385
178107,0.07771248
178117,0.06484262
178146,0.06864208
178154,0.16696841
178160,0.09586110
178164,0.03366870
178172,0.01927422
178174,0.21672611
178182,0.79950189
178184,0.16538452
178196,0.15020734
178223,0.13657999
178225,0.08910134
178226,0.10413672
178240,0.48639896
178242,0.06632113
178250,0.12639336
178268,0.04434270
178282,0.05932312
178285,0.26096490
178288,0.12277495
178290,0.00427186
178295,0.03188624
178312,0.03343714
178317,0.02038394
178342,0.42721694
178343,0.08447092
178344,0.12246092
178346,0.04507080
178353,0.20819929
178356,0.52826693
178358,0.03723478
178359,0.06829733
178362,0.29090907
178380,0.02511722
178387,0.04330228
178391,0.24716241
178395,0.14762388
178408,0.24824914
178415,0.02824226
178421,0.02900971
178424,0.14299189
178428,0.11117202
178432,0.02487337
178433,0.09658830
178436,0.11335368
178442,0.07880001
178453,0.05410921
178459,0.03816791
178467,0.13645765
178472,0.28567009
178491,0.01504336
178499,0.05291367
178504,0.30186031
178506,0.33421474
178509,0.03515600
178517,0.03945745
178525,0.02849829
178530,0.10056268
178531,0.31810493
178537,0.06495222
178553,0.15463623
178557,0.06484366
178565,0.06129189
178566,0.07504546
178579,0.04335527
178586,0.12065206
178589,0.17971225
178592,0.10419012
178610,0.01863983
178620,0.19672674
178621,0.03278038
178622,0.29781627
178643,0.02975492
178665,0.05497564
178671,0.08485404
178675,0.02137727
178692,0.07277065
178722,0.05355027
178723,0.07361344
178726,0.27578023
178731,0.45882838
178737,0.08290802
178739,0.06933106
178745,0.01539762
178766,0.03265987
178771,0.09530872
178775,0.02055152
178785,0.03888985
178789,0.06133104
178790,0.07249051
178792,0.16611841
178804,0.02029574
178817,0.08642901
178821,0.04363393
178825,0.08000429
178830,0.09038646
178831,0.23389769
178832,0.40174461
178847,0.08666869
178853,0.15458540
178856,0.24511755
178867,0.06776202
178868,0.02639656
178881,0.03342974
178887,0.04483784
178888,0.21610718
178908,0.05111655
178909,0.18737842
178942,0.04416762
178943,0.52957662
178946,0.03203657
178947,0.58138098
178950,0.20516018
178958,0.14001169
178976,0.06333334
178986,0.02158126
178989,0.01651204
178995,0.25996305
178996,0.16852971
179006,0.09596073
179025,0.16227119
179034,0.11077676
179038,0.29880002
179043,0.02609113
179050,0.06734647
179051,0.21258341
179076,0.41042296
179077,0.08014173
179091,0.12867651
179092,0.12979257
179111,0.05715818
179128,0.09819483
179132,0.25287038
179137,0.09811411
179138,0.33652038
179146,0.11467969
179148,0.09685451
179149,0.03785440
179150,0.05304937
179155,0.03106479
179164,0.03206130
179177,0.02666973
179178,0.07281148
179182,0.16082295
179184,0.02162650
179186,0.77834665
179191,0.79548879
179194,0.08528928
179201,0.15992517
179210,0.00778268
179211,0.03646297
179212,0.08178401
179216,0.14732526
179229,0.05363779
179235,0.05822975
179236,0.12384608
179241,0.04786026
179244,0.11411142
179249,0.15564619
179256,0.71185462
179260,0.36167469
179262,0.24907884
179264,0.12620962
179268,0.09370504
179272,0.02726480
179280,0.09310067
179287,0.04131775
179288,0.06553805
179290,0.01621477
179295,0.01362342
179298,0.06003600
179306,0.06509293
179307,0.02618814
179310,0.93534190
179314,0.02208930
179317,0.07460705
179319,0.24538941
179327,0.02376876
179336,0.10992270
179342,0.02821298
179344,0.72830967
179347,0.02089235
179357,0.05477594
179368,0.19823954
179413,0.07218967
179425,0.04993284
179435,0.06643598
179447,0.03117161
179449,0.03807645
179458,0.03451905
179460,0.05550198
179475,0.16266536
179486,0.16312368
179493,0.03028789
179499,0.10050317
179501,0.05902016
179508,0.09952140
179511,0.01959436
179513,0.08478850
179519,0.14390472
179537,0.05108253
179550,0.02223221
179559,0.09014757
179560,0.04518717
179578,0.11076471
179583,0.04438907
179590,0.01412661
179597,0.02127557
179599,0.02817507
179602,0.15916630
179609,0.00582960
179621,0.13882936
179624,0.14408593
179625,0.04326548
179630,0.03186650
179640,0.11703280
179641,0.03735812
179644,0.01622082
179649,0.05588255
179650,0.22190061
179652,0.06422918
179653,0.31239486
179660,0.18950935
179662,0.04379529
179673,0.32784257
179678,0.05414075
179679,0.05742946
179686,0.01448081
179721,0.04336769
179733,0.30756506
179736,0.16298619
179737,0.01409553
179748,0.15791761
179750,0.56025560
179751,0.08876527
179752,0.25241213
179753,0.06700988
179765,0.02141737
179768,0.09486905
179798,0.01821101
179827,0.02044723
179837,0.01819234
179838,0.07886906
179851,0.10471887
179868,0.34535242
179875,0.08949571
179876,0.04468132
179882,0.12107066
179883,0.02753423
179894,0.02623029
179905,0.18604992
179907,0.29031773
179919,0.03521435
179926,0.04185650
179936,0.04087021
179941,0.09986933
179945,0.07622511
179951,0.22763549
179960,0.06733747
179967,0.05198634
179980,0.15988892
179985,0.43677480
179997,0.07002177
180001,0.10178521
180007,0.04265079
180011,0.36171821
180017,0.06583949
180027,0.08267334
180033,0.08521489
180036,0.61897540
180037,0.04987493
180041,0.28133307
180042,0.70419681
180050,0.45509842
180059,0.02121174
180066,0.11548185
180067,0.03825163
180085,0.04185142
180092,0.02963951
180099,0.03827733
180101,0.29606893
180115,0.09401162
180122,0.08018633
180126,0.03519458
180127,0.04568683
180140,0.18026212
180141,0.03898684
180158,0.04521159
180163,0.39673366
180178,0.02159651
180189,0.02648201
180198,0.16110445
180201,0.28613937
180202,0.15971345
180209,0.16375277
180239,0.17245749
180244,0.08229036
180270,0.02223964
180271,0.04334254
180286,0.08391185
180287,0.04088260
180291,0.02815820
180293,0.07077048
180296,0.18275563
180297,0.03645411
180305,0.02642100
180318,0.11852355
180319,0.07849603
180322,0.02598173
180323,0.06294164
180331,0.04602144
180365,0.04299282
180368,0.12884809
180369,0.06083776
180382,0.12370579
180387,0.02596177
180388,0.76786689
180389,0.10870832
180398,0.07375207
180399,0.02744516
180402,0.11168466
180406,0.03715752
180407,0.02460362
180408,0.17433487
180413,0.09546647
180416,0.06792416
180420,0.03893251
180429,0.65126080
180430,0.77051646
180431,0.04280496
180438,0.04678398
180441,0.02422063
180448,0.14815217
180453,0.02657350
180478,0.32469572
180480,0.09979364
180510,0.03863345
180524,0.07603593
180534,0.01253051
180537,1.21636211
180545,0.03517386
180550,0.05998663
180559,0.02763975
180583,0.13401469
180587,0.02847844
180594,0.21288956
180597,0.16149491
180598,0.19509234
180599,0.13698339
180601,0.21095751
180624,0.08361226
180625,0.82779959
180634,0.09422271
180647,0.01950085
180652,0.10087143
180656,0.38430212
180664,0.17609140
180666,0.49580811
180674,0.08420330
180679,0.11814213
180685,0.18820352
180692,0.14004450
180698,0.03476007
180699,0.02978735
180700,0.02856368
180702,0.04275558
180710,0.03346166
180736,0.04911339
180739,0.25911132
180741,0.07081444
180743,0.21703431
180747,0.01271369
180754,0.20517401
180755,0.05218903
180756,0.02369008
180768,0.04950398
180773,0.05448571
180775,0.05955457
180784,0.23613198
180787,0.04444122
180795,0.09270486
180796,0.05968327
180799,0.00807958
180811,0.07134118
180813,0.10910086
180827,0.06230988
180828,0.07139647
180833,0.15424304
180834,0.11138555
180847,0.04556636
180852,0.30165375
180853,0.07143609
180854,0.02374689
180855,0.27160717
180856,0.08586060
180858,0.03126262
180859,0.50205639
180867,0.10615131
180868,0.07819799
180872,0.10325542
180873,0.08296462
180874,0.47543677
180875,0.07255962
180878,0.08658112
180888,0.05699593
180889,0.03147917
180891,0.02810028
180902,0.08005234
180907,0.26644885
180913,0.05761516
180916,0.03672619
180954,0.06445432
180962,0.12588537
180963,0.02613750
180967,0.14587814
180971,0.30553950
180975,0.14007025
180985,0.12820406
180991,0.03397612
181009,0.06271471
181012,0.02444689
181015,0.08465142
181034,0.23433286
181064,0.14361695
181071,0.10407549
181083,0.18821432
181084,0.02805193
181085,0.02297330
181088,0.07462091
181098,0.14545027
181110,0.36655164
181111,0.15635461
181112,0.00927898
181114,0.22796027
181117,0.22591018
181157,0.02047954
181160,0.11058822
181161,0.09720628
181165,0.09085642
181179,0.66285277
181186,0.12632038
181196,0.14723637
181197,0.39505729
181204,0.07980691
181213,0.23795177
181214,1.01917404
181221,0.14842303
181224,0.04027847
181226,0.04165425
181236,0.34876015
181256,1.22703289
181257,0.09034856
181279,0.08628032
181282,0.06183518
181285,0.15507928
181288,0.05843956
181289,0.15323006
181290,0.02344371
181298,0.03698482
181299,0.14267210
181307,0.07019007
181312,0.51379823
181318,0.05040876
181322,0.08778563
181338,0.12545301
181340,0.02979814
181342,0.02337317
181344,0.15897822
181350,0.04480228
181373,0.07930472
181374,0.12954840
181375,0.03761889
181379,0.08308346
181381,0.02566982
181385,0.16270034
181388,0.02983220
181392,0.10461707
181393,0.12999326
181425,0.01830397
181465,0.02900626
181481,0.07976244
181484,0.06619426
181494,0.03084665
181501,0.05603405
181507,0.03149626
181521,0.05692132
181524,0.01798016
181538,0.51920327
181540,0.04942324
181547,0.21628719
181551,0.05175178
181555,0.12236367
181561,0.12782159
181564,0.05118815
181567,0.15951900
181599,0.08672670
181602,0.46098258
181612,0.15598553
181613,0.05404422
181615,0.13347278
181621,0.03817304
181622,0.08698522
181629,0.06216713
181630,0.02274605
181633,0.05793675
181635,0.15233209
181641,0.05264559
181643,0.32968640
181644,0.24276275
181649,0.02550144
181659,0.03519192
181660,0.01804051
181665,0.31281813
181666,0.11707351
181672,0.12296246
181682,0.18727836
181693,0.21839799
181697,0.07563191
181703,0.03734403
181704,0.04620575
181720,0.04761592
181722,0.08779799
181732,0.17854538
181733,0.10678993
181736,0.03576647
181737,0.03850627
181747,0.05473884
181758,0.30444993
181764,0.07730479
181770,0.20481407
181774,0.22094721
181783,0.31032966
181788,0.05069869
181789,0.11498307
181804,0.14455056
181809,0.08687655
181821,0.26721446
181836,0.02586617
181863,0.09934209
181867,0.09780502
181868,0.30093601
181871,0.06123699
181904,0.49627814
181931,0.02748871
181932,0.06584090
181941,0.10172218
181944,0.52525596
181958,0.18131412
181971,0.02566156
181986,0.05689501
182002,0.04245099
182007,0.04609654
182012,0.03248123
182022,0.02138313
182031,0.09807715
182050,0.19174219
182053,0.06924875
182071,0.11081912
182072,0.17651374
182073,0.16530282
182102,0.06038841
182106,0.05592869
182116,0.05047770
182117,0.16011554
182118,0.01313949
182124,0.08136604
182125,0.21038410
182145,0.07365920
182150,0.15756335
182154,0.02595839
182167,0.04384084
182179,0.31939588
182181,0.02561927
182183,0.03439547
182218,0.03597956
182225,0.01730874
182226,0.25249400
182266,0.16397403
182272,0.19185024
182275,0.31540616
182295,0.39974604
182305,0.01321236
182312,0.07371589
182313,0.05174236
182327,0.01883501
182337,0.03704832
182340,0.01582039
182341,0.12696448
182342,0.04451770
182345,0.06656433
182353,0.03112703
182355,0.03269538
182371,0.01353023
182376,0.02006722
182381,0.02640750
182382,0.01225647
182384,0.07795515
182387,0.14008820
182412,0.02885895
182419,0.08481337
182432,0.42391414
182438,0.05312222
182448,0.39237033
182450,0.08661434
182465,0.02508171
182468,0.03375646
182474,0.07900222
182483,0.04061666
182484,0.21117707
182485,0.04088547
182486,0.04640494
182489,0.40344424
182500,0.03611825
182501,0.09093535
182504,0.59968496
182514,0.02982658
182524,0.08753461
182525,0.07291232
182533,0.05240028
182536,0.30309423
182539,0.04800702
182550,0.09757273
182553,0.10668390
182568,0.02974010
182571,0.05204936
182573,0.04502812
182580,0.05482439
182615,0.07561733
182618,0.02095419
182624,0.03108155
182644,0.10099699
182686,0.61776561
182687,0.33852372
182695,0.90206626
182718,0.08585780
182726,0.15281920
182735,0.03951325
182742,0.06494648
182747,0.11136879
182748,0.04690803
182752,0.05528227
182761,0.20716110
182800,0.04158320
182802,0.13753216
182807,0.09698542
182816,0.18798464
182818,0.04064402
182826,0.22568694
182836,0.02305376
182840,0.34728640
182841,0.41141340
182846,0.08213589
182862,0.10217898
182864,0.12219713
182871,0.25166343
182878,0.05974504
182880,0.13062674
182885,0.02497468
182893,0.03943236
182894,0.36108117
182895,0.03082287
182901,0.20815940
182907,0.21446024
182921,0.28708300
182952,0.02426444
182964,0.18169103
182966,0.41010057
182980,0.04737663
182985,0.45760995
182989,0.10038066
182994,0.08722460
183035,0.57897154
183037,0.76981270
183042,0.07294180
183049,0.04293133
183050,0.01690915
183051,0.03017584
183062,0.02637636
183063,0.03107304
183064,0.07576018
183076,0.05127654
183078,0.26878807
183086,0.06191307
183089,0.07427628
183091,0.05916157
183097,0.10896425
183104,0.01242983
183118,0.43615670
183119,0.14925834
183134,0.13027481
183142,0.23692261
183157,0.03511562
183162,0.02375559
183180,0.03713093
183193,0.34172132
183213,0.04120527
183216,0.19654097
183223,0.03675542
183226,0.04453370
183264,0.01615533
183273,0.21000136
183278,0.05630786
183282,0.05340154
183283,0.07315692
183286,0.02509674
183288,0.05285392
183299,0.07200272
183310,0.03227774
183315,0.12223650
183332,0.04966389
183336,0.06344073
183341,0.07431816
183342,0.05488079
183345,0.02145326
183347,0.08000884
183360,0.08391309
183362,0.02114654
183370,0.07591831
183379,0.01540473
183386,0.17430690
183410,0.26582746
183417,0.04411549
183419,0.23005044
183421,0.07734166
183425,0.34670919
183427,0.10494531
183433,0.17632970
183434,0.13661795
183438,0.02912424
183439,0.05833126
183440,0.20438724
183450,0.15541587
183451,0.27310201
183453,0.01484925
183454,0.06451848
183455,0.36342048
183457,0.02494662
183463,0.36937312
183475,0.02023302
183478,0.37378979
183480,0.25742065
183490,0.02257127
183494,0.22223823
183503,0.03915103
183512,0.34789280
183517,0.29716884
183530,0.10120265
183532,0.02063696
183533,0.01886661
183536,0.01848541
183545,0.08337886
183549,0.02372370
183550,0.02063350
183551,0.31557411
183555,0.22554967
183560,0.05499266
183585,0.02616602
183591,0.03118117
183592,0.02442783
183603,0.60790205
183610,0.03323678
183628,0.34331133
183644,0.11214035
183646,0.49563375
183649,0.03725620
183656,0.10365086
183658,0.62639123
183688,0.02218982
183690,0.04949046
183691,0.14619308
183697,0.22399099
183709,0.30314774
183711,0.09335323
183714,0.19847658
183725,0.22309012
183736,0.16191594
183742,0.02633769
183772,0.13346602
183776,0.23485852
183787,0.04458228
183792,0.51970180
183793,0.18572024
183799,0.56753168
183816,0.05531639
183818,0.23494367
183832,0.06168967
183836,0.03587654
183839,0.03097875
183840,0.05125249
183855,0.01791144
183857,0.04257621
183863,0.09749380
183866,0.10150690
183876,0.10096602
183878,0.30186159
183897,0.01224466
183902,0.06180631
183915,0.02654358
183925,0.55648528
183936,0.04982302
183939,0.10105688
183951,0.01367966
183956,0.06636912
183957,0.06880448
183974,0.01924803
183982,0.13989936
183994,0.03167547
184008,0.12229738
184013,0.34819119
184016,0.01728825
184019,0.01969121
184024,0.05478831
184025,0.20999483
184038,0.01216011
184045,0.06115295
184056,0.07800383
184060,0.13876855
184071,0.03757323
184073,0.06993831
184074,0.05372695
184077,0.05185758
184105,0.09861970
184106,0.20602160
184133,0.16973190
184154,0.84385193
184163,0.05349013
184165,0.30357669
184193,0.52116056
184194,0.11021202
184195,0.01150722
184202,0.30283840
184226,1.28178380
184230,0.04914551
184231,0.23435153
184234,0.11147959
184238,0.01250312
184248,0.02546556
184257,0.04536689
184268,0.08610889
184282,0.02355059
184291,0.09056333
184294,0.03487277
184295,0.60443267
184304,0.03270749
184309,0.04191662
184318,0.07484991
184325,0.06346350
184329,0.04328227
184330,0.01500814
184333,0.24689919
184337,0.00953729
184338,0.21588194
184340,0.01735963
184341,0.05322603
184347,0.12313207
184354,0.07611283
184355,0.05099876
184372,0.03433149
184384,0.08308451
184385,0.08686585
184386,0.01491373
184389,0.21779831
184401,0.01937551
184405,0.08658073
184431,0.60755158
184450,0.05697936
184453,0.94156690
184470,0.07218401
184471,0.03750869
184486,0.25142233
184488,0.01704176
184489,0.04290361
184497,0.08771823
184508,0.01586690
184509,0.03475509
184516,0.09218094
184525,0.09710069
184526,0.03848502
184531,0.06175554
184557,0.03448017
184576,0.01565334
184589,0.01124376
184605,0.02820801
184613,0.20372573
184630,0.04726538
184635,0.05080306
184636,0.02663813
184643,0.01324589
184645,0.04862389
184653,0.06910460
184655,0.06152093
184656,0.09322093
184660,0.10360988
184716,0.05510655
184736,0.03001592
184758,0.09716990
184767,0.15604172
184770,0.23844556
184773,0.03978413
184776,0.13921078
184792,0.08742705
184812,0.12373728
184820,0.07826002
184829,0.02577101
184831,0.26376443
184832,0.07054939
184834,0.01877881
184847,0.15236760
184848,0.07231144
184858,0.03276184
184866,0.04243808
184869,0.07854562
184870,0.08682038
184873,0.01558386
184874,0.01959358
184876,0.13510706
184879,0.36190924
184880,0.08466999
184885,0.02025010
184896,0.05522862
184916,0.41108750
184918,0.03016310
184919,0.13386570
184921,0.13762265
184936,0.04763377
184944,0.20847330
184956,0.34081928
184963,0.20008459
184964,0.01388524
184965,0.11077954
184972,0.18126076
184977,0.25310322
184982,0.03098694
184988,0.45679734
184992,0.07461707
184994,0.03579461
184998,0.26104778
185017,0.01684181
185024,0.06732114
185032,0.21624900
185037,0.05430949
185040,0.01702967
185043,0.03690874
185048,0.04024865
185059,0.18051736
185076,0.27977275
185083,0.03748427
185090,0.40985898
185099,0.06724357
185101,0.01925899
185106,0.03675145
185121,0.32350876
185125,0.37618108
185126,0.43072238
185127,0.19101027
185153,0.11672224
185167,0.31401058
185171,0.09714258
185178,0.07245859
185180,0.02734119
185181,0.01367497
185183,0.10383133
185186,0.09803058
185187,0.10589906
185188,0.04622659
185189,0.07414821
185194,0.38973377
185207,0.08125892
185209,0.02474362
185210,0.34080833
185212,0.02843109
185220,0.18220235
185221,0.25046729
185230,0.32479435
185231,0.05508623
185245,0.02417464
185249,0.15018741
185262,0.01880877
185285,0.34495487
185286,0.23927980
185288,0.03974438
185296,0.04927619
185298,0.58153372
185299,0.01505060
185308,0.07536456
185311,0.03039946
185313,0.06390035
185314,0.04705505
185332,0.14182221
185337,0.02686529
185338,0.01858150
185339,0.05036309
185341,0.08972424
185342,0.03441259
185344,0.09503727
185349,0.36002393
185362,0.10578612
185363,0.13812136
185394,0.01182609
185410,0.09776915
185418,0.02314620
185423,0.14244142
185428,0.04457742
185442,0.51144434
185447,0.28022192
185450,0.02525285
185454,0.01475419
185475,0.37588485
185481,0.18688940
185483,0.03276373
185485,0.13068384
185496,0.01328033
185504,0.01369863
185505,0.01419819
185512,0.11798542
185515,0.02084284
185534,0.14731422
185536,0.03394231
185538,0.10371655
185552,0.02892025
185569,0.03113143
185576,0.04016149
185578,0.14462483
185581,0.09521657
185584,0.04206998
185585,0.02415776
185586,0.21384275
185592,0.07815869
185604,0.04749825
185606,0.00913268
185607,0.10714386
185618,0.26159478
185622,0.10104020
185628,0.12534813
185629,0.03088824
185634,0.05915123
185637,0.15150338
185638,0.01392916
185640,0.30494409
185641,0.03246467
185645,0.07237885
185646,0.15774863
185647,0.03240423
185662,0.05805981
185669,0.12022638
185675,0.00974126
185687,0.05211664
185688,0.15794410
185689,0.07758094
185690,0.05887045
185697,0.02274438
185710,0.25493241
185733,0.02510922
185740,0.12576924
185806,0.08039584
185812,0.48511314
185824,0.05791210
185825,0.03159497
185826,0.41676721
185827,0.45171189
185828,0.01577397
185837,0.04847842
185859,0.06547135
185861,0.03034732
185872,0.04041316
185874,0.04425536
185891,0.11966876
185893,0.06973694
185897,0.18144761
185900,0.06200946
185910,0.05489645
185919,0.03855696
185932,0.05389345
185937,0.15750927
185939,0.09839540
185965,0.07817459
185968,0.16023912
185971,0.04035860
185978,0.13929747
185980,0.02734610
185981,0.08221266
185982,0.07106270
185991,0.04341742
185997,0.04504114
185998,0.09653548
186014,0.02979517
186021,0.04426638
186025,0.18760252
186034,0.09422455
186054,0.03358994
186061,0.21670785
186065,0.06816042
186066,0.03244790
186070,0.36844966
186080,0.04859260
186085,0.05271805
186094,0.42099548
186110,0.27128660
186113,0.02384803
186116,0.07682274
186127,0.01585705
186129,0.09957725
186135,0.05381650
186139,0.50642449
186151,0.03395914
186153,0.17680946
186156,0.01781103
186158,0.03076142
186159,0.02371653
186166,0.11095839
186168,0.03735112
186169,0.07150080
186170,0.02196398
186179,0.01800491
186188,0.05000579
186210,0.00567660
186227,0.02477670
186229,0.06127122
186230,0.06235003
186249,0.01646409
186254,0.05257854
186264,0.03242733
186265,0.38194231
186273,0.03260000
186276,0.06193977
186289,0.05608445
186296,0.46468868
186308,0.02133847
186309,0.05402532
186310,0.06458845
186316,0.02801998
186321,0.03044131
186333,0.06380685
186346,0.13460077
186391,0.07598729
186398,0.11768777
186407,0.03939566
186411,0.04934317
186415,0.06484212
186426,0.46274386
186444,0.02126525
186448,0.22993405
186453,0.38640926
186456,0.02323345
186460,0.03403376
186461,0.12733743
186473,0.09360798
186489,0.54433644
186490,0.27590369
186491,0.09889424
186492,0.03716389
186493,0.13860958
186503,0.07387686
186505,0.46129528
186506,0.02010941
186508,0.01377214
186524,0.22926626
186526,0.06260650
186536,0.01661194
186539,0.06647255
186543,0.05408350
186558,0.42649788
186568,0.29420336
186573,0.09811342
186587,0.12110141
186599,0.04554311
186609,0.58248170
186610,0.03086222
186612,0.08465385
186632,0.15718823
186634,0.04931420
186649,0.04594515
186652,0.20773807
186660,0.12315008
186668,0.26761849
186674,0.14378742
186675,0.03285070
186679,0.05142613
186682,0.03886091
186683,0.05531468
186695,0.59552683
186696,0.03837416
186704,0.07621445
186709,0.21598423
186714,0.36569741
186723,0.02182744
186726,0.59292365
186728,0.23012245
186729,0.03042998
186731,0.19793301
186737,0.07956217
186742,0.01920509
186743,0.00867715
186745,0.14636709
186747,0.06013614
186750,0.06387341
186769,0.09720785
186771,0.21237114
186787,0.06844920
186796,0.17379604
186802,0.40889857
186811,0.02753539
186812,0.07045560
186815,0.04340860
186840,0.13058989
186842,0.54221868
186853,0.45507394
186859,0.15920902
186878,0.04493828
186885,0.07595569
186890,0.04216044
186906,0.52610661
186916,0.04368395
186927,0.04644985
186928,0.09059006
186931,0.24279021
186934,0.05444359
186938,0.17545306
186943,0.21095585
186944,0.17245578
186945,0.20512824
186947,0.05215205
186952,0.08042457
186953,0.02094675
186960,0.18698339
186962,0.07271815
186991,0.05729264
187001,0.58792895
187017,0.11411524
187019,0.15476511
187024,0.03919719
187035,0.00919372
187037,0.23651434
187056,0.01444867
187057,0.03301596
187058,0.40667238
187065,0.05941023
187066,0.37431397
187069,0.02838355
187070,0.12114006
187074,0.06613642
187085,0.02965777
187087,0.06672977
187100,0.12863562
187117,0.18350466
187158,0.32084275
187159,0.03416061
187162,0.12409709
187164,0.07548366
187167,0.13906193
187168,0.03079992
187171,0.07377397
187184,0.25247760
187194,0.20952306
187208,0.17724326
187211,0.28435873
187220,0.06065313
187224,0.10067847
187242,0.12073099
187259,0.04136418
187260,0.07178455
187267,0.22974206
187280,0.63187062
187287,0.02421220
187291,0.04355916
187296,0.04596702
187301,0.22307824
187315,0.12446054
187319,0.03633252
187326,0.22909175
187328,0.16725876
187329,0.06224273
187330,0.05377971
187335,0.05443254
187339,0.04801353
187340,0.14433637
187353,0.13182676
187356,0.07801375
187367,0.19453746
187383,0.04394605
187388,0.03999492
187401,0.25152308
187415,0.05762240
187422,0.02737803
187439,0.26692684
187440,0.15211939
187442,0.99437514
187447,0.05718639
187448,0.06188614
187451,0.18453494
187468,0.02228678
187475,0.14007502
187477,0.19810856
187480,0.05193567
187498,0.08600620
187499,0.02592673
187516,0.00548324
187524,0.01773412
187534,0.03403215
187552,0.05252116
187577,0.16070790
187584,0.02569702
187585,0.04763587
187603,0.07647767
187608,0.03566614
187625,0.02074744
187637,0.15768244
187639,0.23094897
187641,0.04132360
187652,0.03486100
187684,0.03836039
187689,0.02750290
187698,0.07607774
187708,0.03850067
187716,0.05457516
187717,0.07403415
187719,0.01789168
187720,0.33801510
187743,0.09525333
187749,0.13444645
187762,0.22140552
187763,0.09692273
187772,0.09748121
187786,0.03148798
187787,0.02530882
187809,0.08463191
187826,0.21952612
187828,0.02946049
187829,0.02977679
187833,0.02024069
187847,0.07880051
187852,0.06145972
187862,0.21293761
187867,0.13592019
187868,0.17756340
187870,0.13942708
187871,0.06024500
187879,0.24030773
187894,0.16951915
187895,0.05251384
187899,0.08674848
187903,0.38099409
187915,0.03293703
187919,0.19517095
187941,0.04952268
187942,0.18469175
187944,0.01883953
187947,0.12769941
187949,0.61611777
187950,0.04729276
187952,0.06410697
187964,0.37450427
187967,0.07421437
187977,0.04742192
187983,0.04874606
187987,0.11027516
187988,0.07829921
187990,0.07213853
187991,0.33765402
187998,0.20083444
188014,0.20550959
188017,0.05126181
188021,0.22115908
188032,0.02545751
188039,0.07341112
188040,0.01863996
188044,0.09624496
188045,0.01590397
188054,0.07021134
188069,0.04257766
188070,0.11630643
188081,0.05376621
188092,0.20168699
188106,0.08523343
188108,0.07736162
188117,0.02015607
188120,0.02537542
188130,0.03710610
188133,0.05336478
188136,0.07070721
188151,0.01749882
188153,0.06360709
188158,0.01773552
188171,0.08264191
188175,0.09548037
188192,0.12157026
188194,0.08311265
188198,0.12198270
188199,0.27668280
188228,0.11819474
188232,0.04814952
188233,0.03514833
188234,0.01543492
188245,0.07906847
188248,0.03592906
188254,0.10372856
188261,0.07259326
188262,0.11495411
188267,0.05539398
188276,0.03283650
188281,0.56678301
188282,0.18522523
188295,0.01448148
188309,0.02823263
188313,0.29421495
188324,0.14935303
188327,0.10060663
188328,0.02912414
188329,0.42590106
188336,0.09695739
188337,0.14710656
188350,0.09829950
188389,0.29531443
188399,0.01538263
188413,0.05036985
188415,0.10465291
188421,0.02235671
188438,0.03945341
188449,0.54891550
188466,0.07980990
188470,0.00863245
188486,0.06799396
188492,0.10666465
188507,0.04769621
188511,0.03269583
188521,0.13094556
188540,0.36940354
188542,0.12873067
188551,0.86370805
188557,0.05006904
188558,0.04394384
188561,0.08896882
188563,0.39704267
188565,0.06698760
188577,0.09554596
188586,0.16415649
188591,0.06840926
188594,0.07203498
188614,0.26778504
188622,0.02952697
188626,0.09394677
188632,0.22382138
188635,0.22339997
188639,0.15081707
188645,0.29584729
188646,0.45535748
188647,0.04594226
188653,0.05037200
188659,0.12048607
188677,0.22367579
188694,0.17700765
188695,0.00941117
188696,0.01735013
188707,0.02199393
188714,0.04004094
188715,0.27139622
188722,0.29742631
188724,0.04182018
188729,0.06567861
188734,0.04697591
188739,1.20557445
188746,0.10413844
188747,0.10932205
188768,0.03523234
188770,0.10829343
188772,0.02802189
188787,0.03031778
188792,0.04458167
188793,0.03399819
188808,0.06746773
188828,0.14758227
188848,0.04057777
188851,0.19440925
188856,0.09886646
188862,0.16947416
188875,0.42633343
188876,0.35825358
188878,0.06014776
188880,0.01467064
188890,0.16763829
188900,0.06588564
188914,0.08258681
188928,0.21800961
188936,0.02416272
188946,0.01487172
188947,0.03244684
188948,0.05119566
188949,0.01100791
188950,0.13338629
188980,0.02021710
188982,0.21149442
188988,0.33230002
188990,0.10005197
188992,0.07046840
188993,0.02338425
188994,0.11713224
188997,0.05834464
188998,0.27743423
189009,0.04071687
189018,0.04696045
189022,0.02794837
189034,0.03944157
189045,0.03059855
189059,0.29620480
189062,0.02867367
189075,0.56184316
189086,0.02959795
189087,0.08944734
189107,0.09945264
189113,0.03333532
189144,0.08405663
189148,0.03687168
189199,0.10189482
189201,0.16508258
189202,0.01846066
189207,0.46302014
189213,0.09913030
189214,0.14561644
189224,0.08939843
189230,0.13182806
189251,0.03340916
189252,0.04803895
189255,0.05614815
189256,0.03583622
189257,0.08693298
189260,0.01113834
189261,0.43209184
189262,0.03677081
189263,0.02661605
189272,0.06146893
189282,0.00730385
189284,0.34617467
189294,0.03861132
189304,0.19630764
189314,0.13660233
189317,0.32642628
189333,0.02702490
189337,0.12184610
189347,0.02395419
189355,0.09271615
189357,0.06835519
189366,0.10567980
189374,0.21928687
189379,0.03950628
189388,0.11842538
189397,0.04672240
189418,0.14578278
189453,0.03111578
189458,0.08569181
189460,0.07507483
189481,0.04286005
189482,0.28584476
189483,0.24365015
189490,0.05646542
189491,0.01495553
189492,0.11278482
189511,0.04970358
189512,0.11294793
189518,0.07266505
189519,0.24137383
189531,0.14062974
189541,0.65855036
189550,0.06757931
189551,0.12257646
189559,0.31028704
189564,0.02880004
189573,0.06754865
189585,0.08348324
189587,0.25337070
189605,0.03072164
189612,0.02158765
189633,0.04638864
189640,0.05718088
189641,0.38191234
189643,0.05960697
189650,0.09644078
189652,0.07465780
189656,0.08781716
189661,0.30819592
189663,0.15419410
189684,0.08988018
189688,0.06086601
189711,0.15676002
189729,0.27897372
189747,0.24725047
189761,0.10786833
189773,0.05465613
189774,0.03026251
189779,0.20118739
189780,0.05110900
189796,0.02338127
189799,0.16172426
189800,0.08602785
189807,0.07399982
189808,0.04794164
189826,0.11505706
189836,0.03529347
189843,0.08172449
189845,0.06614502
189852,0.25429350
189853,0.29059197
189855,0.02269233
189866,0.04619758
189886,0.13601546
189888,0.04277154
189902,0.13251443
189907,0.57571512
189910,0.03395063
189922,0.01017621
189924,0.07931533
189933,0.05478750
189935,0.06077244
189939,0.03165727
189951,0.93444733
189965,0.11698833
189966,0.14575481
189977,0.11511008
189989,0.02825019
189990,0.09045736
190002,0.06761204
190006,0.75521894
190008,0.03165764
190009,0.25082702
190021,0.02615323
190058,0.07152811
190061,0.04579166
190069,0.09827732
190072,0.04681724
190078,0.08244808
190109,0.23708855
190112,0.70700776
190117,0.12396629
190132,0.01994258
190133,0.26975297
190153,0.12472824
190164,0.02623708
190167,0.01311651
190169,0.40485985
190179,0.70035411
190184,0.07633226
190188,0.02360193
190199,0.04449479
190200,0.35076537
190201,0.03384089
190227,0.23802038
190229,0.05107035
190245,0.03040154
190272,0.12984936
190274,0.05052735
190281,0.09042711
190282,0.29461144
190290,0.19824372
190299,0.28914070
190301,0.29019651
190304,0.05631741
190306,0.03603994
190311,0.23212541
190341,0.05860977
190354,0.05410132
190364,0.02353863
190368,0.06970663
190375,0.27211985
190383,0.08700891
190384,0.07179795
190387,0.05974991
190388,0.20382710
190392,0.22479181
190394,0.66003621
190405,0.30348957
190406,0.06931080
190412,0.05709491
190413,0.52248033
190431,0.12012880
190452,0.06371269
190454,0.05914794
190461,0.08320739
190475,0.04808502
190489,0.43672343
190507,0.14299707
190513,0.03686411
190515,0.38097139
190516,0.01767808
190522,0.02659781
190523,0.26796977
190526,0.13535277
190533,0.01399049
190537,0.13966219
190542,0.03059511
190545,0.20684674
190548,0.03749074
190555,0.30377687
190561,0.07143844
190562,0.05961952
190566,0.01776216
190581,0.06179505
190590,0.01044630
190591,0.29242101
190593,0.04615665
190612,0.05950362
190617,0.06073684
190618,0.09469850
190619,0.13165652
190643,0.12388385
190647,0.07461804
190663,0.04985596
190664,0.03053823
190678,0.05263581
190691,0.01436276
190697,0.04418048
190698,0.03962782
190701,0.31105477
190702,0.50739117
190713,0.09576598
190739,0.05074030
190744,0.12319184
190756,0.06474257
190767,0.40615827
190777,0.07520887
190808,0.05090428
190825,0.05680681
190830,0.11735487
190844,0.28375393
190855,0.14166122
190860,0.14632961
190861,0.09805782
190865,0.02538873
190884,0.25910256
190886,0.07844980
190887,0.21658714
190893,0.28684484
190899,0.08187001
190900,0.02894114
190901,0.06470886
190903,0.02170662
190909,0.10421340
190911,0.59407480
190916,0.03383808
190922,0.05245111
190926,0.00897288
190927,0.07598911
190929,0.11314069
190931,0.16001022
190948,0.05140708
190954,0.01295106
190957,0.02216004
190965,0.02359657
190978,0.24099370
190986,0.22822731
190990,0.05688001
190993,0.12440173
190998,0.05717082
190999,0.05026360
191028,0.07919552
191033,0.04538322
191042,0.47125183
191076,0.01045214
191114,0.18416824
191137,0.56311953
191138,0.23826297
191140,0.05534102
191141,0.01441206
191143,0.24322613
191145,0.28773944
191161,0.24984781
191167,0.07910933
191192,0.05376148
191199,0.10220186
191200,0.03713418
191205,0.02988098
191206,0.05754944
191214,0.06165805
191217,0.02059950
191222,0.08857109
191224,0.02724897
191232,0.59431536
191238,0.03948149
191243,0.04311167
191247,0.04125246
191250,0.03356105
191266,0.07210273
191278,0.03408437
191279,0.02004542
191282,0.32183681
191287,0.10775251
191290,0.10600275
191291,0.29395481
191296,0.27260703
191301,0.06865704
191304,0.05088102
191305,0.05813367
191306,0.28639454
191324,0.23308248
191359,0.12970551
191360,0.10049643
191362,0.06294042
191371,0.29250128
191379,0.32162345
191394,0.03426187
191413,0.29998341
191430,0.01253806
191435,0.02750587
191449,0.04534748
191452,0.06990139
191464,0.16160060
191465,0.01883998
191466,0.06601827
191469,0.25039059
191490,0.44867510
191494,0.42410380
191498,0.30212481
191506,0.18905020
191508,0.04222741
191509,0.04378404
191515,0.58295121
191524,0.03667440
191548,0.07995794
191562,0.01266018
191568,0.14629275
191596,0.30801001
191609,0.05437713
191619,0.04422278
191624,0.15623318
191628,0.01147919
191630,0.17241791
191648,0.29053313
191649,0.14495656
191654,0.05684883
191655,0.04523327
191659,0.05391356
191674,0.32341389
191675,0.01290482
191680,0.19713681
191681,0.02684958
191684,0.08059671
191686,0.01152634
191721,0.47754860
191722,0.03577261
191726,0.23711356
191727,0.02766831
191732,0.15171391
191735,0.03021059
191738,0.41172201
191745,0.31947293
191746,0.14074100
191751,0.05933407
191761,0.38577565
191772,0.02990057
191785,0.07357010
191794,0.02042387
191799,0.07222721
191806,0.27777306
191807,0.02202883
191809,0.29623298
191824,0.28055101
191826,0.02358300
191834,0.15461092
191837,0.05163854
191841,0.05891651
191845,0.01770077
191847,0.28886309
191850,0.10661618
191869,0.11917312
191873,0.04165944
191876,0.05444106
191878,0.41768225
191880,0.02917658
191881,0.04292651
191883,0.13469714
191898,0.19014738
191907,0.04241887
191910,0.04181876
191918,0.03006993
191920,0.18744920
191923,0.09216449
191942,0.17478094
191943,0.40181046
191951,0.14330633
191952,0.02468481
191958,0.11588348
191963,0.46989449
191971,0.19745789
191992,0.52860905
192000,0.48365027
192001,0.10356322
192008,0.07248267
192018,0.01689108
192029,0.01630231
192030,0.06481421
192031,0.04122303
192043,0.07972914
192045,0.14304541
192052,0.15302113
192056,0.03312148
192071,0.18830619
192082,0.08216562
192088,0.03549209
192103,0.02381437
192105,0.15372477
192119,0.01561769
192144,0.21392302
192151,0.05351031
192158,0.04703076
192163,0.03160101
192172,0.22876187
192176,0.05578120
192177,0.08326902
192212,0.06578842
192221,0.63570317
192223,0.74321289
192224,0.09951316
192238,0.13389173
192239,0.16393733
192252,0.51183441
192259,0.09475515
192268,0.02743359
192274,0.09491622
192276,0.05716647
192277,0.10878951
192289,0.02860140
192296,0.13972089
192308,0.11828852
192309,0.01856488
192315,0.05218449
192322,0.28637078
192324,0.05640460
192343,0.24666761
192345,0.02731192
192367,0.11502052
192375,0.02087263
192382,0.29927665
192389,0.04257635
192390,0.17595057
192391,0.26753809
192423,0.04176061
192427,0.04927272
192431,0.19827786
192433,0.04010616
192451,0.07199736
192453,0.10553424
192455,0.02967434
192468,0.09688864
192469,0.02475286
192474,0.02656283
192481,0.07227522
192482,0.04809320
192483,0.02153903
192486,0.19338450
192490,0.10137023
192491,0.35286019
192494,0.09968607
192507,0.01886558
192508,0.02852203
192509,0.38192687
192525,0.28241425
192526,0.10438032
192528,0.05022039
192535,0.05742801
192545,0.60813318
192548,0.25495527
192572,0.56326428
192594,0.12272073
192607,0.03037210
192625,0.17305131
192626,0.04998059
192631,0.02785826
192632,0.15640888
192636,0.05820265
192637,0.05407222
192655,0.04754861
192657,0.01279085
192674,0.24580868
192675,0.04151497
192680,0.23659455
192682,0.22399487
192686,0.14315757
192698,0.20844766
192703,0.03668051
192705,0.02145099
192717,0.10672531
192720,0.03623016
192721,0.15648029
192722,0.08705765
192728,0.00918034
192734,0.03784381
192739,0.05564262
192740,0.13928269
192752,0.02260021
192761,0.01778916
192770,0.03535760
192780,0.05974165
192782,0.07468727
192783,0.31653283
192789,0.12719202
192796,0.03004106
192800,0.05632426
192802,0.07349576
192811,0.09234263
192812,0.07335069
192815,0.01520189
192838,0.19286972
192861,0.06772880
192868,0.05017200
192872,0.11246856
192876,0.03416630
192877,0.07197795
192897,0.62623501
192898,0.02348930
192903,0.17409433
192904,0.10966656
192905,0.01333008
192911,0.95896250
192920,0.06797713
192921,0.05691973
192922,0.20849913
192942,0.13229850
192946,0.44527239
192963,0.03622701
192978,0.13665766
192979,0.45694712
192981,0.37561540
192991,0.14451133
192995,0.09985355
192998,0.21468868
193019,0.04986567
193027,0.03975841
193028,0.03617012
193032,0.02281479
193036,0.09391132
193044,0.02693137
193046,0.02963646
193049,0.03718524
193050,0.09025743
193054,0.07640371
193057,0.03992131
193060,0.57435699
193075,0.03764003
193088,0.01715542
193091,0.11162146
193112,0.02216408
193122,0.02661907
193123,0.21029177
193128,0.10462107
193133,0.03392168
193143,0.09938692
193150,0.31195246
193151,0.02153749
193160,0.76813779
193180,0.45324203
193198,0.05847724
193204,0.25187368
193207,0.03867641
193210,0.36112939
193225,0.07712287
193232,0.25648813
193248,0.12236414
193249,0.56387679
193262,0.05041116
193270,0.14940836
193273,0.09709852
193275,0.01563072
193286,0.01478709
193289,0.54102222
193290,0.02516463
193311,0.80542309
193321,0.09703338
193322,0.04379898
193340,0.11289943
193349,0.04306606
193368,0.25926401
193369,0.07065896
193375,0.03280669
193385,0.19285717
193389,0.02791163
193394,0.05484261
193396,0.05044094
193398,0.02514236
193402,0.19252489
193409,0.01112140
193421,0.07467471
193426,0.01417088
193430,0.02436898
193436,0.26890402
193437,0.06033755
193440,0.04207762
193441,0.37730021
193449,0.09339570
193462,0.02545065
193464,0.07023496
193468,0.02791314
193474,0.02148998
193475,0.03029926
193479,0.32005377
193484,0.09211980
193488,0.08145383
193496,0.06402024
193507,0.06494076
193510,0.13461633
193512,0.01896070
193514,0.04684814
193515,0.26254752
193516,0.19176879
193520,0.02301710
193522,0.24613315
193541,0.04642907
193545,0.02066128
193549,0.10493187
193554,0.15077757
193558,0.60525238
193568,0.02250101
193569,0.20751340
193579,0.04561562
193587,0.03497545
193589,0.04651754
193613,0.05426117
193642,0.26049603
193643,0.09667986
193647,0.03718083
193648,0.03099766
193663,0.11835486
193664,0.24110211
193665,0.03002075
193672,0.06545515
193675,0.28333874
193686,0.28974382
193692,0.06775925
193706,0.04273705
193725,0.03307304
193726,0.20093912
193727,0.06633344
193733,0.09948877
193738,0.60210664
193739,0.01913215
193745,0.31212605
193759,0.02193334
193767,0.05210124
193774,0.38400559
193776,0.01563151
193777,0.62467023
193787,0.64032783
193789,0.08480578
193793,0.06487426
193805,0.01076794
193808,0.01727386
193816,0.04522672
193817,0.10750691
193821,0.27254504
193831,0.28113125
193832,0.01939418
193874,0.09780344
193879,0.05415934
193882,0.12287900
193910,0.04734673
193915,0.09912866
193916,0.17266361
193921,0.20613073
193924,0.16321562
193926,0.01294420
193927,0.17303920
193949,0.02087981
193954,0.30519491
193966,0.43263784
193970,0.10739472
193971,0.07203409
193975,0.03670521
193980,0.06952864
193982,0.51597296
193983,0.10648922
193987,0.05899317
193997,0.03915384
194000,0.36383349
194013,0.02946158
194014,0.33570947
194026,0.06395092
194039,0.03596623
194042,0.03754286
194054,0.08211817
194057,0.13330266
194058,0.01852893
194068,0.04149392
194071,0.09100301
194073,0.04235465
194075,0.11578441
194093,0.03437806
194098,0.27935472
194105,0.02723176
194106,0.51169253
194110,0.13077972
194128,0.07475608
194137,0.02948584
194149,0.03764013
194150,0.10159475
194155,0.13441269
194157,0.09501762
194158,0.07090724
194164,0.02059320
194165,0.09728805
194166,0.02506194
194170,0.04465704
194171,0.03521171
194177,0.06092766
194187,0.07550457
194188,0.01850655
194213,0.07379649
194229,0.45663815
194230,0.09505769
194241,0.00649738
194243,0.11253014
194244,0.10178953
194276,0.02580305
194279,0.01760270
194280,0.05455579
194281,0.08257454
194291,0.02437083
194293,0.70381071
194306,0.01707015
194307,0.14859095
194308,0.05993760
194310,0.25453916
194314,0.21623763
194326,0.37066226
194330,0.17416595
194338,0.06294524
194366,0.20185185
194370,0.02334179
194371,0.01868966
194379,0.03660476
194382,0.08426426
194383,0.27268098
194395,0.38724857
194402,0.03465308
194406,0.05843431
194408,0.48263208
194413,0.09157027
194414,0.09306632
194419,0.07347268
194423,0.38533293
194424,0.20933573
194429,0.03588102
194436,0.40338499
194468,0.09457646
194469,0.02378197
194478,0.05271874
194480,0.38450024
194484,0.17793070
194505,0.17717270
194514,0.09381675
194516,0.03960162
194523,0.36899626
194526,0.01583709
194533,0.04366850
194534,0.08999885
194536,0.14981671
194548,0.08308105
194552,0.21239546
194558,0.07042025
194561,0.14998164
194563,0.02586624
194569,0.15128934
194581,0.77521148
194586,0.03564690
194590,0.04885871
194598,0.09843991
194600,0.01957819
194603,0.02429716
194604,0.01412355
194605,0.08835795
194607,0.26621074
194610,0.20537476
194620,0.03596205
194627,0.27721302
194650,0.50332968
194652,0.05489019
194659,0.04811665
194660,0.12210649
194662,0.02782028
194665,0.10416656
194675,0.15480797
194677,0.09715070
194679,0.03365372
194691,0.56603658
194696,0.04652590
194713,0.23853903
194716,0.05565165
194717,0.08862746
194725,0.07967050
194732,0.03435035
194737,0.24779015
194738,0.45742803
194769,0.06032092
194791,0.03955262
194802,0.09798195
194806,0.10840515
194810,0.01966842
194812,0.08028872
194813,0.05400722
194816,0.02379101
194827,0.03998082
194844,0.02023874
194856,0.06045708
194860,0.02689194
194866,0.02678039
194867,0.03456302
194877,0.24484492
194879,0.37995283
194880,0.02261702
194881,0.04064370
194887,0.05447702
194900,0.02222857
194906,0.05758005
194907,0.18391322
194908,0.20850494
194914,0.22390394
194934,0.43107994
194955,0.23273796
194956,0.11827502
194965,0.03360332
194966,0.07902126
194980,0.05764823
194985,0.14911349
194986,0.12800352
194995,0.12102256
194999,0.03322416
195000,0.16565381
195010,0.11621213
195013,0.25427598
195044,0.06796114
195048,0.10008991
195050,1.16444125
195051,0.21266605
195055,0.25950707
195070,0.03524174
195074,0.58339124
195075,0.08965544
195077,0.46356835
195081,0.07069829
195088,0.04628485
195089,0.01567922
195091,0.03491558
195096,0.71695908
195100,0.19485218
195103,0.20177681
195116,0.02543041
195117,0.10094373
195129,0.26074077
195151,0.01499604
195158,0.08704589
195164,0.08990884
195176,0.17592757
195186,0.16830600
195187,0.70863425
195198,0.05733451
195201,0.04394949
195207,0.10126231
195214,0.13339318
195215,0.15449198
195234,0.08639911
195235,0.01685937
195239,0.08104539
195240,0.12529299
195253,0.19405802
195255,0.02108861
195280,0.05892942
195291,0.03692614
195293,0.09214751
195300,0.04823762
195306,0.06479549
195307,0.14861373
195322,0.06738540
195326,0.16017547
195330,0.00915882
195341,0.24608599
195343,0.08708812
195367,0.04790967
195369,0.09332236
195371,0.02078537
195372,0.02719074
195389,0.09357291
195415,0.01992160
195435,0.12251712
195439,0.03409405
195440,0.08462192
195444,0.07490179
195447,0.04464336
195450,0.02493855
195451,0.06105743
195456,0.08168287
195457,0.17937640
195461,0.28285439
195462,0.19724088
195463,0.01885706
195466,0.07458675
195468,0.01613306
195469,0.08782312
195489,0.02197896
195495,0.09438087
195496,0.24667536
195504,0.43463476
195505,0.17984013
195506,0.14408532
195511,0.04428702
195518,0.03479655
195519,0.22904531
195529,0.03027629
195531,0.05644249
195546,0.04114237
195547,0.03342218
195552,0.09236569
195577,0.07516739
195579,0.03308325
195588,0.08104815
195597,0.11555010
195607,0.01101540
195617,0.03864247
195626,0.09595527
195632,0.41614573
195634,0.53853179
195635,0.02244354
195645,0.06678978
195648,0.07500919
195674,0.22115132
195691,0.03650959
195695,0.46824154
195703,0.20423584
195710,0.10305912
195711,0.04686485
195727,0.25894395
195729,0.03649839
195734,0.05080521
195739,0.12785548
195740,0.02355476
195746,0.51706829
195750,0.35133927
195769,0.33534522
195772,0.06624396
195785,0.02545872
195789,0.40161684
195793,0.10515081
195801,0.04774807
195803,0.04978024
195810,0.29984567
195818,0.03304557
195819,0.69734519
195823,0.15136869
195828,0.13560693
195836,0.07828961
195843,0.08920666
195858,0.13877779
195876,0.21597305
195890,0.12186411
195891,0.08163421
195900,0.07455569
195905,0.07303054
195910,0.17640589
195911,0.14740568
195912,0.08711876
195917,0.12461620
195918,0.27606150
195923,0.73558538
195937,0.51257034
195940,1.02964455
195945,0.03296513
195946,0.05178865
195948,0.10368688
195955,0.04250188
195957,0.54189584
195958,0.04629587
195959,0.47998595
195970,0.01881300
195974,0.01833605
195979,0.25978688
195990,0.10456896
196004,0.13429900
196007,0.33600673
196012,0.35109241
196019,0.10197008
196029,0.20878635
196034,0.16667915
196042,0.07876615
196066,0.61712785
196067,0.12821261
196071,0.04812766
196074,0.34105587
196075,0.05008133
196079,0.01642378
196080,0.67006986
196082,0.05545047
196083,0.03508435
196085,0.39698737
196115,0.15308634
196118,0.45966471
196128,0.05002012
196149,0.08525936
196150,0.03789100
196162,0.17617362
196194,0.50466880
196198,0.02277936
196204,0.02731841
196206,0.07400083
196210,0.52096800
196220,0.19116169
196221,0.02857329
196230,0.01846667
196236,0.13463844
196242,0.07460888
196256,0.24299458
196261,0.76509681
196274,0.02203979
196281,0.03706329
196303,0.02040294
196305,0.45675889
196322,0.07254567
196343,0.01034261
196346,0.08368464
196354,0.14455223
196357,0.04425801
196359,0.04096317
196360,0.40959396
196361,0.01811020
196364,0.61509784
196371,0.01954398
196375,0.02599387
196377,0.01950400
196378,0.06079841
196381,0.03852596
196384,0.01438182
196385,0.19114136
196388,0.25609491
196394,0.48038033
196400,0.55905694
196401,0.12925366
196404,0.21279186
196411,0.11267140
196436,0.20355773
196443,0.16726656
196444,0.29345362
196446,0.35419840
196475,0.27515080
196476,0.17081105
196486,0.02298587
196489,0.38263504
196492,0.10900595
196498,0.24080987
196500,0.01424645
196505,0.34219220
196507,0.03828175
196510,0.05224447
196514,0.03520749
196530,0.03567019
196544,0.01192258
196551,0.14902288
196578,0.03276925
196585,0.28600810
196587,0.03664793
196588,0.28661375
196594,0.11066781
196598,0.13185623
196605,0.02311951
196618,0.04727517
196619,0.09044650
196623,0.21461692
196624,0.10685417
196643,0.10169346
196649,0.03513098
196650,0.01494411
196656,0.01953945
196663,0.70353763
196667,0.21515412
196669,0.22627779
196681,0.69271019
196717,0.06840253
196726,0.15389928
196728,0.01168016
196729,0.07216058
196731,0.08871575
196736,0.04728411
196738,0.03483734
196745,0.48922654
196747,0.02863870
196748,0.04539198
196753,0.03709039
196757,0.03230947
196760,0.20791538
196777,0.60900400
196788,0.05488608
196799,0.08729604
196808,0.04587175
196819,0.01777607
196825,0.04934084
196826,0.24166614
196834,0.06580041
196841,0.39337616
196847,0.10049663
196849,0.08904179
196851,0.11958999
196867,0.03668218
196884,0.03065892
196889,0.34216529
196898,0.10942811
196901,0.01724003
196917,0.11774854
196930,0.11530217
196936,0.14211016
196956,0.01870161
196959,0.01425538
196962,0.07725005
196963,0.19091679
196971,0.29729014
196972,0.16668804
196977,0.05604060
196984,0.03442459
196985,0.26030769
197010,0.31780605
197029,0.29524805
197040,0.03732915
197058,0.17053178
197060,0.02718618
197064,0.29437745
197075,0.06106035
197083,0.19515499
197102,0.37104673
197103,0.32037968
197107,0.07724799
197129,0.05043780
197135,0.01520716
197140,0.02309204
197150,0.12012382
197152,0.09244594
197153,0.05391521
197154,0.03219584
197156,0.48116893
197166,0.01772570
197167,0.01186325
197177,0.06924091
197178,0.06976581
197187,0.09036245
197191,0.02807563
197205,0.25911395
197206,0.22879340
197219,0.12856094
197224,0.00831967
197245,0.11927235
197246,0.10543891
197273,0.28598612
197275,0.06000514
197278,0.18483057
197288,0.12436315
197290,0.15552428
197294,0.07197636
197295,0.10666964
197311,0.04177660
197314,0.11931066
197320,0.43139314
197321,0.32897297
197324,0.43333966
197327,0.07263872
197332,0.14810463
197333,0.26338747
197335,0.04324164
197348,0.01603359
197362,0.16773705
197363,0.40093464
197368,0.05290670
197378,0.28611508
197381,0.22265878
197384,0.06300496
197386,0.10608168
197393,0.05731364
197396,0.09726651
197400,0.02025049
197408,0.01757901
197412,0.06959521
197413,0.21186970
197415,0.03788469
197418,0.25098117
197427,0.01881905
197443,0.25094756
197448,0.17460118
197449,0.05321180
197470,0.16751713
197478,0.10288219
197482,0.12422370
197488,0.07608072
197491,0.06881172
197495,0.22037638
197498,0.25934419
197502,0.24396586
197507,0.19112154
197509,0.35226092
197510,0.18675855
197512,0.11317809
197513,0.05243574
197524,0.08220977
197525,0.09314132
197529,0.84062195
197533,0.02657959
197534,0.42192682
197540,0.18305543
197541,0.01975502
197559,0.01762754
197566,0.03431813
197582,0.04030675
197585,0.09963448
197587,0.24823620
197595,0.13756804
197598,0.03650085
197601,0.02454208
197603,0.08986910
197607,0.15911032
197611,0.13877683
197625,0.20740931
197631,0.05249356
197633,0.06871805
197638,0.16165839
197640,0.13410334
197644,0.00863944
197645,0.01996011
197646,0.27583163
197650,0.03391048
197657,0.12213468
197664,0.08451430
197668,0.05645491
197681,0.07808515
197682,0.06995832
197693,0.07014202
197695,0.21312853
197699,0.31906330
197709,0.03463529
197711,0.18641501
197715,0.02551897
197716,0.31907467
197722,0.36412724
197728,0.22418360
197729,0.09003128
197730,0.18919866
197744,0.07689845
197768,0.13484144
197770,0.05019371
197775,0.60816433
197788,0.03898220
197795,0.07659254
197806,0.26012605
197808,0.18513039
197812,0.10875774
197813,0.01820101
197822,0.01629921
197827,0.03113647
197828,0.02919817
197836,0.08295032
197857,0.04559598
197862,0.27534987
197872,0.05159911
197892,0.03144549
197903,0.10637497
197907,0.28949682
197908,0.15242319
197916,0.12385181
197921,0.06648851
197924,0.05596604
197930,0.17963988
197934,0.39846188
197942,0.07962405
197945,0.54456742
197958,0.03563741
197959,0.02854441
197967,0.11314697
197969,0.62222520
197978,0.39328617
197999,0.05596321
198001,0.60810216
198004,0.02210793
198007,0.04882834
198019,0.16606240
198020,0.06158034
198024,0.12130500
198026,0.23900256
198038,0.07686695
198044,0.02658141
198050,0.34717147
198054,0.43274839
198055,0.04173580
198082,0.06773245
198094,0.02736134
198095,0.04690865
198099,0.13036521
198101,0.25391306
198102,0.02820588
198114,0.24964289
198125,0.07257975
198127,0.06576221
198128,0.02121040
198137,0.02436427
198141,0.02378600
198142,0.14654219
198155,0.12247408
198179,0.06713861
198181,0.65435342
198184,0.10065414
198185,0.05217647
198186,0.13154586
198187,0.12407919
198193,0.02843982
198197,0.03297941
198209,0.02703934
198221,0.21723752
198225,0.12096173
198229,0.29055569
198237,0.47782456
198239,0.72558920
198247,0.01589341
198253,0.11571629
198272,0.01835879
198279,0.02496159
198282,0.03544446
198284,0.02226019
198285,0.03646508
198287,0.15559391
198294,0.11058699
198309,0.04021345
198312,0.27083180
198315,0.07663917
198323,0.14219314
198331,0.12488629
198333,0.45148691
198359,0.04015022
198370,0.20383942
198378,0.08320937
198379,0.15312406
198381,0.03337739
198383,0.05199041
198384,0.19453579
198385,0.10263922
198420,0.17824564
198421,0.21381516
198425,0.13177669
198427,0.20600376
198429,0.04853184
198437,0.05059871
198445,0.02161286
198452,0.02855986
198454,0.02068292
198487,0.02785408
198523,0.32133820
198528,0.17498490
198530,0.25720858
198539,0.03349250
198540,0.03961023
198547,0.08604011
198566,0.05003893
198568,0.02698281
198569,0.10252546
198595,0.01435042
198600,0.08031304
198614,0.07322417
198617,0.05607202
198619,0.90329182
198627,0.24145997
198640,0.01923756
198655,0.23385059
198664,0.20626547
198665,0.01523685
198666,0.39389234
198670,0.07068966
198673,0.48560352
198680,0.13886906
198689,0.02802144
198690,0.11474705
198702,0.04147241
198703,0.02480274
198704,0.23603482
198714,0.40011733
198715,0.23573053
198717,0.01866115
198718,0.03497186
198720,0.22308142
198721,0.02885724
198730,0.05708494
198739,0.10439072
198754,0.01864534
198761,0.04450583
198772,0.03858651
198774,0.02862664
198775,0.08985402
198779,0.07563012
198783,0.03070773
198790,0.09373433
198794,0.29642095
198798,0.54982246
198799,0.07390371
198802,0.42068556
198806,0.08402637
198847,0.08841231
198854,0.31599508
198858,0.05733014
198859,0.31897434
198865,0.27649831
198872,0.07065903
198874,0.04955470
198878,0.05807199
198883,0.08478053
198884,0.07361528
198891,0.08665168
198899,0.13785225
198907,0.11102230
198916,0.12757378
198917,0.30324976
198934,0.03066771
198937,0.01680749
198938,0.01039171
198941,0.10146025
198957,0.04241519
198966,0.09507647
198984,0.02900586
198997,0.00711051
199001,0.16482671
199003,0.12821207
199009,0.06830101
199011,0.02653854
199013,0.06997949
199015,0.01722861
199024,0.08419037
199026,0.08179329
199027,0.60059704
199029,0.06020285
199030,0.15899720
199041,0.02591096
199048,0.27838093
199057,0.04788074
199058,0.02886399
199062,0.01887813
199067,0.03658086
199070,0.08790519
199075,0.03689754
199076,0.01164016
199092,0.09193623
199096,0.01678945
199104,0.20706865
199114,0.05281913
199115,0.01295628
199117,0.06789821
199126,0.29515531
199131,0.09237608
199141,0.06182466
199145,0.04573785
199150,0.34066705
199151,0.03416089
199153,0.00906439
199166,0.01988256
199167,0.18524072
199177,0.41614358
199182,0.04936639
199183,0.23949665
199185,0.01196063
199212,0.02726357
199213,0.23107730
199222,0.44402840
199229,0.06581926
199230,0.04037399
199242,0.90770326
199243,0.01102946
199246,0.09132413
199247,0.14867214
199249,0.07866975
199262,0.14521431
199263,0.02694108
199275,0.01353905
199276,0.14555353
199287,0.09561506
199298,0.04320051
199304,0.11110139
199307,0.03944183
199311,0.17075954
199316,0.01189302
199320,0.32617673
199321,0.14588938
199325,0.08533115
199326,0.23667342
199327,0.20141606
199334,0.04499726
199344,0.42299738
199345,0.10007474
199352,0.21199218
199364,0.28128960
199378,0.05271700
199379,0.08684086
199387,0.03548134
199405,0.21858308
199418,0.28543576
199424,0.11061764
199425,0.01884441
199432,0.03205095
199433,0.14170643
199442,0.18735416
199446,0.08652993
199457,0.06716110
199458,0.06264283
199477,0.07912219
199522,0.06424920
199525,0.23914257
199533,0.23097035
199536,0.07133953
199537,0.01926424
199550,0.15330049
199560,0.04419052
199564,0.52359459
199575,0.08537554
199580,0.02120700
199586,0.05744214
199597,0.07454709
199598,0.16853397
199604,0.02612735
199608,0.12346396
199609,0.24591676
199616,0.02818017
199625,0.19541267
199648,0.65766227
199650,0.04972689
199655,0.01006163
199663,0.01985486
199670,0.01866346
199673,0.10162248
199685,0.05516039
199696,0.09305485
199703,0.09378949
199704,0.07304179
199706,0.04745493
199727,0.08827226
199740,0.29945689
199746,0.47667866
199764,0.57212865
199766,0.27649463
199785,0.02847984
199786,0.03506679
199795,0.08609787
199797,0.07526991
199803,0.66245484
199804,0.29726868
199810,0.24701869
199815,0.04679625
199822,0.04705503
199824,0.04060424
199828,0.11396745
199833,0.16584446
199840,0.13784135
199844,0.07845993
199846,0.09565358
199858,0.13756565
199862,0.08658674
199865,0.19512378
199866,0.07560040
199869,0.12252712
199870,0.05403596
199871,0.04477021
199878,0.02543169
199889,0.09616342
199891,0.09462465
199898,0.01506646
199903,0.01635568
199904,0.01718097
199924,0.15223034
199950,0.01958442
199954,0.13944858
199956,0.02597160
199962,0.30035314
199965,0.80639186
199971,0.02017445
199972,0.17301551
199988,0.31383341
199995,0.56162122
199997,0.18252129
199998,0.06760799
199999,0.04848958
200011,0.11285413
200012,0.02117681
200016,0.02108449
200019,0.00762327
200030,0.05923358
200031,0.08059096
200032,0.05213731
200038,0.12941709
200043,0.03964502
200044,0.10633049
200045,0.26260149
200053,0.40199051
200057,0.05023280
200061,0.02529398
200064,0.11550938
200071,0.54635840
200084,0.32356460
200085,0.01865295
200086,0.20155799
200093,0.16930756
200095,0.16701713
200105,0.05812154
200111,0.05982797
200116,0.27660168
200125,0.40170630
200126,0.08284856
200157,0.08753056
200173,0.42285216
200181,0.16117954
200185,0.05886126
200187,0.02796018
200193,0.04609423
200200,0.18421217
200202,0.02483250
200206,0.45394906
200207,0.00856797
200216,0.00711666
200229,0.10249033
200234,0.00652214
200241,0.17203661
200244,0.02691416
200258,0.07485756
200262,0.15749348
200268,0.52922662
200277,0.12666074
200286,0.01236518
200293,0.13072370
200299,0.72899917
200306,0.06577601
200335,0.03973019
200358,0.12215965
200366,0.04096645
200367,0.01248595
200370,0.02419225
200373,0.35764495
200374,0.04327931
200383,0.06918219
200387,0.07602898
200390,0.33875617
200391,0.12125670
200421,0.53860669
200437,0.07399910
200442,0.02370195
200447,0.01232109
200460,0.06168341
200463,0.17301774
200467,0.46582989
200487,0.10767776
200488,0.06279687
200490,0.13641686
200493,0.08909033
200494,0.08729207
200501,0.14387346
200506,0.12585967
200516,0.03452455
200518,0.13139016
200520,0.21339354
200523,0.10950043
200524,0.08917303
200525,0.02400133
200534,0.05782683
200538,0.09227251
200552,0.04280379
200556,0.02389232
200557,0.20344038
200567,0.04820561
200568,0.04819071
200570,0.03711804
200572,0.27053945
200576,0.06483053
200585,0.10760419
200587,0.24912951
200588,0.23960213
200593,0.20890129
200594,0.06015921
200595,0.10851174
200603,0.57140187
200615,0.09228057
200624,0.21699114
200631,0.50801708
200632,0.02382202
200636,0.03030968
200638,0.02968192
200641,0.04809870
200650,0.07929345
200653,0.02597192
200657,0.16435980
200668,0.23668851
200669,0.04618200
200670,0.03308147
200676,0.22007564
200697,0.01594588
200710,0.15935688
200720,0.05623263
200729,0.00850407
200749,0.08296264
200753,0.23046471
200755,0.12382645
200756,0.06222365
200757,0.13947882
200768,0.06467471
200776,0.02666783
200799,0.29737779
200801,0.01987435
200810,0.16871747
200823,0.10263492
200832,0.94450928
200836,0.04734617
200838,0.01583159
200864,0.37000134
200867,0.05649662
200869,0.04594262
200873,0.18620430
200876,0.05051783
200881,0.04257568
200883,0.02345164
200890,0.10137636
200895,0.03915973
200897,0.04215756
200899,0.08597517
200900,0.05721264
200907,0.19032124
200912,0.04433359
200926,0.11159377
200930,0.19514647
200971,0.00754979
200974,0.03068153
200979,0.03438992
200998,0.19564933
201008,0.38592265
201018,0.23606320
201026,0.01425342
201043,0.04805315
201049,0.02153918
201050,0.16843794
201061,0.09540250
201062,0.01679965
201072,0.02481550
201076,0.12858325
201077,0.16269490
201081,0.22554212
201084,0.41818850
201089,0.12695844
201092,0.01428201
201109,0.06130764
201110,0.21266465
201116,0.03113196
201122,0.28527207
201135,0.20927828
201143,0.01558379
201153,0.03647756
201159,0.11412907
201165,0.01993445
201187,0.17290766
201197,0.05594695
201218,0.16230259
201219,0.16939618
201231,0.03647567
201234,0.03246489
201243,0.01732947
201246,0.22558532
201254,0.04271241
201256,0.02895978
201262,0.92059719
201263,0.08791110
201272,0.55411313
201273,0.02896887
201281,0.16517032
201290,0.02921665
201294,0.06700284
201296,0.00977386
201320,0.03378876
201332,0.04106262
201342,0.12835805
201343,0.02883770
201347,0.13787423
201350,0.04051120
201351,0.30460467
201362,0.30416419
201363,0.12231805
201368,0.18648936
201373,0.05139615
201375,0.02387274
201378,0.07048852
201386,0.09259763
201387,0.01544545
201390,0.72845785
201393,0.20359393
201409,0.04125910
201442,0.06938207
201444,0.14890837
201447,0.29882692
201451,0.02478736
201474,0.10357033
201481,0.08985569
201491,0.02027830
201498,0.07938885
201499,0.38695351
201501,0.12104853
201502,0.04143846
201516,0.07504230
201517,0.04814972
201524,0.05683922
201526,1.05584157
201528,0.01262798
201532,0.06252777
201543,0.81862941
201544,0.04736362
201546,0.26948055
201552,0.04498965
201554,0.15735325
201556,0.08252954
201557,0.04830189
201559,0.22370128
201575,0.09911548
201592,0.28280764
201593,0.20088242
201600,0.06267645
201630,0.15343724
201631,0.16102002
201635,0.02098242
201638,0.12130338
201642,0.03859333
201645,0.01434510
201660,0.02057410
201663,0.06652688
201665,0.02112921
201674,0.03203586
201675,0.04360077
201677,0.10747444
201688,0.57676986
201698,0.07409173
201706,0.02008015
201709,0.02059677
201710,0.31291783
201718,0.08152813
201720,0.23955568
201727,0.18216408
201730,0.05115416
201732,0.15906675
201733,0.03583667
201736,0.13494847
201738,0.11187353
201744,0.22182609
201747,0.24885186
201751,0.32555402
201766,0.39815227
201777,0.02759435
201778,0.06682637
201785,0.52235096
201804,0.03329867
201808,0.16590607
201813,0.48740067
201815,0.01907721
201820,0.11343637
201825,0.07078529
201830,0.03210059
201838,0.00798415
201839,0.18213796
201845,0.15121733
201849,0.00905699
201850,0.02815130
201853,0.01813423
201856,0.09143251
201873,0.14352861
201875,0.01967494
201906,0.16245912
201907,0.08160525
201908,0.08410126
201909,0.15855819
201911,0.22981652
201927,0.03053065
201928,0.03524806
201937,0.04159926
201943,0.08675128
201946,0.03819314
201948,0.02601589
201949,0.12591454
201955,0.01503686
201962,0.04061050
201977,0.02808028
201996,0.03321634
201997,0.37678977
202004,0.10567511
202005,0.04129394
202006,0.08126526
202010,0.01991790
202020,0.09156920
202029,0.49480116
202033,0.07437161
202034,0.11883414
202040,0.40883013
202045,0.01793857
202048,0.03021647
202055,0.04925342
202058,0.05159837
202062,0.04249932
202073,0.41660705
202078,0.02502842
202079,0.29902766
202080,0.08825900
202085,0.10554210
202090,0.04885717
202092,0.13296610
202114,0.04764145
202124,0.02307159
202133,0.06893693
202136,0.17480204
202150,0.02902304
202156,0.01262775
202159,0.05733087
202165,0.02635712
202167,0.21565901
202168,0.06060416
202169,0.16264948
202170,0.25979819
202204,0.04024526
202209,0.03265352
202216,0.14498642
202220,0.09893578
202228,0.05560749
202229,0.07338293
202231,0.13445228
202232,0.01290180
202234,0.53797248
202252,0.28357027
202253,0.23452600
202272,0.03421415
202273,0.10367184
202292,0.03754570
202300,0.03870305
202302,0.04364506
202311,0.01012238
202316,0.05911976
202318,0.13373065
202324,0.08623480
202343,0.27331656
202344,0.35333869
202349,0.02837106
202351,0.27053463
202355,0.01081865
202379,0.18450731
202407,0.01353789
202409,0.24981653
202410,0.03610374
202422,0.12474931
202423,0.18847323
202435,0.07114678
202437,0.39429130
202438,0.23909204
202439,0.26694470
202441,0.09664013
202444,0.01086915
202446,0.32404640
202450,0.11794971
202455,0.06821657
202457,0.01809124
202461,0.10140838
202463,0.29169637
202473,0.03450832
202478,0.10398801
202484,0.58484583
202490,0.06440994
202491,0.01966128
202492,0.28171929
202497,0.26231359
202508,0.08019739
202509,0.13924207
202510,0.03628263
202511,0.13796311
202514,0.01245193
202524,0.07767744
202527,0.17077067
202547,0.17306352
202554,0.03382903
202557,0.16619944
202568,0.63739097
202573,0.03433947
202587,0.02103927
202599,0.05698676
202610,0.16567719
202613,0.06771922
202618,0.44304882
202621,0.04940822
202645,0.08323290
202646,0.01543675
202649,0.09430226
202653,0.04031606
202655,0.09736580
202656,0.10779201
202659,0.25668475
202661,0.11554021
202681,0.07279959
202688,0.11402538
202691,0.02207829
202692,0.02509166
202697,0.55748749
202698,0.26405722
202717,0.11420321
202720,0.23385216
202724,0.10382415
202725,0.30293678
202734,0.26448257
202740,0.02612292
202743,0.03690334
202746,0.01666385
202760,0.05673842
202761,0.04053172
202765,0.05046817
202769,0.10487464
202785,0.11402273
202793,0.15452191
202796,0.10847384
202805,0.00629146
202816,0.10875728
202823,0.27929635
202825,0.10798126
202829,0.01782353
202830,0.29489638
202848,0.09556010
202861,0.21249467
202862,0.16698471
202863,0.03762288
202879,0.10674148
202889,0.02365520
202894,0.20428630
202895,0.09881809
202897,0.02968816
202899,0.05987591
202900,0.13229852
202907,0.03234730
202927,0.10249107
202945,0.03820860
202951,0.08775094
202955,0.05642801
202960,0.03917990
202967,0.07088735
202972,0.07660009
202982,0.16634804
202993,0.02134938
202996,0.04961945
202998,0.04257949
203008,0.03554457
203026,0.16057373
203038,0.21202013
203044,0.05147748
203054,0.02751630
203070,0.36981933
203075,0.03913794
203082,0.07671218
203089,0.08812627
203090,0.04412050
203098,0.33691648
203108,0.06191838
203109,0.02335796
203113,0.05163422
203123,0.05741150
203124,0.01160319
203128,0.15345856
203129,0.67051675
203131,0.37126260
203142,0.08952228
203154,0.13017430
203175,0.05836027
203176,0.50390695
203183,0.05032908
203185,0.02720943
203195,0.10383754
203201,0.07550386
203205,0.27855923
203218,0.05119070
203241,0.04071319
203244,0.24138315
203245,0.03825995
203253,0.65378942
203259,0.06942584
203264,0.90729390
203276,0.07452907
203283,0.11156264
203286,0.01328047
203288,0.04877614
203290,0.04554211
203298,0.18412744
203300,0.13205585
203312,0.10495241
203318,0.07004758
203331,0.13514207
203337,0.01118508
203339,0.05183674
203344,0.02506271
203348,0.11095924
203349,0.01417026
203350,0.06671356
203358,0.53393947
203366,0.05184094
203371,0.03831553
203377,0.24780225
203399,0.09785988
203402,0.03944981
203407,0.26875376
203410,0.11187626
203421,0.15546068
203428,0.07633076
203431,0.25521566
203433,0.60331907
203459,0.02023197
203460,0.54164397
203462,0.31562050
203470,0.03326382
203475,0.54331998
203476,0.05734539
203496,0.50630047
203518,0.01915577
203547,0.07031794
203549,0.04999736
203550,0.04506715
203552,0.01582676
203561,0.10242248
203564,0.10247317
203567,0.07892151
203575,0.07855230
203590,0.09576187
203591,0.01913697
203605,0.06934777
203606,0.04971587
203640,0.09580277
203643,1.12882623
203647,0.26226746
203648,0.03321514
203669,0.03404526
203671,0.01204045
203692,0.03127867
203695,0.16593616
203706,0.04194124
203713,0.07946237
203730,0.02617728
203736,0.03328404
203745,0.47847029
203751,0.11117954
203753,0.03667721
203755,0.04406400
203762,0.12119379
203769,0.01589943
203774,0.01961419
203796,0.04081486
203799,0.04953541
203806,0.02347216
203807,0.17762686
203810,0.05429960
203816,0.23335817
203821,0.86308722
203822,0.04364262
203850,0.10786220
203854,0.02558549
203862,0.09548880
203868,0.07642759
203869,0.05782610
203870,0.03329078
203876,0.06001745
203878,0.05785799
203889,0.02932453
203897,0.01976432
203905,0.40949809
203914,0.13622512
203915,0.06381938
203950,0.15730625
203956,0.05611037
203957,0.06107279
203973,0.17171942
203975,0.02223291
203980,0.08015337
203997,0.08637211
204001,0.12083309
204008,0.06722609
204017,0.05397030
204020,0.10492976
204021,0.09960088
204026,0.11382827
204027,0.02175917
204043,0.02328124
204047,0.09953147
204055,0.04628947
204059,0.03945061
204060,0.16292950
204061,0.03548763
204073,0.07576440
204076,0.25901943
204086,0.21074476
204088,0.03889323
204102,0.34707200
204116,0.18857237
204117,0.09228044
204121,0.12159546
204129,0.01259146
204139,0.47835185
204148,0.02741870
204149,0.09857646
204175,0.01832080
204181,0.38667172
204183,0.01826540
204187,0.06878188
204193,0.25969042
204194,0.16100756
204195,0.04135412
204196,0.24878723
204202,0.06492519
204206,0.02220187
204207,0.25289483
204214,0.04910721
204222,0.08807867
204226,0.03057579
204227,0.16480408
204228,0.21501017
204231,0.37528317
204232,0.57035960
204235,0.83935523
204237,0.01107457
204239,0.01906566
204242,0.06455795
204254,0.08790717
204255,0.14597603
204259,0.05566094
204268,0.05534501
204280,0.05994228
204282,0.11814361
204307,0.01816690
204314,0.07634944
204318,0.04851259
204321,0.05861518
204330,0.04881650
204335,0.14614942
204339,0.59527351
204344,0.04006927
204350,0.38110273
204371,0.01737960
204372,0.06032052
204374,0.12467720
204383,0.06712506
204392,0.35264354
204403,0.00994145
204409,0.02554485
204416,0.08134593
204417,0.05403096
204437,0.16974379
204440,0.01716644
204445,0.01365606
204446,0.14449331
204449,0.63563044
204468,0.08161385
204504,0.05415172
204506,0.02048952
204536,0.03206897
204539,0.28041510
204601,0.03407545
204614,0.15220669
204616,0.31238744
204618,0.15474007
204623,0.07470021
204630,0.13745161
204636,0.22902371
204639,0.01873029
204642,0.05846449
204644,0.02906509
204648,0.03021990
204662,0.04217359
204673,0.03325873
204674,0.11239617
204681,0.00875678
204682,0.03028287
204683,0.44120365
204689,0.14396933
204690,0.12614576
204707,0.10778086
204728,0.10371317
204736,0.56890174
204740,0.03918744
204749,0.06169139
204756,0.06391627
204771,0.01464530
204778,0.05354660
204808,0.03602172
204822,0.35507765
204827,0.30738331
204831,0.22538394
204836,0.04227780
204837,0.00813829
204843,0.04786072
204846,0.02269872
204847,0.01025850
204850,0.08124575
204852,0.01532505
204854,0.07559090
204856,0.51119188
204857,0.21009560
204863,0.06605315
204870,0.02283599
204885,0.17920744
204895,0.13377860
204905,0.06671552
204911,0.12430184
204927,0.11003440
204929,0.09444106
204941,0.11352570
204959,0.11645588
204962,0.18343880
204965,0.70227746
204970,0.40272908
204971,0.03821822
204972,0.15731896
205000,0.13796201
205011,0.04776405
205013,0.01912065
205014,0.58805294
205019,0.02320477
205043,0.08534840
205045,0.07908663
205054,0.02881111
205066,0.08836393
205069,0.29570811
205070,0.03284611
205071,0.19142083
205073,0.08210660
205077,0.10378951
205078,0.03303303
205088,0.02914446
205104,0.10094675
205107,0.01831955
205117,0.02894659
205118,0.02336420
205128,0.28621467
205134,0.02488476
205140,0.03265850
205141,0.52829608
205142,0.00960174
205153,0.63623891
205158,0.04638561
205169,0.02358739
205170,0.11640657
205183,0.05864391
205184,0.02853977
205197,0.03394251
205199,0.08702017
205204,0.01010382
205208,0.05172035
205209,0.01256615
205210,0.15226305
205216,0.07976088
205219,0.26851375
205222,0.11934978
205225,0.02865046
205235,0.11267186
205236,0.05969969
205241,0.00996991
205244,0.04486695
205251,0.38093597
205252,0.32946922
205258,0.02714901
205262,0.09199291
205264,0.02408221
205274,0.68893489
205277,0.08396295
205281,0.03094441
205306,0.02642848
205307,0.09366902
205323,0.04560365
205336,0.46775860
205337,0.55851882
205360,0.38323355
205363,0.04791818
205365,0.01739110
205367,0.32809048
205368,0.02459771
205375,0.01772623
205403,0.08074632
205411,0.06808369
205415,0.04333548
205429,0.13927786
205434,0.16528985
205445,0.05342656
205463,0.28055526
205471,0.04784469
205472,0.33585252
205479,0.22416947
205480,0.05136657
205493,0.18910938
205503,0.21153896
205508,0.06572664
205524,0.23688859
205525,0.06014938
205526,0.01894139
205533,0.03222828
205542,0.01482481
205545,0.05233404
205552,0.02791060
205561,0.07665284
205563,0.03561974
205564,0.14872857
205565,0.02680774
205566,0.02664108
205569,0.06592256
205579,0.05594211
205585,0.18711695
205587,0.01260305
205588,0.05153940
205591,0.03791401
205594,0.46782509
205600,0.16432716
205608,0.05865960
205613,0.04921489
205618,0.13902618
205619,0.01150155
205623,0.00820293
205627,0.45387894
205628,0.34958839
205635,0.01568855
205638,0.04582436
205640,0.21149898
205641,0.51109364
205642,0.50747706
205643,0.02381316
205646,0.10943762
205655,0.07544850
205672,0.05726302
205678,0.06252050
205681,0.06843067
205682,0.04165833
205690,0.01252288
205693,0.04646643
205695,0.05594301
205724,0.01940462
205738,0.02903467
205741,0.07179154
205744,0.03544563
205750,0.03804952
205751,0.10789204
205752,0.03054128
205766,0.04525583
205773,0.13943857
205775,0.10932143
205776,0.03165019
205789,0.59332156
205793,0.08600632
205797,0.01824878
205798,0.04045435
205802,0.01266399
205806,0.09571521
205807,0.01970096
205815,0.05226925
205819,0.03428638
205821,0.04897281
205822,0.10489127
205831,0.13627192
205832,0.05914604
205836,0.03189307
205843,0.13240946
205862,0.04783348
205863,0.03098714
205866,0.14176485
205873,0.07775048
205877,0.10630993
205879,0.11990620
205880,0.02214867
205886,0.14600600
205898,0.07381592
205903,0.04734204
205907,0.11705606
205908,0.11247247
205909,0.03857403
205930,0.01324861
205931,0.01977297
205932,0.06355822
205951,0.02490643
205957,1.06341650
205960,0.02634122
205987,0.08787965
205994,0.54323107
205995,0.05333579
206006,0.02492190
206007,0.03128231
206013,0.02019973
206020,0.02388765
206030,0.01514884
206035,0.00927119
206038,0.00974455
206039,0.18190442
206061,0.04028170
206066,0.07566269
206068,0.18029696
206071,0.27746089
206076,0.11569824
206077,0.11463218
206091,0.13935232
206097,0.09993362
206101,0.05297368
206145,0.29744971
206147,0.04185443
206163,0.04661838
206171,0.03806274
206173,0.34240985
206174,0.68823399
206197,0.07036183
206198,0.13483703
206209,0.14495752
206211,0.16190366
206213,0.04094968
206246,0.43494532
206252,0.11041907
206253,0.25660193
206254,0.12811252
206257,0.10512851
206270,0.06316708
206283,0.01661175
206290,0.05972492
206291,0.05627481
206292,0.39279068
206307,0.12877273
206315,0.04384134
206319,0.25941506
206324,0.43032529
206326,0.29215416
206338,0.12452174
206339,0.05011259
206354,0.03183534
206359,0.04031893
206374,0.24182487
206377,0.02468382
206395,0.36828959
206403,0.04557684
206410,0.24791238
206413,0.07133459
206414,0.02046879
206418,0.20589866
206424,0.11772243
206427,0.09485043
206428,0.08541278
206429,0.20409976
206430,0.02573943
206447,0.03267298
206451,0.08241720
206465,0.35250922
206477,0.26822580
206484,0.06119610
206497,0.01323971
206517,0.06001016
206533,0.05062981
206542,0.15965738
206557,0.16770219
206563,0.03825486
206564,0.12631177
206565,0.03204982
206582,0.15158305
206593,0.34966200
206605,0.53597398
206606,0.05461984
206621,0.06284618
206639,0.02624700
206640,0.08048055
206641,0.02504549
206645,0.05581080
206656,0.18619419
206666,0.09408805
206679,0.15890526
206681,0.03466950
206684,0.17220281
206686,0.02455145
206687,0.03903329
206697,0.05567022
206700,0.09240906
206702,0.11481511
206703,0.03042743
206708,0.02505932
206710,0.05691104
206721,0.09901361
206723,0.10877394
206735,0.15251990
206739,0.25697765
206742,0.06538615
206744,0.25271834
206747,0.41152681
206752,0.02074689
206774,0.05318648
206776,0.43316029
206792,0.02176436
206799,0.22380853
206805,0.06405486
206806,0.24661771
206809,0.14025508
206812,0.07751067
206814,0.02004423
206830,0.03908772
206831,0.01287121
206878,0.31679617
206905,0.06773180
206908,0.15765896
206910,0.05163629
206917,0.04164822
206920,0.22411507
206927,0.06516523
206933,0.08439152
206945,0.08160823
206968,0.04463356
206987,0.11891500
206989,0.00892925
207017,0.60502902
207027,0.02774596
207029,0.13983149
207030,0.35182187
207035,0.12379645
207040,0.16151741
207043,0.27132305
207054,0.29935961
207055,0.03108894
207059,0.03652340
207060,0.01157858
207062,0.01550111
207071,0.13215487
207073,0.46935161
207079,0.07064924
207100,0.05282297
207107,0.05972017
207129,0.07660541
207132,0.34850719
207139,0.09274543
207148,0.09396690
207153,0.04692523
207163,0.14775874
207164,0.01599008
207168,0.04792172
207171,0.00844649
207173,0.26565401
207174,0.02554426
207181,0.05882527
207182,0.15527334
207198,0.17509916
207201,0.02134581
207213,0.11386680
207234,0.08847096
207238,0.05369819
207256,0.03736288
207257,0.32593321
207264,0.43913126
207268,0.43218968
207275,0.08148537
207291,0.08451836
207296,0.03976037
207304,0.14910062
207308,0.02391895
207314,0.14003838
207324,0.18043792
207332,0.04323234
207333,0.26023520
207339,0.06243811
207349,0.01431148
207351,0.12875818
207359,0.14426492
207361,0.02042288
207365,0.02469703
207369,0.02512176
207372,0.04379375
207377,0.13100227
207380,0.01806016
207394,0.04991343
207412,0.15889147
207423,0.05321873
207426,0.02771940
207427,0.24050294
207428,0.15918361
207430,0.81012851
207437,0.07564569
207440,0.18898735
207455,0.03491487
207456,0.04973472
207471,0.09823469
207476,0.02117380
207483,0.02019847
207497,0.05576975
207506,0.04287623
207515,0.49971599
207529,0.08657315
207533,0.07774535
207534,0.01501784
207541,0.15734610
207560,0.02892255
207561,0.29769601
207570,0.06193975
207600,0.03496770
207630,0.39866322
207633,0.78637288
207634,0.00901463
207635,0.02951339
207660,0.02016739
207682,0.01464083
207684,0.33344864
207687,0.06994900
207706,0.23090591
207708,0.05946806
207713,0.11350691
207714,0.05132339
207718,0.01529312
207721,0.02165212
207724,0.12857826
207727,0.05518065
207731,0.04037191
207732,0.08956957
207734,0.04695641
207739,0.09251075
207744,0.24350035
207787,0.23082370
207792,0.08548440
207801,0.06615862
207811,0.21953038
207817,0.32355005
207818,0.15175530
207819,0.07734019
207830,0.06704881
207834,0.07167956
207841,0.43921471
207844,0.29241588
207849,0.31097410
207856,0.01702078
207865,0.02572229
207867,0.25916988
207873,0.27108314
207882,0.14125490
207887,0.03487756
207888,0.05156473
207889,0.02454067
207907,0.02645232
207921,0.48375048
207922,0.03569294
207928,0.13741091
207930,0.17675515
207940,0.01862922
207941,0.10553393
207956,0.09846463
207960,0.01994242
207961,0.16210290
207968,0.04917855
207971,0.11986020
207972,0.23310976
207975,0.07826217
207976,0.06267931
207979,0.37636158
207997,0.11117923
207999,0.42186204
208008,0.06409333
208027,0.36476945
208030,0.02991302
208033,0.98900644
208035,0.10344721
208040,0.04374304
208052,0.08396213
208067,0.01307616
208090,0.05704357
208100,0.03859030
208102,0.01848763
208110,0.09261910
208117,0.02421504
208119,0.07573611
208123,0.25053699
208127,1.11550408
208136,0.02280835
208139,0.00898491
208140,0.06219399
208144,0.16753489
208149,0.02209236
208156,0.22631287
208166,0.18823564
208168,0.05438584
208170,0.36014130
208172,0.23047507
208178,0.05470328
208193,0.04359549
208195,0.02529747
208211,0.04132627
208213,0.05558588
208229,0.08017753
208231,0.16902399
208235,0.00872750
208238,0.21029178
208240,0.14828414
208249,0.02428969
208262,0.10138648
208263,0.12475591
208270,0.09290103
208288,0.04147438
208292,0.07975167
208302,0.02792807
208303,0.29195143
208312,0.01422382
208317,0.02001054
208322,0.13724005
208331,0.06944664
208336,0.14472588
208337,0.28458917
208339,0.18589709
208346,0.35699804
208353,0.08639343
208358,0.02156453
208359,0.09655547
208360,0.05216977
208370,0.10125618
208373,0.01400985
208390,0.03742184
208391,0.27256000
208394,0.10764108
208396,0.05076580
208397,0.04193691
208398,0.32429992
208400,0.10675240
208410,0.06072398
208420,0.04143232
208421,0.41280306
208431,0.39853350
208450,0.13412190
208451,0.47809853
208455,0.13399561
208478,0.10584848
208479,0.04827736
208482,0.04378381
208502,0.22757823
208516,0.03025640
208518,0.02010374
208534,0.12224463
208550,0.01514281
208551,0.02042342
208566,0.05428527
208567,0.06085853
208575,0.09954421
208576,0.02524248
208588,0.04731631
208590,0.30333150
208595,0.01530196
208619,0.03908813
208620,0.08472440
208627,0.29076524
208629,0.07923180
208642,0.02948380
208645,0.03155435
208661,0.01651220
208662,0.00476699
208679,0.01655874
208681,0.04644332
208689,0.27386723
208696,0.05814278
208701,0.04525879
208707,0.15969672
208719,0.04925314
208720,0.16217084
208730,0.10083457
208748,0.01830464
208753,0.19593274
208755,0.11582234
208769,0.04598348
208775,0.09833432
208785,0.02629003
208796,0.02977367
208806,0.03539670
208815,0.18942737
208830,0.06239951
208833,0.20726803
208837,0.03995918
208842,0.02251610
208860,0.03397351
208874,0.10725436
208886,0.04073409
208897,0.05079551
208898,0.16146255
208905,0.24140906
208907,0.05681173
208924,0.14827336
208925,0.17996851
208933,0.05951535
208941,0.07988639
208948,0.02002024
208960,0.02592614
208962,0.08360196
208963,0.03905591
208965,0.03204054
208973,0.03094534
208974,0.06284884
208986,0.04569539
208992,0.02587396
208995,0.17381199
209001,0.02978669
209006,0.15118322
209012,0.04065569
209022,0.10108852
209055,0.19956359
209056,0.17783602
209057,0.07312274
209060,0.04479147
209067,0.02047798
209071,0.12561776
209078,0.04068051
209080,0.05493281
209094,0.04783220
209097,0.01708044
209098,0.18998578
209101,0.05204565
209108,0.04073632
209109,0.03781911
209111,0.01533789
209116,0.42192429
209117,0.97965514
209121,0.02340480
209126,0.02233536
209127,0.04924921
209141,0.04306241
209142,0.08578124
209159,0.02413601
209164,0.34592545
209168,0.62194035
209177,0.26818821
209197,0.15417670
209202,0.26824454
209209,0.01568594
209211,0.06193969
209233,0.07130407
209234,0.05620415
209253,0.06145763
209260,0.09686070
209263,0.07496041
209268,0.10346628
209275,0.10034646
209288,0.24356798
209298,0.35400695
209305,0.12459609
209326,0.15824608
209340,0.10331000
209352,0.72937232
209362,0.07729651
209367,0.08248101
209369,0.04627963
209377,0.03310214
209387,0.06896784
209392,0.06071293
209393,0.02518164
209420,0.01758851
209423,0.37282115
209457,0.12860044
209458,0.28034599
209470,0.11759809
209479,0.17863911
209483,0.17733847
209488,0.48807875
209489,0.03427238
209497,0.03723605
209504,0.04135474
209510,0.11610493
209513,0.03815734
209547,0.03611768
209549,0.03996868
209556,0.06055828
209561,0.45068011
209565,0.34142689
209591,0.14097508
209595,0.14917174
209596,0.41663504
209608,0.14137302
209628,0.07933850
209643,0.16702214
209645,0.99639757
209651,0.05188082
209659,0.08695581
209660,0.06204171
209661,0.38612756
209665,0.11880704
209682,0.02107895
209687,0.22157264
209689,0.05600652
209699,0.11787468
209705,0.13628667
209707,0.05091381
209713,0.09563872
209717,0.06881419
209718,0.19446116
209723,0.25851812
209727,0.02129243
209729,0.06061399
209739,0.02000836
209741,0.19766204
209744,0.18403491
209748,0.41400978
209749,0.04630813
209758,0.01535341
209761,0.09706166
209764,0.16174472
209772,0.05102056
209773,0.56953725
209794,0.05229861
209795,0.14839090
209814,0.06358933
209828,0.12264158
209838,0.03051670
209839,0.20199006
209845,1.00204030
209855,0.02515127
209862,0.07443196
209869,0.23338642
209872,0.09334984
209879,0.41204042
209881,0.09041362
209882,0.68911729
209893,0.59985783
209913,0.08419916
209918,0.09400005
209920,0.55070031
209921,0.05194784
209929,0.25821973
209943,0.21579142
209957,0.02923370
209960,0.09763664
209962,0.06177850
209969,0.12218582
209980,0.06611717
209986,0.04364403
209989,0.15490151
209990,0.06197795
209991,0.02574684
210007,0.09203406
210016,0.06758178
210018,0.08146163
210019,0.03750546
210020,0.01099485
210036,0.01836852
210050,0.11801314
210080,0.02523602
210084,0.02265406
210089,0.53525208
210104,0.23128191
210129,0.07613364
210135,0.03889815
210137,0.09361000
210140,0.20867650
210145,0.02372490
210146,0.05722304
210147,0.12992529
210152,0.01778435
210157,0.08030828
210158,0.04738537
210164,0.08099903
210170,0.09628324
210171,0.05234231
210173,0.50575327
210174,0.28285492
210176,0.33728486
210190,0.01885622
210191,0.44460294
210195,0.43066352
210196,0.07050395
210201,0.02265277
210211,0.14236102
210231,0.02813862
210239,0.22887515
210241,0.11212354
210242,0.04107572
210255,0.23117102
210278,0.07318031
210283,0.01239100
210284,0.08257658
210304,0.02469611
210307,0.04190261
210330,0.14959649
210332,0.07539715
210350,0.47287269
210379,0.02022569
210385,0.06475977
210401,0.05543396
210405,0.07483034
210413,0.33022151
210414,0.23667735
210415,0.33088527
210419,0.13253970
210429,0.06336538
210467,0.24280232
210481,0.04894554
210482,0.02333530
210492,0.04010042
210502,0.56259303
210523,0.04656437
210525,0.19150291
210529,0.14239656
210538,0.00818677
210543,0.03488302
210549,0.17682778
210551,0.13083628
210555,0.44869035
210558,0.16729659
210591,0.13739089
210597,0.30253281
210599,0.05648928
210610,0.03760732
210616,0.33291788
210618,0.05498082
210622,0.51193321
210639,0.07548072
210645,0.03693635
210650,0.03146911
210672,0.01522809
210676,0.05377233
210683,0.13104431
210697,0.71538087
210701,0.05806050
210706,0.13002784
210712,0.15404356
210717,0.06719509
210728,0.31252468
210729,0.04892230
210730,0.22243418
210731,0.08725724
210733,0.19679423
210735,0.08017001
210742,0.04179428
210748,0.02173159
210749,0.12258894
210758,0.11015585
210767,0.27084836
210769,0.10261903
210777,0.24352877
210789,0.01420055
210791,0.04945795
210794,0.01243874
210811,0.15283603
210814,0.01752059
210821,0.06680264
210833,0.07620887
210835,0.01595480
210859,0.03273732
210862,0.08588913
210870,0.04881639
210886,0.01580987
210893,0.07508652
210901,0.02855036
210906,0.22561603
210913,0.11667511
210953,0.08529161
210961,0.03825499
210962,0.45893051
210966,0.06494651
210983,0.21073269
211000,0.54425611
211025,0.15105474
211036,0.03516676
211043,0.23283852
211062,0.37152174
211076,0.04185194
211085,0.10326304
211096,0.04680920
211097,0.33366839
211098,0.40215148
211103,0.01724406
211108,0.16968439
211131,0.04059429
211135,0.30103118
211139,0.03957148
211146,0.03980450
211150,0.01022005
211158,0.06965944
211170,0.40412482
211177,0.12800989
211183,0.35560780
211187,0.24075083
211191,0.04404825
211194,0.31687462
211196,0.10196315
211203,0.02406552
211209,0.37584316
211210,0.30663418
211211,0.18950821
211232,0.07681164
211244,0.47875164
211263,0.02545228
211264,0.09837445
211270,0.04351128
211278,0.00835021
211292,0.01763802
211293,0.09315019
211295,0.06516131
211296,0.31559989
211308,0.09010723
211310,0.10862052
211312,0.17784648
211325,0.03286692
211326,0.07535087
211330,0.11801931
211333,0.02507279
211341,0.06760191
211342,0.02351065
211350,0.04837448
211355,0.36869212
211357,0.33527440
211358,0.19569300
211362,0.04258589
211377,0.02465352
211378,0.73537729
211379,0.17553612
211384,0.11839444
211395,0.36808713
211398,0.02047845
211399,0.02658667
211417,0.09091298
211419,0.36589618
211420,0.06058957
211439,0.14424471
211442,0.02401286
211451,0.02688697
211457,0.14756001
211469,0.09486253
211483,0.04712226
211505,0.23737712
211508,0.08040016
211509,0.21991043
211510,0.15593158
211526,0.13909645
211547,0.04475002
211548,0.06393003
211550,0.02576379
211551,0.06207040
211553,0.77082660
211562,0.17834632
211563,0.04767703
211564,0.28950907
211565,0.21636617
211571,1.13228991
211572,0.89699016
211577,0.16112618
211580,0.11505515
211609,0.02048110
211625,0.06337794
211635,0.69648076
211646,0.10242030
211660,0.05878703
211670,0.16152021
211672,0.04469645
211688,0.08649241
211694,0.01014543
211696,0.09324503
211711,0.26774965
211718,0.05644442
211732,0.02691758
211735,0.03455782
211736,0.12995256
211740,0.10549445
211741,0.09031839
211746,0.02210951
211751,0.02886276
211754,0.24897455
211770,0.03699530
211771,0.11230020
211787,0.91646770
211788,0.10568257
211802,0.06793299
211804,0.02404426
211810,0.15576631
211832,0.14280329
211839,0.16551865
211860,0.06032414
211863,0.56942939
211866,0.01469463
211869,0.08402530
211872,0.05830448
211894,0.07984784
211901,0.07782370
211902,0.47859924
211903,0.26234828
211946,0.04192719
211950,0.08165090
211959,0.17281847
211964,0.12184749
211965,0.04607056
211979,0.02530529
211983,0.29743779
211986,0.06179748
211987,0.04049407
211988,0.07736986
211999,0.02962009
212002,0.03978604
212004,0.04170888
212009,0.18060999
212015,0.08905252
212023,0.03583996
212048,0.07578310
212055,0.05970910
212067,0.01718127
212079,0.01439488
212080,0.08412245
212083,0.03160750
212085,0.27733558
212088,0.08625917
212089,0.10449017
212092,0.03434136
212097,0.11562463
212124,0.05261222
212132,0.02644192
212136,0.10302527
212144,0.06818298
212145,0.12387627
212167,0.06376167
212174,0.45228160
212175,0.04209064
212187,0.47141196
212191,0.28896862
212194,0.25957002
212238,0.05640750
212242,0.04961211
212245,0.16725754
212258,0.02596562
212262,0.04988501
212277,0.01558040
212283,0.04374306
212287,0.06892388
212288,0.16677889
212289,0.09665342
212293,0.10612107
212296,0.37747384
212300,0.30596720
212303,0.41089129
212326,0.07474603
212327,0.10951037
212328,0.01119136
212329,0.06426037
212339,0.10625021
212340,0.07346148
212343,0.02427112
212360,0.02699754
212389,0.06698392
212401,0.13490178
212407,0.01191159
212409,0.15389014
212422,0.10562429
212424,0.43334405
212440,0.03987907
212441,0.42870402
212443,0.02594496
212448,0.05735733
212472,0.26232874
212478,0.05949741
212481,0.05567771
212493,0.20480966
212508,0.10177918
212511,0.02018299
212525,0.06307429
212531,0.17964752
212533,0.00854107
212555,0.02687342
212592,0.09448505
212610,0.05917748
212621,0.17892144
212629,0.18436643
212635,0.07698636
212636,0.01688320
212637,0.05179981
212643,0.05811285
212648,0.05124820
212654,0.61292290
212655,0.44666065
212660,0.05469678
212661,0.09941709
212664,0.16203678
212669,0.02046484
212670,0.05142519
212674,0.36923471
212676,0.88397794
212690,0.09558735
212691,0.09115500
212696,0.04033380
212710,0.40369770
212712,0.00979706
212716,0.07103685
212718,0.06978543
212720,0.10433507
212723,0.02434056
212730,0.03043452
212740,0.04626544
212747,0.08562120
212763,0.06235396
212773,0.02156872
212775,0.08248565
212776,0.08868075
212777,0.45380242
212781,0.26455871
212782,0.47949863
212785,0.01742385
212786,0.13340406
212795,0.01820933
212800,0.14250614
212818,0.12563610
212834,0.11974796
212837,0.09991161
212841,0.04232702
212842,0.03945516
212847,0.18198694
212848,0.03222118
212851,0.07185164
212865,0.01253798
212866,0.01964875
212874,0.10657193
212880,0.08170853
212894,0.09282434
212897,0.07201807
212912,0.17946674
212913,0.02178250
212916,0.03886125
212917,0.04318855
212933,0.09655388
212935,0.05827906
212936,0.06067280
212950,0.31347406
212957,0.05372954
212958,0.07875105
212961,0.11185003
212962,0.02132166
212963,0.29568286
212964,0.51343868
212968,0.17549631
212969,0.09393357
212976,0.03664834
212978,0.06130172
212983,0.09004586
212993,0.21846936
213004,0.02085818
213008,0.02100521
213014,0.01423095
213018,0.06006760
213021,0.07754374
213024,0.10558492
213045,0.05502882
213054,0.03442701
213059,0.35098028
213076,0.06046806
213095,0.12917000
213096,0.09439977
213100,0.01833204
213101,0.17075378
213109,0.05302278
213111,0.01984517
213116,0.01343497
213133,0.50887818
213140,0.14573102
213141,0.07268856
213143,0.37947208
213150,0.01434446
213152,0.04493402
213158,0.03287293
213159,0.03944752
213166,0.05968016
213167,0.73766430
213170,0.47095485
213178,0.25299702
213179,0.01807284
213189,0.13031182
213196,0.11276351
213201,0.01731753
213203,0.04749165
213204,0.05744816
213205,0.05122757
213206,0.08980488
213207,0.24201442
213208,0.03011666
213212,0.02517720
213214,0.01874658
213220,0.02874967
213240,0.03487207
213244,0.03227410
213263,0.67591697
213264,0.05898823
213265,0.04391747
213270,0.04793853
213283,0.08465835
213287,0.08472461
213292,0.19728791
213295,0.20568532
213299,0.48087305
213303,0.14839856
213307,0.08982274
213308,0.04853058
213312,0.14467502
213313,0.05046537
213316,0.02350008
213317,0.11622496
213338,0.08918217
213357,0.09961667
213368,0.46682589
213374,0.09739171
213375,0.05424946
213386,0.23677292
213390,0.04294191
213393,0.03401611
213401,0.04336161
213423,0.13134329
213430,0.01854410
213431,0.08659380
213447,0.03177145
213465,0.10612737
213468,0.05309292
213473,0.30800219
213475,0.08065664
213476,0.03378942
213482,0.01540857
213493,0.10245455
213531,0.16353087
213534,0.06723905
213542,0.10645707
213546,0.08460484
213569,0.10370961
213570,0.08829574
213588,0.02587906
213591,0.05879921
213595,0.03755719
213597,0.04793112
213598,0.07125553
213604,0.06653845
213622,0.07389224
213623,0.66600005
213633,0.03816777
213639,0.02034327
213641,0.02829231
213649,0.09219174
213671,0.11256248
213675,0.04486785
213679,0.11129350
213680,0.07826147
213684,0.22189551
213685,0.01675903
213689,0.01873334
213691,0.39599109
213693,0.04741210
213712,0.02379305
213717,0.02864326
213734,0.25982777
213739,0.46022284
213765,0.14063959
213775,0.06767056
213776,0.49260776
213804,0.85308255
213808,0.06156796
213818,0.29735398
213821,0.07403640
213829,0.04940626
213836,0.11271478
213838,0.07398680
213843,0.03089760
213854,0.06345981
213859,0.36072797
213862,0.85469650
213874,0.20583859
213878,0.31185584
213886,0.01143660
213888,0.04052402
213892,0.06592110
213910,0.03943960
213921,0.15528470
213926,0.13922510
213928,0.03464986
213935,0.02195807
213949,0.10137548
213957,0.29283468
213959,0.03694063
213967,0.08671670
213974,0.03087975
213975,0.07306428
213983,0.08171826
213984,0.00675823
213998,0.10200796
214004,0.04137629
214006,0.04699300
214008,0.05897256
214014,0.02103630
214015,0.11057233
214034,0.02749466
214059,0.09611032
214067,0.01929293
214077,0.04895193
214078,0.05702662
214079,0.15667700
214085,0.10925035
214088,0.37073378
214099,0.08394116
214138,0.03855511
214141,0.02682429
214152,0.06734382
214154,0.04104149
214155,0.06085083
214177,0.11527152
214188,0.05722362
214192,0.12519029
214207,0.12875423
214217,0.08812329
214219,0.10997706
214228,0.14705746
214229,0.45837760
214233,0.12145623
214236,0.14271405
214242,0.02481485
214249,0.01093745
214263,0.04763102
214264,0.03454268
214265,0.18768305
214268,0.04146967
214281,0.04168563
214282,0.05925756
214295,0.07609620
214311,0.04798656
214315,0.08142079
214325,0.08857769
214334,0.11694246
214336,0.05724689
214337,0.04378361
214342,0.36138171
214344,0.08648713
214349,0.06756926
214355,0.02976656
214356,0.05975227
214358,0.05289164
214363,0.05495752
214364,0.02306487
214371,0.11905201
214377,0.74740307
214379,0.11060896
214383,0.11263813
214406,0.00749408
214407,0.11134979
214411,0.15685900
214415,0.16390503
214418,0.28510742
214419,0.06308744
214421,0.01261498
214430,0.02959486
214436,0.04949062
214463,0.19510221
214472,0.14418761
214474,0.28959187
214476,0.07242968
214478,0.04630099
214481,0.18471410
214484,0.02078753
214488,0.15303429
214491,0.18961454
214505,0.06264737
214507,0.09739054
214510,0.16735783
214518,0.09083865
214523,0.50571622
214539,0.05198560
214542,0.04395969
214544,0.10614560
214553,0.06323612
214554,0.11419641
214561,0.07826405
214563,0.07327295
214566,0.02110126
214581,0.02621578
214587,0.01732839
214588,0.05768168
214589,0.14609304
214593,0.14554556
214620,0.19127026
214630,0.07515903
214643,0.08618279
214644,0.21951837
214647,0.03698618
214654,0.02763450
214657,0.05371177
214658,0.04276010
214662,0.07406926
214666,0.12304810
214680,0.04276490
214685,0.09676521
214693,0.02183436
214701,0.08969161
214705,0.05249724
214706,0.12672863
214719,0.07928631
214721,1.05060901
214724,0.06760707
214741,0.14320961
214769,0.16215267
214777,0.01086089
214780,0.04615545
214786,0.03064878
214789,0.06563652
214797,0.08384067
214804,0.05809222
214808,0.35178710
214810,0.80085756
214828,0.25739766
214830,0.03577728
214835,0.18752894
214844,0.07181491
214859,0.70400454
214861,0.05806300
214863,0.05113255
214887,0.03386650
214898,0.02515305
214906,0.03442037
214913,0.04463996
214915,0.08962377
214937,0.03609721
214944,0.47434072
214948,0.16220326
214970,0.17426986
214976,0.11457180
214999,0.23667137
215000,0.42070154
215016,0.01509173
215024,0.01007262
215029,0.86148559
215033,0.94369920
215037,0.43454054
215054,0.03345533
215057,0.46225944
215064,0.10161986
215074,0.05037312
215077,0.12465701
215082,0.02321489
215096,0.04297219
215101,0.03888618
215103,0.03338701
215109,0.22400423
215124,0.14356212
215142,0.27947455
215143,0.02979120
215145,0.03916246
215157,0.03301835
215159,0.01145033
215161,0.41668714
215166,0.07020378
215177,0.15445992
215186,0.04992090
215194,0.28969346
215196,0.12381371
215204,0.25240736
215211,0.06171502
215230,0.21285302
215241,0.01876052
215256,0.22700337
215257,0.11565681
215266,0.22459059
215267,0.01944060
215268,0.01148009
215278,0.17985260
215280,0.84059398
215318,0.32159479
215326,0.03795216
215331,0.15523762
215337,0.02341560
215344,0.06844411
215346,0.07945369
215348,0.21114796
215351,0.02402147
215358,0.16441952
215360,0.18971152
215367,0.03634779
215369,0.16801778
215383,0.02520001
215395,0.27115656
215407,0.13426355
215408,0.13357812
215412,0.03386815
215433,0.03609579
215454,0.10705970
215463,0.55879189
215488,0.00841169
215508,0.09963162
215512,0.01125282
215516,0.18994936
215525,0.24484964
215531,0.09477562
215534,0.27079091
215537,0.02608111
215539,0.01837216
215548,0.01540253
215554,0.12181819
215556,0.02336821
215559,0.41151809
215560,0.05455065
215563,0.11982158
215564,0.02031056
215569,0.15414021
215574,0.69035306
215586,0.13074489
215594,0.16960047
215608,0.06525712
215614,0.06834456
215623,0.44459833
215628,0.14199501
215637,0.54395935
215638,0.21685377
215649,0.03664671
215651,0.03739651
215653,0.06320578
215678,0.15366349
215708,0.02705664
215711,0.08999366
215733,0.11472354
215739,0.00791229
215742,0.03106868
215756,0.16113843
215772,0.12882242
215775,0.26036189
215791,0.02550388
215796,0.32064642
215803,0.06054313
215805,0.02356078
215807,0.05479223
215829,0.05119796
215855,0.03175622
215856,0.19490385
215860,0.09625273
215861,0.12254611
215877,0.04061904
215883,0.09317180
215889,0.09641679
215897,0.04770961
215898,0.01748132
215901,0.04190093
215908,0.11731918
215910,1.23436277
215911,0.01183158
215923,0.03421400
215928,0.08144921
215934,0.12064277
215936,0.12690006
215947,0.01315711
215951,0.03235464
215958,0.01217099
215959,0.04883672
215963,0.22948717
215968,0.22583372
215972,0.05664115
215976,0.10930444
215978,0.12631309
215981,0.03923300
215999,0.04920484
216001,0.36877704
216012,0.06464514
216020,0.10127633
216035,0.03535057
216038,0.54001610
216041,0.18158420
216049,0.10445243
216065,0.05623751
216096,0.59653917
216110,0.01802632
216115,0.09914524
216121,0.05058793
216122,0.64000956
216129,0.02729610
216131,0.32443160
216138,0.15323422
216142,0.17368947
216143,0.08091020
216150,0.02564492
216180,0.05109595
216184,0.04956446
216189,0.02228222
216190,0.56162441
216197,0.02871282
216218,0.47145213
216219,0.14334999
216221,0.14454338
216231,0.01864893
216240,0.27940992
216272,0.09274382
216281,0.15447285
216284,0.05042528
216290,0.20747988
216297,0.05496731
216305,0.02685688
216306,0.04065718
216317,0.03492526
216333,0.02283064
216338,0.08825348
216339,0.20360353
216346,0.18934370
216349,0.32982736
216350,0.61288980
216351,0.06023729
216353,0.03705218
216355,0.03738692
216364,0.36412804
216387,0.13433960
216392,0.03785660
216393,0.63938506
216399,0.01546675
216416,0.02854283
216433,0.04692104
216435,0.01062042
216442,0.16483590
216458,0.09277267
216461,0.55701250
216468,0.13993104
216469,0.05578075
216471,0.05305528
216473,0.14145918
216475,0.04090893
216496,0.13523720
216510,0.17962756
216511,0.08601991
216515,0.03966847
216516,0.18445724
216521,0.01353070
216532,0.02830920
216548,0.03216254
216551,0.26360820
216560,0.18737870
216562,0.14688730
216563,0.06244716
216565,0.05590398
216582,0.02255659
216587,0.13455271
216589,0.06678663
216597,0.10048386
216606,0.03211832
216607,0.03890835
216608,0.28810721
216621,0.02146961
216622,0.03142409
216627,0.18593602
216636,0.20369608
216647,0.03491568
216655,0.28347346
216659,0.07311694
216666,0.43231958
216676,0.06954300
216677,0.13539566
216679,0.13850891
216681,0.05221370
216686,0.02331509
216687,0.14242956
216694,0.11228751
216697,0.04026907
216714,0.07143614
216719,0.11034595
216720,0.04385745
216721,0.07815051
216723,0.14150143
216740,0.10812752
216746,0.06170142
216747,0.08175170
216751,0.03857041
216758,0.12600791
216768,0.03148758
216778,0.10461235
216786,0.27616631
216801,0.35856536
216802,0.17612270
216807,0.02454978
216808,0.04365267
216810,0.03692504
216818,0.04538421
216823,0.09085778
216826,0.03764061
216827,0.01018447
216828,0.06841213
216840,0.51365768
216844,0.09078828
216845,0.19676166
216851,0.37603347
216857,0.09688073
216858,0.06740443
216862,0.02083596
216874,0.08505572
216880,0.02709718
216900,0.04268776
216902,0.09365948
216903,0.06737147
216904,0.04127936
216931,0.03700456
216936,0.15143591
216938,0.23750504
216952,0.20442007
216954,0.08887751
216955,0.03902048
216961,0.10258652
216981,0.58758205
216985,0.05828521
216992,0.30354188
216995,0.03666625
216997,0.01751663
216998,0.04177612
216999,0.06587423
217022,0.06798353
217034,0.09923498
217038,0.03553130
217050,0.08425928
217055,0.06983683
217064,0.21465746
217071,0.02387269
217078,0.12877798
217083,0.21659050
217084,0.02831747
217086,0.08954650
217096,0.32715421
217101,0.45930032
217109,0.24903644
217118,0.03913504
217121,0.07765664
217125,0.20782465
217130,0.54848118
217136,0.04232517
217137,0.08507262
217143,0.01562500
217148,0.21090245
217155,0.04321857
217162,0.02054050
217172,0.11825713
217174,0.07955648
217175,0.14768767
217177,0.06086244
217178,0.16780068
217192,0.04696217
217220,0.01306830
217221,0.04959119
217223,0.03503969
217232,0.13669332
217243,0.06197807
217248,0.17107236
217250,0.06798415
217271,0.35315791
217283,0.02037709
217297,0.29590528
217323,0.13364323
217326,0.07171834
217334,0.06378420
217338,0.03946277
217341,0.49774861
217342,0.26496356
217355,0.01590621
217362,0.12176737
217366,0.27941900
217367,0.09457669
217371,0.07319104
217383,0.34044601
217401,0.25733858
217404,0.20505839
217419,0.06724147
217422,0.39099354
217423,0.01503243
217427,0.10929203
217429,0.03132405
217430,0.05968987
217441,0.11789801
217444,0.02994983
217465,0.03249819
217471,0.05989723
217488,0.10607261
217493,0.03278935
217509,0.21689766
217510,0.04119111
217511,0.47794956
217519,0.06614061
217522,0.22324463
217562,0.03302817
217574,0.07900228
217577,0.01596872
217579,0.46039298
217596,0.00970996
217602,0.04195949
217612,0.05921902
217632,0.07985001
217635,0.02414857
217636,0.37998516
217638,0.17654848
217639,0.36561120
217651,0.10031087
217652,0.00873279
217663,0.56417384
217669,0.04465747
217686,0.13856258
217699,0.13635142
217700,0.24983813
217703,0.04889783
217706,0.34376533
217714,0.13852221
217732,0.03644152
217736,0.05560952
217749,0.52067945
217763,0.01542680
217770,0.06191378
217771,0.05482590
217772,0.06068421
217776,0.04929983
217777,0.09750021
217778,0.40929969
217782,0.02563927
217790,0.14504630
217792,0.02317376
217793,0.17193799
217795,0.52911019
217796,0.04800070
217800,0.05446791
217804,0.05272053
217807,0.01692849
217846,0.14928998
217847,0.20946691
217853,0.02624346
217856,0.03597879
217864,0.01463804
217867,0.09900219
217868,0.43050739
217885,0.23032722
217887,0.02895456
217889,0.09954685
217900,0.01834380
217903,0.02073737
217905,0.12590342
217909,0.03945143
217913,0.01434745
217944,0.09511022
217946,0.09775778
217954,0.06772881
217956,0.08283424
217957,0.03009461
217961,0.39105029
217962,0.04262947
217976,0.12714119
217980,0.05108913
217981,0.04427384
218006,0.04561512
218009,0.07239293
218032,0.25425526
218049,0.03646030
218053,0.05758962
218078,0.06735193
218080,0.22906478
218081,0.04278131
218094,0.19002675
218098,0.08523092
218099,0.09380612
218100,0.16908080
218113,0.09416319
218117,0.04920175
218118,0.05215935
218119,0.05262433
218125,0.02124318
218133,0.10024766
218153,0.13655967
218165,0.14454115
218166,0.01981581
218177,0.02996111
218178,0.03404590
218202,0.03996661
218203,0.06241014
218207,0.21931217
218209,0.24980697
218236,0.08462089
218244,0.02254119
218247,0.22968242
218250,0.06261035
218266,0.06574510
218275,0.32292017
218276,0.11138557
218287,0.12339028
218292,0.01840874
218298,0.34025599
218300,0.02057956
218320,0.07655535
218321,0.32605747
218333,0.02947247
218347,0.04140310
218353,0.01833362
218366,0.06142950
218368,0.04454168
218369,0.06287114
218372,0.19809981
218376,0.04437565
218378,0.05858856
218403,0.16797548
218413,0.13790277
218418,0.08713307
218449,0.23569701
218450,0.18277901
218458,0.02818182
218464,0.06155999
218475,0.12360846
218476,0.29177791
218478,0.05369189
218515,0.04778067
218517,0.08346600
218518,0.16210528
218538,0.02876348
218539,0.29109052
218550,0.52813342
218551,0.08441459
218565,0.25782116
218580,0.04045933
218591,0.11420722
218598,0.01116152
218600,0.17893523
218602,0.07101765
218607,0.60608508
218651,0.07252723
218652,0.01695475
218656,0.57251469
218658,0.05545161
218669,0.22823505
218670,0.11248598
218671,0.05360592
218677,0.13353010
218680,0.04005915
218685,0.01222188
218686,0.32100952
218692,0.05042004
218693,0.09718033
218699,0.78352140
218709,0.05540910
218729,0.12584499
218734,0.10130565
218742,0.02451051
218743,0.02709960
218756,0.07046566
218772,0.16076036
218782,0.12123943
218786,0.05268775
218788,0.08728516
218796,0.05996892
218801,0.13370124
218812,0.05565872
218832,0.19252059
218834,0.18912105
218846,0.56290314
218847,0.19023928
218848,0.01413660
218853,0.26905375
218865,0.06699542
218870,0.04263770
218873,0.02031168
218884,0.01990949
218893,0.35593650
218898,0.01268255
218911,0.24431669
218933,0.09250651
218934,0.05268828
218939,0.02864655
218948,0.04923955
218957,0.16287429
218962,0.10800156
218973,0.02376417
218975,0.02548944
219000,0.00676896
219001,0.04006558
219006,0.02884563
219027,0.14411730
219036,0.04366446
219043,0.24964845
219047,0.15613922
219057,0.02161163
219059,0.25570518
219062,0.01715710
219074,0.02561545
219085,0.01927887
219087,0.05428480
219095,0.07719402
219114,0.02383601
219115,0.03588411
219119,0.05187226
219140,0.06893502
219147,0.01927515
219170,0.01994008
219171,0.76993630
219174,0.07333770
219177,0.04826212
219180,0.01938095
219195,0.01955244
219203,0.02055999
219207,0.12508946
219223,0.14066906
219229,0.18229813
219236,0.05035151
219238,0.24789897
219243,0.08958758
219245,0.12721382
219247,0.53744092
219273,0.03491911
219278,0.31603482
219279,0.39041020
219284,0.05714518
219319,0.02045908
219326,0.17070469
219336,0.04692015
219344,0.30996820
219359,0.21171393
219360,0.01883207
219364,0.02076266
219368,0.17400046
219376,0.05763656
219382,0.01357197
219388,0.10941601
219396,0.30098693
219398,0.19495527
219403,0.14405256
219405,0.02719730
219406,0.05963395
219410,0.11907952
219424,0.19232058
219446,0.01722545
219450,0.02063618
219451,0.12773799
219464,0.05192641
219465,0.03870907
219469,0.04171813
219472,0.32477241
219482,0.15026030
219506,0.05278824
219507,0.20983092
219516,0.15564251
219521,0.36924228
219564,0.42387176
219565,0.02748079
219568,0.04051038
219570,0.00946465
219578,0.04174533
219579,0.53759110
219588,0.13373545
219593,0.19371967
219594,0.03211498
219601,0.05173843
219608,0.02240590
219616,0.09424248
219620,0.09272818
219621,0.01354058
219628,0.08832948
219632,0.18496923
219637,0.17716808
219670,0.11198520
219688,0.00957925
219704,0.06645825
219717,0.19136206
219723,0.24326524
219741,0.09953375
219772,0.20733940
219774,0.06064189
219775,0.06452165
219778,0.05355999
219787,0.16330038
219788,0.30512354
219806,0.20151291
219811,0.04861305
219815,0.03490322
219817,0.06210902
219835,0.03891096
219845,0.02604840
219848,0.01628528
219864,0.09120197
219866,0.03297272
219868,0.11112647
219870,0.12643100
219886,0.08438490
219908,0.04534276
219910,0.13123160
219914,0.03313998
219925,0.21375745
219935,0.86050267
219940,0.13379029
219959,0.05796047
219962,0.12300649
219975,0.03290185
219981,0.26870819
219998,0.07510104
219999,0.16965430
220006,0.06849862
220010,0.91656300
220012,0.02311434
220014,0.03443988
220018,0.06569726
220019,0.27426580
220021,0.24502823
220058,0.02488340
220060,0.25745304
220061,0.03467698
220063,0.03753095
220066,0.20606536
220070,0.05695389
220071,0.24311981
220082,0.09406475
220094,0.14209525
220107,0.07321424
220114,0.15467279
220120,0.02762329
220126,0.07814464
220143,0.03746011
220147,0.34016556
220157,0.10749986
220160,0.13598740
220169,0.05606320
220177,0.06339835
220181,0.04210377
220186,0.08023972
220189,0.03495889
220206,0.43949406
220221,0.13134432
220227,0.21065684
220228,0.26948024
220248,0.05501423
220277,0.20638967
220304,0.15104483
220311,0.09072913
220315,0.24679988
220316,0.16108491
220323,0.02260101
220325,0.04065556
220358,0.03601222
220363,0.13425223
220369,0.09655255
220370,0.02042080
220380,0.05963253
220386,0.23815267
220387,0.02648906
220393,0.02959936
220394,0.09421066
220412,0.17955720
220415,0.01671227
220416,0.62596297
220417,0.37915328
220418,0.03940957
220422,0.01876842
220431,0.14086694
220439,0.40771261
220456,0.01849311
220458,0.03267810
220468,0.01859271
220474,0.05087210
220479,0.19518269
220494,0.08660941
220501,0.11750511
220503,0.03856290
220511,0.02483881
220514,0.11801291
220516,0.39832316
220521,0.15925437
220530,0.08256371
220562,0.02151811
220565,0.03170933
220582,0.06272794
220594,0.02653450
220600,0.52227195
220614,0.06863766
220621,0.20756966
220624,0.43507351
220629,0.14518067
220632,0.20486277
220639,0.01983252
220655,0.02244782
220664,0.04471526
220670,0.02107040
220686,0.01829155
220699,0.20752955
220714,0.01666857
220729,0.17441412
220732,0.32917852
220733,0.01162999
220735,0.03501866
220740,0.03230231
220741,0.03377612
220747,0.18818834
220748,0.02698301
220749,0.10498499
220755,0.13613888
220764,0.02961891
220767,0.24514283
220772,0.12279576
220779,0.12458521
220781,0.10576978
220790,0.05590643
220806,0.15491166
220811,0.03535011
220816,0.08953511
220822,0.05771274
220827,0.63119814
220828,0.09837734
220829,0.10151074
220832,0.05425457
220833,0.14817348
220841,0.35858115
220842,0.18315126
220856,0.11956853
220874,0.25651798
220881,0.19134453
220882,0.03258671
220887,0.01704182
220893,0.05068278
220909,0.01049246
220916,0.05706975
220917,0.64642983
220918,0.18297712
220924,0.04497845
220931,0.11212372
220932,0.07372311
220949,0.03796410
220950,0.22228417
220956,0.04793980
220972,0.01638804
220994,0.05227502
221004,0.55168204
221008,0.22965188
221011,0.04675413
221030,0.01627224
221032,0.05160972
221035,0.03019509
221058,0.35045103
221059,0.05076308
221075,0.04989679
221079,0.03472500
221080,0.04103552
221107,0.06327186
221116,0.37954096
221129,0.25523105
221148,0.12809885
221158,0.01572700
221165,0.04071052
221169,0.09137479
221171,0.17044975
221198,0.20482754
221202,0.11347335
221205,0.36427126
221223,0.21608330
221227,0.06299089
221228,0.01145304
221234,0.19323184
221242,0.07796584
221252,0.28636772
221256,0.20317363
221260,0.21103231
221261,0.12745216
221264,0.06338503
221267,0.08615957
221272,0.09654829
221284,0.42831674
221292,0.25227541
221311,0.04863893
221322,0.14430871
221327,0.10437837
221339,0.03807866
221371,0.03439350
221372,0.13759688
221404,0.06160835
221411,0.06389454
221438,0.07118779
221451,0.04719572
221465,0.19200346
221477,0.18478922
221483,0.07480762
221493,0.11909782
221495,0.03361190
221498,0.06647761
221500,0.20111713
221506,0.12808135
221513,0.27296531
221523,0.13086471
221528,0.09579112
221529,0.17187192
221530,0.06170996
221531,0.11456953
221549,0.07467893
221550,0.03342027
221565,0.34253012
221570,0.37804526
221573,0.00826406
221575,0.04457530
221576,0.13609296
221604,0.14150295
221615,0.09929691
221626,0.02940295
221629,0.32336253
221630,0.04724469
221636,0.09423337
221656,0.05056792
221659,0.04475882
221663,0.14180640
221665,0.03686626
221675,0.25400606
221676,0.03498622
221677,0.20335015
221679,0.03414932
221707,0.08081209
221712,0.14428419
221717,0.08745107
221725,0.06980261
221733,0.13987129
221741,0.03671549
221747,0.02853594
221762,0.08578163
221763,0.01746291
221770,0.17793106
221771,0.04891362
221787,0.02084741
221793,0.01923754
221804,0.03541076
221805,0.02579301
221825,0.10274200
221827,0.11331095
221828,0.15136936
221829,0.02357575
221845,0.44088265
221859,0.08578750
221860,0.05371250
221867,0.47815677
221868,0.08292436
221870,0.39556047
221876,0.08056109
221884,0.20906993
221895,0.20426745
221911,0.05698293
221921,0.32996783
221931,0.20282307
221935,0.05872234
221955,0.12439088
221959,0.01260259
221966,0.05829493
221974,0.05861029
221981,0.08291481
222002,0.97334438
222010,0.01485857
222012,0.29383470
222013,0.30865401
222023,0.08039935
222034,0.15294085
222048,0.09128987
222052,0.45823191
222059,0.09550672
222060,0.13419120
222061,0.27221019
222067,0.02155956
222076,0.25058791
222081,0.29662324
222120,0.09600069
222121,0.11595993
222133,0.19162069
222149,0.15656846
222150,0.03745416
222153,0.12131729
222154,0.03131828
222159,0.06369188
222165,0.09797570
222167,0.04271481
222170,0.22696700
222178,0.31730304
222179,0.07515141
222188,0.10090701
222189,0.08594782
222195,0.18597384
222198,0.16724942
222224,0.04080422
222234,0.03406801
222254,0.06464106
222256,0.07310765
222264,0.03252577
222281,0.07713357
222296,1.04420160
222303,0.30699637
222309,0.04320433
222310,0.03606865
222313,0.25116112
222321,0.12565495
222322,0.04628265
222328,0.20548279
222333,0.06493788
222334,0.10900533
222338,0.02433773
222347,0.23550924
222349,0.03858998
222351,0.02755093
222352,0.09371973
222357,0.04561323
222362,0.00713139
222381,0.12380193
222392,0.04716377
222401,0.10575743
222413,0.05760254
222422,0.03342188
222423,0.02777337
222430,0.08936119
222432,0.02318421
222452,0.03175908
222459,0.21863134
222473,0.03933109
222475,0.14672320
222481,0.17644492
222482,0.08905378
222489,0.02501139
222496,0.05300549
222505,0.14824939
222516,0.12237369
222537,0.07897587
222555,0.03471854
222566,0.13659394
222572,0.12781800
222577,0.11967623
222618,0.03722901
222619,0.01476572
222624,0.02138046
222625,0.09811012
222626,0.02745072
222629,0.07608575
222634,0.02265229
222636,0.38066740
222637,0.01832628
222641,0.02312239
222646,0.08653885
222648,0.24101288
222659,0.00679706
222663,0.02476929
222665,0.02156427
222671,0.13138538
222674,0.11527585
222675,0.05097337
222707,0.06543387
222709,0.05346686
222711,0.10405584
222717,0.10572884
222728,0.55007043
222752,0.07225887
222753,0.03317653
222755,0.03808440
222765,0.03310622
222768,0.35685312
222769,0.57495980
222783,0.26617955
222799,0.07353661
222821,0.03865072
222825,0.26958046
222837,0.49047611
222862,0.30161120
222863,0.13893419
222869,0.09591339
222876,0.11243255
222892,0.09520676
222898,0.04397069
222912,0.00606629
222920,0.05663352
222926,0.05351427
222934,0.20719859
222938,0.03952281
222945,0.17628644
222947,0.02453320
222966,0.51055746
222971,0.07490408
222994,0.03220997
223008,0.44887998
223019,0.02272297
223040,0.18914889
223042,0.24887242
223049,0.02327301
223051,0.01672142
223056,0.07519314
223058,0.11280965
223064,0.10477840
223067,0.02518642
223073,0.39570704
223075,0.05859819
223078,0.10250531
223079,0.08057535
223082,0.16785327
223098,0.60483972
223112,0.06230058
223116,0.07333535
223121,0.22001093
223128,0.22130916
223135,0.08978374
223136,0.14903972
223144,0.02729105
223151,0.09268510
223157,0.13231528
223181,0.11368083
223190,0.05781442
223197,0.27217564
223205,0.04242247
223209,0.05606330
223221,0.72268849
223235,0.44851539
223238,0.01457527
223244,0.03069980
223258,0.06032601
223262,0.32358335
223272,0.12444722
223288,0.26025165
223298,0.05161414
223310,0.11552230
223320,0.04737766
223357,0.72836580
223365,0.01577297
223369,0.07356885
223375,0.31783192
223384,0.01947026
223393,0.01901653
223412,0.04283294
223428,0.04403669
223440,0.51907133
223456,0.78811296
223470,0.04042793
223471,0.05011467
223484,0.03679910
223488,0.23429283
223489,0.04001796
223490,0.03110976
223492,0.04167244
223496,0.08303884
223503,0.01769121
223507,0.14993738
223518,0.10086328
223519,0.13123900
223521,0.02227642
223524,0.01509926
223526,0.03018994
223527,0.19888579
223529,0.05046046
223534,0.02373143
223538,0.20940497
223547,0.02758203
223549,0.03346984
223551,0.29420412
223552,0.11259653
223567,0.07387383
223571,0.28599949
223582,0.05083824
223584,0.03308769
223585,0.25145058
223586,0.03243695
223588,0.01270618
223592,0.02349485
223594,0.06984503
223607,0.21385110
223608,0.02854842
223609,0.39099090
223610,0.02366180
223611,0.05598777
223635,0.12282521
223636,0.04297189
223638,0.16699843
223649,0.01492542
223670,0.13924445
223688,0.03956381
223698,0.06867439
223699,0.43742596
223716,0.12191122
223718,0.04608611
223720,0.03223665
223727,0.02665466
223729,0.00712024
223739,0.09364226
223740,0.07076707
223741,0.04624418
223750,0.06004031
223752,0.08232979
223764,0.16607817
223781,0.03515164
223783,0.32480722
223794,0.12420242
223808,0.02021716
223810,0.27157231
223814,0.08986180
223817,0.10317790
223830,0.24656003
223839,0.08368806
223849,0.43483331
223851,0.45383868
223854,0.12543221
223888,0.33438661
223914,0.10614639
223923,0.08501700
223925,0.02615268
223939,0.04755362
223949,0.08292850
223951,0.42328809
223952,0.23559232
223967,0.07401780
223971,0.95370160
223974,0.04308116
223978,0.11949678
223991,0.17924904
224008,0.01650924
224016,0.05050579
224024,0.10305600
224039,0.03128379
224040,0.10547476
224044,0.24093133
224047,0.12679512
224055,0.01940020
224061,0.07205778
224065,0.02668155
224079,0.07324156
224080,0.04554159
224089,0.07801827
224094,0.31468087
224095,0.34090099
224109,0.23039790
224111,0.06480786
224112,0.15346801
224134,0.19394811
224135,0.01320650
224138,0.08625210
224139,0.05156715
224158,0.05764711
224161,0.19681601
224171,0.08133074
224182,0.52708981
224191,0.11519991
224194,0.08026683
224195,0.12729652
224205,0.12261603
224206,0.22716526
224211,0.03048683
224213,0.02572398
224214,0.17927160
224236,0.15777666
224239,0.45886614
224241,0.59006698
224251,0.12631045
224259,0.29530073
224262,0.10938855
224263,0.04590113
224268,0.08832583
224270,0.03919454
224282,0.11630142
224300,0.01863003
224315,0.05848939
224319,0.02426265
224325,0.02547479
224337,0.04234073
224339,0.22002822
224343,0.01473489
224344,0.12600112
224347,0.43995126
224353,0.20713296
224363,0.03868450
224370,0.19045527
224379,0.04865175
224380,0.40554702
224393,0.02273050
224395,0.12865716
224407,0.15158443
224408,0.02049899
224426,0.02981448
224427,0.06628677
224428,0.01487891
224437,0.42441390
224444,0.01763309
224445,0.20576123
224459,0.02727281
224473,0.85385477
224488,0.20966373
224490,0.30536763
224493,0.39238233
224494,0.22082312
224495,0.13896899
224499,0.08075943
224524,0.08394215
224528,0.05236124
224538,0.95040501
224553,0.09374002
224554,0.04976740
224575,0.01259036
224586,0.04559590
224593,0.08001921
224599,0.04778254
224614,0.01441932
224625,0.03684662
224626,0.05603839
224627,0.14561939
224628,0.08854638
224631,0.00879305
224651,0.35235527
224658,0.08750833
224664,0.01695574
224668,0.02160811
224673,0.11549380
224674,0.06880585
224683,0.21487071
224708,0.16990153
224748,0.06152191
224756,0.06890184
224757,0.13117557
224760,0.01575658
224771,0.22183594
224772,0.04444304
224797,0.09993330
224823,0.26398464
224831,0.14029701
224841,0.04908744
224843,0.15662189
224844,0.35761869
224849,0.02889988
224855,0.39555169
224856,0.06885441
224864,0.03964454
224871,0.05150862
224876,0.06932614
224889,0.32375311
224896,0.17475577
224899,0.07815917
224912,0.02439726
224916,0.15719412
224918,0.20045367
224925,0.11791440
224929,0.09633628
224934,0.06961138
224950,0.28577959
224953,0.06426882
224956,0.24946348
224958,0.06406076
224960,0.25039926
224971,0.32152265
224975,0.06655488
224978,0.13280274
224986,0.07837238
224987,0.14931495
224990,0.05571264
225010,0.06026732
225041,0.02790946
225044,0.03235247
225045,0.04778723
225048,0.09739455
225053,0.15109938
225058,0.05472897
225075,0.10723205
225085,0.03353961
225103,0.03423482
225107,0.02727820
225114,0.11207991
225122,0.11662074
225130,0.02176368
225131,0.38103781
225132,0.05560005
225134,0.03662052
225136,0.04487447
225141,0.04370451
225145,0.06403602
225146,0.00914519
225156,0.02550746
225158,0.14565622
225165,0.16159083
225185,0.26143697
225194,0.04037469
225195,0.01182073
225223,0.14129581
225224,0.21399587
225231,0.12075285
225233,0.11647218
225246,0.18922616
225281,0.04197500
225286,0.09055789
225301,0.20982026
225302,0.02809030
225336,0.19414983
225347,0.10336268
225351,0.07469430
225362,0.07577521
225363,0.01582907
225364,0.03978289
225370,0.03822308
225374,0.01199234
225375,0.07920122
225380,0.06728416
225381,0.02019612
225382,0.13866927
225392,0.06617926
225410,0.07496225
225425,0.09896150
225431,0.04645479
225456,0.02082883
225460,0.11683598
225475,0.09422081
225478,0.02736708
225483,0.19919407
225499,0.23121493
225514,0.74744367
225517,0.05071317
225524,0.55871736
225532,0.06681174
225545,0.22295092
225546,0.22979245
225550,0.02892048
225580,0.17275607
225581,0.20712957
225582,0.09633611
225585,0.12024019
225601,0.12968236
225612,0.33871447
225621,0.15505828
225636,0.12428904
225639,0.11647128
225650,0.02170750
225654,0.03007147
225664,0.04779831
225665,0.68031793
225666,0.01625605
225686,0.08024761
225689,0.05250896
225691,0.04679278
225721,0.01143934
225733,0.08150921
225739,0.05041840
225741,0.41356968
225766,0.02283174
225776,0.62545007
225788,0.04169630
225792,0.05014022
225803,0.21349202
225804,0.05950922
225805,0.61940496
225808,0.04551173
225819,0.06159223
225826,0.09623460
225832,0.19834655
225850,0.07183571
225851,0.43257112
225854,0.12442635
225858,0.07321211
225875,0.04825705
225884,0.05698155
225890,0.03176101
225906,0.08347458
225908,0.05396112
225910,0.12237925
225920,0.63933977
225950,0.17945026
225990,0.09214565
225991,0.02448862
226010,0.03753578
226011,0.02687565
226018,0.06671261
226029,0.10783108
226030,0.03681456
226041,0.06890520
226044,0.01502990
226051,0.04163605
226054,0.04331438
226085,0.30564595
226105,0.33443373
226116,0.73757394
226130,0.28055673
226131,0.04878283
226170,0.05280035
226171,0.05034815
226176,0.22958754
226177,0.08775895
226183,0.02162334
226187,0.08395047
226188,0.46312200
226190,0.23752783
226206,0.04749398
226213,0.18030174
226214,0.35787960
226226,0.04388017
226244,0.13181698
226245,0.01975712
226251,0.20679437
226258,0.02787132
226259,0.04349224
226265,0.11971566
226291,0.64936392
226294,0.04907875
226299,0.04811006
226300,0.11462976
226301,0.20605148
226302,0.11370583
226308,0.05925922
226309,0.09608661
226318,0.03095396
226319,0.13317180
226320,0.08076197
226325,0.10671214
226334,0.04611363
226337,0.23149877
226348,0.11074350
226353,0.01214558
226361,0.03882736
226387,0.53800298
226395,0.04664497
226413,0.04393649
226416,0.08408720
226427,0.03471447
226433,0.17162694
226447,0.28119647
226487,0.19895178
226495,0.08930742
226496,0.03545233
226499,0.01752435
226501,0.21765709
226505,0.05941084
226506,0.09867861
226507,0.05248080
226516,0.02009851
226523,0.11109024
226527,0.13484425
226533,0.04319789
226537,0.10130675
226539,0.02017726
226551,0.46166526
226556,0.01697405
226557,0.06582566
226561,0.31687414
226565,0.07404525
226567,0.04950463
226590,0.06184405
226599,0.41572123
226639,0.13660261
226654,0.35260418
226664,0.06620749
226668,0.25286859
226677,0.14046217
226682,0.13873581
226689,0.11859513
226691,0.04312376
226698,0.09643856
226713,0.03157269
226720,0.08679765
226734,0.11438728
226735,0.09449226
226738,0.10265251
226742,0.01147973
226763,0.00817213
226766,0.07522467
226772,0.01802056
226779,0.10307082
226780,0.13083362
226787,0.50782794
226790,0.45919129
226792,0.15805062
226797,0.04999673
226803,0.06917843
226807,0.13232715
226827,0.01635418
226828,0.06643039
226836,0.14283444
226837,0.01132763
226838,0.19372219
226847,0.12054006
226881,0.54707728
226882,0.07770551
226884,0.12365723
226917,0.05586473
226921,0.18730451
226933,0.05422911
226938,0.26364153
226948,0.05107341
226952,0.06764513
226954,0.17330925
226965,0.02019177
226970,0.02857326
226977,0.71114779
226986,0.07396411
227005,0.06181219
227009,0.11556634
227010,0.06224157
227013,0.11862582
227019,0.04062232
227025,0.09433669
227026,0.07190418
227027,0.11131030
227029,0.03902357
227049,0.31560652
227053,0.07961916
227054,0.22790899
227058,0.02624597
227074,0.02138867
227099,0.04981361
227100,0.03782803
227109,0.01075111
227111,0.10594208
227112,0.06095176
227125,0.28281398
227145,0.11512076
227148,0.21892176
227151,0.11719753
227160,0.29080730
227165,0.16019402
227200,0.24014420
227210,0.07098064
227213,0.27037993
227235,0.06509273
227242,0.16623266
227245,0.22731254
227246,0.01881416
227248,0.09880906
227251,0.11004565
227252,0.02815552
227258,0.05912651
227264,0.12559351
227270,0.12978676
227272,0.03965666
227274,0.01426871
227281,0.03357286
227290,0.12021892
227293,0.22853007
227299,0.20932231
227306,0.04934211
227323,0.05657001
227325,0.17148821
227326,0.08633278
227332,0.11735086
227336,0.08187745
227343,0.02265035
227344,0.02104301
227345,0.07113560
227348,0.36790047
227360,0.04026184
227376,0.04651559
227386,0.18630009
227392,0.16716236
227393,0.15944081
227401,0.06297713
227404,0.20736487
227413,0.07209719
227420,0.43056030
227459,0.05277755
227460,0.01253143
227462,0.07116997
227463,0.14108479
227481,0.09450231
227482,0.02794739
227485,0.36343901
227486,0.05052078
227493,0.03482496
227500,0.07552623
227501,0.03058300
227502,0.04104612
227506,0.28434930
227523,0.19645656
227525,0.07202358
227531,0.06984322
227532,0.55111030
227535,0.08743314
227542,0.09494649
227545,0.03547113
227566,0.18483442
227578,0.02999751
227585,0.43454338
227586,0.02967361
227587,0.04888764
227590,0.07865280
227595,0.54140305
227596,0.04119671
227597,0.34614522
227600,0.26435440
227621,0.25282256
227637,0.16967139
227640,0.31216071
227649,0.63909373
227653,0.01962921
227674,0.07250101
227675,0.18926960
227680,0.11678378
227696,0.03100024
227701,0.55913426
227707,0.05618887
227713,0.07937338
227715,0.08590743
227728,0.09567543
227730,0.04169600
227731,0.02147207
227732,0.04514212
227736,0.09368509
227739,0.13590807
227740,0.67903924
227741,0.34824545
227742,0.49613775
227745,0.05938062
227749,0.47688289
227752,0.02649115
227756,0.51449555
227769,0.11583765
227779,0.09412222
227783,0.14375516
227799,0.04357005
227803,0.02666966
227818,0.19286685
227822,0.08501292
227823,0.01667009
227824,0.03306136
227825,0.04953203
227826,0.29297822
227833,0.03809336
227834,0.16844059
227837,0.08910804
227839,0.05652769
227856,0.06306961
227872,0.03829032
227876,0.05148726
227905,0.65106418
227908,0.34327407
227909,0.50825842
227912,0.17115572
227917,0.13278750
227931,0.14121902
227936,0.27539030
227939,0.05105453
227941,0.02508637
227942,0.03167485
227944,0.16060864
227945,0.32961948
227952,0.21165428
227954,0.10130500
227968,0.01425902
227975,0.04893962
227989,0.09434787
227992,0.07587809
227993,0.06178557
227996,0.05665365
227997,0.05219982
227998,0.01922212
228040,0.06646426
228044,0.05639516
228045,0.03811376
228046,0.05748911
228051,0.07855169
228052,0.27618038
228053,0.05989372
228059,0.05906605
228062,0.08128754
228070,0.02125374
228074,0.10183972
228077,0.11692975
228078,0.14452899
228097,0.06916733
228099,0.09677486
228100,0.03778327
228102,0.56029708
228103,0.08025112
228104,0.22631782
228107,0.06375873
228117,0.09395613
228123,0.03674688
228125,0.02903719
228130,0.01308953
228134,0.07467986
228141,0.06602608
228153,0.22465428
228163,0.03491029
228164,0.04767137
228166,0.20457469
228168,0.22901877
228169,0.08295163
228183,0.30578769
228198,0.05183475
228199,0.14198991
228201,0.04957275
228207,0.09427537
228209,0.11949715
228219,0.06597024
228239,0.02064937
228248,0.02689700
228260,0.10293039
228268,0.80863921
228280,0.06936961
228282,0.07370029
228288,0.02188492
228289,0.18506616
228295,0.05687300
228296,0.25005184
228297,0.14417365
228298,0.02785987
228299,0.12907904
228301,0.00937510
228322,0.19577784
228324,0.10207212
228332,0.03817413
228334,0.10007741
228342,0.33863321
228351,0.04225544
228354,0.04237038
228355,0.01348392
228362,0.01804022
228375,0.04414917
228383,0.22107483
228389,0.07015714
228392,0.36503013
228411,0.06235633
228414,0.04768378
228420,0.06824595
228424,0.04245660
228426,0.33589803
228429,0.03364343
228447,0.68609560
228455,0.02831868
228458,0.09134393
228467,0.31099831
228472,0.20018929
228479,0.01782529
228482,0.12904563
228488,0.11087505
228489,0.54375983
228499,0.06158909
228501,0.00757828
228502,0.03563473
228503,0.50310231
228509,0.01639429
228512,0.15152647
228514,0.06108562
228519,0.29398499
228530,0.03682562
228534,0.70607742
228536,0.00781939
228537,0.03423310
228538,0.08118430
228539,0.03218809
228557,0.29923456
228591,0.12040094
228592,0.02993321
228608,0.16155227
228609,0.13699355
228636,0.15418793
228647,0.09682625
228656,0.14565749
228657,0.04873194
228661,0.27162749
228663,0.12569655
228671,0.04429388
228682,0.37316470
228697,0.34748126
228698,0.09700047
228712,0.05497918
228713,0.04116510
228729,0.04674135
228730,0.11012449
228737,0.09515472
228744,0.03800598
228752,0.04415613
228761,0.67941062
228763,0.25512031
228764,0.01237215
228770,0.03131774
228774,0.01331808
228781,0.02902525
228792,0.06431602
228794,0.38056501
228796,0.01553389
228799,0.08603716
228808,0.25293903
228809,0.09956492
228810,0.05660597
228813,0.03549249
228821,0.81377919
228826,0.05763485
228830,0.03319255
228831,0.06452949
228835,0.12116580
228854,0.03769560
228855,0.10035373
228863,0.37304507
228869,0.16604161
228872,0.18672772
228885,0.24885806
228888,0.06898175
228889,0.20326414
228890,0.13781928
228891,0.03359697
228894,0.29816164
228902,0.04330227
228907,0.02296536
228915,0.11636172
228918,0.14916119
228919,0.02963001
228933,0.01892956
228946,0.02378657
228947,0.09750417
228954,0.05171780
228956,0.14013797
228958,0.04196862
228969,0.39394420
228973,0.21387160
228978,0.01281653
228979,0.64977113
228988,0.06561568
228995,0.16645934
229019,0.06974681
229037,0.03102180
229041,0.03086913
229042,0.02927008
229046,0.04135404
229048,0.02845444
229053,0.03580564
229064,0.45204321
229073,0.08376811
229074,0.04374331
229077,0.12993779
229095,0.31737830
229100,0.22211857
229103,0.05602701
229104,0.05738976
229105,0.01690109
229107,0.03111081
229115,0.03422399
229117,0.16639242
229118,0.04863476
229124,0.39711870
229125,0.00899502
229130,0.31647973
229157,0.03069798
229162,0.01596768
229185,0.21927158
229195,0.03052143
229201,0.58595424
229202,0.03899816
229219,0.05202198
229220,0.03584372
229223,0.28597742
229224,0.06662526
229229,0.18515451
229233,0.03554288
229255,0.03736335
229261,0.25894478
229262,0.11460092
229271,0.08976415
229276,0.17753514
229277,0.06932815
229278,0.12300458
229280,0.05237682
229298,0.01352238
229301,0.13021058
229316,0.17246235
229325,0.05310065
229329,0.12569046
229334,0.05696889
229336,0.41753024
229337,0.11604679
229342,0.02320826
229349,0.07534416
229357,0.05929771
229369,0.44585440
229374,0.14580010
229402,0.09412565
229427,0.09120189
229452,0.10388423
229455,0.16450781
229459,0.58388853
229462,0.03361274
229482,0.05358507
229488,0.01495619
229496,0.12177419
229507,0.09197240
229508,0.02186961
229531,0.04380383
229576,0.03714847
229595,0.15095576
229602,0.20636268
229609,0.09675134
229610,0.60902410
229614,0.12249487
229615,0.36351670
229631,0.09814222
229632,0.04991954
229638,0.04719297
229647,0.05689033
229651,0.01700178
229659,0.20551141
229663,0.12564666
229671,0.16314041
229672,0.07488567
229675,0.05781193
229684,0.03104764
229687,0.14795856
229705,0.04920289
229711,0.02882401
229713,0.31699357
229714,0.05283771
229731,0.40365396
229738,0.19401750
229742,0.20849891
229745,0.06149339
229746,0.02308368
229749,0.33506015
229765,0.21872158
229767,0.02190069
229779,0.35835022
229782,0.04914487
229802,0.13869129
229805,0.08783911
229810,0.74173681
229816,0.05153268
229828,0.04573970
229838,0.04782910
229850,0.26338739
229858,0.12082991
229860,0.04338294
229877,0.02031227
229888,0.03573406
229894,0.01932214
229898,0.16314722
229905,0.04308083
229912,0.36714296
229913,0.04046953
229921,0.33846146
229923,0.02293661
229930,0.02846583
229962,0.03464928
229963,0.37022254
229977,0.05216960
229984,0.03941271
229998,0.03719169
230012,0.03829222
230016,0.16273511
230020,0.11176707
230024,0.78260392
230037,0.05485330
230038,0.51277463
230040,0.05703005
230042,0.01300061
230044,0.09609514
230050,0.19339563
230056,0.02159721
230067,0.06377222
230076,0.07663058
230077,0.22007851
230084,0.19063387
230098,0.12093498
230107,0.17109379
230116,0.05378848
230119,0.04738306
230121,0.07778303
230122,0.13895834
230135,0.59433237
230139,0.05658362
230179,0.03257825
230180,0.19597418
230185,0.01036237
230192,0.05877080
230203,0.47229612
230216,0.05846916
230226,0.14742375
230260,0.41554639
230268,0.26396468
230289,0.52653128
230296,0.03720098
230317,0.03585783
230328,0.40276703
230329,0.55154753
230330,0.04329657
230332,0.03728203
230338,0.04719674
230343,0.07029233
230344,0.10173964
230349,0.04334136
230369,0.02166236
230379,0.11289306
230391,0.07538358
230393,0.79935307
230394,0.04240487
230402,0.05191925
230404,0.46354917
230416,0.05647893
230417,0.26586069
230423,0.39823502
230427,0.08218557
230448,0.32278184
230449,0.06986277
230451,0.02297175
230453,0.05332399
230454,0.01575612
230457,0.12936334
230458,0.17389967
230459,0.21315563
230461,0.03266290
230464,0.08734923
230494,0.04055856
230517,0.02321403
230520,0.10330535
230521,0.16917439
230534,0.11564223
230553,0.06399784
230581,0.18044457
230585,0.12971327
230590,0.04152956
230592,0.09208814
230605,0.02987705
230610,0.02210093
230623,0.09595212
230628,0.22776461
230629,0.14198687
230640,0.05780760
230641,0.02823067
230642,0.00841398
230655,0.04203186
230656,0.04094961
230662,0.05988100
230675,0.17799891
230677,0.10587918
230688,0.01692134
230709,0.51773304
230716,0.02385577
230742,0.03033159
230748,0.19481821
230763,0.25107792
230779,0.11052516
230780,0.03250568
230781,0.24738019
230783,0.04285677
230788,0.14708105
230789,0.03473890
230792,0.01959085
230817,0.07843299
230820,0.02389554
230827,0.06012990
230828,0.05704305
230860,0.04082200
230864,0.19728602
230875,0.09812381
230878,0.01742891
230880,0.16278250
230929,0.07337231
230931,0.23558754
230934,0.28736107
230939,0.05188620
230940,0.08737769
230941,0.03262283
230942,0.78197736
230982,0.08762435
231028,0.03993844
231031,0.12555089
231039,0.14316072
231048,0.05253827
231065,0.16987277
231076,0.03085762
231079,0.06273615
231082,0.10892292
231086,0.02877021
231107,0.22081956
231118,0.22279367
231127,0.01592602
231134,0.03897300
231136,0.05922533
231137,0.28415377
231156,0.25621432
231160,1.02835898
231175,0.09935383
231177,0.04906139
231189,0.02098670
231191,0.34785621
231194,0.17741765
231198,0.16707190
231203,0.12763248
231211,0.10583305
231226,0.10856603
231245,0.08276970
231257,0.09969582
231268,0.11347642
231279,0.21751320
231290,0.16857043
231298,0.06638228
231299,0.03790517
231301,0.10740976
231306,0.01504050
231312,0.02808562
231314,0.19949560
231326,0.70650799
231343,0.08245067
231353,0.25182254
231359,0.15596014
231364,0.02509060
231387,0.19900351
231392,0.08675792
231409,0.06248821
231423,0.07213531
231427,0.01842762
231429,0.17745987
231433,0.03967953
231437,0.03176755
231448,0.04664673
231454,0.71154853
231460,0.07376087
231480,0.02939401
231496,0.01676097
231504,0.22795459
231513,0.04790914
231516,0.03110100
231523,0.03440898
231529,0.01707909
231532,0.05159292
231533,0.13135567
231542,0.06165494
231546,0.05582773
231554,0.02673097
231556,0.46306341
231561,0.04133429
231562,0.23308505
231563,0.02146787
231568,0.19942613
231589,0.02627581
231598,0.51163369
231616,0.04700112
231628,0.03730520
231637,0.06489418
231641,0.19086349
231656,0.40989310
231679,0.43167892
231682,0.42130059
231689,0.07156545
231690,0.15007896
231713,0.41129717
231716,0.02341885
231726,0.03149255
231734,0.24298440
231736,0.10454634
231742,0.03717579
231754,0.11966261
231757,0.02814462
231758,0.03076312
231761,0.05965732
231771,0.04552191
231773,0.04486298
231782,0.15178069
231785,0.30993473
231786,0.02423563
231789,0.02382428
231790,0.01834489
231791,0.22074757
231804,0.09935517
231835,0.05227054
231837,0.06107609
231840,0.36777923
231845,0.21553963
231863,0.32785037
231867,0.22338520
231874,0.42367262
231877,0.05040285
231887,0.02728025
231892,0.05557315
231899,0.07527503
231912,0.71193804
231914,0.11342426
231924,0.13574426
231927,0.08055263
231935,0.07104144
231938,0.32593416
231940,0.73992119
231947,0.06841640
231954,0.03446415
231955,0.18332614
231956,0.01348184
231969,0.02672923
231982,0.01618047
231983,0.06511342
231984,0.04475800
231987,0.04885855
232006,0.01680137
232012,0.01153851
232022,0.03965702
232023,0.20529804
232028,0.05668386
232034,0.08129030
232047,0.12365279
232050,0.03721216
232054,0.06198559
232063,0.11166164
232066,0.02755306
232081,0.22549237
232083,0.30626666
232094,0.12776404
232103,0.02233264
232108,0.01990616
232110,0.04917553
232122,0.09773935
232123,0.03698970
232132,0.00717138
232148,0.42645503
232149,0.04040480
232152,0.33023859
232157,0.21514593
232164,0.09820778
232170,0.13713109
232172,0.06170665
232174,0.10842724
232177,0.12016672
232227,0.14575965
232228,0.07294031
232237,0.01162371
232256,0.30537605
232275,0.10408737
232278,0.02557310
232279,0.05863305
232282,0.04550916
232285,0.14972427
232288,0.01940288
232301,0.11394823
232303,0.04119576
232309,0.02774836
232325,0.11203238
232329,0.06550692
232331,0.02022489
232335,0.04189263
232370,0.24593416
232371,0.03910225
232372,0.03820649
232390,0.69974643
232391,0.01074200
232392,0.17454713
232410,0.01675781
232423,0.00839096
232426,0.51021315
232428,0.60246136
232450,0.03324912
232466,0.29626812
232478,0.12805537
232493,0.35802767
232506,0.14573206
232516,0.39032945
232518,0.19800333
232530,0.06026242
232534,0.04050975
232535,0.07072688
232541,0.03615480
232547,0.06173378
232552,0.03264513
232558,0.10199068
232559,0.01029713
232560,0.02926300
232566,0.10850820
232570,0.02295909
232575,0.17054884
232578,0.02152481
232590,0.07813339
232615,0.06729490
232640,0.44890318
232643,0.02243278
232664,0.28494692
232676,0.04213095
232699,0.06396176
232702,0.05314739
232720,0.04864997
232733,0.02285394
232736,0.03344856
232738,0.02830705
232752,0.01330826
232758,0.06808819
232779,0.10540590
232784,0.40306410
232790,0.06409416
232799,0.12253756
232823,0.04090593
232824,0.05349784
232842,0.01479601
232849,0.04302170
232853,0.11953672
232859,0.13894644
232862,0.27810595
232864,0.01736384
232866,0.08779735
232869,0.09967622
232871,0.02578157
232876,0.10306402
232881,0.07954017
232898,0.12343061
232899,0.08138720
232914,0.11586046
232917,0.11795292
232923,0.07793110
232925,0.01687764
232942,0.49786462
232943,0.13997265
232965,0.02414704
232968,0.32424663
232972,0.02493052
232980,0.20683629
232999,0.01054139
233013,0.11517548
233021,0.79029116
233022,0.03197912
233054,0.09872883
233059,0.06565499
233065,0.05311551
233071,0.16118881
233074,0.01598772
233093,0.00823848
233095,0.35384563
233102,0.03813021
233104,0.16137905
233107,0.01879053
233108,0.06726108
233109,0.63753686
233112,0.37778498
233113,0.02435052
233122,0.15519794
233125,0.13515372
233126,0.07460404
233170,0.04136398
233171,0.15751525
233172,0.35024947
233175,0.09067134
233179,0.10094130
233189,0.10330379
233223,0.08477630
233224,0.01693984
233228,0.06938805
233247,0.25741364
233249,0.07907815
233263,0.03261083
233271,0.06152130
233273,0.17170120
233301,0.02450511
233305,0.08482759
233310,0.18983397
233311,0.07595409
233312,0.10599668
233324,0.02235217
233326,0.09279780
233327,0.05112025
233335,0.28680414
233349,0.07357676
233352,0.43245419
233362,0.08120172
233373,0.02947505
233390,0.45168060
233393,0.30337025
233400,0.12210889
233401,0.36904461
233404,0.17416661
233405,0.08228871
233406,0.15609168
233411,0.05750890
233421,0.04199183
233423,0.03874634
233424,0.06653737
233427,0.05453606
233429,0.33593262
233431,0.07056261
233432,0.02405039
233438,0.05673542
233448,0.10779523
233450,0.10961335
233451,0.04674796
233453,0.14821542
233480,0.19433817
233482,0.08665895
233483,0.03408401
233489,0.38494721
233490,0.11211063
233496,0.40535897
233497,0.10846484
233508,0.27695874
233509,0.34966103
233512,0.04069762
233517,0.13245642
233526,0.31310212
233528,0.05859206
233544,0.04230075
233554,0.30770842
233566,0.18857080
233572,0.02095629
233575,0.02128671
233578,0.01173742
233582,0.84943257
233583,0.10691272
233589,0.07965539
233594,0.33488740
233603,0.17285356
233627,0.03363873
233632,0.12631469
233639,0.03253932
233651,0.20030591
233652,0.19911783
233658,0.02856974
233675,0.08994409
233677,0.03010733
233682,0.05271520
233688,0.31051561
233689,0.29137515
233692,0.06147587
233697,0.29649991
233704,0.17473998
233709,0.21070128
233711,0.18185419
233721,0.03893602
233729,0.01388448
233734,0.05247057
233744,0.02548413
233764,0.24571682
233775,0.16753372
233783,0.41030255
233792,0.12243273
233796,0.19763796
233797,0.06315939
233798,0.12249808
233810,0.03016323
233818,0.06169837
233819,0.10795294
233830,0.02710746
233831,0.03269077
233838,0.03356871
233852,0.05278443
233854,0.02373104
233856,0.05053353
233858,0.04660748
233883,0.03142040
233888,0.05379018
233889,0.02079157
233892,0.03480591
233893,0.01666396
233894,0.17882876
233895,0.44783445
233901,0.01971516
233927,0.44124724
233928,0.12686165
233929,0.21816186
233960,0.09485854
233965,0.12181067
233970,0.04003536
233975,0.17763745
233981,0.21825882
233991,0.46836451
234012,0.11817736
234016,0.03808936
234024,0.04617428
234025,0.01697039
234027,0.38888195
234034,0.18573660
234035,0.03152036
234048,0.04893005
234069,0.07037493
234077,0.02187145
234086,0.19139110
234103,0.08713130
234110,0.05179631
234115,0.04108977
234126,0.04433609
234135,0.64870757
234136,0.05640567
234147,0.03713204
234151,0.05304268
234159,0.02641133
234163,0.08326704
234174,0.01882474
234186,0.01940936
234187,0.22455185
234192,0.06713458
234198,0.04691887
234205,0.06762198
234215,0.14391118
234220,0.07086050
234225,0.03484343
234227,0.02599050
234228,0.01909431
234231,0.29845818
234232,0.18429369
234236,0.10545172
234239,0.01677736
234240,0.15203754
234242,0.03118701
234262,0.05908734
234267,0.44291704
234283,0.05994893
234284,0.09155125
234286,0.06199971
234291,0.12006912
234302,0.15784250
234303,0.20945208
234308,0.04212282
234320,0.05393040
234326,0.12298966
234336,0.10887797
234340,0.23479452
234362,0.01074523
234365,0.03020023
234371,0.03924450
234373,0.10057523
234395,0.00799768
234400,0.11397852
234404,0.14391870
234412,0.06771090
234431,0.08109034
234433,0.58102927
234440,0.26814168
234453,0.32130948
234454,0.09554649
234460,0.05019790
234470,0.20297476
234473,0.06846581
234502,0.17054458
234503,0.06836766
234507,0.47529154
234529,0.22437686
234531,0.03286708
234543,0.02015420
234550,0.57122237
234556,0.03486862
234560,0.10085115
234567,0.00601019
234580,0.13594066
234582,0.62813349
234594,0.02990910
234599,0.22033648
234604,0.04505955
234605,0.21494468
234611,0.04957766
234617,0.04375303
234648,0.05487905
234660,0.01538603
234661,0.14696485
234663,0.06944365
234664,0.01051420
234670,0.01714692
234671,0.16311521
234673,0.07850166
234687,0.25137384
234688,0.04836926
234690,0.12279730
234694,0.03595447
234695,0.00470255
234704,0.38819692
234705,0.07188717
234710,0.16091155
234718,0.19115932
234719,0.08135582
234732,0.06184605
234739,0.08415795
234755,0.24605236
234760,0.02788004
234778,0.03050760
234781,0.12901857
234786,0.25878980
234788,0.13997583
234789,0.03754835
234802,0.05306986
234809,1.02507566
234814,0.11979204
234823,0.03768840
234825,0.03691846
234829,0.03287999
234838,0.21299493
234847,0.13394717
234876,0.02919831
234908,0.43822849
234914,0.04233867
234917,0.04456500
234935,0.22404941
234936,0.05137077
234941,0.09159695
234942,0.42516027
234943,0.19619589
234946,0.03011132
234947,0.03500150
234960,0.08919244
234967,0.05051547
234980,0.21013330
234990,0.81931621
234996,0.09444129
234999,0.04326108
235002,0.10023605
235021,0.06585555
235025,0.44769797
235034,0.03205634
235037,0.07593716
235046,0.04573820
235051,0.14841163
235052,0.02544407
235054,0.02917373
235061,0.08557653
235066,0.03196309
235076,0.02845933
235087,0.01512966
235089,0.43630767
235091,0.15842970
235107,0.03670410
235118,0.06316708
235123,0.06832131
235134,0.05034286
235137,0.15748491
235146,0.02013200
235147,0.06572256
235153,0.04546734
235166,0.36303628
235168,0.09425903
235183,0.02703175
235187,0.06945540
235189,0.02640181
235202,0.29361651
235214,0.04873910
235215,0.00964454
235216,0.63960188
235219,0.22523781
235223,0.05121855
235231,0.08588015
235240,0.04398276
235252,0.03237213
235253,0.01369684
235254,0.04017003
235259,0.11053331
235270,0.10277037
235275,0.02935586
235283,0.24315715
235291,0.01251453
235306,0.01530487
235327,0.02550131
235337,0.18441714
235342,0.01437991
235356,0.01920610
235357,0.02643679
235372,0.03504352
235378,0.34380167
235386,0.03277160
235401,0.00822498
235403,0.03573635
235423,0.03501173
235424,0.03065165
235434,0.02604968
235435,0.03956157
235438,0.16554628
235451,0.08133195
235452,0.02332707
235454,0.19046480
235456,0.01173695
235459,0.09026309
235460,0.04249069
235463,0.14038956
235491,0.39640931
235492,0.27311174
235501,0.06049111
235505,0.35849053
235512,0.71431617
235519,0.20205705
235549,0.12227491
235592,0.03668465
235597,0.11784353
235601,0.08071874
235602,0.18109143
235612,0.03516006
235617,0.08636248
235622,0.02829447
235636,0.02011568
235641,0.05349996
235644,0.04505790
235645,0.02988827
235651,0.21069378
235664,0.04129788
235668,0.70198394
235677,0.02760735
235692,0.05048816
235693,0.02693669
235698,0.17779050
235722,0.46138873
235741,0.03511432
235743,0.24395748
235752,0.01035443
235757,0.13961584
235766,0.01226929
235768,0.07612697
235769,0.06811076
235775,0.04373887
235778,0.14455846
235782,0.51786798
235791,0.29512163
235792,0.10201283
235796,0.09735738
235797,0.22506699
235799,0.49666921
235803,0.07414951
235804,0.43422164
235809,0.09783575
235811,0.10263899
235812,0.03751138
235827,0.14729438
235837,0.04761881
235839,0.03418130
235850,0.93425544
235852,0.01991637
235854,0.14341402
235860,0.02332862
235862,0.10214071
235869,0.09658768
235877,0.03699853
235889,0.18110851
235890,0.55402491
235891,0.09434420
235893,0.07636301
235900,0.05426783
235901,0.06436497
235914,0.02878885
235915,0.57723380
235924,0.17122552
235950,0.11381436
235968,0.05472819
235977,0.21930291
235978,0.06887164
235980,0.16351965
235990,0.07265911
235999,0.02940743
236002,0.31162930
236022,0.11368502
236033,0.05802016
236034,0.05470712
236037,0.59093094
236038,0.23565840
236039,0.06067374
236040,0.02094340
236053,0.48955001
236064,0.12808183
236068,0.05745461
236069,0.08811397
236094,0.02427279
236107,0.21943088
236123,0.14790379
236143,0.04505441
236214,0.02527402
236215,0.01755442
236221,0.45269956
236229,0.08791680
236234,0.04640068
236236,0.05907673
236237,0.03974401
236239,0.06890650
236266,0.80257103
236271,0.02177442
236283,0.06595737
236286,0.01406627
236287,0.69696333
236289,0.01929798
236293,0.05141637
236302,0.07323946
236303,0.10201999
236313,0.05807610
236324,0.09471483
236330,0.10348383
236332,0.16789334
236345,0.20945004
236350,0.20098714
236352,0.28656747
236359,0.03096112
236362,0.07571471
236373,0.06121126
236378,0.08033910
236391,0.04416023
236395,0.12554216
236412,0.08940091
236418,0.02449736
236421,0.04014720
236451,0.07389216
236454,0.01463793
236457,0.02584239
236463,0.13320025
236469,0.03952994
236476,0.16678461
236485,0.16620949
236508,0.06425210
236509,0.21300160
236525,0.06278501
236527,0.21920550
236529,0.07552491
236555,0.17959872
236562,0.40613021
236568,0.26013042
236569,0.13712934
236580,0.05783565
236581,0.01860440
236583,0.08928867
236586,0.08430124
236594,0.13020648
236631,0.01352929
236632,0.11878029
236634,0.05794881
236638,0.04288880
236643,0.28470926
236648,0.14004579
236655,0.50264455
236656,0.05303621
236657,0.08311309
236663,0.07237494
236681,0.01708615
236683,0.05138341
236691,0.01513190
236698,0.09575002
236713,0.04384240
236727,0.49921129
236732,0.05989617
236733,0.01947638
236735,0.05357480
236737,0.00841919
236749,0.08842069
236750,0.02927852
236752,0.07168830
236765,0.09249124
236766,0.06814445
236769,0.05656704
236771,0.21221460
236774,0.33207522
236775,0.06483497
236790,0.31520433
236793,0.03172416
236797,0.52857633
236798,0.03782457
236809,0.10735452
236821,0.11994847
236831,0.12011602
236836,0.03913020
236838,0.05287685
236849,0.09203543
236852,0.13325405
236860,0.16242259
236862,0.03717465
236865,0.05783823
236873,0.04158264
236885,0.14078143
236891,0.01239049
236894,0.04544951
236904,0.06499350
236905,0.04700348
236911,0.02662278
236939,0.04099323
236948,0.06171151
236950,0.01330609
236957,0.02911418
236965,0.07760993
236974,0.03415633
236975,0.03437938
236981,0.11371049
236985,0.03266278
236995,0.25107161
237023,0.12044056
237025,0.01829504
237038,0.06179219
237058,0.04449678
237060,0.08858921
237078,0.16193144
237079,0.06858082
237080,0.31784021
237084,0.06087282
237086,0.02573659
237087,0.02704430
237091,0.32605690
237092,0.02572800
237093,0.05887062
237094,0.15203072
237103,0.01038453
237116,0.09991110
237118,0.05152006
237126,0.13781068
237136,0.03296181
237144,0.33599250
237149,0.14135265
237150,0.32918800
237157,0.02861363
237158,0.01273331
237170,0.05922875
237171,0.02883983
237193,0.01060211
237196,0.04889955
237200,0.02642699
237248,0.12273756
237254,0.23538227
237256,0.04886901
237257,0.02848618
237267,0.05038477
237268,0.04283910
237269,0.02920928
237271,0.03360140
237280,0.06100891
237301,0.05580049
237304,0.28927896
237308,0.01466951
237311,0.12206593
237334,0.04190997
237338,0.50823265
237344,0.13990791
237361,0.02604228
237362,0.07647764
237368,0.50510364
237369,0.16081046
237371,0.26029118
237373,0.12362172
237377,0.04308580
237378,0.01629312
237383,0.11553833
237386,0.01900292
237392,0.05138352
237399,0.07406687
237408,0.05883667
237411,0.06898522
237414,0.07235860
237417,0.06507554
237424,0.14597219
237439,0.02102665
237457,0.05933860
237458,0.06801863
237459,0.04455221
237471,0.05222099
237474,0.20853303
237475,0.09921931
237476,0.08852476
237490,0.07019869
237491,0.08628572
237495,0.16914118
237501,0.07792117
237512,0.19383818
237516,0.01641895
237518,0.06942918
237528,0.14811869
237529,0.19865540
237537,0.34762052
237543,0.04655593
237547,0.06616284
237552,0.04989494
237563,0.12286660
237585,0.14189502
237598,0.06952893
237606,0.04083404
237624,0.16769222
237632,0.02968179
237635,0.06069903
237640,0.07360711
237642,0.09068943
237647,0.13471850
237648,0.16741209
237651,0.33948503
237657,0.07187217
237663,0.28879908
237692,0.11730520
237701,0.16003899
237715,0.05303406
237726,0.03717768
237728,0.17087313
237731,0.00937270
237732,0.14018865
237746,0.05807010
237759,0.03357688
237768,0.03065885
237772,0.48886799
237780,0.44389540
237787,0.27367777
237792,0.39533831
237804,0.30037812
237812,0.03255946
237815,0.07403834
237821,0.03289737
237827,0.03556957
237845,0.21318593
237862,0.01488185
237869,0.03439802
237872,0.12641069
237900,0.88700830
237909,0.04576338
237917,0.04872056
237921,0.01515825
237951,0.28783694
237952,0.14645891
237957,0.01406889
237960,0.16091172
237963,0.08730600
237973,0.01792143
237984,0.06679801
237990,0.16113305
237997,0.08913190
237998,0.28717129
238025,0.19084962
238027,0.01289011
238052,0.01549121
238053,0.05435372
238054,0.37606785
238065,0.02615259
238066,0.04339153
238075,0.64618980
238082,0.15366805
238087,0.06885367
238114,0.02395510
238117,0.18617548
238127,0.10443758
238129,0.12428954
238133,0.09116764
238135,0.02638779
238152,0.05423756
238157,0.06764259
238163,0.01821669
238170,0.04672355
238176,0.04665012
238180,0.19985252
238195,0.04652619
238198,0.08666496
238199,0.02257237
238206,0.39666054
238218,0.05730745
238219,0.07237337
238222,0.05961509
238224,0.09055375
238230,0.11455493
238237,0.05253184
238238,0.06703029
238247,0.05105340
238254,0.11116855
238256,0.01545624
238257,0.02296394
238270,0.27447209
238278,0.04428182
238279,0.09551054
238282,0.04869264
238286,0.03206325
238293,0.34329012
238298,0.02155808
238299,0.01227053
238306,0.49096481
238307,0.01413297
238308,0.08297155
238322,0.02413143
238327,0.11832065
238328,0.30888280
238330,0.01811652
238335,0.08064499
238347,0.14826879
238355,0.40206817
238356,0.35796332
238361,0.08184788
238367,0.11291714
238377,0.08854871
238413,0.01710508
238419,0.08800198
238436,0.05750262
238437,0.07238483
238443,0.03718662
238450,0.01385105
238452,0.03488380
238453,0.25948972
238454,0.51483490
238457,0.07063608
238467,0.08402828
238469,0.03835475
238470,0.04001945
238474,0.45891878
238478,0.38235059
238480,0.16353621
238492,0.01984574
238496,0.14117699
238500,0.03955411
238508,0.96160959
238512,0.05795216
238520,0.02851647
238540,0.09344866
238548,0.06628379
238549,0.03943617
238550,0.04721435
238563,0.01986160
238586,0.03729751
238607,0.08323540
238608,0.09431344
238615,0.08340578
238623,0.13750817
238627,0.02130731
238630,0.11449291
238635,0.08362536
238638,0.08425716
238642,0.01770568
238646,0.18619389
238656,0.05473038
238665,0.07785123
238674,0.04556049
238687,0.03808997
238702,0.09291141
238703,0.04057497
238705,0.08904749
238712,0.95701569
238716,0.05863545
238717,0.08098537
238718,0.06863987
238747,0.10781622
238754,0.25372074
238767,0.08440757
238793,0.03085526
238794,0.34394135
238796,0.26779932
238806,0.05713063
238832,0.25531671
238833,0.04295336
238840,0.36554148
238850,0.01518263
238853,0.02941967
238855,0.04204551
238858,0.02365423
238867,0.66565541
238868,0.07413463
238869,0.36615256
238873,0.07724190
238879,0.09582139
238893,0.54287616
238903,0.04755762
238904,0.03171241
238906,0.30734707
238928,0.05105429
238933,0.14310157
238941,0.13937377
238945,0.06158504
238947,0.02670588
238954,0.02889458
238963,0.08301675
238986,0.27974369
239003,0.44679974
239018,0.03548320
239019,0.31384338
239020,0.30803536
239021,0.10026306
239031,0.10658005
239042,0.03765064
239051,0.05945854
239056,0.18238608
239058,0.04637337
239075,0.09422140
239078,0.02788617
239079,0.03693891
239081,0.01897701
239082,0.40747127
239085,0.11214813
239100,0.06969361
239104,0.05922092
239120,0.10569381
239123,0.02512661
239140,0.65597562
239144,0.03976181
239145,0.14767474
239146,0.06343199
239153,0.02286895
239155,0.01595540
239161,0.13061081
239168,0.17567261
239177,0.07997613
239180,0.08822651
239193,0.02300163
239199,0.07185637
239206,0.05444817
239207,0.07591314
239209,0.08397805
239221,0.13399164
239225,0.05410392
239227,0.10548444
239237,0.03250674
239249,0.02973745
239273,1.06967608
239282,0.02639281
239290,0.44302039
239298,0.02910472
239302,0.22362728
239307,0.49360505
239309,0.20565055
239314,0.18706443
239319,0.14498288
239328,0.10034557
239334,0.02560571
239343,0.06340204
239344,0.03948015
239356,0.04695736
239357,0.33118717
239428,0.03998558
239429,0.05392736
239453,0.01888871
239471,0.36798834
239479,0.07181485
239480,0.19497013
239485,0.06157458
239489,0.22928593
239518,0.35270050
239522,0.03272727
239525,0.13605508
239540,0.38890212
239567,0.05502195
239573,0.18198616
239574,0.05978465
239578,0.13001218
239587,0.10533863
239588,0.22998310
239597,0.09729338
239603,0.04769803
239612,0.20733081
239616,1.20191853
239617,0.12188017
239618,0.55869142
239631,0.54360110
239639,0.19507201
239644,0.12766687
239672,0.13608072
239680,0.17778625
239685,0.02200829
239687,0.01341355
239715,0.16525414
239722,0.09522165
239733,0.02849318
239746,0.01786940
239748,0.00981057
239760,0.36213370
239765,0.05948939
239766,0.30211845
239774,0.04296086
239775,0.02372888
239788,0.40446559
239795,0.15172213
239796,0.04154767
239801,0.07592070
239808,0.06077779
239816,0.00981455
239819,0.00541318
239825,0.10370082
239832,0.41036542
239840,0.10089363
239845,0.02398028
239853,0.03355679
239862,0.13614670
239867,0.16680547
239873,0.06447941
239884,0.07456958
239920,0.02900606
239924,0.18349768
239937,0.08088924
239938,0.05377789
239948,0.12168358
239951,0.05385994
239952,0.03581765
239996,0.04203035
239998,0.20355668
240013,0.04668336
240027,0.03134896
240028,0.03038265
240036,0.23098875
240041,0.22000728
240046,0.03629455
240063,0.05327328
240076,0.04944521
240082,0.20700071
240086,0.06921986
240087,0.05909356
240089,0.25276110
240090,0.03989544
240093,0.94430891
240110,0.32652040
240111,0.11630771
240113,0.01519333
240117,0.04429665
240118,0.16071004
240120,0.01955462
240125,0.49114215
240130,0.20251648
240131,0.46347694
240133,0.05471019
240138,0.69411302
240149,0.22139124
240161,0.04852172
240177,0.47127250
240188,0.05883974
240197,0.12522435
240204,0.33294538
240215,0.09854863
240257,0.03556913
240266,0.04800149
240284,0.06377433
240296,0.11021452
240300,0.07247804
240312,0.01822812
240314,0.10920367
240320,0.04683077
240321,0.31563029
240337,0.10568679
240339,0.18538173
240341,0.10127256
240342,0.14366240
240346,0.01902725
240348,0.16389415
240364,0.02787126
240378,0.05204095
240382,0.17982494
240387,0.05854404
240404,0.02697814
240409,0.03279220
240412,0.04955694
240413,0.36952858
240414,0.04812738
240415,0.04992114
240416,0.13006762
240427,0.05678709
240428,0.21466593
240438,0.25278919
240447,0.01224202
240489,0.59131308
240494,0.84354101
240495,0.04842296
240507,0.09965298
240526,0.26935087
240530,0.31785393
240531,0.45280122
240554,0.06857046
240559,0.30286774
240561,0.02699822
240577,0.08630683
240578,0.12682232
240585,0.16976190
240587,0.11688178
240594,0.11156347
240603,0.02941941
240615,0.02584273
240629,0.03530185
240631,0.01750665
240637,0.01817205
240646,0.39226182
240649,0.09088388
240657,0.05737399
240664,0.31174159
240665,1.02438531
240668,0.04186464
240670,0.47153798
240685,0.32230630
240689,0.23930712
240702,0.03512272
240707,0.07239689
240709,0.19034986
240712,0.19044584
240716,0.05371830
240717,0.05000431
240725,0.01610740
240733,0.02054501
240742,0.50736108
240744,0.02598021
240819,0.07671650
240820,0.03064437
240826,0.08061704
240836,0.40598820
240839,0.01333823
240847,0.73488229
240859,0.28295145
240866,0.50430395
240868,0.05012327
240875,0.09196076
240878,0.08383987
240888,0.01062699
240896,0.22086062
240897,0.04329676
240898,0.34386400
240899,0.30363489
240900,0.07798994
240901,0.20919443
240902,0.04309558
240903,0.13773250
240904,0.11408206
240910,0.05121969
240916,0.04980376
240921,0.12348351
240923,0.07647519
240929,0.10352767
240930,0.05949135
240931,0.02391919
240932,0.12472768
240938,0.09193278
240943,0.03757625
240948,0.02357831
240954,0.04493762
240972,0.05747468
240992,0.05738483
240993,0.26953396
240994,0.13250462
241018,0.06360606
241026,0.02420256
241031,0.24866610
241052,0.03764340
241060,0.04192036
241076,0.34948693
241113,0.03989540
241116,0.32938938
241118,0.06145935
241121,0.13097409
241130,0.16072261
241142,0.02203601
241146,0.04582086
241159,0.06506975
241160,0.03941106
241161,0.24677637
241163,0.32167298
241176,0.06677554
241187,0.05587648
241188,0.11567163
241191,0.22515513
241192,0.30377604
241198,0.50812257
241208,0.34471038
241210,0.04962803
241226,0.11250752
241244,0.04880634
241252,0.20103470
241254,0.03611934
241256,0.19486727
241264,0.21905540
241266,0.21483319
241267,0.27399287
241274,0.11016046
241279,0.05601308
241281,0.47203790
241284,0.02879048
241293,0.02667461
241330,0.07079525
241333,0.02954396
241344,0.17642065
241348,0.27152841
241359,0.06785601
241362,0.22094989
241372,0.02935547
241377,0.01916660
241381,0.35406570
241390,0.02180516
241395,0.01084527
241397,0.01423953
241401,0.05884490
241402,0.44267439
241415,0.08487249
241417,0.12128223
241426,0.53098476
241432,0.04734396
241436,0.02037133
241444,0.02072572
241447,0.28836182
241456,0.07618672
241457,0.04503490
241464,0.06900775
241465,0.26652805
241469,0.05804156
241479,0.07447698
241482,0.09540719
241488,0.31961184
241489,0.07386173
241507,0.09696293
241509,0.05107635
241511,0.01977577
241520,0.02324716
241523,0.02803953
241536,0.08830315
241545,0.43906582
241574,0.07316057
241577,0.45538348
241599,0.25811646
241608,0.03918101
241627,0.02877558
241631,0.03225813
241640,0.07851509
241642,0.03692742
241645,0.06555291
241647,0.01969617
241649,0.31496097
241654,1.05368094
241655,0.05824425
241657,0.13947024
241665,0.06684446
241671,0.09150975
241678,0.28079825
241683,0.05225644
241686,0.03314344
241699,0.04226900
241704,0.34977571
241706,0.07659588
241709,0.02747551
241718,0.04935933
241723,0.15438136
241729,0.03878101
241739,0.24577939
241741,0.15531593
241752,0.11102400
241756,0.05404101
241763,0.05256358
241779,0.12977819
241793,0.00967159
241797,0.03826532
241804,0.05215398
241813,0.02231267
241816,0.14247069
241817,0.21884295
241821,0.01080782
241838,0.22389621
241839,0.09923835
241855,0.13829481
241857,0.05164141
241887,0.01024597
241888,0.01783003
241899,0.32102620
241903,0.04951008
241908,0.15859600
241914,0.03704561
241919,0.03682154
241933,0.23405405
241943,0.01658368
241947,0.36962140
241957,0.16939871
241960,0.22936314
241961,0.05359174
241965,0.19103030
241971,0.07222831
241982,0.08355189
241990,0.04631816
242011,0.05345741
242022,0.02977759
242023,0.04850917
242025,0.40640084
242035,0.10164191
242037,0.20277709
242043,0.05151687
242067,0.04249516
242075,0.05441756
242077,0.01022686
242088,0.15331751
242103,0.05264699
242125,0.02520890
242134,0.54015530
242143,0.11326324
242144,0.04775944
242148,0.08771908
242155,0.02811463
242163,0.02572711
242171,0.13883122
242182,0.08600331
242185,0.09258974
242188,0.11780429
242201,0.22283722
242203,0.03426358
242204,0.04146669
242208,0.34110239
242210,0.09323719
242217,0.24966593
242219,0.16495102
242222,0.08071837
242224,0.49673098
242229,0.15233723
242231,1.02847899
242236,0.50786076
242256,0.16758408
242264,0.03445722
242269,0.04571507
242280,0.30417017
242281,0.02735869
242285,0.26617904
242295,0.04428075
242302,0.38845133
242314,0.08270084
242319,0.13770878
242332,0.08539059
242338,0.03349304
242342,0.18035398
242343,0.14188988
242345,0.02606658
242354,0.06326706
242361,0.10143964
242365,0.09843880
242373,0.05057251
242378,0.06304358
242383,0.15071259
242385,0.10733061
242389,0.03476230
242397,0.31539218
242404,0.26690198
242406,0.17825952
242410,0.17282504
242436,0.04141703
242439,0.01933936
242440,0.62834180
242444,0.05472377
242445,0.25526146
242455,0.11643456
242477,0.12759348
242479,0.26062941
242484,0.18881842
242491,0.11443710
242492,0.04528719
242497,0.08529629
242498,0.03243674
242499,0.71629373
242500,0.27591690
242501,0.05214413
242502,0.15184658
242516,0.11886366
242518,0.05923961
242523,0.07133169
242525,0.03337947
242537,0.06149778
242549,0.02551632
242550,0.06818981
242553,0.00885092
242554,0.02184660
242561,0.05758711
242566,0.42068286
242567,0.25556417
242587,0.09123867
242598,0.12789687
242609,0.66558759
242611,0.07719646
242614,0.11085998
242617,0.39349560
242622,0.30970322
242623,0.06648939
242629,0.06455212
242633,0.06359985
242636,0.12240311
242637,0.22233060
242642,0.23976167
242651,0.05815181
242655,0.04966704
242667,0.05430604
242668,0.03361113
242670,0.03012940
242681,0.03750621
242689,0.04809268
242690,0.91878412
242692,0.25843378
242693,0.01581827
242699,0.06959714
242706,0.03681520
242712,0.33612326
242714,0.07247089
242715,0.01550450
242721,0.07173153
242725,0.03081821
242728,0.13110007
242740,0.00794059
242741,0.03536557
242762,0.21195101
242766,0.14500994
242772,0.04691772
242779,0.07641379
242782,0.08836347
242795,0.21450289
242796,0.02596450
242800,0.02861836
242810,0.04611996
242816,0.07323795
242824,0.14516468
242829,0.38331311
242833,0.01414540
242837,0.14587986
242851,0.07287837
242857,0.14902446
242858,0.10800491
242860,0.06687389
242874,0.07579032
242876,0.07550673
242877,0.02561223
242879,0.02341086
242890,0.21095096
242897,0.02897162
242898,0.03800076
242904,0.01457822
242916,0.01601924
242920,0.19947774
242924,0.14329606
242930,0.13919730
242936,0.25105689
242938,0.02069017
242951,0.12942006
242952,0.34913396
242956,0.03302513
242970,0.38762850
242972,0.01619078
242973,0.02254250
242975,0.01877725
242979,0.18074692
242985,0.03209340
242989,0.02261678
242994,0.60823982
242996,0.44046259
243004,0.25374767
243013,0.02184935
243015,0.03156714
243017,0.04516003
243022,0.02945677
243075,0.77468609
243077,0.02671751
243089,0.02335390
243096,0.06611132
243099,0.02597741
243109,0.04402191
243110,0.09217242
243111,0.02814835
243112,0.07382873
243114,0.05994115
243124,0.47459342
243128,0.85997587
243136,0.04596703
243143,0.07372439
243148,0.25315682
243151,0.04909814
243152,0.08931317
243163,0.09157371
243170,0.04505065
243173,0.03202917
243184,0.05180311
243187,0.15137913
243193,0.35183022
243206,0.21475036
243208,0.01407735
243236,0.01588312
243237,0.08823874
243241,0.04892893
243244,0.03487260
243251,0.15300894
243256,0.06025598
243257,0.04872674
243263,0.07432988
243265,0.10187971
243276,0.09024418
243283,0.12356624
243287,0.01923992
243289,0.33045754
243291,0.01771595
243294,0.05476369
243299,0.54328900
243301,0.36105379
243302,0.26164437
243310,0.22742696
243313,0.26530498
243334,0.55982499
243335,0.10682120
243345,0.01341924
243353,0.01235610
243369,0.05840147
243371,0.15728897
243375,0.16884123
243383,0.67544758
243387,0.00947100
243390,0.37214679
243398,0.01436878
243399,0.17570638
243401,0.01170256
243412,0.02510468
243430,0.03877643
243433,0.04286995
243440,0.10421968
243445,0.49673332
243475,0.22193368
243481,0.05498755
243501,0.53564603
243518,0.38988158
243528,0.01862576
243544,0.03497034
243550,0.04673363
243555,0.02803982
243558,0.18235824
243559,0.23042281
243569,0.22875684
243580,0.02353381
243581,0.01450165
243590,0.04145998
243611,0.05070904
243619,0.01719583
243643,0.18739386
243659,0.15052441
243664,0.03126944
243665,0.62503836
243679,0.05628351
243680,0.15529603
243681,0.10006744
243689,0.12636606
243699,0.24205801
243700,0.33891835
243703,0.09130500
243714,0.74381376
243734,0.05035847
243741,0.43846061
243747,0.13520235
243757,0.18109651
243764,0.46798920
243766,0.16610050
243770,0.05192871
243774,0.23249001
243777,0.02490917
243778,0.05062242
243783,0.16167230
243788,0.22974377
243801,0.13872659
243802,0.02251675
243805,0.66312828
243821,0.18343959
243828,0.05469923
243831,0.18283977
243838,0.58648482
243850,0.01636006
243861,0.04541335
243871,0.26023025
243873,0.16250264
243874,0.07644359
243875,0.04257551
243891,0.04598036
243893,0.24501506
243900,0.05292989
243907,0.39675088
243908,0.62192477
243916,0.17400261
243921,0.06204029
243943,0.05175587
243958,0.52422241
243963,0.52278228
243965,0.12663852
243968,0.04222995
243978,0.17770744
243993,0.03241823
243996,0.07142588
244004,0.36036516
244006,0.17030064
244045,0.07281863
244046,0.03464812
244047,0.10633993
244049,0.02695885
244051,0.16441659
244058,0.10895290
244093,0.07334455
244100,0.09369547
244102,0.15257636
244104,0.10739087
244108,0.05128087
244112,0.17655292
244114,0.07436237
244134,0.09673151
244136,0.05123007
244140,0.02285707
244151,0.01391520
244152,0.12891750
244164,0.29738905
244168,0.05099271
244173,0.02312885
244176,0.04230243
244179,0.01203115
244189,0.19449581
244201,0.08026840
244205,0.21925245
244212,0.11602879
244216,0.02323371
244226,0.19897307
244228,0.09988496
244238,0.07385082
244246,0.03299328
244252,0.06850062
244257,0.05144975
244266,0.24517654
244268,0.20914831
244280,0.17734187
244290,0.06971107
244294,0.56377713
244295,0.28041243
244296,0.24983400
244298,0.24622456
244307,0.15590045
244321,0.02629487
244322,0.08353832
244324,0.03985257
244335,0.03270111
244346,0.19940753
244364,0.04795591
244372,0.46444138
244377,0.21726878
244387,0.48073727
244388,0.28212437
244395,0.27559197
244396,0.01403607
244403,0.04294264
244416,0.13816220
244417,0.02480722
244420,0.07075806
244421,0.09312641
244428,0.08174864
244429,0.26778648
244432,0.33101108
244456,0.20520060
244460,0.11293367
244461,0.20502566
244464,0.02416344
244470,0.02156002
244475,0.16039880
244484,0.35724939
244487,0.03157717
244489,0.05629561
244498,0.14030729
244526,0.19322749
244529,0.47615223
244534,0.07258859
244536,0.10355893
244543,0.67663639
244545,0.06538295
244555,0.05542717
244560,0.29171170
244562,0.02684304
244570,0.31096483
244572,0.20753841
244574,0.09776584
244605,0.18477871
244612,0.12362890
244624,0.06986158
244631,0.01096039
244632,0.27049490
244643,0.01416387
244652,0.06719679
244666,0.02141060
244671,0.06515788
244672,0.03758479
244683,0.03604974
244690,0.09464476
244696,0.02827042
244703,0.03165862
244710,0.07772094
244713,0.06117268
244719,0.03146684
244724,0.16571580
244736,0.08094636
244763,0.20295538
244764,0.17470084
244765,0.59362090
244767,0.17140264
244772,0.13149956
244786,0.09291004
244789,0.03102781
244794,0.07321729
244799,0.01744624
244810,0.01987529
244815,0.04587329
244830,0.04372500
244848,0.14879873
244852,0.01493211
244866,0.04354418
244867,0.24506792
244874,0.28134210
244887,0.03710493
244891,0.09367493
244897,0.50856042
244898,0.01800243
244909,0.18694350
244910,0.29837677
244913,0.29804294
244925,0.12404412
244928,0.19127447
244932,0.05241480
244942,0.05311062
244943,0.13726969
244949,0.13808264
244954,0.03377054
244971,0.04407623
244973,0.82393030
244989,0.47585231
245001,0.04848333
245012,0.17347159
245026,0.90289607
245030,0.05595092
245036,0.06766848
245049,0.44544791
245057,0.06399665
245062,0.30030837
245063,0.07453349
245074,0.02619462
245076,0.05645346
245105,0.13721091
245106,0.04194595
245121,0.02079845
245124,0.07040483
245129,0.02734792
245133,0.09330391
245138,0.08624917
245150,0.17944538
245156,0.27656642
245157,0.12288193
245168,0.20789115
245170,0.05130348
245177,0.05205537
245178,0.05211080
245182,0.01931652
245208,0.08302064
245219,0.30087649
245221,0.01614368
245222,0.03137723
245224,0.05627260
245225,0.03463454
245233,0.19091175
245234,0.05991291
245244,0.14937089
245253,0.85834130
245260,0.05628971
245272,0.08005923
245281,0.04445572
245296,0.78454776
245297,0.42088456
245303,0.01392593
245309,0.16219448
245313,0.04680489
245316,0.06706247
245328,0.02749980
245344,0.10535681
245351,0.07748454
245357,0.06914597
245367,0.03154637
245369,0.61554316
245376,0.17876887
245381,0.05753206
245411,0.13217595
245426,0.08627757
245428,0.00651701
245430,0.24845940
245437,0.62392647
245443,0.03483149
245450,0.01209058
245452,0.08969412
245468,0.05253589
245481,0.02768440
245486,0.03342684
245496,0.09118469
245501,0.29137184
245502,0.13320107
245503,0.02205373
245564,0.42858447
245567,0.27096760
245568,0.32110027
245576,0.57635358
245577,0.04864589
245578,0.03885491
245595,0.04573865
245598,0.05165676
245604,0.03660837
245611,0.02671756
245615,0.20656022
245617,0.02869947
245627,0.15525305
245659,0.03506982
245661,0.06965747
245681,0.05974826
245687,0.09216219
245697,0.14948686
245708,0.03874008
245713,0.03996959
245717,0.02668192
245720,0.05171100
245721,0.28797396
245724,0.03415296
245728,0.18411086
245738,0.05250895
245746,0.07258610
245747,0.10038087
245748,0.17152249
245766,0.04606997
245767,0.26109845
245784,0.09609518
245792,0.14293530
245802,0.38905186
245804,0.02857304
245815,0.04920225
245820,0.09073426
245830,0.07702627
245834,0.03924623
245836,0.05980025
245844,0.11709035
245853,0.02248741
245862,0.03894050
245863,0.12437971
245882,0.35754816
245892,0.01816398
245906,0.05683659
245913,0.05113155
245926,0.01591974
245932,0.03928583
245933,0.02501217
245934,0.07642017
245939,0.28580201
245948,0.20061200
245955,0.05395770
245957,0.01452673
245967,0.08804641
245979,0.08465206
245980,0.21247286
245989,0.09167496
245992,0.06166324
245994,0.30584241
246006,0.05434538
246010,0.03430294
246017,0.20965443
246041,0.05287709
246045,0.07157782
246053,0.11380236
246057,0.03989899
246059,0.07537242
246061,0.09221626
246079,0.01618503
246082,0.03718672
246089,0.01801659
246091,0.03715657
246102,0.03321692
246127,0.52488926
246134,0.03241473
246135,0.09938091
246138,0.75720096
246143,0.07889868
246146,0.08317815
246148,0.04702475
246152,0.36455209
246155,0.06506325
246164,0.05496802
246171,0.19859301
246185,0.01717232
246192,0.25646805
246200,0.24335133
246208,0.03419659
246210,0.06866521
246213,0.09987157
246214,0.14439818
246229,0.03489895
246242,0.05253738
246250,0.28161316
246258,0.02034085
246267,0.31272662
246273,0.04932007
246287,0.02264892
246289,0.04343565
246290,0.14028186
246302,0.06028391
246303,0.04165681
246304,0.04820427
246312,0.15293006
246319,0.70507472
246321,0.12852928
246335,0.12050712
246337,0.05282354
246348,0.02757027
246358,0.07026733
246362,0.21658573
246369,0.02206058
246374,0.05524198
246382,0.27339875
246384,0.09546055
246386,0.42012951
246390,0.08362301
246396,0.02594476
246400,0.08944027
246401,0.03221390
246405,0.10843763
246415,0.29844060
246416,0.25259544
246418,0.26923415
246422,0.02319673
246423,0.04406738
246426,0.66208544
246429,0.46894129
246432,0.11687775
246444,0.05287835
246448,0.18095000
246455,0.22802270
246469,0.18679467
246482,0.02467861
246488,0.04577876
246489,0.11757842
246491,0.03825912
246502,0.01715496
246516,0.05420678
246524,0.29852890
246525,0.14318287
246543,0.19609933
246550,0.37594330
246554,0.06465311
246558,0.00886340
246559,0.09955804
246560,0.15702739
246561,0.03337474
246562,0.07661440
246564,0.04266812
246585,0.42083080
246615,0.33502420
246618,0.04384806
246619,0.02253759
246621,0.18415419
246624,0.04119881
246625,0.02266689
246627,0.25679213
246628,0.05892231
246631,0.12700913
246633,0.16980447
246654,0.04659666
246660,0.05373736
246665,0.44535717
246669,0.12870045
246681,0.03368074
246700,0.35993708
246705,0.02980609
246708,0.12240047
246711,0.23656567
246724,0.13108345
246740,0.02911348
246744,0.12606273
246745,0.57906742
246746,0.04508222
246748,0.02101230
246752,0.23611962
246758,0.15036135
246762,0.04417065
246765,0.13988264
246786,0.07364446
246798,0.03311700
246807,0.16134113
246816,0.29596532
246820,0.03183288
246833,0.13993340
246835,0.92210607
246836,0.13351225
246845,0.08340026
246849,0.10944707
246857,0.31672573
246861,0.03227571
246871,0.02741908
246872,0.29751481
246877,0.03027344
246879,0.01131969
246894,0.61766449
246896,0.03136308
246905,0.06549893
246907,0.15667600
246928,0.02692509
246935,0.01585712
246939,0.07077928
246947,0.05242490
246951,0.08572239
246956,0.06287930
246972,0.17364307
246979,0.07138054
247003,0.01991786
247005,0.18697868
247006,0.12034110
247008,0.01335734
247014,0.23353170
247027,0.03406297
247032,0.13224585
247036,0.11513858
247080,0.11809651
247083,0.06442983
247086,0.11369143
247092,0.11060731
247098,0.14699197
247103,0.34955440
247105,0.04880964
247108,0.06668301
247118,0.39428892
247123,0.04627691
247129,0.07065399
247139,0.31182500
247147,0.09832302
247153,0.18932771
247157,0.08482251
247179,0.02412948
247190,0.10401199
247213,0.04065208
247220,0.03778316
247234,0.01992222
247260,0.03245963
247265,0.08943416
247269,0.66582016
247272,0.02692537
247277,0.04910112
247278,0.38080401
247280,0.06539192
247290,0.08821474
247296,0.07189573
247314,0.18169744
247316,0.15176734
247328,0.16037236
247332,0.04328299
247336,0.36930830
247340,0.18787944
247342,0.08151417
247347,0.06527032
247350,0.17278481
247351,0.03342691
247353,0.14506234
247354,0.05105958
247360,0.04790036
247371,0.09763589
247378,0.01995099
247394,0.18043164
247402,0.04540988
247406,0.07731485
247409,0.03322971
247446,0.06272101
247453,0.04506901
247455,0.29902081
247463,0.02683944
247484,0.02624688
247485,0.07143244
247492,0.18107444
247497,0.13488472
247510,0.06302630
247521,0.08510101
247527,0.13369358
247534,0.23418211
247537,0.08586195
247558,0.14874822
247559,0.06088502
247560,0.15426087
247567,0.21678745
247572,0.08428932
247582,0.03672923
247583,0.56036149
247594,0.06588897
247595,0.03239650
247597,0.14253313
247598,0.02504145
247607,0.22941051
247619,0.33947241
247632,0.18725793
247638,0.13554194
247639,0.18026429
247646,0.09444182
247655,0.02644821
247660,0.02331364
247672,0.16016100
247677,0.02985938
247682,0.09381801
247685,0.17350994
247690,0.07120517
247701,0.05578414
247708,0.47748302
247715,0.06234287
247734,0.07720559
247758,0.06518064
247761,0.03672125
247763,0.02818506
247766,0.06859076
247774,0.03251298
247775,0.06522356
247779,0.03455277
247781,0.06282766
247783,0.12328429
247785,0.05092674
247787,0.02449442
247793,0.02794953
247798,0.09583153
247802,0.12837391
247805,0.03820960
247814,0.00758715
247816,0.04825358
247834,0.04449647
247836,0.03227241
247844,0.34105553
247849,0.36150271
247852,0.01733620
247859,0.03536056
247861,0.50656191
247867,0.06500424
247868,0.02181031
247883,0.03878231
247890,0.02747089
247892,0.53337953
247896,0.03538351
247897,0.05532945
247902,0.79190554
247904,0.06334647
247909,0.02878890
247910,0.05807014
247911,0.14274721
247929,0.04871201
247930,0.01723807
247935,0.02402624
247942,0.27359676
247950,0.07948190
247951,0.14222746
247972,0.27216921
247989,0.08881072
247993,0.18535799
247995,0.28707499
248012,0.06700601
248018,0.08418872
248019,0.09721680
248036,0.01973448
248037,0.14385231
248039,0.03646879
248040,0.20348475
248043,0.16092253
248054,0.01689679
248056,0.04267804
248068,0.40311038
248075,0.27493723
248085,0.02513701
248087,0.08478247
248089,0.06268228
248095,0.01912900
248105,0.10774104
248109,0.14019543
248115,0.04665008
248131,0.26998102
248135,0.21395037
248148,0.09093786
248154,0.51290047
248156,0.08376321
248165,0.38158262
248169,0.05713910
248173,0.01039825
248179,0.02629060
248187,0.03345735
248204,0.03192731
248207,0.29441019
248210,0.51804451
248212,0.06225977
248214,0.03145865
248229,0.03255877
248236,0.12548405
248239,0.10563757
248240,0.29793788
248246,0.01835162
248249,0.07281902
248261,0.03753683
248267,0.04164465
248268,0.05953950
248272,0.04391880
248276,0.10206224
248293,0.14396837
248303,0.14192991
248307,0.14283074
248308,0.64820269
248327,0.08779910
248330,0.08625057
248345,0.04283162
248355,0.03288139
248364,0.32037829
248368,0.21455753
248373,0.18433836
248375,0.32840601
248378,0.06549377
248390,0.03654196
248394,0.10095465
248405,0.01845829
248409,0.09394378
248411,0.02441937
248415,0.15307822
248416,0.02618262
248419,0.19308824
248421,0.01421401
248422,0.03425985
248424,0.02265538
248427,0.14563303
248429,0.41015769
248435,0.01709985
248452,0.03732745
248461,0.06505222
248467,0.02984760
248472,0.09129866
248473,0.04226802
248476,0.04521412
248488,0.66856623
248489,0.20236533
248505,0.03812579
248509,0.17578055
248510,0.17849694
248512,0.04250316
248524,0.40177119
248526,0.30323668
248528,0.03525415
248533,0.02190844
248546,0.04733075
248568,0.03257079
248570,0.03274502
248579,0.08605174
248583,0.11382136
248585,0.01260730
248586,0.06543475
248596,0.00805902
248597,0.21325563
248601,0.01878131
248605,0.07919775
248613,0.03194651
248618,0.03305851
248622,0.04010603
248626,0.00968273
248627,0.03800199
248628,0.02903558
248635,0.03961824
248636,0.03408654
248644,0.05260787
248667,0.15374328
248675,0.06409626
248677,0.03725370
248693,0.09516379
248694,0.20352678
248699,0.00820420
248706,0.26594804
248726,0.17956289
248728,0.02382229
248731,0.17776878
248736,0.79363147
248738,0.61197872
248739,0.03395133
248744,0.34202632
248745,0.13604557
248756,0.03414677
248760,0.13578194
248767,0.54754341
248770,0.06356078
248772,0.18091629
248773,0.04074132
248785,0.03408275
248789,0.03639960
248791,0.06253588
248797,0.10973673
248826,0.01551268
248853,0.06377269
248854,0.03251412
248856,0.07317250
248861,0.15352233
248869,0.16359394
248871,0.05505053
248877,0.04634601
248883,0.15761121
248891,0.02123951
248892,0.85923234
248905,0.03648628
248910,0.01855434
248914,0.04145358
248921,0.15322788
248931,0.18063133
248934,0.08131908
248951,0.05340947
248954,0.27404410
248961,0.03962752
248966,0.03903841
248968,0.61940565
248977,0.03671296
248978,0.09399200
248986,0.21297939
249000,0.03651106
249005,0.07310324
249025,0.01028743
249040,0.10517969
249045,0.02980285
249056,0.08648224
249057,0.01055093
249075,0.08667218
249084,0.09355768
249089,0.10298084
249095,0.47961008
249101,0.15756288
249113,0.01895063
249116,0.02279148
249118,0.05225112
249137,0.15694261
249140,0.04726064
249149,0.20059769
249151,0.02393663
249154,0.06388903
249155,0.08545577
249171,0.03827978
249173,0.37106773
249190,0.03064542
249191,0.02807522
249197,0.08759913
249205,0.52374528
249212,0.15828135
249228,0.09730168
249235,0.15095596
249266,0.06579825
249269,0.03461050
249277,0.18993929
249298,0.05639588
249305,0.16588202
249310,0.03752355
249313,0.18578957
249320,0.20693267
249321,0.01390022
249332,0.01613011
249333,0.08968523
249339,0.15366855
249343,0.34927117
249345,0.06977393
249347,0.08071057
249348,0.10316635
249358,0.01857178
249370,0.39223023
249382,0.21521016
249397,0.02393560
249398,0.08570399
249400,0.08937790
249403,0.46264950
249412,0.30959344
249421,0.20704955
249422,0.05954196
249426,0.04060176
249445,0.03589509
249460,0.05742041
249465,0.00642499
249467,0.02957867
249481,0.19149919
249495,0.08421114
249496,0.10982765
249505,0.04232322
249507,0.01963678
249523,0.14444353
249528,0.06756071
249532,0.09352532
249534,0.15283749
249540,0.02495441
249542,0.11053325
249557,0.07943405
249559,0.51271757
249578,0.02320177
249581,0.01549469
249588,0.20290779
249595,0.04510763
249603,0.65119303
249615,0.02852359
249630,0.06803837
249636,0.06007370
249640,0.04835002
249648,0.02143823
249657,0.03055998
249661,0.02046517
249664,0.01941691
249668,0.11175305
249677,0.13353363
249681,0.20058248
249687,0.13656030
249688,0.08962404
249695,0.38227534
249703,0.04140895
249705,0.12115917
249718,0.42101937
249719,0.17627120
249720,0.05523011
249726,0.02205160
249728,0.11002229
249742,0.11544702
249764,0.24391744
249768,0.10452995
249770,0.10513384
249774,0.06339635
249779,0.09300907
249783,0.01554060
249801,0.82623727
249808,0.06593565
249818,0.02916941
249820,0.29177611
249832,0.86083231
249839,0.03031440
249843,0.27016960
249845,0.12041330
249847,0.09182467
249878,0.44750982
249883,0.03600340
249895,0.19888256
249898,0.10685579
249906,0.41996599
249909,0.01948157
249913,0.13881461
249920,0.37843606
249921,0.01421040
249928,0.23223271
249941,0.05048524
249951,0.01094858
249955,0.15405231
250020,0.06239248
250022,0.05397400
250026,0.05500756
250038,0.08948409
250045,0.24026677
250048,0.09980893
250049,0.05279731
250051,0.04994306
250056,0.33469514
250073,0.02473326
250085,0.01447646
250088,0.24544438
250091,0.08080154
250092,0.35416257
250093,0.02220014
250095,0.08968434
250098,0.22704392
250105,0.03205665
250114,0.91960505
250127,0.12471300
250134,0.25466318
250137,0.00882649
250153,0.14508637
250156,0.09885365
250176,0.16665437
250188,0.07054461
250189,0.07824569
250211,0.05805078
250212,0.37871587
250217,0.01478257
250226,0.05599122
250236,1.05562942
250237,0.20088540
250246,0.06560605
250270,0.15633377
250276,0.16817473
250299,0.08150536
250311,0.00711374
250312,0.13461862
250319,0.06893564
250324,0.03582194
250331,0.02849122
250340,0.08735022
250347,0.01624029
250354,0.03042523
250358,0.05466871
250359,0.01713125
250361,0.57768973
250363,0.08656602
250371,0.28971339
250377,0.05051088
250381,0.12526668
250391,0.03702319
250415,0.02277370
250416,0.15858112
250430,0.53937042
250431,0.13539558
250438,0.16596071
250444,0.28281893
250453,0.08754293
250458,0.07093478
250462,0.82297586
250469,0.01981393
250473,0.07037300
250481,0.23831591
250498,0.34772415
250502,0.22636182
250508,0.23332928
250514,0.03112104
250521,0.05096374
250522,0.69048242
250530,0.01453753
250531,0.01514276
250533,0.01371231
250539,0.13432619
250541,0.06433181
250545,0.62615114
250557,0.39627895
250576,0.03315430
250579,0.01796294
250585,0.68506901
250586,0.03588758
250591,0.31897463
250592,0.06704004
250596,0.01751118
250616,0.02826477
250617,0.05493093
250632,0.26378928
250636,0.04527312
250640,0.15655383
250657,0.12420181
250658,0.08068547
250661,0.04715047
250684,0.14754227
250685,0.07765704
250691,0.19329007
250692,0.04424216
250712,0.02503976
250713,0.02322593
250719,0.12149785
250737,0.23395647
250749,0.03108197
250772,0.07575469
250773,0.45355551
250774,0.07484132
250781,0.43662853
250783,0.01890565
250810,0.17957162
250814,0.04169977
250819,0.04534837
250831,0.04518176
250855,0.05174364
250867,0.12915602
250878,0.03483014
250887,0.02843624
250889,0.02919241
250890,0.06482910
250900,0.23071631
250904,0.09806173
250909,0.10023648
250913,0.04122298
250914,0.03980179
250915,0.16086831
250918,0.09100568
250922,0.61647207
250925,0.25238762
250939,0.22771287
250949,0.03251839
250956,0.09458988
250961,0.05858999
250963,0.33280266
250965,0.27311707
250968,0.03320504
250970,0.03019787
250981,0.15465577
250990,0.02691426
251001,0.40855443
251002,0.02226947
251011,0.42583363
251013,0.02524735
251021,0.03681338
251022,0.01738234
251029,0.03472714
251046,0.03153260
251047,0.05180932
251058,0.00793072
251063,0.08490352
251064,0.09926355
251073,0.51166300
251083,0.09992812
251085,0.26020913
251091,0.29423458
251096,0.03348313
251105,0.80172432
251115,0.37184196
251123,0.02668266
251133,0.20406111
251152,0.10933900
251165,0.14693439
251180,0.09658002
251196,0.82973909
251197,0.20078069
251214,0.03022326
251215,0.68345898
251217,0.15234924
251219,0.04153164
251233,0.02545460
251234,0.25628112
251245,0.04846628
251248,0.36865361
251255,0.00674627
251267,0.00870391
251272,0.04908117
251276,0.03026974
251288,0.07117646
251297,0.05469329
251298,0.14819780
251300,0.06951670
251301,0.12771966
251302,0.21912300
251303,0.25798194
251311,0.04361163
251314,0.09617012
251322,0.01604335
251324,0.14447036
251333,0.17115143
251336,0.32865322
251341,0.02404035
251346,0.06160369
251370,0.06388812
251378,0.04895985
251396,0.08420992
251401,0.08818205
251413,0.05282801
251422,0.02373833
251423,0.02300908
251434,0.18623463
251436,0.16473396
251443,0.12270074
251445,0.14044804
251455,0.04236573
251465,0.08487324
251470,0.02894667
251475,0.96681285
251488,0.04244626
251498,0.03104515
251504,0.09910631
251506,0.30944797
251530,0.26460294
251534,0.15203632
251538,0.33352633
251543,0.04823733
251557,0.19857337
251558,0.06335701
251567,0.02065484
251575,0.03109964
251579,0.09905574
251598,0.35588080
251599,0.11284006
251606,0.04416704
251608,0.04017323
251620,0.27385151
251624,0.04463468
251629,0.03777269
251631,0.09238328
251654,0.40664915
251671,0.01334447
251677,0.08480436
251682,0.08996255
251684,0.22155609
251689,0.12179043
251700,0.09385138
251716,0.04040849
251719,0.17623214
251727,0.04653060
251731,0.20507358
251732,0.05001959
251737,0.04013627
251744,0.04820624
251750,0.09193322
251754,0.42902529
251759,0.01112545
251761,0.90527912
251762,0.28086135
251765,0.06940153
251768,0.12148597
251770,0.04747744
251777,0.03437040
251786,0.04228042
251795,0.22074988
251805,0.09939850
251833,0.21105389
251839,0.03450012
251848,0.70832619
251851,0.07012754
251893,0.02864963
251909,0.03600409
251918,0.10473128
251920,0.14970131
251922,0.38060933
251923,0.43036964
251926,0.22125227
251933,0.02288738
251938,0.18742425
251948,0.27739923
251955,0.04805017
251956,0.15929482
251957,0.01384889
251964,0.11522264
251965,0.09813518
251966,0.03029921
251972,0.03534492
251980,0.02432976
252003,0.03502701
252016,0.08309234
252028,0.12244431
252032,0.02578585
252046,0.01382512
252054,0.01167632
252060,0.25042902
252073,0.03469808
252088,0.02414175
252092,0.01365324
252096,0.39472471
252113,0.02656733
252115,0.01820825
252121,0.01046193
252133,0.17617387
252135,0.03843336
252145,0.19831787
252151,0.01626972
252167,0.07761918
252169,0.52178998
252175,0.47010810
252189,0.20099096
252190,0.35286899
252191,0.20861879
252198,0.12027578
252212,0.10643085
252223,0.07050077
252224,0.16393421
252228,0.32703223
252253,0.01519561
252257,0.20481730
252261,0.10803923
252265,0.06911929
252272,0.23443032
252273,0.23418099
252286,0.91587849
252312,0.01545819
252322,0.09313428
252326,0.33295176
252332,0.05244564
252345,0.07356266
252348,0.05878809
252354,0.06462283
252358,0.04300299
252364,0.11971660
252366,0.42326943
252369,0.13340196
252374,0.06397660
252382,0.08313465
252417,0.51095220
252425,0.38125697
252426,0.17135528
252429,0.07781404
252434,0.58720735
252447,0.04719196
252450,0.02483395
252452,0.40441109
252460,0.03203572
252463,0.15816209
252465,0.03374367
252492,0.12967327
252493,0.35002067
252518,0.10717732
252522,0.19914907
252524,0.03207961
252531,0.03622695
252533,0.19722986
252540,0.12665034
252543,0.08626894
252544,0.04268445
252555,0.03965868
252558,0.10779829
252562,0.02575866
252565,0.40633300
252568,0.00730215
252569,0.04379738
252573,0.10716391
252582,0.03231393
252596,0.09123818
252599,0.02695087
252603,0.05805793
252606,0.07833237
252630,0.01972907
252636,0.02598891
252651,0.13530094
252653,0.01167734
252679,0.47426742
252682,0.43058417
252687,0.25553861
252713,0.00947737
252715,0.01496213
252721,0.52979101
252726,0.05859782
252746,0.19598094
252754,0.00883384
252760,0.02637005
252762,0.74314262
252763,0.05977624
252764,0.12751488
252768,0.04888255
252773,0.17085666
252774,0.05348943
252782,0.15680888
252784,0.05291755
252797,0.04896030
252798,0.03647685
252809,0.14252461
252819,0.01801001
252840,0.06122280
252862,0.01337127
252863,0.29473555
252865,0.09891285
252870,0.06257256
252880,0.07346126
252881,0.11777391
252888,0.20617564
252889,0.12105772
252894,0.08380637
252899,0.06932783
252911,0.02248996
252918,0.00618994
252926,0.02874041
252929,0.14676253
252932,0.13443088
252939,0.07689128
252940,0.04555429
252970,0.01070168
252971,0.04832017
252980,0.12467619
252981,0.05344927
252986,0.03119635
252990,0.01075226
253004,0.16556761
253011,0.01570450
253015,0.01823057
253022,0.02946385
253032,0.04005677
253044,0.56091207
253056,0.02491673
253065,0.17042643
253066,0.06829991
253067,0.04771831
253079,0.04721621
253088,0.08222558
253098,0.17948905
253099,0.13906988
253112,0.03856952
253113,0.14145255
253133,0.14896273
253149,0.03871982
253151,0.04865061
253153,0.15541095
253160,0.04113831
253164,0.02885281
253169,0.22142771
253177,0.01090517
253183,0.26872860
253198,0.13252084
253206,0.09030492
253214,0.15488785
253218,0.06365730
253224,0.06478132
253227,0.02025998
253231,0.02904712
253247,0.03560223
253251,0.11578288
253262,0.07742675
253264,0.20414908
253265,0.21294015
253273,0.12048269
253275,0.04334363
253278,0.02327441
253284,0.17642400
253298,0.07575581
253313,0.24817452
253317,0.03027707
253322,0.28423396
253326,0.08741476
253332,0.55380369
253338,0.04207943
253339,0.01236488
253346,0.01040457
253348,0.30359081
253350,0.04674058
253357,0.06813218
253363,0.05622642
253365,0.00899093
253369,0.04086044
253373,0.22719101
253378,0.04200093
253383,0.28859129
253392,0.03349073
253395,0.04682384
253398,0.03708227
253410,0.37684909
253419,0.03262120
253420,0.14453017
253421,0.35719263
253441,0.19327130
253442,0.03555068
253446,0.02182947
253447,0.31729415
253465,0.07254630
253488,0.22555847
253492,0.02850219
253499,1.10752349
253500,0.34594378
253501,0.08038392
253509,0.05073547
253521,0.04933013
253534,0.01664394
253544,0.08025580
253555,0.07255446
253557,0.20253665
253559,0.01792068
253583,0.20474285
253587,0.04565804
253589,0.09114352
253591,0.06339172
253596,0.02592231
253600,0.02142816
253605,0.02781448
253620,0.09926164
253628,0.04039807
253631,0.13533780
253634,0.02558445
253639,0.06410786
253641,0.26602215
253661,0.04217866
253672,0.11180319
253679,0.04771298
253683,0.09797217
253696,0.03880890
253706,0.02199637
253708,0.07753055
253712,0.05121798
253717,0.03255626
253720,0.06448490
253731,0.22060241
253734,0.07526079
253743,0.08737228
253744,0.11005954
253748,0.05914404
253754,0.21104421
253761,0.08517652
253787,0.28864656
253788,0.07856911
253796,0.25502779
253826,0.31195258
253829,0.19694510
253837,0.12368809
253841,0.34322415
253843,0.03893246
253844,0.13532489
253845,0.07619446
253849,0.24731559
253854,0.02954772
253861,0.02809657
253863,0.05810480
253875,0.14423243
253891,0.11701615
253894,0.20410806
253895,0.98595888
253918,0.38536753
253930,0.02363432
253939,0.09413275
253940,0.12382194
253945,0.18333670
253950,0.02348042
253951,0.01410569
253964,0.32706919
253967,0.04347052
253975,0.84788197
253986,0.03129033
253998,0.85573282
254017,0.14219810
254025,0.14318249
254026,0.02367501
254031,0.16192706
254035,0.07584504
254040,0.17110351
254042,0.06653127
254047,0.06542504
254051,0.44883601
254056,0.03876203
254060,0.13541272
254068,0.04055254
254073,0.16950808
254088,0.04884765
254100,0.07788937
254110,0.15361985
254115,0.02557564
254116,0.47995369
254125,0.07827181
254130,0.04226153
254135,0.18788513
254149,0.09163730
254161,0.09746359
254167,0.07470474
254176,0.14104998
254205,0.02080552
254226,0.01325152
254228,0.13137730
254238,0.02202907
254242,0.06533206
254257,0.71808847
254261,0.04518848
254280,0.08975059
254295,0.01975923
254316,0.37726495
254325,0.44539379
254326,0.16285920
254327,0.01725417
254335,0.04260545
254342,0.18711022
254347,0.10892016
254355,0.20327683
254358,0.02645761
254359,0.03683577
254368,0.09611135
254376,0.05809103
254382,0.17652806
254383,0.28801266
254390,0.11364876
254392,0.12869785
254394,0.01770476
254400,0.01018750
254406,0.04660036
254411,0.04225304
254421,0.05585874
254435,0.39154736
254437,0.04292081
254440,0.01470375
254460,0.15615723
254470,0.03132181
254471,0.10284086
254472,0.01393007
254483,0.28886462
254493,0.02604549
254513,0.02452131
254518,0.23154577
254520,0.10283264
254534,0.12225125
254537,0.16380334
254562,0.07706722
254567,0.03760177
254577,0.11321111
254578,0.10463461
254580,0.36576405
254586,0.05356869
254591,0.12973417
254593,0.02985451
254597,1.10650890
254599,0.01247550
254613,0.04524670
254629,0.15538786
254631,0.07951233
254633,0.06925365
254639,0.08113312
254642,0.08281527
254650,0.16193600
254659,0.07156846
254662,0.07413981
254671,0.13338834
254672,0.03907234
254674,0.26521221
254676,0.38907444
254679,0.01928680
254701,0.08318034
254722,0.01749027
254728,0.05329537
254742,0.05221505
254748,0.17897357
254750,0.01421288
254751,0.07308672
254753,0.20417063
254773,0.43630344
254783,0.03731196
254805,0.17470333
254806,0.13559732
254810,0.04609826
254817,0.12305600
254820,0.04194966
254829,0.27415276
254835,0.02854240
254837,0.08617073
254843,0.04628615
254850,0.06745157
254858,0.06903754
254861,0.03584189
254884,0.02472833
254885,0.25610516
254890,0.03446666
254910,0.25735041
254916,0.08030212
254917,0.02554892
254920,0.01529375
254926,0.03293378
254928,0.12005979
254930,0.18880914
254937,0.28116260
254940,0.03503117
254953,0.17412994
254956,0.01848405
254969,0.07715014
254982,0.09717139
254988,0.08518005
254998,0.09239109
255013,0.28270884
255017,0.02220560
255018,0.04727760
255029,0.05974022
255033,0.93874428
255035,0.19155437
255061,0.75503307
255067,0.01086109
255068,0.04389303
255070,0.18101170
255084,0.03307404
255096,0.26139347
255106,0.01205462
255114,0.11138322
255117,0.06812460
255135,0.27759895
255142,0.10879592
255143,0.06125670
255146,0.16125485
255155,0.03060286
255156,0.11372767
255158,0.04086149
255167,0.09105343
255172,0.03293840
255199,0.01747920
255204,0.04707296
255206,0.06625714
255210,0.06056953
255226,0.08796073
255230,0.09360191
255253,0.04942068
255259,0.04905386
255260,0.03870287
255278,0.10511272
255288,0.03552677
255312,0.08728709
255317,0.01483909
255319,0.14668206
255320,0.08538182
255322,0.05675043
255332,0.68334759
255337,0.03949050
255344,0.01561807
255347,0.13247263
255348,0.04069920
255351,0.08515144
255366,0.14959815
255371,0.03375963
255372,0.01484721
255373,0.21508874
255377,0.13138163
255378,0.14480392
255405,0.22350135
255408,0.11967628
255425,0.16922594
255434,0.16001098
255441,0.04946827
255442,0.38178776
255451,0.21556010
255486,0.03020988
255490,0.69162179
255493,0.03447561
255501,0.13115444
255503,0.06381825
255515,0.10381027
255522,0.09068896
255526,0.05322425
255538,0.31475657
255541,0.07941425
255546,0.26971233
255549,0.01286287
255557,0.06058993
255564,0.48981115
255568,0.05664909
255572,0.03638708
255581,0.04032453
255585,0.02308766
255586,0.36977962
255596,0.36246451
255598,0.04630401
255600,0.15097074
255619,0.08457021
255620,0.02383446
255623,0.03079107
255631,0.05968129
255632,0.12536921
255633,0.07773082
255646,0.03841646
255647,0.09117662
255649,0.06536424
255659,0.11350450
255666,0.01104948
255669,0.06600673
255674,0.01542348
255675,0.03183338
255678,0.16919287
255682,0.50330670
255690,0.26818467
255691,0.02412237
255694,0.80959865
255706,0.03414871
255717,0.03602394
255720,0.02359762
255723,0.11578070
255724,0.20616298
255729,0.01469756
255731,0.21374138
255733,0.02323815
255734,0.06506548
255738,0.11599499
255760,0.01281544
255766,0.06288064
255770,0.04383556
255772,0.01356498
255775,0.07608654
255776,0.03348051
255786,0.03179880
255795,0.04049296
255797,0.19281735
255810,0.04848925
255813,0.02920854
255829,0.08518797
255830,0.03483388
255832,0.02517510
255847,0.06764405
255853,0.26611232
255876,0.08434547
255881,0.00876905
255883,0.04071578
255891,0.20171183
255899,0.04530105
255900,0.15323248
255906,0.11507346
255907,0.40295534
255911,0.27527848
255921,0.04850999
255925,0.22712732
255930,0.44176639
255941,0.01306321
255948,0.02036248
255969,0.71818918
255973,0.68267833
255974,0.06988400
255976,0.15664728
255977,0.07790869
255978,0.04852018
255981,0.05654678
255988,0.07732540
255990,0.05092624
255992,0.28299727
255998,0.01086367
256015,0.18643191
256016,0.05992142
256036,0.11995841
256045,0.06553341
256050,0.08218167
256066,0.65014932
256076,0.13569320
256080,0.02526581
256083,0.31829908
256086,0.03987585
256103,0.15748812
256108,0.02148154
256114,0.04194097
256115,0.17235505
256139,0.07173131
256141,0.04114474
256146,0.08543855
256150,0.03028608
256177,0.05778811
256179,0.03952045
256194,0.18157497
256195,0.16812617
256200,0.18764738
256204,0.09312610
256205,0.23672756
256213,0.12919529
256222,0.07363309
256224,0.21212459
256235,0.30566812
256264,0.01556773
256268,0.04622205
256276,0.21617151
256277,0.03373802
256282,0.04564857
256285,0.01655370
256293,0.01743049
256294,0.05405882
256296,0.24445794
256297,0.02323295
256315,0.06857676
256317,0.05168019
256334,0.53696906
256339,0.03189439
256342,0.78340799
256345,0.05456837
256348,0.18603495
256350,0.15452152
256351,0.07697261
256357,0.12706443
256375,0.30777153
256377,0.08089446
256379,0.03098622
256392,0.00742628
256398,0.02401027
256419,0.12963658
256422,0.02537056
256424,0.03673029
256431,0.02293912
256432,0.04009260
256438,0.43955415
256459,0.03380742
256460,0.61526469
256506,0.43735026
256507,0.04465748
256511,0.03490249
256513,0.29771347
256519,0.07074863
256533,0.04878261
256539,0.13233427
256590,0.08766329
256606,0.47565407
256614,0.16897925
256642,0.19846931
256644,0.02421654
256653,0.14307390
256663,0.03226311
256666,0.13062642
256669,0.07490875
256678,0.03880221
256685,0.12419107
256705,0.05945130
256708,0.11477335
256713,0.05059870
256715,0.12633450
256718,0.11330416
256745,0.17003919
256752,0.02224792
256753,0.18115918
256754,0.03045147
256763,0.01324361
256772,0.12948054
256773,0.51217899
256774,0.58374309
256776,0.61835133
256783,0.11162396
256790,0.04402965
256801,0.79358298
256802,0.55244230
256803,0.17319715
256808,0.04159256
256809,0.10133968
256810,0.33663043
256818,0.16008651
256824,0.02460356
256825,0.05969400
256826,0.02461124
256829,0.03631881
256834,0.05697118
256843,0.77601928
256866,0.28290478
256875,0.05257102
256876,0.07284087
256887,0.05142974
256888,0.04032480
256894,0.07881591
256909,0.04949318
256918,0.63767417
256927,0.09429157
256931,0.03664520
256933,0.05958622
256937,0.18937992
256950,0.21520582
256955,0.02538231
256962,0.14744248
256972,0.01587734
256985,0.08896394
256987,0.23208049
256993,0.01375257
257000,0.13518191
257017,0.01564724
257019,0.12156989
257020,0.26118436
257022,0.04123668
257023,0.09072726
257025,0.09100352
257050,0.09262756
257056,0.01916430
257060,0.24318705
257064,0.05211933
257066,0.02886385
257071,0.10053265
257073,0.03108466
257076,0.02864311
257084,0.12627622
257088,0.09730927
257102,0.10139253
257118,0.04731300
257119,0.12965053
257120,0.06900092
257131,0.08744184
257145,0.23082169
257150,0.07552061
257154,0.15535912
257169,0.17316557
257192,0.25757020
257200,0.03599047
257204,0.02901646
257205,0.20966290
257213,0.05610061
257216,0.05394830
257219,0.02927664
257232,0.13863870
257234,0.04830540
257244,0.12801772
257251,0.02980090
257255,0.07701451
257260,0.05420125
257263,0.37694745
257267,0.14623133
257277,0.08267719
257293,0.02616107
257294,0.11324964
257304,0.01437197
257307,0.02440902
257312,0.05491092
257324,0.13723606
257325,0.10220323
257326,0.08003897
257353,0.05663482
257354,0.02937784
257369,0.08192600
257372,0.03440629
257375,0.08083505
257388,0.17266967
257393,0.03503400
257395,0.04081308
257399,0.12396785
257406,0.03674799
257409,0.11071920
257437,0.17789326
257441,0.01645552
257442,0.05218073
257473,0.04260021
257476,0.11438998
257477,0.58471987
257483,0.55635116
257500,0.15469474
257506,0.17163397
257508,0.05514684
257511,0.45848167
257514,0.01959632
257527,0.74361162
257528,0.16535998
257545,0.08067421
257546,0.06381988
257548,0.02864364
257551,0.03212406
257564,0.25713031
257565,0.24986377
257567,0.11243259
257572,0.03143146
257575,0.23226617
257577,0.87442634
257578,0.03175389
257585,0.02685624
257589,0.26519794
257590,0.10774486
257594,0.04504563
257596,0.07002376
257614,0.20937454
257618,0.26665120
257624,0.43306542
257632,0.02647091
257638,0.08630326
257644,0.12357904
257650,0.09312864
257653,0.10165430
257660,0.43817333
257663,0.11223370
257665,0.22369466
257677,0.24769750
257678,0.04709451
257690,0.24680893
257700,0.11964795
257711,0.52869412
257712,0.06728353
257715,0.05529759
257718,0.01056987
257720,0.14252280
257740,0.24324110
257748,0.09448655
257765,0.09599306
257768,0.13549485
257777,0.05828191
257778,0.10605069
257785,0.14947445
257789,0.21643078
257794,0.04859120
257796,0.04422696
257821,0.03580312
257823,0.66946033
257832,0.05858671
257844,0.64899051
257848,0.17046903
257854,0.07821692
257861,0.76185636
257872,0.05590439
257875,0.05695726
257876,0.08550045
257883,0.01989205
257888,0.01552248
257895,0.09529381
257900,0.03190455
257906,0.02216953
257907,0.52472318
257920,0.34612350
257921,0.30240699
257926,0.06585582
257932,0.02477163
257940,0.01576390
257947,0.12435208
257953,0.20608688
257958,0.01939456
257967,0.18638228
257977,0.06497152
257986,0.05144435
258012,0.22582976
258013,0.13918935
258031,0.02107454
258034,0.03696099
258037,0.39652165
258051,0.26286882
258056,0.03707579
258058,0.07636083
258066,0.16350352
258074,0.09101329
258077,0.02844845
258090,0.16630496
258109,0.07349724
258114,0.02611473
258124,0.03518812
258127,0.21241940
258141,0.03076752
258148,0.05321341
258151,0.15115937
258163,0.04874951
258166,0.03533188
258169,0.04015174
258179,0.27420905
258190,0.20888726
258193,0.02913891
258207,0.61516529
258220,0.11270936
258222,0.10187989
258223,0.05650333
258225,0.00710505
258227,0.02305504
258231,0.14180537
258233,0.35970636
258249,0.00805161
258255,0.06763187
258259,0.04781284
258276,0.07023568
258281,0.61764241
258302,0.03385215
258305,0.20761714
258310,0.14583839
258334,0.26384816
258335,0.10455084
258338,0.02803564
258345,0.02759981
258360,0.02197457
258363,0.14409502
258381,0.26246402
258384,0.11216659
258387,0.09041333
258400,0.16034360
258402,0.06293048
258406,0.40497774
258408,0.60778118
258432,0.01477208
258443,0.01553130
258461,0.03099237
258488,0.09486319
258489,0.09262483
258508,0.19601194
258524,0.01618987
258527,0.01454035
258545,0.01735329
258549,0.19187775
258560,0.46599364
258565,0.25360506
258567,0.05165413
258575,0.13402048
258590,0.04009188
258591,0.09952300
258592,0.07729840
258603,0.28994156
258606,0.05755765
258610,0.14760275
258627,0.04931985
258631,0.01154599
258637,0.16045664
258638,0.13994808
258640,0.30311596
258645,0.02789046
258651,0.10376940
258652,0.26060326
258653,0.04441156
258662,0.17750629
258663,0.03362667
258671,0.02985114
258679,0.02177517
258685,0.04429879
258686,0.55371726
258697,0.01995262
258705,0.53578014
258723,0.32572950
258724,0.04449315
258734,0.02055319
258763,0.08234090
258764,0.02467338
258771,0.03443786
258773,0.13545094
258782,0.13167624
258784,0.01190703
258790,0.06360959
258811,0.06416628
258817,0.10583531
258818,0.09218645
258832,0.21549136
258837,0.58648298
258841,0.09638681
258842,0.03572403
258843,0.20066283
258860,0.01487416
258875,0.04563722
258881,0.03188939
258887,0.01588246
258889,0.05861173
258924,0.24641618
258925,0.31346472
258948,0.05694795
258949,0.01788570
258963,0.16156527
258964,0.03593931
258966,0.88993729
258973,0.16410660
258974,0.02228176
258979,0.31092748
258989,0.06971886
258997,0.03831827
259001,0.14493946
259013,0.68060447
259018,0.03249581
259020,0.68719552
259031,0.10271766
259044,0.21156579
259050,0.48818159
259064,0.07726631
259078,0.22398951
259088,0.68505024
259124,0.01533995
259125,0.13290873
259135,0.07031011
259137,0.15824301
259146,0.04952798
259148,0.36559178
259168,0.10728868
259178,0.04046704
259194,0.06981089
259198,0.05466626
259204,0.04940889
259209,0.01728982
259223,0.02305983
259228,0.07380935
259234,0.47133016
259237,0.03746213
259246,0.04985130
259247,0.01200708
259249,0.23535992
259264,0.11534183
259274,0.06199495
259281,0.33553487
259283,0.05512087
259284,0.10702974
259285,0.05311808
259286,0.01999312
259291,0.09809947
259304,0.02921640
259309,0.03857221
259322,0.05620880
259323,0.47360271
259331,0.12284132
259339,0.03176911
259344,0.06113180
259350,0.13506402
259353,0.05241679
259356,0.04882933
259365,0.32275767
259377,0.29901556
259397,0.03552016
259403,0.12382921
259411,0.03147630
259415,0.12187277
259420,0.16483152
259423,0.29125101
259424,0.03989633
259431,0.05159067
259434,0.11499478
259438,0.06895773
259439,0.08506089
259441,0.01396784
259452,0.03696764
259460,0.06968161
259471,0.07942802
259483,0.12653297
259494,0.04365333
259496,0.05437182
259500,0.12965035
259512,0.03380451
259526,0.12348184
259528,0.11842254
259548,0.02691387
259568,0.16113719
259593,0.20446815
259603,0.07334414
259611,0.02621266
259620,0.12458451
259621,0.44476890
259623,0.16171947
259633,0.04118796
259648,0.05757842
259678,0.01965756
259691,0.01401328
259693,0.03240330
259708,0.30748019
259720,0.12591776
259734,0.03454296
259741,0.16937121
259749,0.05394537
259750,0.01289195
259752,0.00923831
259755,0.04857506
259759,0.08476220
259776,0.08226587
259779,0.07336974
259790,0.31198016
259797,0.02539835
259799,0.12040918
259804,0.09808177
259807,0.23444972
259810,0.28231166
259811,0.26536751
259822,0.02196905
259833,0.02532499
259838,0.01791966
259844,0.26056627
259846,0.11377691
259848,0.04010578
259861,0.19593422
259867,0.04070908
259876,0.08604646
259880,0.02715277
259897,0.06791906
259908,0.16013228
259912,0.02886180
259920,0.16573680
259922,0.02734325
259928,0.15401861
259932,0.00757603
259946,0.01592363
259962,0.17311461
259982,0.04153991
259985,0.01417010
259994,0.20360837
259996,0.42642050
260000,0.04858976
260007,0.88299679
260018,0.18963913
260021,0.16180678
260038,0.03472387
260051,0.34981598
260052,0.03395339
260070,0.06085690
260074,0.06136686
260080,0.09172770
260092,0.06142688
260097,0.01554971
260101,0.00925326
260108,0.03586358
260117,0.05895788
260129,0.03951130
260142,0.03435913
260145,0.02416367
260146,0.13497108
260147,0.12351810
260148,0.50538985
260153,0.02869922
260156,0.04114359
260171,0.05001977
260202,0.01679674
260221,0.16406804
260222,0.10196676
260226,0.27079078
260227,0.17679854
260247,0.04588536
260251,0.02751763
260261,0.01456995
260264,0.05877503
260266,0.05047682
260268,0.07960971
260289,0.05196443
260301,0.13238365
260316,0.07999663
260348,0.03512822
260359,0.13229366
260364,0.19432161
260391,0.19671773
260422,0.12280176
260435,0.05026932
260438,0.19119568
260446,0.02202942
260447,0.80674950
260458,0.09287496
260461,0.40386018
260469,0.08941031
260471,0.14606331
260482,0.34550000
260484,0.06047350
260487,0.23722863
260489,0.07288536
260500,0.10172376
260508,0.03907421
260509,0.12531719
260512,0.10902537
260525,0.04772384
260530,0.12749342
260533,0.06071485
260538,0.37534772
260541,0.69005616
260546,0.08624062
260551,0.02020997
260556,0.18790424
260561,0.03369197
260566,0.03304903
260572,0.08577174
260579,0.52585639
260582,0.30962050
260583,0.06535723
260584,0.14108550
260586,0.13976033
260589,0.16053782
260608,0.17596020
260632,0.02714852
260634,0.03516769
260635,0.16787970
260645,0.09733324
260659,0.06429388
260665,0.16242255
260673,0.12314612
260675,0.55984948
260676,0.07592922
260700,0.32732654
260721,0.41924698
260723,0.14034908
260732,0.02151264
260738,0.01650252
260748,0.10703995
260782,0.12806986
260806,0.04349750
260820,0.13200668
260825,0.23047125
260830,0.04204918
260844,0.24469175
260858,0.11391327
260860,0.15849770
260863,0.13820200
260867,0.03721881
260875,0.02522197
260877,0.32817070
260902,0.29181931
260910,0.04518813
260913,0.05396912
260923,0.11436525
260926,0.38150777
260936,0.04939671
260937,0.58525022
260948,0.12444640
260949,0.03598094
260959,0.09482357
260962,0.69168568
260986,0.10971827
260988,0.03620414
260992,0.21659222
260997,0.07266428
261007,0.08338374
261031,0.03910323
261039,0.24028651
261044,0.02850878
261055,0.12859901
261058,0.20170084
261069,0.04197729
261079,0.06017958
261084,0.00734035
261097,0.15940175
261101,0.02392386
261111,0.25315515
261115,0.05369138
261116,0.30998965
261121,0.02187798
261124,0.21168756
261126,0.04067416
261132,0.02731023
261161,0.02981220
261162,0.05379924
261175,0.02969792
261187,0.07209759
261191,0.07454414
261195,0.01461402
261197,0.19726007
261204,0.05954884
261231,0.01883688
261248,0.06382798
261263,0.04347204
261268,0.41903282
261273,0.20606577
261274,0.08463243
261277,0.19390400
261283,0.03069098
261293,0.08593542
261302,0.64088103
261309,0.06799425
261318,0.05845868
261340,0.18864853
261346,0.01705262
261355,0.03042823
261357,0.03176075
261365,0.11045388
261366,0.38833627
261376,0.04411740
261380,0.14180100
261385,0.73415239
261403,0.06864078
261416,0.41833925
261424,0.27918387
261425,0.07055479
261431,0.01507601
261433,0.05381871
261435,0.16075781
261440,0.07784914
261450,0.02035311
261456,0.47262148
261464,0.53175930
261465,0.05013202
261473,0.02396510
261475,0.12639689
261476,0.14908714
261480,0.02387690
261481,0.06018395
261495,0.05027979
261500,0.02928573
261506,0.02941181
261544,0.03235925
261551,0.01557048
261566,0.34398269
261573,0.34033809
261587,0.05056099
261592,0.03898658
261594,0.01721571
261626,0.02454488
261635,0.02511102
261649,0.02039967
261653,0.04121478
261660,0.15219653
261668,0.06356912
261669,0.06159449
261676,0.04278348
261688,0.03439388
261691,0.08303944
261699,0.03483990
261704,0.17332523
261718,0.21713898
261719,0.04314510
261735,0.04087156
261742,0.02588562
261746,0.20546294
261749,0.06265354
261759,0.21213496
261763,0.07172937
261772,0.04702161
261795,0.07238135
261798,0.05231724
261804,0.02192552
261806,0.04013571
261813,0.30806354
261814,0.15864595
261827,0.02104231
261835,0.01379475
261839,0.18415989
261840,0.11441626
261845,0.01828991
261846,0.02127679
261850,0.02773585
261853,0.04148844
261870,0.33100233
261871,0.02748922
261883,0.41504173
261885,0.02248600
261888,0.11955746
261892,0.03129570
261895,0.05396836
261906,0.03304547
261912,0.57263341
261918,0.02334483
261926,0.05906802
261930,0.00837264
261947,0.05246497
261956,0.10019711
261958,0.14560399
261960,0.16545293
261961,0.44141538
261965,0.13651461
261967,0.65489813
261968,0.02370716
261974,0.12289207
261980,0.12801173
261981,0.15944154
261983,0.09522499
261992,0.11716426
261998,0.17093948
262002,0.09333520
262006,0.05112505
262014,0.01696709
262017,0.06241401
262021,0.74221003
262038,0.16389601
262040,0.05341521
262043,0.03631828
262052,0.06524581
262054,0.03575899
262056,0.05550604
262058,0.06424494
262062,0.65823693
262065,0.41313968
262067,0.03413724
262070,0.13978546
262078,0.01883686
262084,0.07146544
262091,1.18046757
262092,0.17813371
262112,0.06100461
262114,0.01333156
262132,0.03819074
262140,0.63518027
262152,0.16960831
262159,0.03098078
262172,0.17296830
262180,0.04344271
262181,0.08745115
262188,0.63120831
262202,0.04487302
262206,0.02180610
262213,0.23215599
262227,0.23490084
262239,0.12708585
262243,0.03365443
262246,0.04325622
262251,0.03866382
262269,0.00558720
262272,0.12637934
262276,0.13239744
262277,0.05522867
262278,0.19204185
262281,0.03235071
262298,0.03286928
262308,0.02626234
262316,0.01673833
262320,0.00608184
262321,0.42585979
262337,0.17782878
262354,0.28627527
262362,0.06941990
262364,0.04235855
262365,0.05483620
262372,0.08953544
262373,0.09985041
262380,0.08632614
262392,0.21222377
262399,0.09076534
262407,0.39357443
262418,0.25212076
262429,0.14527034
262430,0.01541370
262446,0.25696913
262455,0.00924373
262459,0.05330583
262475,0.05052501
262478,0.30505421
262492,0.06383608
262520,0.02413179
262535,0.23490879
262537,0.02280054
262538,0.12935199
262541,0.01457909
262554,0.47947180
262559,0.04769281
262561,0.13555402
262562,0.05498278
262575,0.51237653
262576,0.11457947
262579,0.03860292
262581,0.86881033
262590,0.11134919
262599,0.04978708
262607,0.05030325
262608,0.08373799
262613,0.10024859
262620,0.15397756
262621,0.62020569
262622,0.01609661
262623,0.54200322
262629,0.02911890
262633,0.03233475
262650,0.02794168
262655,0.12233392
262659,0.14455513
262660,0.15890273
262663,0.10609298
262665,0.08737852
262666,0.03246325
262679,0.15969131
262681,0.27660539
262702,0.03807907
262705,0.06296288
262716,0.10603583
262725,0.37184595
262732,0.05438697
262743,0.02698812
262749,0.19081766
262752,0.33530760
262756,0.12953124
262758,0.26251715
262772,0.21211108
262784,0.12875750
262791,0.05501508
262793,0.47563250
262802,0.27328752
262814,0.52112140
262817,0.04812464
262820,0.02697570
262827,0.12616709
262832,0.01537832
262845,0.02758669
262847,0.05133566
262859,0.11616679
262862,0.55718273
262864,0.05489915
262865,0.19927394
262887,0.01829902
262914,0.03556444
262939,0.04635675
262943,0.44816867
262958,0.16202410
262963,0.17184711
262970,0.04154671
262979,0.13999988
262986,0.07514071
263004,0.04814436
263015,0.03340504
263016,0.07202500
263028,0.07386470
263029,0.33929105
263031,0.08721837
263044,0.14130335
263046,0.04601693
263056,0.11975771
263059,0.08511335
263061,0.29218875
263077,0.05877948
263087,0.05118648
263105,0.24978933
263116,0.24497751
263120,0.05261352
263127,0.92194751
263137,0.18515875
263166,0.04641905
263175,0.07998314
263184,0.13189871
263185,0.06140127
263205,0.06615650
263208,0.03721529
263210,0.59221058
263220,0.05922893
263224,0.23141812
263228,0.06108567
263240,0.02171742
263243,0.19125046
263288,0.05188312
263290,0.10150271
263306,0.02410990
263312,0.01186372
263319,0.02661848
263326,0.03184866
263331,0.03447837
263339,0.27732739
263347,0.02854696
263353,0.12158121
263355,0.10422853
263368,0.26615921
263408,0.05065852
263414,0.06347365
263421,0.04432367
263440,0.01864626
263458,0.05332085
263460,0.06045824
263475,0.04291424
263477,0.06974819
263479,0.17034476
263489,0.36954405
263492,0.17351260
263493,0.06559258
263498,0.04775051
263510,0.06841836
263513,0.15308223
263514,0.02801243
263517,0.18515554
263518,0.02413191
263548,0.02793890
263561,0.07679330
263564,0.05767760
263565,0.28577909
263576,0.01158256
263580,0.32777481
263582,0.01290839
263584,0.02248800
263593,0.42095816
263594,0.08536773
263598,0.10333755
263602,0.19670856
263611,0.04021927
263640,0.57925908
263642,0.06352824
263643,0.14649814
263646,0.06796087
263658,0.04773880
263664,0.02679218
263683,0.02304419
263703,0.18561437
263705,0.10194001
263709,0.01787600
263715,0.00910994
263728,0.04908519
263732,0.10568579
263735,0.12857498
263748,0.22708786
263750,0.03442820
263751,0.07855775
263759,0.09202116
263763,0.01633204
263765,0.02665570
263780,0.06470562
263783,0.09260699
263786,0.28170901
263794,0.10044004
263799,0.01212049
263802,0.12398246
263803,0.07132984
263820,0.35645561
263846,0.36663754
263857,0.02096271
263858,0.02148255
263860,0.12331272
263864,0.18219066
263870,0.01481067
263879,0.04385092
263881,0.07002166
263882,0.03975807
263895,0.07572173
263909,0.65926080
263918,0.23484021
263940,0.09727313
263945,0.03247810
263946,0.19602933
263947,0.04377182
263948,0.02902239
263962,0.39867458
263972,0.22563437
263974,0.01282471
263981,0.01664103
263984,0.08156533
263992,0.60532317
264001,0.03439362
264007,0.15182714
264010,0.02064775
264011,0.59121740
264015,0.00923997
264023,0.14416755
264030,0.18136747
264033,0.04171659
264037,0.03662179
264043,0.07020053
264044,0.05045707
264045,0.47027399
264050,0.01407436
264055,0.11560398
264059,0.01847788
264060,0.41444404
264062,0.16976126
264069,0.07758063
264077,0.06214990
264078,0.06661500
264087,0.04262952
264094,0.21205276
264095,0.19206920
264112,0.08937679
264113,0.17371889
264131,0.03381655
264145,0.02736500
264148,0.03655441
264157,0.31886313
264161,0.04203085
264173,0.26502819
264188,0.02264369
264195,0.11604237
264198,0.29315974
264199,0.03269062
264207,0.05242802
264209,0.03953107
264226,0.01981980
264227,0.14872267
264243,0.32399464
264246,0.49177698
264252,0.01425126
264254,0.13197692
264259,0.03236212
264274,0.02744778
264280,0.51075379
264285,0.03630352
264299,0.12538342
264331,0.01730031
264334,0.01179063
264338,0.04475261
264341,0.01478732
264344,0.17291091
264347,0.66738909
264350,0.12781616
264360,0.01718557
264365,0.07690135
264367,0.04537093
264378,0.14237165
264381,0.31690069
264397,0.03803609
264401,0.27083859
264405,0.04246132
264417,0.10756263
264422,0.03080885
264423,0.17066296
264424,0.02083091
264436,0.77320401
264441,0.04319728
264451,0.04553306
264453,0.05643045
264457,0.06120333
264460,0.04570248
264464,0.13201357
264469,0.27694250
264485,0.02039801
264491,0.05210596
264505,0.08459215
264535,0.21063903
264538,0.15359266
264541,0.01911468
264544,0.02647742
264545,0.16029815
264549,0.14462040
264557,0.18249029
264563,0.09502400
264569,0.02346321
264574,0.17027173
264587,0.09970729
264608,0.07333079
264610,0.32524994
264621,0.03103904
264627,0.12605680
264642,0.11770391
264644,0.03573720
264655,0.06324827
264660,0.15377646
264667,0.13522530
264691,0.09544302
264694,0.26623567
264695,0.01653738
264700,0.05375150
264709,0.01844397
264712,0.06964959
264714,0.03246957
264722,0.07613544
264728,0.03380481
264742,0.10070149
264744,0.06972188
264748,0.07560916
264760,0.10356614
264763,0.39187229
264771,0.04260438
264773,0.07525768
264782,0.14626322
264786,0.20488429
264787,0.06705936
264809,0.04990499
264811,0.10264640
264822,0.11078764
264823,0.16069456
264831,0.07435155
264834,0.28891910
264841,0.05786236
264848,0.12821802
264849,0.30532874
264863,0.74126997
264867,0.04702921
264874,0.28169116
264875,0.02819608
264877,0.10461225
264897,0.47215178
264900,0.33056143
264906,0.03476396
264909,0.24765852
264913,0.02828838
264922,0.06048662
264924,0.09793820
264927,0.34625945
264935,0.06001456
264938,0.98012286
264968,0.03782364
264975,0.16368995
264979,0.01562500
264989,0.07982939
265001,0.14655247
265009,0.27112443
265014,0.07507028
265016,0.05796578
265027,0.65349543
265049,0.07052221
265061,0.44904439
265062,0.03529094
265068,0.03402360
265072,0.16668111
265100,0.07422329
265105,0.04537019
265106,0.11919966
265110,0.02840009
265123,0.07290909
265126,0.49379985
265131,0.15427084
265134,0.06826450
265144,0.02802629
265146,0.35440543
265154,0.12161033
265164,0.09615889
265170,0.11061167
265172,0.02776795
265173,0.02312837
265178,0.08997265
265187,0.29458522
265191,0.17109515
265194,0.73655535
265216,0.03022999
265228,0.03113808
265231,0.02675448
265232,0.02990026
265233,0.05865283
265242,0.24030538
265243,0.09178424
265246,0.05770721
265259,0.27183511
265265,0.81268941
265266,0.03260483
265268,0.34200834
265280,0.03510477
265287,0.01423834
265297,0.06681463
265298,0.20021745
265300,0.06607217
265301,0.08293152
265305,0.53068317
265307,0.04669126
265314,0.11304730
265320,0.03926080
265331,0.14005010
265333,0.22324420
265336,0.02804518
265337,0.18696201
265344,0.12705699
265346,0.01225271
265371,0.03205422
265380,0.08776003
265386,0.04167196
265389,0.05673614
265409,0.33702037
265414,0.04325191
265415,0.03325818
265419,0.03152834
265422,0.05069393
265457,0.08551537
265461,0.13426822
265463,0.12369770
265468,0.33726399
265474,0.37430626
265478,0.02367632
265480,0.60641564
265488,0.09539730
265493,0.07405764
265510,0.14240793
265519,0.36429475
265521,0.34230100
265529,0.07445188
265533,0.28739531
265577,0.07152082
265591,0.06595225
265596,0.67841233
265607,0.03506229
265618,0.09067453
265619,0.03775753
265620,0.02929711
265628,0.18822297
265661,0.03964214
265669,0.04599587
265680,0.10995488
265707,0.22198848
265714,0.15027324
265716,0.01338378
265717,0.39230565
265718,0.09619186
265723,0.18748670
265730,0.10227749
265732,0.03389789
265744,0.39847747
265751,0.17518840
265760,0.22224760
265777,0.06439602
265783,0.17531442
265791,0.10538531
265792,0.05101162
265797,0.11441383
265798,0.02843456
265806,0.03497096
265815,0.06820710
265816,0.45032191
265821,0.03378132
265833,0.02845869
265854,0.02962115
265856,0.16841727
265858,0.03617179
265862,0.52895183
265863,0.22212929
265879,0.11625430
265881,0.03355173
265894,0.18250710
265895,1.46216266
265896,0.08960190
265898,0.10917142
265900,0.17443199
265907,0.02796318
265910,0.24671280
265917,0.06512231
265941,0.15381817
265955,0.08818307
265957,0.16307226
265961,0.03970490
265966,0.02564539
265969,0.28891242
265974,0.10410412
265976,0.03987950
265979,0.21107671
265985,0.06205493
265988,0.06830321
265990,0.10809209
265991,0.23408146
265993,0.03995056
265995,0.38705549
266009,0.07672885
266010,0.05095045
266014,0.40066860
266020,0.22200275
266022,0.32261459
266029,0.14434013
266045,0.05406133
266057,0.62179733
266060,0.33966234
266065,0.02210699
266071,0.04246829
266072,0.01808595
266074,0.01462612
266076,0.03424249
266089,0.04006104
266091,0.05151674
266097,0.10361003
266099,0.05327568
266106,0.14382938
266117,0.06592623
266120,0.22004130
266129,0.06142439
266132,0.13993189
266139,0.23813359
266140,0.09918472
266141,0.05765951
266146,0.39783123
266149,0.02547233
266159,0.04190721
266165,0.02207816
266171,0.38299732
266173,0.03078882
266177,0.21020183
266179,0.08048186
266186,0.01475612
266210,0.37539437
266227,0.04164312
266266,0.06754822
266291,0.05343144
266319,0.30085389
266321,0.03307123
266323,0.01897027
266329,0.04906562
266331,0.10224103
266333,0.45986901
266334,0.11399812
266338,0.06096008
266340,0.04515365
266344,0.34942605
266354,0.03528746
266359,0.11573430
266362,0.10523508
266364,0.05739046
266365,0.09667625
266379,0.03745165
266380,0.17686341
266387,0.01417929
266393,0.05808052
266396,0.02835335
266406,0.03460238
266418,0.21496504
266424,0.01892206
266440,0.08661921
266442,0.04109335
266444,0.20261692
266453,0.16473430
266455,0.05936899
266461,0.04096761
266462,0.02264457
266465,0.06296328
266466,0.23249693
266468,0.84538677
266471,0.07868559
266479,0.03889408
266499,0.40624440
266536,0.20311971
266543,0.05630640
266544,0.09896418
266556,0.10771311
266561,0.03456540
266573,0.12020753
266578,0.23143391
266590,0.27336069
266596,0.21897354
266624,0.25036622
266629,0.02984649
266635,0.02449605
266644,0.00967746
266650,0.08742891
266659,0.16322567
266666,0.03925098
266668,0.07874140
266674,0.35550182
266680,0.05801687
266686,0.38037299
266714,0.06541586
266730,0.04522137
266734,0.17979475
266740,0.53706520
266745,0.03180534
266749,0.12475554
266750,0.03711723
266751,0.06518566
266752,0.17952186
266753,0.02139532
266759,0.34936864
266763,0.04778769
266766,0.04112750
266783,0.06066851
266805,0.01647174
266812,0.01432379
266813,0.24111703
266816,0.13354477
266819,0.17609714
266820,0.71229296
266833,0.13313279
266842,0.17162160
266847,0.11506837
266848,0.03130673
266865,0.44315142
266867,0.21966987
266874,0.08015590
266885,0.06826473
266888,0.01931665
266890,0.44172153
266932,0.03713267
266941,0.14946374
266942,0.08557270
266948,0.02972841
266959,0.02644279
266977,0.03689812
266983,0.04237692
266984,0.08355704
266999,0.27526938
267000,0.27949099
267023,0.40400325
267031,0.15834079
267035,0.02934592
267046,0.06603918
267050,0.04808441
267058,0.08925994
267070,0.07473908
267079,0.14657561
267080,0.05904210
267093,0.17316009
267094,0.09150382
267102,0.02885804
267107,0.03600982
267108,0.04717604
267113,0.06077773
267127,0.04316504
267136,0.05364224
267143,0.02118161
267155,0.44237988
267180,0.02545773
267182,0.03044174
267184,0.05074900
267192,0.09105495
267195,0.33419910
267220,0.03342296
267228,0.01876341
267237,0.17592136
267241,0.21557307
267242,0.46204452
267247,0.17028434
267259,0.15357206
267260,0.48828867
267265,0.10712181
267269,0.36612271
267272,0.14651345
267275,0.02683653
267282,0.61925302
267284,0.99334693
267294,0.07913805
267298,0.01631575
267304,0.18682827
267316,0.22378853
267324,0.03809769
267327,0.02315047
267333,0.02977874
267338,0.04344479
267341,0.09453030
267342,0.05962075
267344,0.14030865
267345,0.29090966
267347,0.00682126
267361,0.25731231
267374,0.07971199
267379,0.06027060
267380,0.03919635
267382,0.05197672
267394,0.07426514
267403,0.32435262
267405,0.17310657
267412,0.03566900
267421,0.29364569
267437,0.08234212
267438,0.03621401
267443,0.02787967
267446,0.04260306
267460,0.32292502
267466,0.24553083
267469,0.03397743
267474,0.03217199
267488,0.03188501
267490,0.03099526
267496,0.40064867
267499,0.13327223
267501,0.11262456
267518,0.20674540
267522,0.59864283
267524,0.09023549
267532,0.15083181
267535,0.48188872
267547,0.04321188
267550,0.02399056
267559,0.18373001
267581,0.10719880
267586,0.19485099
267588,0.36531647
267592,0.04477086
267597,0.03152677
267600,0.04751410
267608,0.03188622
267620,0.03533375
267625,0.18253476
267628,0.14319203
267633,0.06982912
267639,0.05839466
267649,0.08699734
267659,0.14611647
267662,0.11383545
267671,0.09843700
267672,0.01025080
267677,0.04610976
267679,0.11425096
267682,0.05635667
267687,0.36629378
267689,0.04067931
267690,0.03225728
267707,0.25394771
267709,0.02289619
267716,0.01408104
267738,0.03077495
267744,0.14724072
267752,0.04799023
267754,0.20563351
267755,0.57865102
267757,0.03922727
267758,0.12492194
267767,0.66162525
267771,0.03513513
267808,0.19179796
267815,0.23607566
267833,0.23855074
267841,0.04851601
267843,0.11249130
267847,0.11625878
267857,0.01003381
267869,0.15127916
267881,0.29128089
267887,0.09664755
267890,0.02978737
267892,0.64627589
267895,0.19602507
267899,0.04756977
267906,0.06057620
267912,0.13418702
267917,0.37936471
267927,0.01974697
267930,0.02562599
267934,0.09140231
267950,0.03196190
267965,0.14700683
267966,0.04833723
267976,0.02576526
267998,0.02232818
267999,0.01391587
268012,0.10342993
268013,0.30988880
268014,0.03408879
268020,0.08833600
268028,0.38420415
268032,0.09625890
268039,0.05430124
268041,0.07323083
268046,0.03456190
268059,0.15957272
268064,0.12314829
268066,0.05361975
268073,0.59600870
268077,0.02684846
268085,0.03723197
268090,0.34173724
268109,0.22529030
268139,0.19856017
268151,0.14251165
268153,0.04540627
268155,0.19874840
268163,0.11458386
268166,0.00795675
268185,0.02987131
268189,0.03932108
268190,0.13942180
268192,0.09160486
268211,0.08800190
268213,0.05927641
268214,0.02808564
268220,0.10431160
268225,0.09251505
268227,0.20883386
268230,0.12576450
268247,0.38448361
268250,0.15226652
268268,0.18278609
268269,0.04004582
268271,0.31356329
268274,0.12440016
268280,0.31877378
268291,0.25029574
268299,0.03728183
268301,0.07670790
268306,0.03048110
268307,0.08164220
268310,0.04930101
268317,0.40607880
268328,0.02951822
268329,0.00796114
268337,0.13872607
268338,0.02509389
268357,0.02537936
268363,0.09796389
268373,0.02365037
268380,0.12348637
268386,0.07755512
268394,0.02103785
268407,0.01109713
268411,0.08631701
268417,0.05715012
268421,0.69787665
268422,0.13173997
268426,0.16564914
268427,0.10837411
268439,0.21590766
268445,0.07048597
268446,0.06172572
268459,0.09279080
268465,0.25562740
268466,0.13690755
268495,0.01270417
268497,0.13209318
268504,0.19414678
268508,0.22913167
268513,0.43652384
268525,0.02633681
268545,0.10338876
268546,0.04238890
268550,0.02598824
268568,0.03309399
268570,0.93622756
268590,0.03556533
268591,0.30019009
268602,0.09870204
268609,0.06456359
268616,0.03202820
268623,0.11758096
268645,0.28641634
268652,0.40159842
268668,0.09932228
268685,0.02608843
268707,0.01079060
268711,0.27188474
268714,0.04037376
268736,0.03944806
268746,0.62339399
268747,0.02984353
268749,0.16220290
268760,0.20673415
268761,0.01096329
268764,0.33536104
268781,0.02712216
268790,0.14366006
268799,0.02072568
268809,0.06720136
268814,0.08963600
268817,0.03665174
268822,0.00593601
268827,0.15998077
268828,0.03536376
268829,0.27507022
268845,0.07864620
268853,0.01314511
268859,0.02126059
268900,0.01189094
268911,0.04967594
268913,0.37700096
268917,0.15905526
268930,0.11954657
268934,0.05634318
268935,0.17854893
268938,0.11550857
268948,0.01172553
268950,0.30145107
268958,0.02507098
268975,0.05076810
268982,0.02936256
268983,0.07820204
268997,0.13146217
269009,0.15005005
269012,0.12321731
269017,0.25494496
269031,0.21604984
269038,0.32299884
269041,0.17270092
269045,0.12170136
269050,0.02504995
269056,0.03207941
269058,0.03351496
269060,0.11469770
269067,0.29353256
269082,0.11381710
269098,0.29733303
269105,0.05509623
269117,0.40484054
269123,0.19025611
269128,0.04472382
269143,0.15728601
269149,0.25007315
269162,0.60253633
269168,0.14430162
269172,0.49348535
269175,0.32156317
269189,0.13363199
269194,0.03627367
269197,0.07571966
269204,0.16574361
269211,0.01705095
269217,0.25581628
269222,0.11108556
269227,0.05192708
269228,0.15633077
269232,0.08011643
269250,0.18417407
269251,0.03182865
269257,0.13859589
269262,0.01825196
269263,0.11145639
269267,0.04787171
269275,0.03595568
269276,0.04889794
269279,0.02105658
269293,0.71837184
269300,0.21861888
269305,0.04926699
269309,0.03521032
269317,0.41271028
269352,0.55446894
269377,0.18888907
269378,0.03634298
269389,0.05867766
269392,0.04472667
269394,0.05602987
269402,0.28519369
269408,0.01238722
269410,0.05350462
269417,0.04985588
269421,0.23624318
269462,0.14973811
269481,0.01958283
269488,0.27248562
269489,0.03691296
269491,0.16919555
269495,0.03469215
269503,0.00812770
269510,0.27453916
269515,0.42201444
269522,0.04696439
269523,0.03547408
269536,0.02073518
269537,0.07472344
269549,0.03229240
269571,0.25988264
269576,0.03286915
269587,0.16845953
269595,0.04665460
269601,0.04463214
269610,0.86710809
269618,0.05500236
269620,0.18321074
269623,0.01652582
269637,0.07964566
269642,0.03637102
269652,0.07092525
269655,0.01272204
269661,0.28330358
269663,0.07887990
269665,0.02221197
269666,0.08127837
269667,0.03196732
269673,0.09754231
269693,0.10209150
269701,0.09483249
269702,0.04939029
269704,0.25672767
269718,0.15145536
269727,0.02622868
269732,0.07350642
269736,0.04054211
269738,0.10128525
269741,0.03593413
269744,0.03086974
269749,0.38092591
269750,0.10908315
269758,0.22505683
269775,0.26383340
269776,0.08186275
269777,0.08950641
269789,0.01705223
269794,0.14923891
269797,0.14108272
269807,0.62018641
269813,0.03967676
269844,0.14254100
269848,0.21743776
269871,0.02327378
269877,0.04003883
269878,0.14966780
269887,0.05077922
269904,0.03184263
269913,0.41894303
269938,0.14754836
269941,0.27760862
269953,0.15221312
269954,0.04436380
269955,0.04993029
269958,0.26748089
269960,0.06222188
269966,0.07762303
269975,0.04176961
269978,0.09759178
269989,0.16426541
269993,0.03069268
269998,0.08409233
270001,0.29343300
270020,0.07573673
270023,0.24427166
270028,0.08006523
270048,0.08435211
270061,0.15710105
270062,0.16483511
270096,0.56837095
270108,0.03668403
270118,0.04744379
270120,0.18764329
270122,0.03400411
270127,0.05248389
270131,0.10334745
270142,0.02144869
270146,0.05487682
270148,0.08270502
270152,0.01584323
270165,0.01266540
270170,0.02523525
270188,0.03899254
270204,0.18138848
270235,0.04530722
270243,0.62671695
270254,0.09111656
270265,0.02850988
270270,0.32199314
270287,0.14907167
270295,0.05097696
270296,0.01199995
270302,0.04832236
270304,0.38984751
270307,0.02252328
270310,0.16074640
270317,0.04062813
270324,0.17963794
270326,0.06362333
270337,0.02401869
270363,0.27079083
270371,0.04217697
270373,0.02729108
270375,0.01785624
270376,0.03954616
270379,0.00593920
270383,0.43107192
270390,0.02801373
270393,0.04579306
270402,0.03408267
270410,0.11454160
270411,0.09755987
270412,0.11317568
270415,0.01896054
270417,0.32304339
270436,0.45208027
270440,0.01997281
270449,0.04245932
270450,0.42083885
270457,0.42410712
270460,0.01700501
270461,0.03323164
270467,0.03644006
270473,0.09687739
270486,0.20927427
270488,0.04939683
270513,0.05614357
270518,0.18413995
270522,0.04892489
270526,0.03793786
270532,0.04798016
270545,0.43758718
270548,0.23817453
270550,0.01498120
270562,0.30233682
270564,0.03967151
270571,0.04388476
270572,0.16235914
270574,0.08598948
270575,0.15580896
270579,0.06391073
270612,0.40936348
270613,0.25922242
270622,0.01249383
270636,0.05070189
270643,0.02895956
270644,0.02252994
270645,0.02295749
270658,0.31435752
270661,0.03588379
270665,0.08309102
270676,0.24360388
270685,0.10360514
270695,0.13618685
270712,0.09600548
270719,0.05064058
270740,0.03739070
270753,0.03467946
270756,0.05717979
270759,0.35421774
270760,0.03296148
270764,0.09967585
270767,0.06826347
270778,0.00637838
270782,0.18012357
270794,0.16908150
270795,0.73496471
270799,0.09704028
270807,0.33566728
270821,0.07478625
270826,0.08523195
270829,0.09494594
270831,0.05828242
270843,0.06540024
270844,0.28623947
270847,0.04105187
270854,0.02067965
270856,0.23170655
270861,0.01585787
270862,0.04657446
270864,0.35905236
270881,0.06032835
270883,0.27870483
270885,0.81650702
270888,0.06847405
270894,0.01977424
270906,0.12920032
270914,0.03125604
270919,0.08577174
270935,0.04459109
270945,0.14067435
270957,0.16513456
270966,0.08757896
270970,0.18225002
270971,0.06498745
270976,0.06835950
270977,0.69502683
270978,0.03877806
270979,0.08686728
270982,0.11735336
270987,0.25370496
270989,0.17398978
270991,0.14423443
270992,0.00820335
270993,0.02706852
270997,0.69356720
271010,0.68489918
271025,0.02907460
271037,0.13161372
271038,0.04941013
271054,0.03203411
271056,0.49591198
271065,0.03177927
271070,0.06373842
271095,0.02800605
271099,0.01998097
271102,0.03921972
271103,0.06769279
271105,0.35775970
271106,0.15536771
271117,0.06986557
271134,0.29702681
271135,0.17371019
271137,0.33060400
271145,0.37338677
271149,0.16796745
271195,0.09072686
271199,0.09127349
271200,0.46716150
271220,0.02224876
271233,0.19100415
271234,0.19289181
271236,0.08267575
271248,0.01617110
271250,0.31648565
271251,0.07083367
271255,0.10002836
271261,0.03946328
271269,0.04280009
271276,0.03459757
271296,0.61053637
271304,0.46312790
271314,0.01834871
271318,0.00968201
271322,0.01042047
271325,0.06558006
271354,0.10314461
271355,0.04108118
271359,0.02531850
271361,0.04512320
271363,0.70312056
271367,0.24491075
271368,0.02705429
271369,0.03663955
271393,0.78795926
271409,0.16642771
271415,0.04801921
271418,0.38108970
271429,0.17202541
271431,0.04918728
271432,0.95970919
271442,0.14370857
271446,0.11221818
271448,0.18469154
271450,0.47981137
271452,0.05872247
271460,0.16252250
271461,0.33679744
271472,0.02705309
271496,0.07232723
271515,0.10822663
271527,0.08771406
271537,0.08216887
271544,0.06338549
271562,0.12286643
271565,0.05212059
271566,0.22459167
271567,0.07644336
271570,0.31246739
271576,0.04764621
271582,0.19161987
271586,0.08570508
271593,0.13618387
271598,0.06522902
271606,0.03621011
271607,0.04731044
271616,0.19795177
271617,0.09195400
271624,0.08731050
271638,0.03798868
271652,0.05758381
271657,0.03524428
271662,0.06167008
271665,0.02282767
271667,0.04538959
271670,0.23053348
271675,0.09311919
271679,0.42268081
271682,0.45684156
271696,0.09242907
271699,0.01570898
271733,0.03982375
271739,0.07317616
271746,0.03107918
271753,0.14011322
271756,0.32414040
271762,0.11310158
271777,0.04169685
271781,0.02444524
271785,0.04286389
271786,0.04167710
271790,0.03344650
271801,0.26068901
271806,0.07438954
271807,0.23521517
271810,0.10531730
271811,0.07433749
271815,0.16277026
271847,0.01277604
271875,0.31120962
271878,0.22415498
271880,0.24338852
271883,0.07187541
271911,0.28034149
271912,0.08032033
271914,0.19140058
271922,0.10313575
271933,0.03176437
271945,0.10272112
271952,0.01221411
271954,0.04747334
271961,0.13437404
271967,0.03480114
271969,0.02432798
271980,0.19640119
271989,0.03047296
271991,0.24919695
272000,0.06764508
272004,0.19712358
272010,0.07511172
272013,0.16271254
272029,0.19091006
272030,0.06638345
272031,0.04462962
272035,0.01042236
272040,0.41633999
272043,0.02653052
272055,0.14291084
272068,0.20157021
272075,0.20317539
272081,0.02164398
272090,0.07787778
272104,0.03666765
272116,0.02748817
272121,0.01445166
272129,0.16755581
272143,0.04773035
272146,0.05786685
272148,0.85693433
272152,0.23410603
272167,0.05624363
272180,0.07502806
272192,0.01760319
272201,0.03811240
272205,0.05606278
272209,0.55266162
272211,0.06593044
272228,0.05608361
272233,0.42342836
272235,0.31840453
272249,0.16156460
272267,0.05545926
272270,0.04193888
272276,0.02208426
272302,0.07642792
272303,0.03944353
272308,0.25230086
272309,0.14757032
272311,0.18134447
272313,0.02366050
272353,0.07542383
272366,0.06602114
272367,0.11281873
272371,0.05428012
272381,0.01865266
272404,0.19478598
272405,0.10865631
272418,0.20915743
272419,0.01791245
272425,0.04038636
272438,0.09997933
272444,0.04942478
272445,0.11959892
272462,0.05002998
272474,0.02040966
272478,0.19862555
272479,0.24164673
272480,0.09018885
272482,0.07461417
272511,0.59271269
272512,0.02329527
272516,0.04985172
272517,0.04415281
272522,0.11678274
272537,0.12373170
272555,0.10358948
272564,0.21971920
272566,0.08560262
272573,0.02129196
272575,0.01086022
272583,0.10893328
272593,0.05505620
272627,0.08665027
272628,0.17325568
272630,0.03045450
272632,0.03406820
272635,0.76836029
272636,0.05940372
272661,0.02412175
272669,0.10559827
272672,0.03286381
272681,0.27343017
272682,0.10185986
272691,0.04768695
272697,0.03664788
272706,0.07198659
272708,0.03813656
272717,0.09426133
272722,0.02288697
272723,0.01389339
272737,0.01067256
272744,0.01012050
272752,0.72449472
272757,0.01603955
272760,0.02056448
272763,0.04378323
272768,0.07852547
272779,0.05164280
272781,0.38489984
272787,0.11581387
272795,0.22166799
272799,0.10562897
272820,0.31775714
272821,0.02523773
272829,0.23299909
272852,0.09933797
272863,0.26728229
272878,0.13034730
272886,0.01531388
272891,0.31963536
272903,0.20115637
272914,0.00784520
272928,0.18287616
272937,0.17490506
272938,0.21527610
272944,0.14094468
272965,0.56362592
272967,0.07623229
272969,0.29620191
272983,0.24950655
272998,0.25305518
273002,0.36131482
273005,0.02751393
273010,0.19531782
273011,0.03213371
273017,0.03259897
273021,0.42303633
273023,0.30788435
273027,0.08043928
273035,0.02326934
273047,0.40339696
273053,0.03758366
273060,0.59641060
273062,0.03179743
273074,0.12667738
273078,0.06306830
273079,0.06683885
273087,0.12018434
273107,0.02561659
273109,0.02406134
273112,0.01310819
273113,0.15404230
273117,0.08058262
273121,0.33745296
273137,0.04453905
273156,0.02950561
273157,0.14784042
273177,0.23087549
273192,0.02697127
273193,0.02539910
273194,0.07407351
273198,0.21086802
273199,0.04975480
273206,0.03651286
273213,0.03993861
273235,0.03259673
273244,0.22960389
273247,0.33054716
273248,0.52280275
273254,0.09022148
273259,0.03690707
273270,0.03403873
273272,0.05637320
273287,0.03565564
273289,0.07041925
273294,0.01713563
273301,0.14173739
273304,0.22077924
273313,0.11891304
273314,0.06097367
273333,0.14390562
273336,0.66207641
273343,0.01706442
273353,0.08078055
273359,0.10275845
273371,0.03301262
273402,0.09633988
273415,0.02533988
273420,0.65294560
273424,0.05918309
273428,0.06840488
273429,0.04163514
273443,0.20782834
273457,0.04244360
273458,0.03331466
273467,0.19240062
273477,0.04897212
273482,0.09269498
273495,0.04633080
273496,0.01979293
273503,0.04582576
273507,0.18074098
273508,0.21838930
273510,0.04239097
273524,0.17594103
273552,0.01713742
273556,0.15332093
273566,0.04510634
273579,0.07813144
273584,0.06637861
273595,0.12487458
273606,0.02692844
273623,0.08056545
273625,0.08875946
273638,0.25960799
273660,0.02164894
273664,0.10036266
273683,0.07292047
273686,0.04043900
273687,0.02575837
273699,0.28320148
273700,0.56716309
273719,0.04299264
273721,0.09476546
273728,0.15704947
273764,0.02349123
273770,0.03203146
273774,0.30200502
273792,0.18033979
273806,0.01375104
273807,0.11548117
273818,0.02103798
273823,0.17130930
273835,0.55413070
273856,0.03231334
273861,0.03196250
273863,0.03135177
273864,0.20459353
273874,0.19599291
273879,0.25883710
273892,0.27585381
273895,0.18873905
273899,0.03314164
273900,0.13839531
273912,0.16113013
273921,0.01396312
273941,0.05527511
273946,0.02871092
273954,0.26661392
273956,0.04091582
273962,0.05741695
273968,0.22139516
273985,0.11364031
274000,0.50207581
274003,0.08113293
274004,0.03162172
274006,0.07638309
274019,0.44615271
274022,0.35334820
274023,0.20854067
274034,0.20346425
274043,0.09415006
274052,0.08075381
274054,0.75317653
274058,0.21902264
274063,0.10279539
274070,0.05940819
274072,0.07924110
274081,0.04655458
274108,0.49555827
274118,0.76571297
274125,0.04618480
274129,0.02457065
274140,0.05181503
274142,0.03339411
274146,0.07561916
274147,0.28893949
274155,0.01773459
274163,0.11833101
274165,0.03145073
274174,0.02353723
274182,0.36246424
274186,0.06966545
274188,0.04040512
274193,0.22177505
274198,0.09501182
274216,0.06352408
274219,0.03378303
274225,0.32832152
274229,0.03740010
274248,0.06742350
274268,0.04397733
274274,0.01445013
274286,0.02956641
274289,0.15213604
274297,0.04511354
274302,0.02920922
274326,0.06876302
274346,0.02769930
274348,0.07707535
274349,0.19617777
274350,0.03714904
274353,0.08395547
274359,0.49823870
274364,0.02939071
274368,0.03018325
274373,0.05695571
274378,0.37585591
274389,0.02624940
274390,0.08219745
274391,0.01198661
274392,0.06763794
274396,0.36612405
274408,0.25174195
274409,0.09004850
274424,0.32026508
274453,0.18407208
274460,0.03115753
274465,0.08378130
274468,0.01976956
274481,0.38558843
274482,0.01274397
274484,0.05743940
274490,0.25300390
274509,0.03590941
274511,0.02135807
274515,0.16150063
274521,0.10839988
274523,0.22855666
274525,0.13066302
274539,0.03853790
274541,0.05530103
274574,0.11065676
274585,0.06471867
274587,0.52293652
274594,0.15935385
274600,0.15072390
274605,0.05019343
274611,0.04623242
274619,0.28469600
274641,0.10562020
274666,0.45805604
274688,0.13820800
274690,0.14959052
274699,0.10817897
274703,0.16308767
274715,0.02414439
274717,0.07781820
274760,0.21998708
274774,0.17468326
274791,0.58392904
274801,0.04406727
274804,0.25676861
274808,0.53561796
274813,0.10649755
274815,0.08454683
274818,0.02676877
274820,0.03682042
274829,0.08047527
274847,0.42517005
274865,0.07549817
274870,0.07016068
274881,0.27288726
274890,0.26266908
274894,0.12415299
274902,0.07243936
274905,0.16129616
274911,0.04606673
274912,0.29215008
274914,0.01845311
274927,0.03406902
274931,0.05081845
274944,0.52419707
274951,0.16185687
274953,0.18734176
274954,0.03425258
274961,0.01924180
274965,0.20881374
274972,0.09431545
274978,0.05165721
274984,0.03795034
274993,0.06866684
274996,0.02961104
275043,0.01800512
275048,0.22800926
275052,0.13386129
275059,0.04064843
275060,0.03186458
275071,0.04833266
275077,0.09415578
275078,0.13037920
275091,0.04296322
275098,0.28110635
275111,0.09204137
275120,0.24304595
275121,0.33369189
275125,0.07925400
275129,0.05775430
275139,0.04713766
275150,0.11496104
275153,0.21191603
275166,0.25038712
275185,0.26479244
275199,0.57366964
275201,0.05937232
275203,0.04306886
275216,0.11423109
275225,0.26826002
275226,0.05846738
275232,0.03582612
275254,0.09755232
275256,0.99787582
275272,0.15531235
275278,0.02362946
275280,0.16700168
275286,0.02899606
275288,0.03339751
275299,0.02566572
275306,0.24251632
275313,0.02938046
275314,0.09149122
275319,0.58128339
275324,0.15422815
275330,0.04201602
275334,0.13595824
275335,0.32938646
275337,0.13156853
275339,0.17360139
275351,0.06337014
275352,0.08005522
275367,0.04999022
275384,0.04393837
275392,0.01639709
275393,0.15535722
275408,0.09510034
275411,0.07751587
275413,0.51846767
275415,0.03224583
275416,0.06581680
275422,0.03431234
275424,0.06873866
275438,0.06488434
275440,0.05510319
275468,0.01784089
275469,0.11868288
275473,0.41048868
275482,0.05732165
275488,0.04394444
275502,0.19362263
275503,0.05316118
275511,0.14142823
275518,0.04043206
275520,0.04208210
275524,0.07035620
275531,0.21226962
275537,0.07477977
275558,0.12748314
275574,0.15179545
275576,0.09217185
275583,0.00945548
275588,0.31574659
275605,0.69480285
275612,0.14620885
275627,0.15146635
275633,0.04485967
275646,0.38314829
275647,0.07864790
275653,0.20571455
275661,0.11549621
275683,0.04743962
275688,0.03931853
275691,0.08402655
275713,0.18494002
275731,0.01574388
275735,0.58328913
275739,0.00850854
275761,0.34313088
275762,0.04667458
275767,0.04334672
275768,0.23986749
275769,0.28343850
275774,0.03518679
275776,0.01842544
275783,0.01295396
275800,0.14280810
275805,0.37090770
275836,0.01675464
275842,0.03799874
275855,0.80695709
275860,0.03111755
275870,0.25987850
275884,0.33722709
275897,0.06678033
275899,0.02629226
275900,0.13177452
275906,0.13449439
275912,0.22388473
275922,0.32308378
275929,0.48161236
275931,0.07821824
275932,0.03432873
275936,0.29501128
275937,0.03349080
275947,0.29977279
275949,0.46467480
275954,0.46551670
275958,0.02862697
275966,0.30766794
275967,0.05669248
275970,0.36832879
275989,0.36975704
275993,0.08326553
275995,0.04289159
275998,0.08313907
276007,0.07426890
276011,0.06811604
276029,0.33994583
276047,0.02054504
276048,0.11639431
276050,0.24357426
276054,0.08347235
276056,0.07974926
276057,0.18810610
276060,0.02553746
276084,0.02057610
276089,0.03574326
276118,0.02662956
276121,0.28912107
276122,0.14673646
276130,0.03552439
276134,0.49269113
276135,0.02702595
276142,0.38812464
276164,0.04263084
276195,0.25644217
276210,0.26853549
276235,0.05348575
276238,0.03820759
276242,0.05210659
276244,0.18445353
276247,0.03880942
276263,0.23609755
276306,0.25720213
276309,0.06253775
276319,0.10655516
276334,0.08261042
276338,0.01064010
276343,0.03212864
276344,0.07723658
276345,0.02136177
276348,0.03542503
276359,0.04140650
276363,0.11049365
276365,0.14946606
276366,0.08252223
276373,0.05828714
276378,0.13059367
276386,0.06503148
276405,0.03164375
276419,0.01932691
276422,0.03803280
276430,0.04740253
276437,0.15704356
276442,0.13265167
276444,0.04983526
276446,0.06829069
276455,0.10352880
276470,0.03509761
276472,0.06820952
276475,0.46589774
276479,0.06028104
276484,0.02927969
276487,0.18904594
276488,0.40013214
276495,0.09599703
276497,0.47653537
276508,0.99459974
276509,0.14642663
276516,0.03787462
276521,0.02501515
276525,0.11847160
276550,0.08941811
276560,0.03376479
276569,0.04071046
276584,0.06035925
276603,0.04911727
276615,0.01959092
276617,0.05219234
276622,0.04676946
276625,0.05711558
276629,0.09042739
276642,0.03173054
276664,0.02446624
276674,0.02606366
276675,0.47791886
276678,0.17469826
276692,0.09380802
276693,0.04488069
276697,0.04125861
276703,0.10755475
276705,0.14419635
276717,0.11132596
276728,0.02314236
276744,0.17097329
276762,0.13015180
276764,0.04403017
276781,0.07911444
276793,0.09106653
276798,0.04114290
276800,0.04953598
276805,0.02218435
276824,0.06476038
276826,0.08321158
276848,0.44249284
276854,0.24681290
276862,0.50310353
276865,0.13238952
276869,0.08136971
276880,0.01501175
276882,0.07275228
276886,0.07314654
276889,0.12920536
276892,0.09231094
276903,0.00877827
276906,0.06026591
276936,0.01763199
276945,0.01842130
276956,0.02270362
276958,0.02603236
276963,0.01392155
276966,0.03161695
276987,0.04046738
276993,0.07985172
276994,0.01293893
277004,0.18515004
277015,0.02454116
277021,0.18790564
277024,0.01897480
277032,0.06533526
277054,0.24014690
277055,0.08391558
277061,0.05864242
277065,0.49793329
277070,0.13280663
277079,0.26657179
277088,0.03153989
277108,0.10454722
277114,0.06343482
277121,0.11415301
277137,0.38425593
277148,0.10110469
277158,0.46068584
277162,0.06748376
277165,0.59236575
277167,0.02789425
277170,0.02779220
277172,0.04901187
277177,0.06017512
277179,0.50266032
277182,0.06711027
277185,0.07701745
277191,0.08878371
277200,0.37192831
277211,0.02963342
277217,0.05160716
277221,0.10341362
277226,0.05358402
277227,0.18177281
277228,0.18986013
277229,0.05475777
277244,0.51451137
277271,0.04162569
277274,0.19029999
277282,0.02975407
277286,0.04997495
277288,0.07199099
277290,0.01144353
277291,0.00912791
277296,0.01530376
277297,0.02299166
277320,0.08795915
277327,0.44981962
277335,0.37304771
277336,0.03616578
277338,0.08646460
277342,0.30961874
277344,0.06652327
277345,0.05075972
277349,0.04458627
277356,0.07848336
277370,0.05874034
277371,0.39896938
277379,0.13528673
277386,0.77024883
277390,0.28221046
277400,0.08246419
277401,0.21971224
277412,0.04759564
277413,0.22712619
277415,0.07874680
277417,0.38085576
277419,0.11230580
277422,0.31087665
277423,0.04951648
277425,0.02051979
277432,0.03854894
277438,0.03881603
277445,0.11566477
277447,0.17847074
277456,0.02304955
277457,0.03090101
277474,0.08255068
277488,0.06082970
277494,0.15735165
277501,0.08088837
277503,0.20151529
277510,0.14490924
277516,0.20213972
277521,0.72220073
277522,0.03261576
277530,0.08742325
277531,0.68269676
277536,0.11961444
277548,0.02773391
277550,0.05237071
277554,0.03837616
277555,0.13084392
277562,0.14122007
277565,0.17271971
277566,0.02715713
277572,0.20392669
277592,0.27422234
277593,0.02642403
277610,0.13228421
277621,0.10263487
277654,0.32225035
277668,0.03093446
277673,0.01043634
277675,0.04731031
277694,0.01160413
277697,0.25853158
277699,0.05140205
277700,0.03046252
277701,0.04350396
277708,0.42268290
277710,0.02305786
277717,0.21890227
277725,0.09692466
277731,0.08702244
277746,0.21694161
277753,0.05580947
277757,0.61883116
277764,0.08694655
277772,0.04513364
277775,0.36799245
277777,0.04713262
277787,0.11779495
277797,0.06234508
277798,0.13086510
277802,0.33713039
277812,0.04122234
277816,0.22923137
277820,0.01380299
277821,0.02059860
277822,0.16210743
277838,0.06701633
277845,0.02395291
277846,0.03008147
277854,0.12952963
277856,0.14852530
277866,0.34896422
277874,0.15264571
277893,0.35127698
277900,0.05721054
277964,0.05429759
277970,0.04032202
277976,0.09578501
277983,0.18273327
277994,0.02572671
278011,0.10068497
278025,0.57728784
278045,0.39687693
278048,0.24762781
278066,0.02144374
278088,0.04374120
278098,0.03605848
278101,0.28160105
278113,0.02776868
278114,0.09546329
278128,0.09242492
278152,0.08317327
278157,0.07211964
278168,0.14427434
278169,0.05949923
278174,0.04262761
278176,0.02256238
278181,0.33213905
278185,0.26560562
278225,0.07772540
278236,0.34030190
278242,0.01951390
278244,0.02964527
278251,0.08552460
278252,0.13087832
278272,0.34178351
278279,0.02372849
278287,0.33958165
278288,0.06729489
278309,0.06612349
278310,0.13353180
278316,0.05269278
278318,0.59220086
278320,0.06323342
278344,0.35745399
278356,0.31675726
278359,0.02080356
278361,0.04683841
278368,0.04908158
278372,0.03981386
278384,0.45234182
278388,0.01300269
278409,0.28504421
278414,0.18115413
278415,0.41373084
278416,0.07962122
278422,0.05534627
278423,0.37607528
278432,0.18126454
278436,0.12250312
278455,0.08394229
278461,0.28778994
278469,0.20267338
278482,0.21232029
278487,0.10602918
278493,0.09684309
278501,0.10327232
278508,0.44331337
278511,0.04021485
278519,0.08418475
278526,0.05710524
278530,0.17418367
278533,0.02380513
278539,0.42516194
278545,0.02922761
278556,0.05031944
278559,0.15231149
278587,0.05339545
278601,0.08068825
278603,0.21523348
278604,0.31527260
278605,0.06881312
278606,0.01752681
278613,0.06024861
278616,0.38086144
278618,0.07680684
278632,0.13995804
278633,0.21067900
278637,0.02482686
278645,0.25062629
278649,0.48365775
278653,0.26226697
278662,0.03223987
278673,0.11682503
278700,0.11665917
278703,0.16604784
278704,0.06795584
278723,0.08927882
278725,0.10189276
278730,0.06876476
278750,0.04793583
278765,0.10673999
278770,0.04781169
278779,0.02922649
278787,0.08436150
278791,0.02540225
278804,0.03467782
278807,0.09783570
278810,0.12632887
278812,0.03914993
278815,0.68693686
278821,0.14100714
278825,0.01218160
278832,0.05937830
278836,0.07266977
278838,0.25337681
278840,0.08515080
278844,0.06942592
278862,0.01928247
278863,0.05779523
278871,0.09528446
278875,0.01747668
278892,0.99925266
278899,0.11196242
278903,0.04515696
278909,0.05636656
278913,0.59456537
278931,0.03042805
278932,0.09515629
278933,0.25305379
278937,0.02898222
278952,0.03954493
278954,0.01888709
278960,0.30871711
278967,0.11418460
278968,0.03311388
278972,0.34785017
278976,0.19989684
278982,0.10543467
278983,0.08939783
279001,0.28108380
279015,0.08899385
279018,0.24625541
279035,0.13423704
279040,0.17545697
279043,0.17270998
279046,0.02139774
279061,0.08384266
279063,0.02999745
279065,0.01945579
279068,0.03585222
279070,0.10625630
279074,0.55318560
279076,0.11206125
279086,0.01724764
279095,0.04433016
279107,0.34185949
279108,0.14865153
279109,0.01088737
279110,0.24684584
279111,0.07964897
279129,0.04648956
279134,0.09046329
279137,0.10198636
279142,0.22467860
279146,0.02180594
279153,0.00808389
279157,0.07278630
279165,0.04538965
279166,0.01586757
279172,0.06038019
279173,0.21450629
279174,0.09167496
279179,0.20970400
279182,0.01639305
279186,0.10357046
279187,0.03067784
279189,0.02495106
279201,0.05075060
279202,0.08935437
279213,0.03296444
279214,0.02694031
279217,0.02661839
279230,0.16211827
279232,0.10845191
279233,0.02838930
279235,0.06293711
279250,0.10518202
279252,0.07572426
279257,0.07396051
279265,0.06914685
279266,0.03767255
279279,0.08318053
279281,0.02846278
279282,0.03591001
279285,0.12016424
279286,0.16159226
279297,0.03801899
279300,0.09652529
279318,0.05760165
279324,0.09811752
279334,0.04229246
279335,0.05338223
279336,0.06849765
279341,0.11943647
279342,0.64994678
279353,0.07349919
279357,0.09163276
279371,0.40932767
279376,0.22595773
279391,0.08239063
279392,0.04078756
279402,0.16242860
279406,0.39381494
279408,0.17280283
279434,0.09055232
279439,0.01274064
279448,0.03068753
279450,0.12668119
279456,0.02526561
279461,0.11066486
279466,0.01689098
279470,0.12749046
279471,0.01360065
279493,0.04543680
279500,0.06459533
279506,0.02342108
279512,0.11441217
279519,0.08885941
279533,0.03030770
279549,0.13197061
279551,0.79029867
279556,0.02229631
279557,0.06829442
279558,0.27015075
279566,0.10342594
279592,0.07453051
279595,0.25673382
279604,0.22713135
279608,0.02729015
279614,0.05123571
279618,0.12964416
279622,0.18139915
279648,0.29226707
279652,0.02498005
279653,0.16465457
279679,0.01809749
279690,0.14259653
279691,0.23192686
279694,0.63898705
279698,0.13412984
279702,0.01506729
279712,0.04166877
279713,0.33341475
279715,0.03609544
279725,0.02126626
279727,0.12584573
279733,0.12529483
279742,0.15148743
279748,0.05497613
279754,0.04447611
279756,0.36014399
279776,0.10387641
279778,0.15160211
279779,0.02209168
279782,0.15251625
279793,0.02227002
279794,0.04135747
279804,0.56970454
279810,0.02328456
279817,0.46726499
279828,0.08014587
279830,0.07743254
279831,0.09982026
279834,0.23382485
279835,0.08104425
279840,0.02646958
279847,0.09748448
279852,0.12662150
279854,0.16863368
279856,0.06322323
279859,0.11303731
279862,0.03550289
279876,0.10429483
279878,0.08956926
279889,0.01803827
279894,0.12363008
279897,0.06361120
279903,0.05353013
279904,0.03704121
279906,0.04354256
279909,0.29583741
279922,0.59559863
279925,0.04444769
279939,0.53644395
279940,0.11373064
279942,0.11406734
279948,0.01656165
279952,0.00925123
279960,0.02272548
279968,0.05783648
279969,0.07531918
279977,0.73938915
279980,0.23630091
279994,0.06391893
279997,0.22918398
279998,0.20653873
280007,0.27147972
280009,0.32705651
280010,0.84334258
280020,0.05847967
280021,0.05747341
280022,0.28132903
280052,0.04693937
280058,0.06389004
280074,0.15637921
280076,0.04195025
280085,0.89211299
280091,0.04026814
280095,0.02563788
280107,0.41032427
280116,0.15722758
280140,0.05097640
280144,0.31624347
280156,0.13456146
280177,0.01179458
280191,0.02306049
280205,0.02585907
280226,0.25843077
280230,0.12539076
280234,0.03000683
280264,0.19820790
280274,0.02743139
280298,0.03212540
280299,0.07799573
280300,0.16995863
280301,0.14026856
280308,0.01259662
280317,0.04292333
280319,0.07838959
280322,0.04247825
280342,0.03626763
280348,0.21697629
280350,0.08430090
280353,0.26996412
280366,0.06841002
280372,0.08227765
280374,0.00990633
280376,0.63850467
280381,0.02188165
280384,0.06952753
280388,0.07154292
280397,0.28297774
280401,0.01846798
280409,0.30399039
280413,0.01326037
280422,0.61146364
280424,0.05900739
280426,0.14313364
280429,0.31658292
280430,0.26064256
280435,0.13022485
280444,0.05811420
280450,0.10076723
280455,0.53572202
280459,0.04911978
280462,0.06834465
280466,0.44744657
280470,0.03341638
280473,0.06964328
280517,0.09093053
280524,0.44188377
280527,0.02034545
280531,0.01829201
280548,0.06265220
280558,0.75878353
280563,0.06449819
280598,0.18239884
280599,0.65988273
280603,0.02660413
280607,0.03660505
280610,0.23090774
280612,0.20940670
280625,0.02814022
280631,0.04978631
280650,0.10909022
280653,0.96490119
280657,0.07641566
280669,0.03261973
280675,0.05904629
280679,0.26555597
280685,0.01220511
280691,0.07125398
280693,0.03872057
280706,0.28603019
280714,0.06091355
280719,0.30640300
280724,0.12170034
280725,0.04143538
280737,0.06257862
280738,0.10036302
280744,0.02665118
280746,0.42908923
280760,0.11619941
280772,0.23642969
280777,0.13027347
280784,0.03995228
280785,0.05087370
280791,0.08107530
280793,0.02801376
280794,0.03593500
280800,0.11934158
280805,0.03967680
280806,0.07397568
280815,0.33131854
280823,0.01950777
280831,0.04977971
280832,0.12442100
280841,0.08899620
280845,0.08884310
280846,0.04363211
280854,0.03113296
280857,0.01340118
280861,0.07949407
280862,0.19298260
280867,0.06679078
280877,0.09056283
280879,0.14907680
280890,0.04234054
280891,0.13053668
280903,0.68025726
280916,0.03901303
280929,0.03511983
280934,0.21134792
280941,0.39419171
280947,0.10050292
280962,0.06324901
280963,0.15763036
280966,0.05768051
280967,0.03851002
280971,0.72670764
281005,0.06658800
281007,0.14250503
281008,0.01310569
281009,0.04724512
281016,0.04657538
281024,0.22507493
281039,0.12892401
281045,0.00902755
281054,0.26616621
281055,0.08376538
281056,0.05915810
281068,0.24287199
281092,0.07092440
281094,0.01266026
281118,0.57874515
281133,0.02383247
281137,0.02686709
281164,0.24916482
281176,0.03758582
281177,0.03866799
281184,0.07551288
281187,0.30710062
281192,0.02990825
281195,0.18877094
281220,0.08433933
281222,0.12919762
281227,0.11706431
281234,0.04653787
281251,0.04665010
281278,0.02202604
281298,0.28247393
281303,0.18828457
281306,0.55382727
281314,0.04553605
281320,0.03136975
281322,0.08312872
281337,0.16198066
281347,0.59876072
281357,0.02756191
281362,0.09696683
281365,0.04515797
281366,0.04247269
281367,0.07935284
281373,0.04821868
281376,0.06344373
281400,0.48263034
281417,0.01517964
281420,0.03419317
281422,0.23378441
281435,0.07644923
281439,0.02957731
281448,0.10125286
281451,0.16621041
281453,0.03392529
281482,0.08312209
281494,0.10627142
281514,0.07038955
281515,0.05741288
281542,0.15767410
281556,0.07241143
281568,0.07396384
281592,0.07572063
281593,0.00884212
281607,0.26736170
281613,0.10841351
281618,0.63065498
281620,0.20165547
281628,0.35274030
281629,0.04136045
281633,0.05482159
281634,0.04651703
281642,0.08379728
281643,0.03632355
281653,0.17502375
281661,0.02619521
281671,0.03972877
281675,0.04541434
281684,0.02941165
281692,0.24980297
281697,0.03335129
281730,0.16946286
281731,0.16006782
281734,0.06332163
281737,0.03960759
281750,0.31711378
281752,0.13669169
281764,0.11478301
281782,0.17978809
281791,0.03226674
281793,0.14586404
281795,0.03506085
281824,0.07635822
281831,0.09869315
281845,0.02823784
281848,0.03044668
281854,0.03243877
281855,0.06611281
281867,0.06181134
281873,0.04556346
281875,0.04341029
281876,0.43893575
281881,0.01017538
281905,0.02321406
281906,0.45031083
281907,0.02934035
281914,0.17435254
281929,0.03963529
281936,0.40761023
281938,0.01145259
281940,0.02482271
281941,0.07590368
281950,0.02718671
281954,0.03386577
281955,0.17286151
281956,0.11953257
281957,0.08286470
281968,0.37130293
281972,0.21812013
281974,0.07897153
281987,0.03675695
281996,0.26195894
281998,0.03471895
282002,0.02578991
282004,0.10718956
282005,0.04185402
282020,0.16636329
282021,0.13095647
282041,0.07032726
282045,0.15625046
282046,0.02429479
282048,0.08341592
282056,0.30846179
282063,0.07140775
282068,0.15733694
282072,0.13134879
282100,0.09047984
282104,0.10009271
282105,0.04646184
282106,0.04096226
282108,0.11686572
282114,0.37970072
282132,0.09247997
282133,0.05650294
282136,0.08721813
282145,0.40138201
282146,0.29643299
282150,0.11776824
282151,0.08996115
282152,0.13127328
282157,0.38270081
282165,0.04524182
282167,0.01975173
282178,0.03669017
282179,0.09000935
282204,0.01526305
282208,0.04486879
282218,0.04264904
282221,0.78551601
282223,0.02756092
282226,0.01918319
282230,0.02131360
282232,0.13304037
282235,0.02602860
282236,0.07735390
282239,0.08217927
282246,0.03933605
282250,0.34970877
282259,0.02706643
282270,0.02083351
282272,0.00888696
282282,0.51735888
282292,0.08369859
282306,0.04733445
282311,0.08588162
282317,0.45448410
282318,0.04057623
282331,0.03321067
282338,0.14785791
282349,0.04043795
282350,0.37793629
282355,0.02390970
282359,0.81535127
282382,0.03149613
282396,0.36530457
282399,0.14147477
282408,0.05909488
282421,0.08208792
282427,0.05470456
282437,0.04666270
282446,0.07890248
282448,0.01584085
282453,0.02673746
282456,0.12850063
282457,0.21430629
282465,0.37726586
282476,0.21336615
282478,0.09426103
282482,0.02804078
282485,0.17027617
282492,0.14307941
282498,0.33911389
282503,0.02414023
282512,0.27260524
282521,0.48107970
282531,0.44520796
282548,0.06854895
282582,0.05739367
282585,0.04803547
282605,0.05893186
282618,0.01955851
282633,0.03199122
282642,0.63499889
282645,0.28498722
282647,0.08634737
282649,0.09132636
282654,0.08820726
282661,0.07738163
282667,0.02795263
282668,0.18309594
282678,0.08424116
282679,0.29415093
282687,0.02629868
282688,0.03182026
282691,0.05351917
282702,0.01101347
282709,0.05538515
282712,0.12010904
282715,0.31456910
282726,0.01562999
282735,0.07355028
282737,0.02751556
282746,0.43743900
282751,0.00797420
282754,0.73724497
282758,0.18246135
282773,0.96981480
282787,0.04212098
282794,0.02227123
282812,0.01828999
282822,0.33049594
282827,0.14344478
282836,0.02821885
282841,0.05014063
282854,0.15017202
282862,0.13380905
282873,0.17977458
282890,0.09858987
282900,0.38846775
282906,0.06316089
282910,0.23310843
282915,0.01354652
282929,0.01112601
282933,0.06804056
282944,0.33854096
282945,0.18556015
282950,0.02445062
282954,0.04393222
282960,0.03542665
282961,0.16570047
282962,0.05967386
282965,0.26768283
282971,0.10904035
282974,0.03859288
282975,0.03587152
282979,0.06044187
282984,0.14058664
282990,0.17310907
282998,0.08770755
283005,0.08427483
283013,0.57054188
283018,0.22191655
283029,0.58677830
283032,0.01408095
283036,0.12274121
283041,0.36267843
283046,0.20948893
283050,0.01925548
283057,0.12524844
283065,0.15128822
283069,0.29483074
283074,0.02717341
283076,0.12523903
283077,0.12940136
283089,0.13374083
283090,0.02019825
283094,0.13431064
283110,0.11237049
283118,0.23945493
283127,0.02698208
283130,0.06465666
283139,0.22349051
283143,0.18240724
283144,0.22103635
283146,0.05364468
283150,0.04420098
283161,1.01097132
283177,0.15897662
283180,0.04077247
283184,0.05680396
283191,0.07427466
283193,0.05589016
283196,0.18330886
283199,0.16615906
283202,0.11788901
283205,0.03376729
283213,0.08931028
283216,0.03479253
283218,0.06981793
283220,0.02658882
283227,0.21029487
283233,0.18659658
283248,0.13864573
283250,0.28444231
283261,0.02957663
283264,0.06853001
283267,0.13505335
283269,0.04191784
283271,0.02720439
283282,0.19785273
283283,0.01806212
283290,0.04493451
283295,0.11037823
283298,0.03043874
283303,0.66547190
283309,0.01889407
283310,0.04371858
283314,0.17354997
283317,0.01943884
283318,0.04149821
283323,0.42490993
283327,0.27639868
283328,0.27221300
283336,0.42157547
283340,0.10573621
283344,0.07414726
283345,0.40614785
283360,0.05185489
283361,0.01324053
283383,0.29619647
283387,0.08236545
283390,0.05175556
283412,0.04307089
283426,0.05279367
283429,0.33558828
283433,0.08761024
283437,0.04150876
283438,0.01628902
283461,0.12881125
283466,0.02486494
283477,0.05114171
283479,0.19371618
283483,0.06689685
283484,0.03581122
283486,0.06832153
283500,0.02833010
283512,0.25733314
283515,0.06701320
283517,0.62213174
283519,0.02457028
283523,0.09469169
283528,0.14232665
283555,0.08512131
283565,0.05243796
283572,0.05075064
283576,0.02827748
283586,0.20294523
283590,0.08518866
283606,0.08490808
283615,0.02485085
283619,0.09188206
283632,0.48227026
283635,0.05625344
283636,0.03004637
283641,0.30804879
283642,0.03103317
283647,0.02744169
283667,0.02111871
283683,0.07690836
283684,0.14705041
283687,0.08282569
283691,0.04611291
283693,0.22594589
283701,0.06252545
283702,0.05449906
283711,0.31389734
283713,0.78614385
283726,0.05436193
283730,0.06126782
283736,0.06646194
283737,0.14292799
283740,0.05830081
283748,0.09109501
283750,0.19687176
283756,0.01782490
283757,0.01704315
283774,0.53874058
283776,0.18624085
283784,0.14108295
283790,0.45064120
283796,0.04492488
283806,0.07883693
283816,0.00390615
283825,0.28389367
283827,0.07928330
283835,0.02659492
283839,0.43433525
283843,0.13576517
283874,0.41464105
283880,0.02975245
283881,0.40415404
283882,0.89466897
283887,0.03807531
283891,0.17261297
283893,0.05166345
283895,0.03089125
283900,0.25967873
283906,0.09949090
283938,0.02571180
283943,0.03398195
283953,0.42230474
283958,0.20430863
283961,0.00745522
283972,0.05679630
283973,0.02930839
283986,0.29881668
283990,0.00971239
283994,0.48283138
284000,0.00957378
284002,0.16826715
284003,0.09401767
284035,0.87341327
284049,0.02429739
284055,0.02270446
284060,0.05325422
284061,0.22942352
284069,0.22228562
284072,0.25971813
284075,0.10230590
284087,0.10032893
284093,0.06293689
284095,0.08984961
284096,0.11156925
284106,0.04666860
284109,0.11325439
284112,0.07249771
284126,0.11343974
284152,0.04035276
284155,0.04725744
284157,0.04985867
284159,0.07550273
284194,0.10617568
284207,0.08690702
284211,0.01464072
284220,0.43293912
284232,0.13118625
284239,0.32288451
284246,0.02247504
284257,0.15671042
284259,0.06192451
284272,0.04748184
284277,0.07268872
284279,0.94508258
284283,0.08274313
284294,0.05566874
284298,0.01989613
284305,0.19368498
284309,0.02697610
284311,0.06586443
284315,0.00914914
284338,0.56336656
284340,0.21581000
284342,0.19525110
284344,0.04134178
284348,0.02388657
284361,0.17183819
284373,0.02766719
284380,0.73386017
284408,0.01445149
284422,0.01854063
284423,0.05064869
284427,0.11179744
284433,0.32310041
284442,0.02738598
284462,0.40542326
284481,0.22483996
284487,0.07542762
284492,0.02220873
284495,0.04935896
284499,0.45590037
284503,0.15753772
284506,0.27025376
284507,0.01337740
284511,0.99746470
284512,0.14626080
284513,0.04486021
284520,0.14911303
284537,0.03385300
284557,0.21579891
284560,0.05410618
284571,0.13660589
284573,0.60618835
284574,0.00962290
284575,0.05333842
284576,0.09100502
284578,0.05120302
284592,0.03783424
284606,0.50957757
284609,0.07814371
284614,0.03332604
284627,0.06844018
284630,0.06080564
284633,0.02627835
284647,0.06835074
284650,0.08215373
284655,0.12416139
284661,0.01962615
284664,0.01719851
284668,0.03480045
284682,0.06450640
284683,0.41441749
284691,0.05973623
284692,0.13681848
284695,0.06119596
284751,0.50987430
284785,0.07902729
284796,0.00763894
284797,0.02893755
284799,0.02813517
284805,0.02541711
284811,0.03623046
284844,0.05489481
284856,0.27981069
284861,0.06961341
284864,0.06217080
284866,0.19787083
284867,0.04956441
284871,0.01569119
284873,0.01273253
284888,0.37391175
284895,0.00613053
284906,0.08552942
284907,0.23457592
284908,0.04542991
284914,0.04355228
284916,0.03413248
284920,0.09564735
284926,0.07339281
284934,0.08262128
284937,0.05166587
284949,0.10546078
284986,0.01559595
285002,0.10247584
285006,0.12808983
285007,0.13035908
285008,0.16560105
285016,0.01827393
285040,0.02420456
285041,0.01082031
285050,0.12724574
285051,0.02570053
285059,0.18954309
285077,0.13416148
285078,0.65017903
285097,0.02444000
285102,0.04588211
285104,0.01079162
285117,0.06728823
285119,0.10888831
285120,0.02463328
285122,0.06791323
285131,0.38291956
285137,0.03162427
285139,0.05422203
285147,0.03419615
285176,0.03032149
285177,0.11755667
285183,0.06735288
285184,0.01731973
285200,0.01253440
285213,0.38539232
285224,0.05690969
285232,0.08688846
285245,0.25894456
285249,0.01766586
285253,0.05215482
285268,0.03512121
285276,0.01885354
285282,0.38465951
285284,0.29135901
285297,0.22272215
285304,0.03612358
285305,0.04708701
285337,0.04363851
285346,0.04293120
285349,0.02005567
285354,0.36963945
285359,0.08869750
285366,0.15930778
285367,0.27632072
285368,0.33290212
285376,0.22711003
285382,0.03023804
285385,0.36033249
285389,0.08474414
285396,0.02920361
285398,0.13273822
285399,0.03601420
285403,0.09468757
285405,0.23596226
285407,0.27159801
285417,0.08448860
285419,0.22069087
285431,0.05456025
285457,0.07854061
285462,0.20695325
285463,0.00975280
285472,0.19034326
285476,0.02831195
285479,0.29358784
285482,0.11030681
285486,0.12795738
285487,0.10472639
285497,0.01133990
285498,0.17172903
285507,0.69989455
285509,0.02514355
285514,0.04788065
285516,0.01492948
285521,0.03021749
285525,0.00977746
285528,0.06454771
285555,0.08580589
285559,0.09704065
285561,0.03634464
285562,0.18063431
285565,0.08862163
285571,0.05799371
285583,0.13298263
285588,0.25150152
285603,0.11563906
285612,0.14325689
285628,0.60140637
285635,0.06070731
285649,0.11357916
285651,0.04639278
285653,0.15126309
285662,0.09705219
285665,0.04703605
285678,0.03594661
285681,0.07929383
285694,0.22461014
285695,0.05618107
285701,0.03871256
285721,0.10734033
285730,0.12569052
285733,0.01776642
285743,0.09028191
285744,0.06934429
285746,0.03839546
285778,0.04801725
285784,0.06358206
285808,0.01527164
285810,0.23651643
285831,0.18151913
285833,0.05519320
285841,0.04502243
285842,0.03630523
285844,0.14587322
285847,0.06946647
285853,0.02826721
285861,0.13151776
285863,0.03151852
285867,0.19051915
285870,0.87953530
285879,0.10465522
285880,0.07684393
285882,0.02941367
285893,0.00999802
285897,0.15129838
285912,0.08659053
285914,0.07500694
285918,0.09843078
285927,0.32241208
285931,0.18751816
285932,0.10352947
285962,0.05263175
285975,0.18248077
285978,0.28082680
285996,0.05484129
286000,0.19799733
286010,0.04760528
286011,0.22490573
286018,0.03440889
286033,0.11824416
286038,0.34033872
286042,0.07604803
286044,0.08630038
286047,0.02932157
286050,0.51386420
286052,0.08319916
286056,0.22428308
286058,0.01737876
286083,0.08043843
286088,0.20886182
286094,0.09915112
286107,0.45445416
286112,1.00551521
286124,0.03945919
286128,0.09777361
286141,0.13186949
286146,0.24001726
286147,0.10706818
286153,0.00747692
286163,0.05035349
286169,0.08811652
286175,0.11234787
286185,0.01508074
286194,0.14221766
286198,0.15667148
286201,0.05063908
286202,0.38785784
286213,0.06290462
286218,0.05559097
286250,0.03770383
286257,0.27372283
286264,0.20534937
286265,0.10944396
286266,0.04812263
286287,0.25085604
286292,0.01015686
286294,0.06560985
286295,0.40412353
286299,0.26287065
286300,0.21178917
286302,0.18160140
286310,0.05529222
286316,0.04487215
286332,0.19909364
286353,0.07959238
286354,0.04934265
286357,0.03309260
286375,0.02091301
286382,0.22664700
286389,0.20866524
286404,0.04723358
286405,0.19540546
286411,0.20462936
286412,0.05914540
286421,0.15050547
286423,0.05948806
286426,0.14857163
286433,0.08636118
286438,0.17201811
286441,0.07718891
286444,0.03260736
286447,0.01779326
286459,0.38389877
286473,0.09759619
286484,0.03218290
286485,0.77199320
286501,0.12538949
286502,0.09198398
286509,0.04198572
286511,0.64652839
286516,0.75920978
286547,0.63101876
286549,0.13007162
286553,0.11065450
286558,0.05456490
286566,0.04127339
286572,0.11451683
286582,0.04188440
286587,0.02441103
286590,0.12247075
286594,0.21587279
286598,0.03100421
286602,0.05416172
286608,0.21825400
286610,0.11140904
286627,0.17477481
286661,0.05602968
286664,0.14173516
286668,0.01064528
286683,0.03731203
286684,0.03807528
286689,0.03233863
286696,0.19134915
286697,0.03690471
286703,0.52531570
286705,0.04518220
286707,0.09907211
286708,0.16921611
286711,0.03250393
286714,0.09796342
286734,0.04693678
286747,0.10550113
286760,0.20193650
286763,0.03592255
286772,0.03164265
286773,0.03714541
286791,0.05516499
286813,0.06867388
286814,0.05062786
286817,0.02407899
286836,0.03571398
286838,0.19730433
286844,0.12038063
286854,0.08007534
286856,0.16789282
286859,0.05696759
286864,0.02025509
286865,0.43200279
286868,0.42143752
286881,0.23921574
286882,0.28516975
286888,0.02391097
286890,0.82038489
286892,0.04957472
286895,0.11497355
286906,0.07164586
286924,0.02881545
286930,0.03197828
286931,0.14594410
286942,0.15070565
286955,0.03636074
286960,0.05741543
286962,0.08274078
286966,0.03697000
286967,0.00752251
286971,0.05276349
286983,0.02762525
286985,0.03829833
286986,0.43448098
286987,0.18230794
286992,0.10435456
287003,0.03701412
287004,0.02521274
287006,0.11834648
287029,0.07276749
287036,0.02979097
287038,0.16061864
287049,0.06619092
287050,0.01346063
287057,0.04738710
287065,0.01879359
287066,0.42688308
287089,0.21349350
287093,0.44007383
287096,0.14365191
287103,0.10192732
287104,0.09279306
287109,0.07029369
287133,0.45924795
287137,0.02822746
287141,0.64320630
287146,0.02999014
287148,0.01183559
287177,0.03546140
287184,0.03092163
287197,0.15891139
287204,0.23203424
287206,0.16576747
287208,0.04336617
287225,0.08418267
287228,0.03302397
287252,0.18884186
287260,0.04637010
287264,0.25678475
287270,0.08199017
287271,0.06870366
287272,0.01782477
287274,0.03033831
287280,0.02904868
287281,0.13907881
287290,0.05296415
287298,0.02181038
287299,0.13760011
287301,0.03356634
287314,0.09990392
287321,0.30720274
287322,0.03180082
287329,0.31228116
287331,0.09517322
287337,0.07544856
287349,0.04254989
287358,0.13826718
287370,0.34240433
287371,0.03582733
287376,0.01553951
287378,0.05146427
287386,0.16139733
287394,0.10883006
287397,0.05873646
287419,0.04434613
287428,0.05292963
287438,0.03075609
287439,0.12760647
287449,0.14472461
287450,0.01968581
287460,0.09837345
287472,0.29930061
287474,0.27884948
287483,0.04153504
287495,0.06592058
287510,0.05997977
287512,0.02744302
287530,0.03184798
287531,0.01869055
287543,0.03667427
287549,0.08089478
287564,0.29491473
287574,0.07130791
287580,0.03565995
287587,0.08979662
287594,0.06358805
287605,0.12505254
287617,0.09253685
287621,0.04001350
287626,0.04636200
287629,0.22180013
287632,0.16819781
287636,0.26454597
287644,0.14581386
287648,0.04200736
287666,0.10542526
287672,0.07292746
287701,0.24756183
287708,0.02438181
287718,0.09047606
287724,0.15136963
287726,0.02440055
287729,0.12635407
287732,0.12922665
287733,0.03439754
287734,0.42918286
287750,0.21434887
287755,0.06610778
287762,0.41355871
287764,0.03610557
287766,0.03946376
287775,0.03799814
287781,0.04876005
287785,0.08669460
287789,0.05012020
287792,0.63196152
287796,0.01145978
287804,0.32314900
287822,0.08799905
287835,0.09037545
287840,0.07661815
287850,0.07949947
287851,0.08372954
287852,0.15617141
287858,0.14423362
287859,0.03831430
287860,0.26424550
287861,0.12012622
287866,0.03544344
287868,0.21087059
287873,0.17223117
287876,0.11163966
287877,0.03487991
287878,0.02641546
287879,0.06830246
287883,0.02202025
287888,0.02248651
287894,0.84687850
287895,0.04557259
287912,0.17564731
287915,0.17162929
287920,0.01634921
287922,0.06766131
287926,0.06960931
287929,0.16181713
287931,0.25416523
287936,0.11488424
287942,0.09464972
287946,0.22353158
287948,0.32158486
287963,0.35602886
288003,0.01588924
288005,0.03242723
288012,0.13886853
288013,0.32750485
288026,0.02185296
288027,0.06000639
288031,0.10353687
288039,0.01496686
288041,0.39017360
288045,0.25335154
288065,0.32277971
288068,0.12743308
288079,0.14872939
288084,0.92987554
288111,0.50736057
288129,0.12087622
288138,1.18100689
288154,0.35861932
288167,0.01977369
288178,0.09176871
288184,0.03427416
288193,0.02127449
288203,0.13693051
288207,0.43348484
288223,0.15263324
288226,0.53256543
288237,0.04661038
288257,0.56816224
288259,0.08508950
288269,0.17635272
288273,0.03565452
288276,0.11425362
288280,0.11867520
288283,0.07203471
288291,0.26602607
288299,0.07548921
288305,0.06505728
288316,0.01757111
288322,0.11884422
288333,0.01408162
288337,0.10489730
288341,0.02426137
288345,0.08222045
288348,0.04161986
288350,0.26922794
288353,0.18412670
288372,0.06907977
288375,0.18792033
288395,0.02688655
288408,0.17841878
288425,0.04789775
288430,0.26821839
288433,0.05198349
288459,0.17826707
288462,0.09361076
288463,0.28814063
288470,0.05535104
288472,0.27440396
288475,0.08654954
288495,0.59139975
288517,0.33666937
288530,0.38790125
288535,0.15284805
288539,0.05608267
288540,0.06924831
288547,0.82637673
288553,0.10354399
288555,0.47150714
288556,0.09649448
288562,0.04726187
288564,0.04539010
288567,0.11928958
288576,0.04108379
288579,0.02500352
288580,0.18574531
288589,0.04450740
288596,0.40891911
288597,0.15887365
288599,0.03457791
288601,0.06699353
288617,0.04676094
288621,0.31346654
288635,0.07178228
288656,0.00576579
288666,0.04363986
288670,0.18532178
288671,0.05079802
288673,0.03100237
288678,0.31786323
288693,0.28945010
288699,0.04283916
288706,0.48358069
288728,0.14742981
288739,0.12055944
288741,0.05431038
288755,0.03467197
288763,0.01597178
288766,0.06688489
288775,0.38720543
288780,0.02738101
288793,0.09600845
288811,0.14773770
288821,0.08990112
288829,0.73748783
288835,0.01841402
288836,0.04725991
288838,0.26619681
288851,0.02569401
288853,0.03554208
288854,0.02473895
288855,0.05164393
288876,0.05749306
288879,0.51387501
288884,0.46005235
288886,0.04378122
288891,0.09682078
288898,0.11128183
288911,0.44606692
288913,0.05446614
288927,0.01986733
288928,0.02541378
288931,0.33739487
288955,0.03233346
288961,0.08199268
288969,0.64446956
288971,0.10268888
288973,0.09586276
288982,0.05958107
288983,0.01747517
288986,0.06760885
288992,0.11863171
288993,0.04359216
288996,0.19138129
289007,0.21956740
289008,0.10060774
289014,0.15326741
289015,0.06345214
289016,0.03642090
289017,0.04923457
289028,0.02212664
289030,0.19955645
289040,0.10603573
289048,0.06608716
289051,0.11497843
289055,0.01494693
289057,0.02262680
289062,0.27680936
289063,0.39046123
289069,0.16030536
289073,0.03023806
289074,0.05609743
289085,0.10842529
289092,0.07512297
289097,0.02986406
289111,0.12734724
289112,0.14043199
289116,0.04535627
289123,0.02541595
289145,0.87669821
289146,0.12634464
289158,0.13881249
289165,0.10232002
289166,0.12328540
289167,0.32025636
289170,0.22168414
289193,0.06210264
289198,0.05073627
289209,0.09307319
289211,0.11233832
289215,0.14793699
289220,0.06572027
289232,0.10470102
289244,0.14586507
289258,0.10986281
289271,0.05505871
289274,0.11565166
289312,0.20004802
289321,0.17475048
289325,0.08009101
289333,0.15084200
289340,0.14647345
289368,0.02102455
289375,0.16555278
289380,0.20634038
289381,0.04846340
289384,0.06893656
289403,0.02680897
289408,0.12331604
289416,0.02393839
289463,0.01447360
289488,0.18433120
289495,0.35496880
289498,0.05153496
289499,0.03439439
289515,0.02813076
289531,0.02184514
289541,0.13350162
289554,0.02688458
289565,0.08004983
289590,0.02336257
289596,0.18237412
289601,0.12865349
289602,0.09028756
289603,0.04931986
289608,0.04805307
289622,0.15544936
289623,0.01719277
289625,0.03417269
289634,0.01746627
289648,0.17176088
289650,0.01031325
289662,0.30281604
289667,0.45056640
289674,0.01778806
289682,0.02302935
289702,0.03385860
289706,0.03715519
289709,0.15680164
289716,0.29584798
289725,0.01741410
289732,0.12555705
289743,0.05674392
289762,0.01694027
289766,0.09311101
289770,0.21167944
289775,0.37199936
289777,0.03420257
289783,0.05976232
289797,0.13962501
289798,0.02899659
289802,0.09089082
289812,0.07559315
289814,0.01200423
289819,0.08683175
289828,0.15304947
289831,0.18810782
289835,0.05935181
289844,0.04161728
289850,0.02512170
289851,0.11445383
289865,0.03370419
289869,0.35388769
289891,0.52466178
289907,0.05575881
289919,0.04748487
289923,0.13248173
289924,0.12793540
289927,0.06416113
289929,0.26349052
289951,0.03640021
289959,0.05714192
289964,0.16113381
289965,0.06983179
289966,0.02026389
289971,0.23874626
289988,0.06207886
289989,0.04530859
289995,0.59692691
290005,0.11065160
290013,0.29636485
290031,0.27309920
290036,0.21817730
290038,0.39379494
290041,0.42056673
290056,0.27526775
290058,0.06321193
290065,0.31988650
290069,0.16654090
290070,0.05046204
290074,0.16773720
290076,0.13548309
290082,0.07881499
290105,0.03486360
290111,0.01115733
290114,0.07388350
290116,0.22498205
290117,0.07327244
290128,0.11791964
290130,0.06976728
290139,0.08720664
290151,0.06857412
290154,0.01782156
290158,0.13398127
290180,0.37548915
290183,0.02893347
290190,0.22327319
290191,0.36582162
290199,0.12507708
290200,0.13303334
290202,0.03101822
290205,0.43806212
290206,0.04686239
290219,0.12882176
290227,0.02079795
290232,0.08064925
290233,0.24159267
290242,0.22864719
290246,0.08064100
290247,0.16285286
290257,0.24811909
290259,0.05351499
290260,0.08501423
290270,0.02078201
290273,0.06250454
290276,0.20448624
290281,0.46499988
290296,0.14237085
290303,0.03994101
290306,0.09005143
290331,0.06484241
290340,0.06355149
290349,0.09214467
290355,0.05319308
290365,0.11815576
290379,0.51479827
290389,0.02258332
290408,0.03227277
290409,0.26971590
290433,0.14477165
290437,0.07373486
290440,0.11257778
290448,0.05829351
290466,0.03529822
290467,0.05101585
290479,0.03232381
290490,0.12685976
290492,0.01731783
290503,0.03254342
290508,0.03673742
290524,0.11781813
290526,0.16056884
290527,0.08885755
290541,0.12924719
290557,0.10571952
290564,0.10256743
290572,0.03427964
290576,0.23237200
290588,0.03521270
290589,0.05626163
290595,0.10208250
290598,0.02527921
290605,0.31168072
290609,0.01008107
290610,0.05045213
290612,0.19151018
290634,0.03467484
290635,0.54837526
290644,0.43550834
290672,0.37991344
290681,0.04958789
290693,0.14822527
290695,0.04086819
290702,0.04032674
290703,0.02771843
290711,0.40769721
290713,0.77403304
290727,0.16472532
290730,0.04718486
290734,0.04746865
290745,0.10308663
290746,0.20971630
290751,0.11677809
290758,0.01562801
290766,0.07931854
290784,0.10328859
290786,0.01717283
290813,0.76978535
290849,0.15903515
290852,0.03244314
290881,0.66475192
290884,0.03639892
290885,0.10163856
290889,0.03016481
290911,0.12232209
290913,0.32558624
290923,0.04956798
290926,0.01092092
290936,0.13195884
290941,0.13476328
290945,0.31927393
290955,0.02580834
290961,0.04067835
290964,0.03317096
290967,0.09049968
290970,0.01952384
290974,0.08432960
290976,0.02687068
290978,0.03172034
290981,0.02694432
290991,0.09783672
291005,0.02723732
291009,0.01864402
291011,0.25042834
291012,0.33484842
291018,0.28620510
291023,0.06729090
291028,0.04488384
291034,0.09256573
291038,0.07035298
291039,0.44139424
291041,0.58006682
291045,0.15092762
291048,0.09880038
291052,0.05614701
291055,0.04708687
291082,0.02748750
291085,0.13066055
291086,0.01620715
291094,0.04189272
291103,0.11268088
291108,0.06603890
291110,0.21523245
291113,0.01922717
291117,0.03755356
291124,0.06515975
291129,0.04775201
291142,0.40826687
291155,0.45775266
291157,0.11758517
291177,0.03825616
291178,0.05289434
291180,0.02368384
291188,0.59209269
291198,0.05848598
291200,0.03036988
291202,0.14759502
291207,0.02059713
291218,0.02241594
291231,0.28572893
291232,0.08535955
291240,0.03464546
291241,0.19998059
291245,0.06266005
291256,0.01216802
291273,0.11412700
291274,0.08503944
291277,0.15158973
291290,0.29986250
291303,0.09591010
291310,0.02476350
291311,0.21157350
291319,0.43645521
291324,0.15724380
291331,0.09073206
291334,0.02891451
291348,0.29451990
291349,0.47124404
291359,0.04807913
291365,0.01240290
291379,0.14678414
291396,0.02752726
291411,0.12592811
291424,0.11470353
291425,0.02176632
291428,0.20236320
291446,0.24589303
291449,0.03068710
291461,0.08158133
291465,0.01125575
291480,0.11378425
291486,0.05971608
291487,0.05741277
291491,0.01384979
291499,0.01011804
291505,0.26404172
291512,0.10880245
291513,0.02749239
291521,0.02084869
291523,0.01216788
291543,0.11175246
291545,0.04105386
291546,0.36322080
291550,0.04416435
291552,0.04202857
291561,0.08234353
291579,0.03760990
291584,0.29419832
291586,0.05229141
291590,0.08924675
291592,1.29131309
291593,0.01566182
291599,0.14337967
291615,0.02209192
291617,0.02048638
291628,0.19330909
291654,0.07454034
291658,0.19726193
291659,0.05446893
291661,0.21980212
291671,0.12422119
291677,0.01085992
291689,0.22913179
291693,0.04909406
291695,0.07015201
291696,0.29327580
291697,0.03561085
291702,0.06395835
291711,0.01764807
291713,0.05744506
291715,0.11979775
291718,0.05291574
291733,0.07480064
291742,0.13813196
291748,0.05311267
291765,0.02114987
291771,0.08579628
291773,0.26069876
291788,0.04391841
291789,0.05050096
291796,0.35707934
291800,0.16537651
291817,0.11595912
291822,0.79686771
291840,0.60167538
291843,0.02619307
291855,0.30582119
291858,0.02286506
291870,0.10775663
291872,0.01806646
291874,0.03632314
291883,0.01979185
291888,0.04446619
291894,0.11330352
291901,0.01369675
291928,0.42119579
291930,0.01102590
291949,0.03279359
291951,0.10459204
291953,0.02860530
291955,0.03357577
291963,0.65741185
291969,0.17070740
291980,0.42316489
292010,0.04439807
292022,0.09769066
292023,0.04529198
292031,0.06437666
292034,0.07452398
292043,0.07809904
292049,0.06430041
292055,0.07384180
292062,0.15720031
292070,0.03127512
292072,0.81587344
292073,0.04152134
292082,0.18957346
292096,0.13324197
292098,0.07216604
292116,0.16839409
292118,0.09843912
292126,0.14731447
292128,0.03582594
292137,0.12731372
292138,0.03667861
292142,0.18372597
292149,0.91255091
292181,0.88689690
292189,0.02281490
292191,0.07610166
292205,0.02785301
292219,0.14847744
292227,0.02374080
292231,0.19374385
292238,0.05361703
292246,0.04187105
292248,0.10491372
292259,0.05745971
292261,0.11277887
292266,0.08145043
292267,0.02144729
292272,0.06443356
292278,0.65012124
292281,0.07084883
292286,0.06061472
292288,0.36711890
292289,0.03753263
292304,0.13767874
292307,0.05438923
292319,0.19573872
292320,0.04867451
292325,0.09783967
292326,0.45126070
292331,0.02236720
292332,0.03179788
292333,0.01599593
292334,0.08484795
292337,0.03611174
292338,0.25083367
292342,0.04287367
292347,0.02090242
292350,0.06437946
292355,0.06046787
292360,0.08298046
292362,0.02165072
292363,0.26935609
292364,0.02050982
292383,0.14973644
292397,0.11835512
292409,0.21994693
292417,0.17555622
292426,0.02088432
292428,0.05220016
292439,0.54069319
292443,0.25749678
292448,0.04854542
292451,0.04761333
292452,0.05851645
292456,0.02543353
292460,0.04784973
292463,0.13193314
292464,0.52356709
292476,0.15562753
292480,0.05774381
292483,0.03853540
292493,0.04024615
292501,0.37075465
292506,0.05182560
292508,0.04477699
292513,0.10592175
292525,0.05524801
292533,0.06810162
292540,0.33762530
292541,0.00782380
292544,0.01555000
292549,0.07708768
292550,0.18283273
292557,0.15503657
292558,0.02112554
292562,0.03724031
292564,0.00602826
292583,0.15126021
292612,0.04242511
292618,0.02798896
292623,0.48627728
292631,0.02004874
292633,0.28284516
292641,0.06711854
292643,0.03214477
292649,0.03703987
292650,0.05025472
292651,0.11864303
292655,0.02571000
292659,0.11070346
292677,0.02567318
292693,0.03366300
292697,0.02525515
292700,0.24380754
292702,0.05051195
292710,0.02741004
292727,0.42333343
292731,0.08008422
292732,0.05372041
292734,0.02794657
292735,0.01848948
292737,0.02880471
292739,0.09052653
292741,0.01378002
292767,0.02913089
292778,0.04322335
292807,0.50686900
292813,0.35385248
292834,0.23496158
292837,0.02831326
292839,0.01783940
292844,0.09233237
292869,0.06558658
292874,0.04191233
292892,0.07788659
292894,0.03807518
292916,0.35406940
292921,0.17524045
292925,0.26195246
292929,0.46107092
292933,0.07196569
292935,0.19864182
292938,0.03680858
292945,0.22260028
292946,0.08674172
292953,0.25647225
292966,0.37258928
292968,0.07622813
292983,0.04627615
292988,0.20014129
292992,0.02044636
292997,0.11120225
293002,0.11964608
293013,0.03923198
293030,0.31144661
293043,0.53164665
293070,0.55084734
293093,0.02852897
293103,0.05497287
293104,0.01542431
293117,0.87898262
293123,0.05201536
293126,0.55614950
293128,0.01724696
293136,0.01794738
293142,0.06727133
293146,0.61525911
293149,0.51030375
293159,0.03125976
293169,0.02901437
293172,0.11416332
293175,0.03500962
293176,0.09828904
293192,0.01838889
293213,0.09455937
293218,0.10803690
293219,0.27565186
293224,0.07287071
293225,0.04636589
293234,0.12952094
293243,0.12875346
293249,0.02138843
293256,0.09471310
293276,0.15653304
293283,0.81845696
293295,0.07401687
293308,0.03233453
293309,0.18436847
293316,0.03345078
293326,0.04542071
293330,0.02157113
293351,0.06739629
293361,0.02857926
293366,0.30076035
293376,0.25115859
293377,0.05725179
293382,0.10679704
293383,0.16934272
293385,0.10118220
293402,0.25855897
293403,0.11344793
293405,0.04050507
293412,0.04209568
293430,0.04821126
293435,0.02762734
293438,0.04637744
293445,0.10928473
293447,0.28388838
293451,0.09161394
293463,0.02230384
293471,0.02269623
293482,0.13011394
293485,0.04890292
293493,0.17739673
293496,0.01843953
293505,0.43121918
293507,0.03846369
293508,0.09806530
293518,0.08035462
293524,0.06530976
293527,0.09462337
293537,0.04304569
293542,0.05745890
293556,0.01371218
293560,0.40706129
293563,0.24443091
293565,0.02735365
293597,0.12474566
293603,0.07425320
293607,0.09340111
293621,0.04168921
293622,0.06849694
293623,0.32444498
293636,0.16288969
293643,0.05786119
293659,0.24034956
293678,0.03218068
293679,0.07034150
293681,0.08701815
293684,0.06955476
293692,0.04874365
293696,0.02950194
293733,0.03897064
293734,0.02492831
293745,0.12744115
293751,0.04773892
293770,0.38097647
293778,0.16580421
293789,0.01302860
293809,0.02971025
293815,0.04814012
293816,0.17437852
293819,0.21151345
293822,0.09271347
293846,0.37309009
293849,0.01153612
293850,0.04396931
293851,0.19958528
293860,0.02648029
293863,0.20495585
293881,0.35491756
293900,0.13584915
293907,0.04611475
293915,0.01574079
293931,0.02417654
293935,0.03791638
293942,0.08636402
293944,0.89844573
293967,0.08190898
293968,0.24990614
293971,0.00608117
293972,0.06530504
293974,0.19819757
293976,0.11566171
293985,0.04129775
293996,0.79483802
294004,0.03796823
294007,0.35055788
294010,0.03087427
294013,0.14917717
294016,0.06205121
294018,0.17867637
294028,0.40980767
294041,0.04328273
294047,0.02896338
294055,0.10462412
294062,0.07365469
294069,0.03289210
294075,0.24637683
294091,0.01033516
294108,0.09339770
294116,0.12363671
294125,0.06091022
294129,0.03203244
294130,0.01031007
294134,0.03813056
294135,0.21823828
294136,0.17183167
294141,0.09854967
294160,0.01872111
294164,0.22386341
294184,0.23858250
294191,0.05855210
294195,0.08111407
294199,0.00912908
294208,0.52802548
294221,0.01850051
294225,0.11931805
294230,0.08644887
294236,0.10395976
294256,0.04133227
294257,0.00637659
294258,0.15838147
294282,0.11943754
294287,0.09250486
294290,0.02209608
294300,0.11730465
294302,0.02358422
294313,0.01866081
294314,0.28153395
294322,0.01462838
294336,0.13099422
294339,0.25158530
294348,0.14646805
294365,0.43120601
294373,0.39855233
294383,0.07315526
294403,0.08009077
294406,0.05391555
294417,1.09957765
294452,0.90022204
294463,0.20555492
294471,0.08237790
294486,0.02963862
294501,0.09831545
294504,0.21618338
294509,0.06154001
294511,0.07151720
294519,0.02531220
294530,0.08020631
294532,0.31585101
294547,0.26733309
294548,0.02856977
294554,0.02050750
294577,0.13030347
294578,0.01959837
294580,0.10046192
294583,0.11761565
294592,0.09652058
294595,0.03571771
294602,0.02484209
294613,0.26248521
294617,0.07626184
294631,0.60995816
294641,0.05368429
294653,0.15537011
294657,0.04846810
294661,0.27002132
294665,0.01902988
294668,0.04639387
294671,0.07344350
294682,0.02492259
294685,0.07769476
294688,0.12155984
294690,0.86788074
294698,0.12352217
294717,0.26889375
294724,0.03432464
294726,0.03378397
294738,0.30288975
294744,0.14969123
294758,0.12370043
294762,0.01491963
294776,0.25134042
294777,0.03444354
294807,0.11041918
294816,0.15802247
294821,0.02866908
294825,0.14059380
294834,0.06363121
294835,0.06009891
294836,0.04309716
294840,0.06361043
294842,0.48589555
294864,0.03706924
294874,0.21684877
294880,0.11042544
294881,0.03599025
294897,0.02737176
294898,0.10925608
294920,0.23207816
294923,0.18010204
294926,0.12181213
294937,0.15760854
294941,0.14450123
294951,0.24195239
294952,0.01460385
294953,0.06693938
294982,0.08588780
294989,0.10027158
294995,0.39325273
295009,0.42552133
295010,0.05992676
295013,0.07297988
295016,0.08514431
295022,0.12664423
295024,0.11729846
295040,0.23070335
295045,0.03584988
295047,0.12853972
295056,0.18890208
295073,0.13969234
295080,0.07260052
295093,0.04626447
295094,0.53791771
295095,0.07357327
295107,0.01016384
295116,0.13576136
295140,0.02763576
295150,0.21432594
295154,0.24838379
295155,0.15714179
295162,0.10343155
295163,0.05572839
295168,0.24066259
295176,0.02572889
295182,0.03589538
295183,0.33298941
295216,0.05988230
295219,0.07047742
295239,0.05450706
295246,0.02686523
295255,0.12085652
295257,0.37273128
295261,0.00820948
295263,0.03492545
295265,0.06607972
295274,0.25222484
295281,0.14426455
295286,0.13173249
295299,0.09220055
295304,0.02224551
295306,0.02177717
295321,0.07109971
295339,0.05187862
295342,0.03463424
295346,0.50272637
295348,0.08881524
295354,0.03341293
295367,0.17426293
295372,0.04841568
295373,0.05503344
295374,0.02844743
295387,0.03921792
295389,0.15166502
295396,0.09091454
295415,0.13002064
295418,0.08295688
295421,0.03667101
295425,0.03506672
295431,0.05414513
295434,0.04237788
295443,0.32820727
295453,0.04888890
295473,0.02600266
295476,0.14640326
295477,0.18616031
295488,0.14007680
295499,0.14215194
295504,0.01013005
295505,0.47202278
295524,0.02911647
295529,0.06845815
295533,0.17773974
295534,0.01976486
295549,0.02081637
295565,0.02853129
295584,0.03889927
295585,0.06742875
295597,0.10990853
295599,0.35216184
295604,0.01885755
295616,0.16089832
295635,0.13590454
295637,0.01763054
295670,0.02153514
295678,0.03904251
295701,0.01965227
295711,0.35049097
295713,0.17334229
295734,0.22630805
295739,0.04098884
295750,0.06740326
295773,0.77370634
295783,0.15944126
295787,0.03725106
295790,0.10186748
295795,0.03778581
295820,0.04342367
295821,0.11638957
295826,0.06692872
295836,0.04907461
295837,0.29238070
295842,0.09576045
295848,0.03652249
295850,0.21762207
295869,0.02993792
295871,0.23670336
295873,0.10561222
295879,0.09144523
295880,0.15013124
295892,0.10691310
295904,0.75678317
295907,0.02783510
295908,0.07607111
295913,0.08666026
295918,0.06940117
295921,0.44252075
295924,0.40203674
295949,0.05124086
295953,0.03152450
295961,0.02422436
295968,0.21757908
295971,0.08218511
295985,0.06148300
295986,0.11124624
295987,0.03194332
295993,0.16777816
295997,0.21837742
296005,0.27019110
296007,0.04097614
296012,0.22062342
296022,0.13473911
296024,0.01079650
296032,0.08229619
296034,0.01891969
296062,0.02478279
296070,0.09745832
296074,0.07227285
296084,0.03193571
296087,0.03791704
296088,0.10434144
296089,0.09607401
296143,0.03302581
296172,0.01790859
296183,0.08911790
296185,0.02940178
296194,0.04326470
296199,0.68673606
296204,0.60897734
296206,0.38885601
296209,0.19470132
296229,0.29053074
296239,0.01040005
296253,0.08771409
296259,0.67718235
296264,0.01552747
296270,0.67484875
296273,0.14755536
296284,0.14775372
296285,0.55632284
296287,0.01615982
296288,0.06083637
296292,0.13267057
296300,0.04876474
296301,0.02712009
296321,0.68980485
296324,0.10471806
296335,0.31685804
296348,0.02942852
296354,0.03642427
296369,0.42749019
296376,0.06589091
296391,0.04554087
296393,0.13069631
296398,0.02886958
296428,0.24400899
296432,0.22231657
296433,0.05687735
296449,0.21529409
296450,0.30922130
296490,0.12401430
296498,0.26445559
296499,0.04586268
296500,0.15886653
296509,0.21773456
296514,0.05803663
296518,0.04467254
296527,0.03244975
296532,0.06261254
296541,0.04281268
296544,0.11599215
296546,0.02153039
296573,0.61719316
296578,0.06333980
296589,0.09530954
296594,0.12322064
296616,0.08791875
296623,0.02773544
296624,0.06474962
296632,0.01005901
296633,0.11158893
296639,0.42099358
296647,0.06394825
296656,0.51158872
296678,0.02898425
296679,0.12612592
296695,0.02880291
296696,0.36411834
296714,0.08454026
296721,0.09870066
296739,0.01433338
296744,0.82034145
296747,0.13455372
296758,0.06023170
296760,0.03261563
296766,0.06463562
296769,0.03076891
296776,0.06389415
296780,0.08151927
296782,0.13176033
296790,0.19675153
296795,0.06848751
296801,0.01611438
296803,0.20829023
296806,0.08409473
296811,0.10305085
296813,0.00874966
296818,0.54684024
296822,0.08854140
296839,0.06896544
296848,0.02754793
296863,0.26162501
296871,0.05914757
296872,0.51774790
296877,0.09075769
296882,0.44773790
296885,0.12047690
296903,0.43562511
296906,0.12540186
296912,0.03123991
296916,0.06216240
296922,0.08060443
296926,0.39067145
296927,0.04762940
296935,0.16410471
296939,0.04771340
296942,0.10297286
296954,0.23094853
296968,0.06649201
296971,0.05207184
296984,0.11682382
297004,0.01232755
297011,0.31967395
297017,0.05048504
297019,0.27791956
297021,0.04383933
297025,0.02132368
297033,0.24825345
297038,0.34399799
297042,0.66568836
297065,0.04398767
297089,0.03360611
297093,0.43874469
297098,0.17966026
297100,0.01836950
297111,0.08011546
297115,0.34524261
297121,0.13543710
297123,0.24324858
297129,0.07379234
297132,0.01815731
297139,0.09472765
297147,0.31460693
297148,0.69935070
297161,0.21050344
297167,0.03967668
297171,0.06693994
297173,0.03928757
297179,0.02311947
297189,0.40546604
297200,0.01261620
297201,0.09259484
297220,0.10824097
297229,0.17984542
297234,0.03512161
297252,0.32659625
297266,0.17643194
297269,0.01422829
297276,0.28504908
297292,0.01877690
297300,0.32900925
297303,0.03317019
297305,0.16585873
297307,0.04612310
297313,0.06945886
297336,0.10931090
297340,0.40816331
297344,0.02894932
297349,0.02467778
297358,0.06090608
297363,0.13051216
297369,0.06451719
297372,0.02650296
297380,0.28808898
297384,0.07797365
297385,0.52148573
297389,0.03265256
297390,0.40549135
297415,0.07067015
297419,0.23725738
297421,0.51403717
297424,0.06479360
297431,0.04711109
297447,0.11154756
297456,0.07993267
297457,0.02842578
297463,0.10162401
297464,0.14662717
297474,0.02787849
297479,0.03766554
297480,0.16766091
297494,0.01579379
297495,0.01893371
297507,0.02575653
297514,0.13770711
297515,0.03934274
297516,0.16296484
297521,0.08678065
297534,0.05152832
297553,0.01331301
297575,0.05717247
297584,0.29998814
297586,0.02695548
297606,0.00998122
297630,0.07616516
297636,0.06897012
297646,0.01736082
297650,0.02778837
297651,0.17576882
297656,0.02656779
297675,0.13509026
297681,0.22372062
297699,0.02733898
297702,0.16558217
297712,0.13133136
297718,0.15160903
297730,0.24484020
297731,0.02839811
297745,0.01900028
297768,0.17930969
297771,0.08594668
297774,0.02388712
297781,0.02735715
297786,0.31619668
297798,0.17816061
297809,0.07702808
297822,0.03241218
297828,0.03239882
297840,0.04745396
297852,0.06061579
297859,0.01461809
297868,0.09390221
297883,0.14188436
297887,0.02820845
297896,0.11552906
297898,0.02606401
297917,0.27209693
297943,0.01043882
297954,0.09320749
297965,0.02388040
297992,0.00984501
297993,0.11948501
298001,0.05257828
298005,0.31772512
298010,0.01184723
298013,0.02342691
298014,0.42711539
298015,0.05924913
298025,0.56406048
298026,0.09432268
298032,0.10073828
298039,0.37541185
298049,0.07893897
298051,0.01322688
298058,0.15898774
298062,0.02918708
298070,0.17805674
298078,0.23050780
298084,0.32020405
298108,0.26819423
298113,0.32380419
298115,0.22148301
298126,0.04165717
298131,0.01509118
298134,0.07092498
298135,0.14205896
298139,0.01872038
298142,0.07376777
298152,0.03814203
298154,0.05207291
298155,0.02698272
298161,0.25553903
298165,0.12946433
298166,0.60020950
298171,0.03069135
298179,0.06508732
298182,0.04717663
298187,0.04540438
298192,0.05772410
298194,0.06991573
298213,0.28996083
298215,0.40880016
298216,0.05363710
298217,0.01507215
298223,0.32744878
298256,0.05941430
298275,0.01517977
298277,0.14103276
298279,0.03999083
298285,0.07814885
298286,0.47439110
298296,0.03674514
298309,0.28038448
298312,0.07838202
298323,0.03842975
298330,0.01537656
298340,0.04362793
298341,0.02795587
298349,0.08013999
298353,0.04350258
298363,0.07350498
298367,0.04437044
298378,0.06800981
298380,0.06936776
298392,0.52847952
298395,0.09046737
298405,0.12383968
298426,0.17028803
298427,0.04607104
298444,0.03231847
298450,0.03426504
298458,0.02137333
298462,0.01828481
298463,0.01254955
298479,0.05954983
298480,0.07368513
298487,0.18029579
298499,0.07698348
298500,0.04308153
298506,0.06837341
298507,0.02354111
298512,0.12155146
298515,0.31578724
298517,0.11723778
298532,0.64782865
298533,0.14208047
298560,0.08580897
298564,0.05669763
298567,0.89802158
298568,0.05608280
298569,0.15257477
298570,0.55511055
298579,0.06040483
298583,0.03245161
298591,0.09479841
298593,0.32157951
298600,0.02582799
298609,0.02395400
298620,0.14838730
298622,0.07668647
298628,0.01448802
298633,0.08464917
298657,0.14955499
298669,0.11796896
298671,0.31587304
298677,0.08955457
298692,0.07352963
298703,0.04666487
298705,0.02239452
298711,0.03068850
298713,0.09159201
298757,0.21732983
298766,0.01171232
298768,0.43102702
298770,0.07186205
298776,0.69661300
298785,0.05900167
298787,0.02967879
298792,0.24121490
298795,0.03774044
298799,0.04898169
298806,0.21928375
298810,0.07066067
298818,0.17818117
298822,0.19393120
298823,0.02452362
298834,0.01980089
298837,0.10067158
298841,0.03705803
298845,0.26254156
298852,0.15937150
298855,0.04917222
298858,0.12758005
298860,0.03699798
298861,0.02821762
298863,0.01131505
298866,0.23844873
298873,0.81401216
298880,0.18518038
298889,0.03563687
298896,0.30827523
298917,0.41126961
298929,0.04273733
298940,0.14446741
298946,0.22738933
298949,0.02411580
298966,0.11538310
298984,0.09974646
298994,0.06091705
299004,0.60362416
299012,0.02845293
299022,0.30824585
299024,0.04006998
299026,0.03605562
299035,0.05015009
299036,0.08622788
299039,0.07568765
299061,0.24688382
299064,0.06609986
299067,0.05030640
299074,0.34384787
299075,0.02833440
299078,0.06855051
299109,0.17272592
299117,0.21849555
299121,0.08005515
299127,0.42377451
299134,0.40449636
299136,0.02243417
299137,0.27313494
299139,0.54372855
299168,0.02012160
299176,0.02294969
299184,0.07445828
299188,0.13089395
299191,0.31307385
299208,0.32719357
299229,0.02533293
299238,0.09834029
299241,0.28205976
299257,0.12888079
299260,0.05318232
299264,0.10625108
299279,0.19835719
299308,0.01287947
299310,0.03445435
299311,0.07693985
299317,0.12054929
299325,0.08181907
299329,0.06998470
299334,0.21272521
299335,0.18755817
299339,0.15177977
299351,0.06660057
299352,0.01945968
299365,0.22603261
299393,0.07375432
299400,0.08922729
299404,0.12467631
299406,0.23346324
299410,0.32415529
299413,0.08605100
299434,0.46485512
299448,0.04383871
299463,0.09689435
299464,0.25701076
299470,0.09924106
299480,0.06182594
299488,0.01285479
299496,0.16826884
299501,0.34313600
299504,0.39437463
299532,0.09118894
299536,0.06188515
299550,0.17393166
299554,0.04573213
299564,0.08625796
299577,0.08830884
299581,0.08042993
299594,0.19713880
299632,0.02625949
299633,0.25395731
299650,0.85009721
299678,0.10022086
299682,0.15707113
299705,0.12238435
299719,0.06136778
299720,0.09256032
299724,0.12533314
299730,0.01423664
299750,0.09050132
299766,0.08697584
299774,0.14780999
299787,0.04869402
299817,0.02927143
299818,0.18099158
299826,0.03585007
299833,0.05564364
299845,0.18517269
299847,0.78826299
299850,0.18696652
299866,0.17360501
299869,0.06029104
299870,0.27816982
299874,0.01936048
299877,0.12413079
299891,0.49321351
299898,0.16075735
299900,0.28366067
299904,0.06253137
299912,0.06107203
299914,0.06173102
299919,0.03596994
299931,0.05391249
299934,0.16456249
299941,0.99928644
299946,0.01411664
299947,0.15914429
299972,0.25241138
299973,0.35563308
299975,0.11373380
299979,0.06902413
299981,0.04857566
299983,0.13864369
299985,0.24970945
299986,0.06547661
300011,0.32120585
300013,0.06284952
300028,0.02799974
300042,0.01999518
300043,0.34392474
300058,0.31350090
300073,0.04411737
300075,0.08905178
300087,0.01402356
300090,0.03930049
300107,0.13246361
300115,0.04585733
300119,0.02356608
300122,0.33868363
300125,0.09760143
300126,0.07389932
300137,0.90338010
300139,0.05365800
300145,0.11333412
300155,0.05740103
300169,0.01358441
300170,0.05825660
300175,0.03710250
300177,0.12376519
300186,0.04818070
300188,0.02167966
300194,0.06983901
300207,0.17943633
300210,0.13643061
300217,0.10907665
300221,0.04602690
300235,0.04401829
300238,0.01189522
300240,0.64999225
300241,0.05669498
300249,0.02768387
300255,0.08206107
300259,0.07828688
300272,0.04471395
300274,0.14571177
300276,0.31401558
300284,0.00900642
300293,0.04355942
300306,0.04902517
300310,0.26252679
300324,0.34581074
300339,0.01071893
300346,0.03311391
300348,0.09100591
300354,0.02910314
300356,0.02496390
300358,0.02252549
300363,0.07981503
300366,0.12282466
300368,0.07199425
300370,0.16938841
300385,0.05116883
300392,0.92344423
300393,0.03548162
300403,0.16857170
300411,0.40758911
300420,0.06134588
300421,0.10239936
300435,0.40873676
300437,0.09824898
300440,0.05768494
300443,0.04991930
300456,0.33201278
300458,0.11423579
300459,0.11408904
300460,0.02747258
300462,0.16198489
300481,0.02996836
300486,0.43353109
300488,0.03902124
300503,0.08593173
300506,0.18586938
300517,0.06699011
300523,0.04404031
300525,0.03483849
300526,0.46625372
300552,0.04871046
300560,0.09315762
300570,0.03536533
300583,0.19928125
300585,0.16022334
300587,0.05985031
300598,0.10648311
300600,0.02612363
300608,0.15823032
300612,0.02884871
300618,0.06426127
300621,0.14680823
300640,0.02968646
300641,0.13705473
300651,0.11477016
300653,0.03660308
300667,0.03043849
300678,0.05296430
300680,0.09585202
300687,0.05204940
300702,0.85735464
300717,0.07008048
300722,0.01694635
300723,0.06240146
300732,0.24613166
300752,0.19784640
300761,0.52701736
300775,0.19777482
300786,0.25100479
300787,0.02102744
300788,0.03519917
300789,0.13719416
300794,0.12869551
300808,0.09669217
300834,0.03017238
300842,0.11612858
300844,0.27926882
300850,0.08995639
300851,0.43986049
300854,0.04563764
300866,0.05618986
300867,0.06659895
300868,0.38026179
300882,0.17928930
300883,0.05162071
300891,0.21012148
300894,0.01948017
300901,0.41132292
300904,0.11948932
300910,0.39986726
300914,0.44168618
300918,0.21867166
300948,0.55015880
300954,0.05588141
300958,0.15894735
300959,0.03033873
300970,0.00962233
300971,0.17741818
300975,0.18070580
300981,0.12658939
300983,0.12843054
300993,1.03366822
300996,0.04061712
301001,0.02141980
301005,0.07453699
301010,0.25869081
301021,1.09241928
301026,0.07960369
301029,0.02499655
301032,0.06826395
301061,0.31262932
301073,0.03632376
301083,0.05075607
301089,0.06465095
301093,0.09864583
301098,0.13583407
301103,0.19935866
301105,0.22645695
301112,0.82203154
301120,0.02868428
301122,0.06708175
301124,0.18258972
301137,0.03545152
301169,0.05108776
301173,0.09594583
301177,0.39651322
301179,0.00838938
301180,0.10890330
301185,0.04484177
301195,0.69794841
301199,0.04041307
301201,0.05242076
301206,0.06827594
301209,0.11252015
301210,0.07132358
301216,0.39613175
301224,0.42361568
301226,0.11248578
301227,0.06308146
301243,0.03633745
301246,0.01046190
301248,0.05261571
301252,0.01367997
301259,0.21124311
301260,0.02374944
301267,0.01699036
301268,0.09628206
301274,0.04618128
301281,0.04816527
301287,0.07423744
301288,0.04077456
301299,0.03814575
301304,0.02495722
301325,0.19354771
301327,0.09038282
301331,0.47824835
301332,0.09412482
301336,0.05096090
301345,0.43474394
301348,0.01109612
301356,0.10173861
301358,0.06666918
301360,0.01750649
301364,0.07493615
301389,0.05595913
301415,0.01495152
301421,0.40591564
301422,0.03374477
301424,0.14230056
301426,0.05085892
301433,0.13972755
301459,0.79601580
301460,0.19706087
301478,0.02675377
301483,0.04191241
301493,0.01501393
301494,0.01770974
301503,0.08949637
301510,0.29642465
301516,0.02420634
301530,0.26733355
301531,0.04018334
301549,0.01844723
301550,0.05914448
301555,0.13781137
301573,0.09509262
301588,0.07875520
301593,0.27703030
301613,0.07386816
301625,0.26165133
301643,0.09080534
301650,0.03207351
301651,0.12703539
301652,0.04540000
301653,0.14649654
301665,0.08460204
301684,0.07207242
301686,0.50538369
301694,0.16110876
301697,0.02405847
301698,0.13258184
301717,0.05837135
301725,0.01626996
301728,0.09132363
301734,0.03353540
301749,0.38013197
301761,0.49111242
301766,0.06735497
301775,0.12376164
301782,0.30760492
301784,0.25101856
301787,0.04751424
301789,0.74538820
301790,0.13886252
301804,0.19335450
301806,0.04128945
301817,0.07854078
301826,0.04756044
301837,0.13150139
301842,0.11967100
301848,0.02776647
301859,0.10941202
301860,0.04434793
301867,0.05189831
301877,0.01815001
301883,0.04989151
301902,0.08263705
301908,0.09463425
301916,0.02681735
301920,0.06033007
301921,0.02456990
301931,0.01505932
301939,0.09066498
301941,0.13930952
301943,0.05263289
301949,0.01824692
301955,0.09322669
301963,0.07482925
301968,0.03343733
301975,0.28479284
301988,0.17446290
302000,0.27720387
302005,0.02100418
302007,0.11099519
302016,0.34496259
302028,0.03231827
302038,0.07948914
302043,0.03043954
302051,0.03345867
302056,0.01083657
302063,0.07000125
302072,0.02199221
302074,0.06546655
302080,0.03875438
302093,0.11958672
302096,0.14144908
302123,0.01330763
302125,0.00950990
302128,0.07527046
302145,0.22734429
302146,0.08973516
302160,0.14543571
302166,0.04372065
302174,0.11372389
302175,0.05894338
302186,0.18825717
302190,0.04585688
302202,0.08898230
302207,0.06064297
302211,0.06105356
302215,0.03274510
302216,0.05197966
302217,0.01582605
302225,0.34631767
302231,0.02716981
302233,0.01990203
302259,0.02587243
302263,0.08454359
302281,0.07295536
302285,0.03623587
302288,0.03586248
302292,0.75039370
302303,0.32701312
302306,0.10168061
302309,0.13437742
302332,0.04026602
302341,0.01156508
302350,0.25695961
302352,0.14999766
302356,0.25717994
302361,0.02987633
302364,0.18445874
302373,0.04731523
302378,0.09418303
302385,0.05939241
302389,0.09183434
302393,0.32465076
302403,0.03071797
302422,0.01843367
302425,0.09869255
302431,0.41806344
302443,0.07057862
302448,0.02515910
302449,0.13938567
302455,0.54787394
302460,0.03739121
302462,0.11897418
302466,0.10523151
302467,0.08917664
302470,0.11669412
302472,0.10307711
302480,0.20340241
302481,0.01895048
302491,0.11425792
302494,0.03874342
302503,0.34357070
302504,0.40189679
302507,0.09954446
302527,0.16398357
302571,0.06421799
302580,0.48362726
302583,0.06631696
302591,0.01600163
302601,0.08202859
302613,0.04823019
302621,0.05289221
302638,0.02002372
302639,0.28024066
302655,0.05539599
302670,0.08214240
302673,0.20397520
302675,0.05624899
302691,0.05058146
302701,0.12252706
302705,0.04114612
302727,0.03661112
302750,0.03246587
302751,0.08685911
302757,0.22592451
302758,0.42989822
302761,0.42984856
302767,0.11127996
302787,0.03287095
302797,0.04234199
302799,0.11920959
302800,0.13424171
302815,0.06309132
302826,0.74708810
302827,0.02827190
302842,0.01431982
302856,0.03754122
302877,0.03334631
302879,0.11927056
302881,0.07301592
302882,0.12373489
302885,0.21581151
302905,0.04886266
302911,0.01858511
302916,0.12657488
302919,0.62733173
302947,0.04923894
302957,0.15267396
302968,0.03587599
302978,0.13436825
302984,0.27955010
302991,0.01058605
303007,0.12128808
303010,0.05777153
303012,0.06176674
303013,0.46435433
303024,0.03125362
303027,0.06889086
303034,0.04150925
303036,0.23679845
303037,0.14107890
303050,0.05614392
303060,0.16287762
303062,0.13355444
303066,0.03025351
303068,0.17657575
303077,0.36765387
303080,0.01729519
303082,0.06538076
303083,0.03882177
303085,0.07229908
303087,0.10407471
303089,0.06422940
303103,0.00963704
303105,0.03627094
303106,0.09555332
303120,0.08677229
303121,0.02060378
303127,0.07082708
303130,0.03381949
303142,0.01427162
303162,0.09873298
303169,0.11185890
303189,0.03031602
303220,0.04386276
303222,0.41172533
303223,0.06651532
303227,0.05693196
303262,0.08809391
303264,0.02298549
303277,0.13246198
303288,0.02053172
303292,0.05272463
303294,0.40059644
303301,0.39612675
303312,0.07387923
303328,0.16517068
303330,0.06003401
303347,0.03307087
303354,0.03458884
303356,0.01055617
303362,0.03058431
303377,0.17169705
303386,0.22514883
303393,0.01613931
303397,0.02883476
303403,0.20219827
303413,0.01223627
303416,0.26856945
303428,0.09503776
303429,0.12767519
303432,0.12971159
303446,0.13679377
303455,0.16237345
303464,0.06607646
303465,0.04057257
303473,0.23250598
303476,0.24912229
303479,0.10217338
303482,0.03740793
303484,0.15626333
303492,0.39442558
303493,0.16857825
303497,0.09184476
303498,0.07032790
303499,0.05810466
303509,0.01578767
303513,0.03359701
303524,0.00846145
303525,0.21993940
303540,0.10356029
303544,0.02231297
303548,0.05146940
303551,0.07294832
303569,0.10867449
303584,0.08789740
303592,0.41937773
303602,0.38027542
303607,0.12987327
303619,0.06285483
303630,0.04418193
303643,1.09082160
303644,0.29584008
303670,0.42843280
303671,0.07285348
303678,0.03413023
303689,0.02532745
303698,0.08413974
303702,0.04403178
303704,0.03606095
303711,0.02965324
303727,0.05177737
303728,0.02008551
303741,0.31588913
303752,0.04735642
303755,0.04660626
303777,0.03129636
303790,0.18986655
303798,0.02709388
303804,0.43115165
303812,0.11332958
303814,0.09065937
303817,0.88263581
303818,0.32347549
303848,0.02986320
303850,0.02950070
303854,0.03986093
303857,0.04282068
303860,0.03170788
303870,0.28605252
303877,0.03288448
303884,0.17438034
303893,0.02267601
303899,0.04039089
303900,0.54172797
303902,0.26493054
303906,0.25719625
303920,0.35988363
303937,0.08254630
303939,0.02859710
303941,0.05705252
303962,0.13372538
303963,0.37979848
303971,0.06253833
303978,0.02573921
303980,0.20885678
303986,0.09739826
304018,0.12863575
304025,0.01605927
304027,0.10307474
304028,0.29420432
304029,0.08211270
304030,0.02922187
304035,0.11746006
304040,0.09980483
304058,0.17658743
304083,0.07186195
304089,0.74356042
304092,0.11843417
304093,0.14262827
304100,0.03814261
304121,0.09640028
304142,0.10568481
304154,0.13015375
304158,0.36025838
304164,0.09591908
304173,0.55555444
304175,0.05406984
304182,0.05003907
304194,0.04512835
304201,0.07844334
304202,0.07846058
304206,0.03615615
304210,0.08433007
304226,0.02055456
304237,0.03461244
304256,0.42912417
304257,0.02538190
304265,0.01558218
304271,0.40602620
304274,0.38642446
304286,0.15366281
304292,0.16429609
304299,0.10351058
304350,0.05762495
304352,0.03054525
304355,0.04455538
304360,0.05629921
304361,0.30830610
304363,0.13834934
304375,0.22587389
304378,0.03200790
304382,0.81617847
304385,0.52535512
304386,0.13006594
304387,0.11272485
304388,0.04134214
304391,0.13184318
304398,0.07429594
304406,0.04143172
304420,0.08161160
304431,0.12757253
304436,0.84234895
304438,0.02580689
304440,0.20832732
304441,0.04519945
304450,0.02779355
304451,0.56900713
304454,0.02858744
304462,0.39021342
304466,0.58068949
304469,0.29145870
304472,0.03394575
304475,0.32860777
304481,0.03114939
304483,0.06243975
304485,0.14453668
304486,0.01603823
304504,0.05364131
304505,0.12069115
304512,0.05593503
304516,0.43643583
304517,0.03193151
304528,0.02042377
304530,0.09077929
304536,0.02193200
304549,0.01552867
304552,0.17333143
304554,0.09144070
304581,0.10248082
304593,0.04433135
304596,0.29332940
304604,0.07153705
304610,0.10340550
304614,0.04107797
304628,0.30083667
304629,0.05264996
304637,0.09547355
304644,0.02069465
304654,0.22131451
304664,0.71728492
304676,0.07759207
304680,0.10561126
304687,0.01288656
304696,0.45537292
304698,0.26020139
304700,0.07257959
304703,0.15810531
304704,0.05216853
304710,0.08036705
304717,0.04271831
304729,0.45119277
304732,0.05079812
304736,0.07135640
304738,0.10185993
304756,0.04058431
304771,0.01818826
304773,0.01610191
304776,0.04466750
304778,0.03279336
304779,0.24088408
304780,0.03249359
304790,0.08609590
304793,0.01285039
304805,0.48870321
304811,0.05494706
304825,0.27549456
304828,0.22596264
304829,0.12942543
304842,0.07920842
304851,0.09253445
304857,0.03290063
304884,0.19453738
304891,0.04808793
304897,0.12383511
304898,0.05891975
304905,0.05578879
304907,0.39327737
304917,0.03963078
304931,0.04470980
304935,0.01644999
304942,0.24709451
304954,0.16644696
304959,0.01003215
304968,0.17978631
304971,0.02996050
304977,0.14147116
304982,0.04819558
304985,0.08605251
304991,0.04148013
304992,0.20544071
304997,0.15573313
305004,0.08437895
305008,0.03363559
305019,0.05445093
305020,0.25554647
305025,0.05191826
305037,0.17422288
305046,0.30989329
305056,0.05343031
305062,0.02401502
305064,0.60308152
305065,0.03163521
305076,0.15722706
305108,0.08381668
305110,0.05268709
305115,0.22436427
305121,0.71399789
305125,0.02352053
305141,0.03561371
305151,0.06007838
305159,0.02982250
305162,0.06533848
305165,0.05161625
305174,0.17312362
305178,0.07035437
305180,0.21307982
305182,0.08381271
305183,0.05177440
305194,0.04316679
305199,0.24857922
305210,0.07806516
305214,0.55658819
305215,0.16034973
305218,0.08494866
305225,0.06037342
305229,0.08519111
305231,0.00623460
305233,0.08198420
305237,0.01925401
305260,0.05571176
305261,0.08014274
305278,0.07632891
305286,0.30857950
305293,0.02694408
305300,0.01658874
305301,0.39957697
305326,0.48104587
305334,0.04420002
305340,0.52925810
305348,0.05962762
305352,0.05624614
305359,0.05490254
305360,0.01197163
305362,0.08159218
305383,0.01070944
305406,0.06645337
305408,0.26908013
305412,0.56078471
305413,0.09130626
305414,0.38170632
305417,0.02429811
305421,0.06679809
305422,0.06596023
305447,0.04961945
305448,0.08187946
305450,0.03931520
305452,0.08672410
305459,0.03827185
305460,0.25940868
305474,0.03601637
305475,0.03484942
305481,0.28492648
305494,0.06251300
305503,0.19502338
305507,0.02610785
305508,0.33811545
305513,0.21281363
305518,0.09644242
305523,0.10394953
305526,0.15908883
305529,0.03372233
305532,0.19187113
305543,0.15519268
305555,0.03005040
305562,0.03893660
305571,0.01867074
305578,0.21507290
305579,0.01270029
305584,0.04782560
305603,0.07165200
305620,0.53925887
305626,0.07474340
305636,0.15898995
305640,0.03576010
305653,0.05582275
305662,0.30206520
305663,0.08626121
305667,0.04316959
305683,0.07183932
305698,0.04884881
305699,0.19657670
305707,0.04922206
305717,0.48507465
305723,0.02808691
305735,0.05126227
305738,0.63198487
305746,0.05800822
305766,0.11661762
305773,0.01275186
305776,0.02984868
305777,0.03209062
305809,0.06094231
305813,0.02674057
305816,0.07887587
305820,0.11697095
305826,0.17326948
305838,0.11892126
305839,0.03765019
305846,0.24720903
305861,0.06540328
305863,0.30599306
305869,0.05874938
305872,0.08498173
305876,0.03615444
305881,0.16840986
305887,0.09932979
305894,0.04891022
305898,0.02476853
305905,0.10847836
305908,0.04346223
305914,0.19183144
305915,0.03206374
305922,0.01856909
305938,0.54539279
305946,0.03915391
305956,0.04706195
305963,0.08634681
305965,0.03103757
305988,0.16247288
305990,0.04701822
305991,0.08579377
305994,0.09853768
305998,0.10620820
306003,0.02653839
306012,0.02224926
306016,0.06041684
306021,0.08919929
306025,0.12329621
306030,0.47898511
306047,0.01831534
306051,0.08825144
306063,0.46814229
306066,0.19068194
306069,0.09307648
306074,0.08825425
306091,0.13263077
306094,0.09537122
306095,0.02926044
306114,0.06524672
306116,0.00475920
306121,0.06448793
306127,0.30647588
306128,0.15014220
306133,0.06381198
306142,0.15244417
306144,0.02616926
306150,0.05626132
306153,0.05182704
306156,0.19311763
306159,0.81889771
306161,0.01302568
306173,0.09246515
306175,0.11654134
306193,0.14181276
306194,0.06300141
306198,0.31274065
306203,0.11026181
306209,0.27032406
306212,0.05162587
306216,0.53152488
306233,0.05612159
306247,0.12367890
306264,0.04508053
306267,0.04105132
306293,0.06678879
306302,0.58743500
306305,0.04081732
306311,0.04564789
306345,0.05599711
306357,0.05119437
306368,0.01474314
306372,0.44940155
306378,0.27790157
306389,0.01147533
306398,0.17292904
306414,0.16378148
306419,0.12670701
306437,0.05498357
306438,0.10253050
306441,0.38036322
306443,0.36748688
306450,0.13888515
306464,0.10088289
306468,0.32787004
306469,0.01197737
306484,0.11260882
306527,0.10933494
306538,0.05604978
306547,0.40627516
306554,0.17670998
306557,0.38228958
306560,0.03286631
306561,0.02626621
306565,0.01251374
306569,0.03227112
306576,0.03663356
306587,0.03404277
306604,0.10427746
306624,0.07450033
306625,0.31712621
306628,0.17930191
306647,0.05903982
306651,0.13259981
306658,0.10869886
306660,0.34335684
306664,0.04108205
306670,0.73871072
306699,0.08537093
306701,0.07270625
306712,0.02524146
306716,0.09175470
306727,0.06100963
306729,0.10906738
306735,0.01794605
306739,0.04938171
306756,0.09867544
306757,0.09730041
306767,0.12550747
306775,0.03811634
306795,0.02046081
306799,0.12124676
306800,0.07481270
306805,0.07799006
306812,0.04023637
306820,0.10089107
306840,0.22424199
306845,0.19480449
306848,0.04058417
306856,0.15233015
306862,0.08429418
306863,0.08330106
306868,0.75611558
306873,0.76818927
306876,0.38107183
306893,0.06745277
306896,0.17337871
306899,0.04223173
306907,0.18683253
306908,0.06880426
306917,0.22960419
306927,0.12401966
306930,0.01773432
306935,0.07410970
306942,0.05623514
306951,0.03602012
306961,0.05934426
306970,0.97976946
306972,0.58572234
306973,0.04609174
306976,0.02056560
306978,0.06434496
306990,0.14685123
306992,0.33616768
306995,0.01180552
307001,0.37288733
307004,0.30704085
307005,0.27074997
307006,0.03863663
307010,0.04591679
307011,0.11125726
307014,0.00938142
307016,0.05289218
307022,0.01677314
307027,0.25693346
307052,0.04602266
307061,0.08829324
307072,0.47228562
307078,0.01766389
307111,0.00975641
307112,0.05657287
307134,0.41756239
307143,0.04063398
307147,0.08653197
307148,0.21855851
307162,0.07882961
307166,0.02139177
307168,0.14500365
307174,0.02777011
307177,0.01108113
307197,0.06713229
307198,0.27050958
307199,0.17882451
307205,0.08318120
307207,0.06345586
307210,0.02001732
307212,0.04931835
307223,0.03920134
307224,0.00845611
307236,0.26333126
307241,0.10256235
307242,0.09024758
307259,0.13054932
307271,0.24547705
307274,0.04739783
307281,0.08248934
307288,0.10299164
307294,0.01893824
307302,0.26804429
307308,0.08325480
307313,0.05071566
307344,0.19900775
307350,0.09356992
307366,0.08016493
307372,0.03697042
307373,0.25217522
307374,0.02825324
307378,0.04239947
307384,0.06479662
307398,0.06175788
307406,0.15575423
307416,0.03870943
307420,0.07117915
307424,0.03738286
307427,0.13259350
307429,0.07298736
307436,0.02416955
307456,0.03363553
307491,0.07393496
307494,0.04094304
307496,0.02534514
307500,0.07522693
307504,0.23788278
307509,0.63966408
307511,0.60870437
307520,0.05777793
307527,0.02640971
307537,0.17392727
307539,0.05725860
307558,0.04238228
307561,0.05100031
307575,0.13727906
307577,0.03123528
307588,0.15306840
307636,0.07933851
307639,0.41935060
307641,0.01813520
307646,0.07069549
307653,0.13974318
307661,0.78850799
307669,0.11247729
307674,0.01421077
307678,0.07549513
307691,0.03149752
307697,0.01913952
307699,0.00638813
307702,0.01708936
307708,0.17577358
307712,0.28607871
307716,0.02235411
307729,0.06446147
307753,0.07409691
307765,0.84249856
307781,0.22187407
307787,0.08554952
307788,0.06286250
307798,0.07686851
307799,0.06291403
307800,0.12427891
307801,0.35378768
307804,0.04988602
307816,0.10822500
307820,0.01232424
307824,0.08244085
307828,0.02509909
307832,0.19842966
307836,0.08086743
307842,0.09084453
307851,0.70879500
307856,0.01441315
307861,0.11642758
307879,0.05233243
307904,0.15544036
307911,0.05554652
307912,0.01379515
307913,0.35922463
307922,0.02810222
307924,0.03517477
307925,0.04523972
307929,0.03729874
307933,0.58240958
307945,0.07006983
307948,0.04337570
307961,0.31903529
307962,0.04292040
307963,0.08181429
307971,0.12737403
307983,0.10825503
307984,0.12682049
307988,0.10772393
307993,0.26415499
307994,0.08808165
308007,0.20176433
308008,0.12891221
308018,0.17220084
308023,0.01123831
308026,0.01864850
308028,0.05338217
308030,0.05822245
308034,0.17423111
308053,0.03277527
308065,0.10099215
308095,0.01668284
308096,0.19384720
308100,0.02488874
308114,0.02042589
308116,0.28743542
308120,0.10444544
308128,0.09608096
308132,0.02187026
308134,0.09693305
308140,0.20320465
308142,0.31568052
308164,0.03276191
308168,0.27281041
308169,0.36528409
308171,0.28465757
308176,0.04977815
308177,0.05420015
308179,0.02516446
308180,0.72166349
308184,0.04847671
308188,0.21930910
308189,0.01698490
308190,0.09286002
308200,0.26332515
308210,0.02832720
308211,0.15362223
308218,0.09997202
308220,0.09820833
308228,0.04398482
308231,0.06585830
308236,0.03145649
308247,0.03193521
308251,0.15937636
308260,0.05783565
308266,0.08284765
308267,0.06325811
308280,0.27388045
308298,0.03099314
308301,0.01143135
308309,0.13129826
308312,0.21452498
308325,0.05774009
308334,0.49927941
308339,0.11198396
308346,0.13716189
308359,0.05327037
308360,0.07677612
308380,0.11840792
308391,0.18155501
308403,0.00655042
308408,0.09873534
308410,0.99618313
308415,0.79244434
308420,0.16434739
308427,0.03834821
308442,0.01366213
308447,0.58632061
308462,0.06019865
308464,0.05228271
308465,0.07776090
308467,0.23779922
308468,0.09774359
308476,0.05213351
308488,0.62615882
308498,0.06629533
308504,0.05196956
308507,0.01506158
308509,0.02145917
308521,0.08696301
308536,0.14745304
308537,0.03694296
308543,0.02446294
308547,0.05142425
308559,0.10607569
308565,0.17237683
308569,0.16959867
308584,0.02776592
308591,0.16887976
308608,0.05278057
308610,0.06939038
308613,0.02862537
308618,0.05600145
308623,0.02573731
308632,0.03247504
308636,0.33129506
308641,0.05709486
308643,0.03595049
308664,0.41987603
308678,0.01509260
308679,0.05228789
308691,0.01575760
308692,0.06109746
308701,0.03703285
308709,0.22975182
308711,0.09678236
308719,0.08717855
308723,0.04241624
308727,0.26696115
308732,0.06380712
308738,0.01552721
308747,0.01929226
308749,0.04608201
308755,0.05313319
308756,0.18741734
308761,0.03272787
308779,0.11390996
308780,0.11996256
308784,0.08410205
308789,0.20229306
308807,0.09860835
308818,1.10287957
308819,0.06171537
308822,0.46664146
308827,0.12687464
308831,0.06480554
308833,0.05017283
308842,0.11764652
308868,0.02604637
308871,0.02970066
308881,0.03919409
308889,0.03656436
308892,0.07158562
308900,0.08379316
308903,0.03474093
308912,0.14747105
308916,0.06884329
308919,0.17160284
308920,0.12092519
308921,0.02057277
308928,0.07083009
308929,0.43658829
308934,0.09521787
308940,0.16909710
308941,0.02440076
308946,0.05730872
308956,0.12987599
308958,0.02359769
308963,0.02072393
308965,0.21346547
308971,0.04397261
308977,0.02039183
308985,0.02402151
308987,0.10592883
308995,0.18379502
309005,0.07126915
309007,0.78761096
309015,0.00770267
309016,0.23739672
309018,0.14388617
309019,0.21716265
309035,0.06242778
309042,0.12772785
309044,0.01637223
309052,0.20283080
309061,0.09433783
309064,0.10875063
309072,0.08369726
309075,0.08581047
309083,0.07412345
309099,0.30899792
309124,0.02168311
309125,0.08038425
309146,0.01918458
309159,0.01783222
309161,0.04930584
309168,0.37044302
309180,0.03996252
309185,0.35579267
309195,0.14236617
309198,0.03038409
309200,0.12811500
309202,0.07179476
309204,0.07423842
309213,0.20943920
309227,0.32282987
309234,0.01876716
309241,0.08575296
309242,0.06737008
309244,0.04090624
309246,0.11387918
309250,0.07990519
309251,0.20513008
309274,0.30658390
309276,0.21189639
309280,0.34218532
309298,0.47525026
309301,0.08051126
309302,0.07316564
309326,0.02171556
309335,0.10749168
309341,0.16998106
309343,0.08983227
309344,0.06551737
309354,0.07416599
309362,0.03863186
309399,0.05593693
309406,0.18818889
309409,0.07726078
309411,0.26234650
309418,0.77299560
309421,0.11241344
309435,0.03445911
309443,0.38675863
309455,0.21347416
309462,0.11809068
309473,0.09447548
309476,0.73690271
309478,0.04051236
309493,0.02591995
309502,0.08880997
309508,0.20469184
309526,0.37605082
309536,0.01279966
309544,0.01343626
309547,0.09812905
309555,0.01272721
309562,0.04215130
309569,0.14545735
309574,0.14323200
309577,0.06293660
309578,0.12283323
309579,0.38491885
309585,0.06689389
309588,0.14749084
309603,0.16034478
309604,0.02637689
309617,0.08436950
309620,0.01627141
309623,0.03409384
309648,0.38363819
309665,0.07983720
309682,0.04122686
309694,0.06711091
309702,0.05671490
309711,0.03961696
309713,0.23147638
309729,0.01980338
309735,0.07226080
309744,0.07584727
309749,0.10735841
309750,0.02578491
309759,0.10265247
309761,0.04898477
309770,0.14879493
309776,0.09135916
309777,0.03642908
309789,0.04995837
309790,0.01597262
309800,0.13908530
309813,0.06776991
309814,0.09070187
309815,0.43234636
309825,0.20923795
309826,0.04389796
309829,0.02326675
309831,0.01129103
309837,0.02789232
309846,0.09991276
309849,0.23009000
309855,0.01511996
309860,0.37082874
309879,0.03186146
309882,0.54873900
309887,0.09621893
309892,0.08042360
309895,0.21525729
309902,0.03778976
309915,0.05739869
309923,0.01514373
309941,0.58998211
309942,0.20558742
309945,0.04471896
309950,0.23839528
309955,0.03846874
309963,0.02234098
309964,0.02348729
309967,0.98174534
309969,0.08229623
309971,0.03585512
309978,0.25897041
309987,0.10849489
309990,0.33829388
309992,0.03914453
309993,0.07584049
310010,0.08017570
310012,0.02767850
310017,0.03304692
310018,0.05145795
310022,0.07966892
310031,0.04826219
310033,0.03850825
310034,0.14192244
310038,0.25221299
310044,0.37241708
310062,0.06705640
310071,0.01984096
310075,0.04362023
310082,0.14826159
310093,0.19127375
310101,0.02069180
310106,0.01150190
310118,0.37802662
310123,0.06766898
310126,0.02162062
310130,0.08290672
310141,0.07364222
310145,0.40591409
310148,0.23278102
310150,0.04751426
310159,0.08711382
310162,0.04607512
310163,0.14731351
310166,0.01564343
310167,0.03367963
310170,0.11406946
310181,0.11698537
310187,0.05720898
310191,0.01412516
310192,0.05551944
310197,0.23957431
310200,0.01244077
310201,0.47212993
310203,0.02206840
310204,0.01381977
310213,0.07720840
310215,0.07343060
310218,0.54467510
310236,0.18736715
310238,0.02036909
310241,0.05965925
310245,0.62060593
310252,0.09094813
310259,0.06566799
310260,0.29042246
310261,0.01973211
310262,0.04750813
310274,0.08834745
310294,0.55689235
310296,0.27633097
310298,0.05779353
310306,0.14924147
310307,0.14523467
310316,0.02998945
310329,0.09958618
310338,0.09318729
310342,0.09078760
310343,0.20159398
310360,0.11479812
310362,1.07064521
310378,0.05344525
310379,0.08683934
310383,0.17671392
310385,0.11165584
310387,0.65670768
310388,0.03102349
310400,0.02623158
310408,0.33389084
310414,0.32528270
310423,0.00733697
310424,0.13522533
310428,0.25189369
310432,0.06989417
310456,0.02208888
310463,0.60255358
310475,0.14364751
310476,0.10657195
310482,0.07165787
310485,0.02828503
310490,0.04037453
310496,0.01732667
310505,0.12546330
310519,0.03617643
310546,0.12512767
310547,0.06391271
310553,0.18518541
310555,0.01633098
310556,1.22478230
310568,0.01596416
310573,0.06221332
310574,0.03129256
310577,0.07087201
310580,0.06993848
310581,0.02072865
310583,0.22565188
310586,0.10361222
310591,0.04186800
310598,0.06182084
310606,0.11298407
310628,0.03371642
310634,0.10407212
310638,0.08332773
310646,0.01565399
310648,0.19347236
310654,0.01269148
310659,0.24494598
310663,0.13359274
310669,0.03105910
310670,0.09426084
310674,0.02284562
310691,0.06882383
310693,0.23275988
310702,0.03540377
310706,0.07919898
310709,0.02787826
310711,0.16390449
310720,0.25484913
310739,0.14957834
310742,0.38091531
310743,0.08854092
310752,0.15808191
310753,0.24881995
310757,0.96027887
310763,0.04680196
310764,0.04667084
310769,0.02457381
310771,0.09732065
310775,0.02001110
310779,0.32465657
310781,0.08203710
310784,0.04859348
310793,0.12840986
310794,0.01547636
310816,0.27720645
310823,0.15746599
310837,0.05260015
310856,0.08879610
310865,0.06717483
310866,0.04439059
310872,0.12501405
310877,0.46374032
310879,0.17732722
310883,0.02877895
310884,0.25411422
310908,0.03156607
310928,0.01883873
310935,0.03235730
310954,0.04143151
310964,0.32390524
310971,0.10032883
310972,0.28098544
310983,0.38504530
310988,0.01392940
310994,0.04599069
311003,0.01727053
311020,0.04087230
311024,0.39042910
311037,0.04114169
311064,0.10511333
311070,0.08576261
311086,0.47495074
311087,0.25081630
311108,0.01851432
311110,0.03777145
311115,0.01942717
311116,0.34926163
311117,0.15973692
311128,0.11705715
311136,0.14962502
311146,0.02473629
311155,0.05154890
311157,0.21698736
311159,0.21831773
311170,0.53356135
311184,0.07041089
311199,0.02647185
311208,0.13166756
311209,0.03297938
311220,0.18956015
311230,0.07696121
311233,0.02217243
311241,0.32237447
311261,0.00994577
311262,0.07969023
311268,0.01336273
311277,0.12607388
311296,0.23309767
311298,0.05632478
311310,0.21392149
311313,0.24778488
311316,0.09869097
311324,0.02996955
311327,0.08935044
311331,0.06729345
311335,0.03180015
311343,0.08635921
311346,0.07774516
311357,0.19198858
311358,0.01973395
311365,0.01332042
311370,0.05818845
311376,0.04202485
311380,0.09776918
311393,0.02862558
311399,0.05741328
311404,0.07385329
311409,0.03408850
311425,0.09990120
311436,0.04474354
311455,0.03419038
311459,0.27299361
311475,0.32713843
311499,0.07055527
311509,0.04411410
311518,0.01639203
311535,0.05320654
311536,0.04033954
311540,0.07546056
311542,0.26998850
311552,0.24968522
311562,0.93549357
311580,0.01111556
311583,0.12762763
311588,0.12844707
311595,0.04021935
311601,0.27248937
311605,0.15197057
311609,0.66274140
311612,0.11097922
311621,0.11609548
311623,0.01558681
311625,0.13943360
311636,0.02320776
311637,0.07979424
311646,0.21357325
311648,0.02986639
311654,0.16646405
311663,0.14868526
311676,0.32129212
311679,0.02039259
311683,0.08097380
311685,0.07850066
311691,0.05752381
311695,0.08344653
311700,0.04684376
311710,0.10386447
311714,0.02431957
311716,0.21158278
311725,0.07941772
311727,0.29850546
311728,0.03406581
311737,0.26373360
311738,0.05318757
311743,0.05621182
311746,0.02201341
311747,0.19818310
311761,0.19068824
311765,0.04258538
311773,0.02467729
311776,0.04238520
311786,0.16122178
311801,0.08273340
311820,0.04907660
311822,0.33940554
311829,0.08231844
311835,0.11962568
311846,0.06443939
311851,0.42017475
311854,0.05780266
311872,0.03014746
311875,0.03060239
311888,0.09615600
311916,0.24246362
311928,0.04527297
311931,0.06665405
311933,0.73997190
311934,0.01720776
311948,0.06994282
311949,0.37465772
311950,0.02358590
311952,0.18588820
311954,0.33886928
311962,0.30240275
311965,0.03374295
311968,0.39445593
311976,0.36499123
311977,0.04081912
311983,0.08799144
311989,0.00968369
311996,0.36533610
311999,0.08028333
312007,0.73866721
312022,0.23579124
312023,0.11199550
312034,0.02667243
312042,0.02607115
312049,0.03778521
312077,0.10136204
312088,0.10982727
312091,0.23525321
312114,0.03727978
312115,0.07349290
312117,0.38034757
312119,0.18572269
312126,0.61365721
312127,0.02081553
312134,0.28090466
312164,0.04805636
312176,0.05054221
312178,0.03234733
312184,0.04090741
312185,0.21344121
312186,0.04149325
312191,0.13712753
312197,0.03928181
312213,0.66118621
312223,0.22914513
312224,0.51338343
312225,0.05113299
312226,0.13541318
312231,0.02449543
312239,0.06687230
312251,0.12811786
312271,0.01999502
312278,0.05135428
312281,0.00684214
312289,0.02450440
312291,0.07793764
312301,0.02570070
312302,0.03682932
312316,0.16553655
312324,0.05300088
312338,0.00474907
312361,0.01802547
312363,0.33064390
312368,0.02899008
312382,0.01945552
312384,0.12856170
312390,0.03973597
312395,0.08257500
312396,0.15652210
312400,0.15063246
312406,0.09938390
312412,0.01119323
312414,0.12078769
312417,0.07713261
312425,0.15311355
312428,0.02532922
312431,0.15203457
312437,0.32493990
312442,0.02375282
312451,0.17074010
312460,0.32339230
312464,0.10656993
312466,0.01390214
312470,0.03927630
312473,0.22078806
312490,0.06546629
312493,0.37826673
312503,0.04523211
312509,0.68954966
312520,0.10286502
312528,0.01392544
312543,0.08490178
312544,0.03623345
312553,0.02608071
312558,0.02255713
312565,0.26355018
312568,0.09480743
312579,0.02956289
312581,0.05421645
312582,0.07052713
312596,0.21997802
312597,0.02838246
312598,0.04584443
312617,0.49744181
312627,0.11791751
312635,0.02838765
312637,0.20225872
312639,0.05183115
312640,0.45516300
312642,0.56925413
312651,0.05363573
312663,0.03006316
312668,0.10513777
312685,0.01117705
312691,0.05300670
312693,0.07523614
312710,0.07433788
312711,0.02536562
312712,0.02966349
312720,0.07238375
312746,0.33567495
312763,0.01540972
312770,0.20918986
312791,0.66696050
312795,0.07435843
312796,0.04763788
312797,0.43991696
312804,0.06944767
312812,0.06315487
312813,0.06221503
312825,0.03178528
312827,0.14316922
312841,0.03700753
312842,0.54818441
312845,0.05133854
312856,0.02788474
312866,0.03620904
312870,0.62436821
312879,0.16361947
312895,0.01108683
312901,0.07143195
312909,0.01515437
312910,0.05647490
312916,0.04905735
312926,0.07006243
312942,0.15176889
312946,0.25625301
312950,0.04411795
312952,0.05178432
312963,0.03218348
312968,0.25898534
312976,0.04093697
312980,0.18077421
312984,0.12903914
312987,0.14170289
312994,0.05125615
312996,0.11368923
312997,0.12605142
313019,0.05715944
313020,0.02180177
313028,0.04836314
313041,0.54523188
313045,0.03562160
313048,0.17114770
313052,0.12305788
313062,0.11178797
313063,0.15192022
313066,0.03125724
313071,0.08427934
313085,0.01921171
313099,0.78212869
313109,0.20482082
313131,0.02562957
313139,0.15459389
313141,0.10375563
313142,0.28139677
313145,0.33311256
313153,0.22364085
313157,0.01538584
313161,0.14808180
313165,0.08008849
313179,0.18847510
313208,0.45782861
313228,0.43208235
313236,0.05371029
313243,0.04914221
313245,0.05147836
313249,0.04417404
313275,0.04110754
313276,0.16718521
313280,0.05639042
313284,0.26222393
313285,0.14476345
313292,0.03664995
313297,0.23490910
313304,0.01679991
313322,0.02601965
313323,0.08036270
313325,0.01424447
313326,0.36783362
313334,0.05858575
313336,0.05547472
313337,0.40930896
313339,0.04475595
313340,0.06278113
313341,0.41762065
313343,0.35786733
313346,0.34202817
313348,0.69310239
313359,0.09963254
313365,0.04015794
313375,0.36075796
313381,0.08383331
313382,0.04040746
313389,0.06841850
313390,0.01553088
313391,0.27483133
313410,0.27544173
313416,0.06122130
313417,0.08160919
313426,0.34002609
313429,0.05549963
313469,0.01051822
313479,0.02151400
313485,0.39737237
313494,0.00677619
313496,0.07635591
313501,0.07857247
313506,0.08340710
313521,0.08034832
313524,0.04035504
313538,0.16012908
313550,0.29493152
313557,0.49458488
313573,0.04114112
313583,0.06288279
313592,0.15723106
313602,0.04557897
313604,0.16396437
313606,0.27078724
313617,0.11702949
313622,0.01933828
313625,0.19441235
313638,0.03077478
313639,0.07893311
313645,0.13602396
313655,0.06315980
313656,1.24052414
313663,0.07597047
313669,0.10491208
313670,0.16443089
313676,0.12077646
313689,0.93490798
313699,0.05855870
313711,0.01919403
313720,0.19685616
313731,0.66816740
313736,0.44802455
313741,0.03252867
313744,0.04000261
313749,0.43068902
313750,0.05636846
313753,0.10852058
313763,0.04172801
313765,0.61278745
313776,0.04251339
313778,0.14447891
313781,0.07732705
313786,0.55541452
313787,0.02163166
313795,0.04992217
313809,0.03726959
313810,0.08675763
313811,0.37172363
313818,0.65148300
313825,0.13500965
313830,0.06932485
313831,0.05610881
313834,0.03022570
313837,0.80210657
313841,0.07350972
313859,0.01110121
313882,0.02497961
313887,0.49015091
313900,0.04193017
313902,0.14874813
313906,0.01170641
313930,0.03051472
313932,0.14012489
313943,0.04346615
313944,0.02232535
313957,0.02128827
313970,0.24507298
313980,0.03283500
313982,0.01706100
313999,0.27205191
314000,0.03231680
314003,0.19147084
314004,0.05644654
314005,0.53638826
314007,0.04020455
314010,0.25299409
314011,0.03075708
314016,0.24802279
314023,0.03694909
314024,0.13831696
314031,0.02233393
314038,0.19803829
314041,0.02676121
314061,0.06272716
314073,0.04054268
314091,0.29770121
314097,0.23161707
314099,0.10774840
314107,0.04810106
314124,0.09109762
314127,0.08087404
314131,0.01640353
314132,0.01465990
314137,0.12260017
314139,0.00909567
314143,0.04447372
314149,0.01620103
314153,0.03247677
314154,0.37106065
314160,0.05297042
314167,0.01717359
314171,0.01204931
314182,0.12566298
314190,0.02580555
314194,0.01806566
314198,0.09230921
314211,0.03287368
314220,0.28041479
314245,0.05107455
314247,0.02309285
314256,0.04201282
314259,0.25851238
314267,0.08571986
314271,0.05241038
314278,0.09874816
314282,0.01062900
314283,0.12099796
314294,0.28931414
314298,0.07623463
314299,0.45185132
314306,0.03473271
314307,0.14562824
314308,0.02961513
314309,0.02414112
314317,0.09735953
314323,0.15942880
314332,0.02866826
314334,0.03562737
314335,0.07556703
314337,0.15397052
314343,0.06886144
314344,0.03749032
314346,0.01381245
314351,0.09259395
314354,0.07543300
314355,0.09701358
314359,0.07641430
314364,0.10478083
314366,0.06809693
314367,0.47087184
314374,0.03016316
314376,0.04276088
314387,0.14632971
314405,0.09523516
314412,0.02308128
314418,0.19515981
314429,0.12276164
314438,0.69227738
314442,0.05169082
314477,0.03575234
314480,0.03981675
314486,0.14025401
314487,0.32051207
314488,0.26187951
314490,0.01156458
314523,0.06405237
314528,0.44916029
314535,0.04088959
314542,0.25671747
314560,0.09731186
314585,0.29923670
314594,0.25314027
314596,0.25354896
314601,0.03682620
314603,0.04848535
314612,0.33101093
314615,0.36449613
314619,0.02490153
314621,0.19302932
314627,0.22292123
314629,0.20565653
314635,0.78891082
314639,0.05395763
314646,0.07492306
314650,0.34637613
314661,0.07533885
314690,0.05321765
314699,0.04344004
314705,0.18799561
314709,0.02831013
314710,0.01855373
314711,0.03205573
314714,0.11650387
314719,0.04728353
314722,0.01974232
314723,0.10534073
314729,0.08643988
314732,0.18085442
314734,0.15843051
314746,0.01937233
314761,0.98831310
314769,0.42538780
314773,0.17700144
314774,0.07657655
314776,0.12984400
314780,0.04230202
314785,0.17347366
314789,0.46320823
314796,0.21353529
314810,0.03373463
314812,0.06698407
314817,0.01747612
314822,0.17941880
314840,0.25716289
314843,0.03738036
314853,0.05645584
314856,0.06847773
314862,0.07473951
314864,0.03519021
314878,0.09519590
314894,0.02148270
314906,1.05476314
314912,0.01872716
314914,0.04624660
314933,0.12796879
314941,0.01174052
314949,0.02010531
314950,0.22316052
314952,0.14821483
314961,0.18597442
314970,0.26458516
314972,0.24904183
314975,0.20508684
314985,0.04974164
314986,0.04109189
314991,0.21556484
314995,0.04805339
314997,0.04456739
315003,0.02726001
315035,0.05089673
315038,0.10413432
315040,0.05704365
315046,0.02002803
315053,0.02087688
315054,0.19292048
315060,0.15863054
315061,0.04860809
315067,0.44035933
315076,0.05732464
315079,0.06221758
315083,0.05314269
315084,0.08142849
315092,0.06681840
315095,0.44155057
315112,0.41978531
315122,0.05561932
315123,0.02599966
315125,0.14955405
315136,0.51664081
315143,0.16501980
315145,0.05985934
315153,0.03912881
315164,0.09845177
315169,0.01288756
315178,0.23915948
315179,0.16110711
315189,0.01426627
315192,0.11913531
315194,0.31450162
315198,0.01786235
315210,0.07618441
315211,0.02470731
315221,0.33313139
315222,0.04858407
315228,0.27292118
315231,0.18370947
315233,0.09115817
315235,0.15882757
315240,0.05509855
315244,0.08162560
315257,0.05557220
315261,0.09739536
315271,0.03970340
315278,0.04024087
315282,0.50465512
315287,0.03686264
315288,0.15888529
315291,0.13601358
315306,0.01330785
315309,0.02534529
315312,0.01927079
315330,0.09333128
315335,0.31095647
315337,0.07290756
315343,0.46626258
315344,0.63231905
315366,0.01478767
315389,0.19929113
315403,0.04073378
315414,0.45257785
315425,0.01409519
315430,0.02912911
315432,0.14459429
315436,0.05295134
315437,0.06607564
315445,0.05826015
315451,0.01869208
315460,0.01744459
315462,0.03574709
315476,0.10675908
315480,0.09790860
315489,0.04508141
315494,0.01785175
315499,0.00818903
315503,0.08852811
315507,0.42519415
315540,0.01316423
315541,0.11185186
315546,0.11446753
315553,0.27671948
315569,0.76941468
315571,0.07011608
315574,0.09953545
315580,0.09515344
315587,0.04243057
315609,0.08507219
315610,0.04899320
315617,0.11543160
315623,0.01092750
315629,0.02395294
315635,0.04436197
315637,0.04849611
315641,0.06878053
315644,0.10036087
315654,0.33757222
315662,0.03007962
315663,0.19739424
315673,0.10366655
315677,0.06444349
315679,0.07709450
315680,0.47314900
315681,0.04056998
315682,0.33142977
315684,0.07863385
315693,0.05199955
315701,0.03998678
315705,0.09689632
315706,0.05687084
315711,0.24578558
315714,0.34679186
315725,0.12052379
315738,0.06845199
315740,0.07032614
315749,0.46298505
315753,0.06867268
315757,0.11003777
315778,0.08966496
315781,0.19798289
315793,0.03091197
315813,0.16809659
315822,0.02671784
315827,0.24231049
315831,0.02137042
315843,0.30478055
315857,0.18499293
315864,0.12598542
315869,0.04477935
315870,0.07851771
315878,0.10893322
315891,0.14469436
315894,0.18341618
315895,0.44882101
315903,0.14006321
315917,0.09346485
315920,0.03542775
315937,0.07805707
315938,0.06812683
315947,0.14566645
315970,0.87394327
315971,0.04007134
315974,0.01492103
315984,0.12365222
315985,0.13700614
315988,0.01260402
315993,0.32564743
315995,0.55000609
315997,0.01834978
316000,0.04245702
316009,0.02467258
316011,0.16945889
316014,0.03479866
316021,0.04840107
316022,0.05399485
316023,0.06617173
316060,0.12087964
316063,0.07237673
316065,0.16777843
316066,0.03835383
316077,0.28874005
316083,0.01512933
316093,0.06220173
316100,0.04218548
316110,0.01982967
316118,0.02251618
316135,0.04917822
316139,0.22021349
316154,0.51837380
316156,0.01029278
316171,0.04238835
316173,0.05194146
316186,0.03499337
316188,0.03549686
316190,0.22327798
316195,0.19317172
316205,0.06821335
316214,0.05513828
316216,0.13818531
316220,0.37031127
316222,0.05118569
316224,0.11024805
316226,0.02162212
316230,0.02126327
316248,0.12614848
316258,0.39657788
316269,0.07633742
316270,0.02371345
316279,0.06960665
316286,0.09514109
316295,0.04873238
316297,0.10769585
316305,0.08913043
316312,0.03582172
316313,0.00771194
316314,0.31973101
316320,0.05067898
316321,0.04244540
316328,0.09059881
316329,0.03353486
316334,0.02014432
316364,0.02167309
316372,0.05851984
316382,0.01291044
316407,0.01505802
316411,0.28351670
316433,0.10759949
316435,0.15363597
316441,0.06608693
316456,0.00850862
316457,0.13948630
316462,0.10224104
316465,0.04561676
316466,0.03399487
316468,0.04855940
316469,0.04123105
316479,0.17158515
316481,0.04279088
316484,0.03215878
316502,0.21541986
316517,0.05995520
316525,0.08485145
316531,0.01868106
316546,0.04785044
316549,0.11933520
316557,0.01361823
316561,0.17772701
316564,0.12196399
316565,0.27248376
316594,0.41998043
316595,0.22316167
316600,0.16545147
316625,0.02155152
316645,0.06340842
316647,0.25085480
316659,0.15817789
316683,0.11997295
316694,0.06543209
316697,0.01208911
316701,0.08093094
316702,0.01485048
316703,0.03146689
316718,0.42836147
316723,0.18002558
316748,0.22922825
316756,0.03814506
316758,0.09981770
316763,0.11149829
316764,0.13268945
316768,0.04127009
316769,0.08036762
316772,0.06564786
316777,0.18052039
316781,0.05310582
316785,0.17569891
316786,0.02796287
316815,0.77816885
316816,0.12490648
316828,0.06705122
316831,0.04410752
316837,0.01931505
316843,0.05265866
316849,0.31209952
316854,0.02302936
316862,0.02217940
316867,0.01710588
316902,0.06212193
316903,0.01932576
316906,0.05287509
316914,0.04837732
316915,0.03009406
316923,0.01711895
316928,0.14657445
316930,0.06254728
316932,0.73809489
316940,0.03378498
316947,0.01366798
316948,0.03158421
316977,0.18857131
316983,0.14830475
316987,0.10837086
317003,0.08090861
317005,0.01871368
317035,0.05700998
317036,0.02204811
317043,0.15005450
317048,0.03311628
317056,0.03176428
317065,0.06084380
317079,0.02516297
317080,0.04069549
317083,0.12594432
317087,0.04867118
317103,0.01861607
317117,0.29758800
317119,0.08721049
317125,0.13573489
317126,0.17771458
317134,0.11235195
317138,0.05416075
317142,0.02216168
317150,0.01703939
317184,0.14678331
317190,0.12110781
317196,0.05529047
317197,0.10270931
317206,0.04904789
317210,0.05769091
317221,0.11583579
317226,0.14031183
317227,0.64546609
317236,0.04185888
317237,0.13772349
317241,0.01428128
317249,0.04898998
317256,0.04440191
317282,0.08904440
317294,0.04003911
317298,0.05891110
317300,0.02709914
317307,0.21669946
317311,0.04157007
317318,0.06856753
317322,0.08123786
317323,0.61623594
317332,0.03481438
317338,0.02126627
317346,0.02395092
317347,0.05315863
317349,0.15789400
317354,0.40412831
317369,0.62293549
317386,0.04611279
317389,0.01764666
317410,0.37904340
317411,0.15298924
317422,0.04310844
317434,0.02069901
317446,0.04137755
317449,0.10356763
317455,0.15047102
317469,0.02258902
317475,0.03505384
317476,0.06264705
317487,0.16547875
317488,0.05761361
317499,0.12292583
317500,0.05817252
317506,0.08982561
317515,0.09012312
317518,0.05284347
317520,0.91018212
317546,0.19033817
317549,0.09783200
317554,0.07231526
317565,0.04439301
317579,0.06758153
317591,0.11734386
317592,0.39048793
317593,0.28054752
317594,0.03371042
317601,0.25023421
317603,0.17565369
317606,0.12608420
317608,0.02857627
317611,0.06290836
317618,0.07735541
317628,0.05770295
317629,0.18788586
317642,0.10312564
317644,0.02858484
317648,0.37731290
317650,0.02661429
317665,0.09918855
317675,0.09525632
317695,0.17225970
317696,0.10296866
317704,0.13714087
317713,0.02239855
317730,0.02161257
317735,0.52382521
317736,0.07713199
317738,0.37006609
317747,0.25973032
317764,0.09794396
317765,0.17155513
317772,0.43634384
317774,0.04150162
317786,0.03449830
317788,0.03053503
317806,0.05469032
317809,0.56068346
317811,0.03861831
317814,0.16190702
317815,0.20914797
317830,0.19137921
317835,0.06369713
317843,0.08877705
317856,0.13497308
317863,0.41649458
317876,0.29961648
317889,0.07646638
317902,0.33501053
317910,0.04872984
317914,0.06791885
317933,0.03217623
317936,0.28479554
317940,0.02866842
317944,0.04043716
317952,0.06993795
317955,0.19462983
317958,0.02118136
317965,0.06659989
317966,0.24086146
317978,0.07960763
318000,0.03760365
318007,0.10517959
318008,0.18095971
318012,0.02983349
318016,0.02986259
318019,0.06705884
318020,0.02894809
318021,0.05094349
318025,0.04885611
318036,0.03359823
318044,0.02378679
318055,0.01125783
318056,0.26419360
318057,0.08989471
318065,0.10476176
318075,0.02956195
318081,1.13651105
318094,0.04388122
318096,0.02581839
318104,0.10955629
318105,0.01708020
318109,0.12727637
318113,0.03155505
318121,0.08521302
318122,0.11135506
318126,0.05144265
318127,0.08235097
318131,0.12815044
318135,0.17028083
318155,0.03973796
318156,0.02888545
318161,0.02931208
318164,0.34360950
318169,0.23752472
318173,0.28218686
318176,0.37293228
318177,0.34804274
318181,0.05390669
318187,0.02472937
318193,0.02894881
318203,0.10666080
318206,0.03616709
318214,0.05217481
318220,0.04783381
318232,0.06724004
318250,0.35700248
318251,0.27337091
318252,0.01516183
318254,0.03158412
318260,0.03504928
318261,0.00537686
318263,0.11627837
318264,0.13654057
318266,0.07063842
318267,0.04914443
318268,0.05304418
318270,0.02956214
318274,0.21076393
318282,0.08634831
318286,0.08916609
318292,0.00953541
318297,0.03223602
318320,0.19988309
318337,0.07981635
318343,0.12273478
318347,0.17748512
318351,0.24576678
318357,0.81560340
318360,0.03807022
318384,0.01501379
318385,0.02089129
318387,0.11488768
318390,0.09277023
318391,0.08850674
318393,0.02623686
318406,0.02190145
318408,0.43428858
318410,0.28578518
318424,0.11134617
318428,0.08163549
318432,0.07784610
318433,0.28318422
318445,0.28307615
318452,0.58211629
318467,0.07325333
318473,0.27521569
318480,0.12189686
318486,0.27264140
318496,0.01908441
318505,0.36802525
318511,0.06798818
318517,0.12793760
318522,0.08006114
318527,0.13822742
318530,0.04106470
318531,0.07441259
318533,0.02022881
318535,0.02372061
318536,0.03353225
318548,0.08885544
318551,0.21777903
318557,0.18492040
318576,0.03435907
318581,0.31574467
318607,0.05576985
318609,0.03282994
318615,0.90134447
318634,0.11418465
318640,0.82546328
318651,0.33224504
318657,0.27346087
318669,0.11845905
318674,0.17861005
318675,0.03878026
318686,0.12801888
318694,0.06403392
318760,0.13106461
318762,0.01134507
318763,0.02311386
318765,0.05487396
318766,0.09956417
318769,0.22695338
318775,0.28917796
318782,0.04624798
318786,0.61945808
318792,0.02840538
318801,0.13554894
318802,0.12345621
318803,0.15745446
318805,0.11716104
318813,0.22052068
318817,0.16159584
318821,0.06291178
318827,0.19133561
318834,0.47691637
318835,0.02848234
318851,0.02863309
318857,0.01380811
318862,0.04313748
318874,0.11881795
318878,0.10165404
318897,0.01701764
318909,0.57101977
318924,0.07222438
318927,0.07576091
318942,0.40264662
318946,0.08159745
318957,0.72085236
318959,0.01535575
318975,0.03633481
318982,0.02136898
318987,0.01942486
318993,0.02935646
318995,0.06614755
318996,0.01243986
318997,0.05684736
318999,0.12403702
319012,0.75631916
319014,0.37609118
319018,0.11519640
319020,0.40527414
319048,0.02785639
319052,0.19635218
319067,0.06845374
319083,0.03316434
319088,0.03587989
319089,0.09022965
319090,0.33896283
319096,0.07305321
319099,0.19523087
319108,0.01917897
319116,0.07507866
319117,0.07711893
319119,0.08943954
319126,0.71516582
319133,0.18234681
319135,0.09481796
319137,0.04908145
319143,0.14054095
319168,0.22927829
319170,0.10866872
319174,0.07255764
319181,0.01873109
319192,0.03585576
319193,0.06829517
319198,0.03293856
319211,0.05737605
319219,0.12473263
319220,0.11976581
319226,0.17531879
319240,0.03808577
319248,0.06469885
319257,0.06328146
319261,0.07035168
319264,0.04311630
319268,0.03029082
319289,0.19525565
319292,0.03109771
319295,0.06869228
319302,0.05107715
319308,0.40759529
319310,0.41300470
319313,0.05452859
319322,0.01474564
319329,0.03535553
319331,0.07011236
319334,0.21920987
319346,0.02734227
319352,0.53921041
319358,0.39396392
319363,0.03028071
319365,0.26966703
319370,0.01196418
319371,0.24562866
319372,0.07830635
319385,0.17952635
319387,0.01827289
319393,0.02237944
319396,0.10266449
319406,0.08048809
319439,0.02651766
319440,0.13275050
319441,0.42597587
319462,0.03555754
319471,0.05033369
319475,0.01772073
319476,0.31757944
319486,0.15838313
319487,0.07735750
319489,0.11087864
319491,0.12307362
319494,0.01322141
319496,0.31362733
319512,0.17119171
319519,0.03697175
319522,0.02108875
319530,0.09099885
319540,0.02149586
319547,0.06528672
319549,0.05311485
319559,0.05529709
319561,0.04586691
319566,0.04559424
319569,0.07657793
319574,0.05468998
319579,0.08075511
319580,0.07740916
319582,0.04181310
319583,0.13415901
319585,0.05361467
319598,0.05408273
319600,0.07519861
319602,0.01996293
319603,0.06089537
319604,0.03805490
319608,0.04134574
319622,0.06957133
319623,0.16067662
319625,0.05276712
319628,0.09999582
319637,0.30898658
319639,0.05998045
319658,0.03832651
319669,0.07969265
319677,0.07439005
319683,0.08341755
319688,0.08031188
319697,0.07143347
319700,0.04897786
319727,0.24726407
319747,0.06805550
319751,0.07513668
319758,0.07019365
319759,0.08396660
319765,0.01333001
319768,0.03512437
319774,0.11580808
319776,0.05974250
319777,0.04058578
319785,0.05198627
319789,0.04341654
319792,0.06367370
319799,0.02668873
319814,0.02314862
319815,0.02185669
319822,0.09671901
319829,0.10235734
319836,0.13839825
319837,0.03311594
319839,0.24863989
319843,0.05063537
319860,0.15513217
319876,0.17260364
319877,0.01452961
319887,0.11161352
319889,0.01488854
319892,0.11122071
319893,0.11844463
319897,0.10026630
319898,0.09504566
319911,0.16593317
319917,0.11590401
319923,0.03160744
319927,0.06536699
319929,0.11108501
319931,0.43339473
319948,0.07116216
319949,0.03572979
319992,0.07216152
319999,0.02949220
320001,0.17250186
320003,0.02461655
320004,0.69307180
320011,0.20729466
320012,0.09098191
320021,0.23195894
320026,0.06139343
320034,0.05932315
320041,0.62368836
320042,0.05125488
320046,0.11297722
320056,0.01120650
320062,0.04969960
320093,0.29471067
320094,0.06656272
320101,0.14608962
320114,0.09335260
320126,0.14941250
320128,0.04906993
320137,0.08814729
320149,0.05125781
320165,0.04399466
320172,0.10188929
320173,0.22635099
320175,0.36763166
320179,0.05467404
320181,0.06453093
320191,0.07973803
320192,0.03738132
320195,0.01966798
320199,0.09369033
320202,0.03433811
320203,0.34069171
320205,0.12148393
320224,0.24739801
320227,0.28984681
320228,0.07975917
320248,0.33493091
320252,0.01445103
320254,0.11902431
320259,0.09423182
320267,0.51103247
320276,0.01727203
320287,0.29927699
320291,0.03144303
320295,0.06960034
320297,0.03512581
320305,0.56897982
320321,0.55982814
320331,0.25160744
320336,0.08291500
320341,0.07330068
320344,0.11789485
320356,0.01401045
320362,0.17616004
320369,0.02679537
320379,0.06972502
320387,0.02756301
320397,0.03633224
320412,0.04790766
320421,0.09543305
320428,0.51227652
320429,0.18627801
320430,0.04095616
320434,0.05603719
320453,0.15132021
320462,0.03141728
320469,0.01670899
320475,0.05695586
320478,0.14253355
320484,0.04022189
320494,0.03511264
320499,0.02151028
320541,0.48055555
320550,0.02381470
320561,0.03424365
320562,0.10484092
320564,0.10990867
320566,0.43644807
320568,0.05755470
320593,0.02985410
320609,0.05560880
320614,0.07983205
320621,0.01609171
320639,0.43130108
320640,0.12908732
320656,0.06825975
320657,0.09195576
320670,0.05529611
320672,0.02382932
320691,0.14781293
320693,0.01761187
320698,0.14856309
320699,0.07241664
320704,0.04763330
320709,0.02336040
320711,0.03628735
320724,0.09735269
320737,0.05327875
320744,0.06897016
320747,0.08112782
320750,0.23190729
320752,0.07538629
320760,0.45261376
320765,0.60445702
320767,0.11381755
320778,0.54395078
320784,0.02005483
320789,0.14005869
320793,0.00705650
320795,0.60755796
320805,0.07808689
320806,0.55814140
320823,0.02977551
320828,0.16391748
320833,0.25662243
320843,0.03119438
320846,0.01701622
320851,0.17918977
320852,0.09380579
320869,0.04259545
320873,0.19496034
320890,0.02935914
320905,0.41323951
320912,0.08019571
320914,0.01837244
320915,0.01259890
320920,0.07885846
320924,0.05785078
320925,0.02909289
320936,0.16516550
320937,0.03264468
320940,0.03697650
320943,0.06159977
320954,0.01544185
320959,0.14959187
320960,0.03507398
320966,0.04526762
320968,0.04207412
320975,0.05883810
320978,0.01030673
320979,0.11012211
320981,0.01769437
320987,0.09971792
320989,0.15468059
321009,0.35712126
321021,0.50905737
321035,0.27225411
321038,0.09239795
321039,0.32931863
321051,0.04265791
321058,0.03734905
321066,0.48318863
321075,0.32410579
321092,0.01048172
321098,0.25187168
321107,0.36857284
321116,0.40655569
321118,0.04568630
321124,0.05502357
321131,0.04962675
321134,0.53438686
321140,0.09130370
321143,0.13989027
321145,0.01642900
321150,0.01119774
321151,0.06263438
321153,0.25131019
321154,0.09092462
321156,0.03332170
321160,0.08220645
321176,0.08192302
321183,0.07525553
321187,0.20975398
321196,0.04767669
321197,0.12112676
321204,0.27713705
321208,0.05920814
321209,0.10889465
321223,0.15609255
321226,0.02140789
321227,0.02436800
321236,0.17029017
321249,0.44442617
321250,0.05531092
321253,0.04327475
321256,0.10267111
321276,0.47888165
321298,0.02708492
321303,0.00978084
321309,0.03930549
321313,0.08972587
321322,0.45156197
321345,0.06373836
321350,0.11926536
321355,0.05399770
321358,0.09013061
321370,0.22140383
321377,0.23175766
321385,0.40274347
321398,0.19425382
321401,0.02613723
321415,0.02629302
321416,0.73916168
321419,0.04044175
321427,0.05018204
321433,0.01482070
321439,0.18788122
321455,0.15603182
321463,0.20641470
321465,0.18528648
321480,0.01219622
321486,0.03534505
321498,0.15684601
321502,0.18820194
321510,0.08937907
321524,0.12983621
321526,0.31824275
321528,0.23409295
321533,0.28532170
321536,0.04752271
321548,0.17793471
321557,0.04276648
321564,0.07263068
321567,0.02431717
321602,0.10922407
321625,0.18755159
321627,0.29775102
321640,0.10218255
321645,0.01507274
321648,0.22518766
321649,0.12730027
321652,0.06154821
321659,0.14109295
321667,0.01294299
321676,0.05387576
321696,0.04828300
321697,0.12453790
321702,0.05059421
321704,0.06563628
321706,0.03627558
321710,0.09023296
321722,0.10455304
321760,0.08860475
321770,0.13820918
321779,0.09750937
321784,0.20673049
321786,0.16352902
321792,0.07078449
321795,0.21732243
321801,0.05868528
321804,0.02377943
321806,0.23534667
321807,0.05632749
321808,0.96531796
321809,0.24410976
321825,0.22580961
321828,0.10558854
321843,0.06985956
321848,0.02837939
321854,0.15926989
321869,0.06607368
321870,0.19697202
321887,0.01725645
321896,0.09539828
321898,0.21499634
321908,0.06565990
321910,0.03026723
321915,0.35026433
321919,0.19297615
321922,0.03890340
321928,0.21013108
321929,0.10283982
321932,0.19704922
321934,0.23899369
321936,0.52482028
321956,0.03125955
321957,0.10292281
321965,0.01321471
321970,0.04311793
321974,0.01539407
321980,0.03886332
321985,0.03536494
321992,0.04524000
321999,0.02743734
322005,0.00958357
322018,0.04853824
322020,0.03215798
322021,0.23311764
322023,0.04987751
322024,0.08147621
322039,0.01565935
322054,0.10813354
322061,0.07629272
322082,0.02997432
322088,0.35187968
322093,0.14999004
322105,0.15625405
322111,0.02956234
322113,0.27677272
322117,0.02797750
322120,0.01983426
322123,0.02915687
322132,0.07497112
322136,0.23545554
322141,0.29038942
322147,0.09957160
322169,0.56394219
322170,0.64100228
322172,0.11406842
322196,0.04447116
322198,0.26816718
322217,0.06569657
322226,0.31528726
322227,0.07990938
322229,0.01392131
322242,0.05791397
322244,0.05396466
322249,0.02356981
322250,0.14000251
322253,0.09124604
322254,0.40593773
322267,0.01236227
322269,0.07021067
322274,0.54503115
322285,0.60685514
322309,0.08021223
322320,0.10088806
322327,0.04277481
322331,0.07488848
322332,0.04246382
322334,0.49344470
322339,0.18306307
322348,0.40539562
322350,0.80251208
322354,0.07392005
322356,0.05097156
322367,0.21876009
322369,0.09501460
322372,0.16609541
322374,0.03535859
322383,0.50879725
322388,0.53986396
322393,0.11198260
322395,0.07378317
322407,0.02447654
322413,0.08170303
322416,0.02093713
322419,0.03583000
322424,0.07714990
322432,0.02561580
322442,0.03842501
322447,0.03977381
322448,0.32303958
322460,0.02170696
322461,0.45507284
322468,0.02629757
322472,0.30318696
322473,0.42582955
322488,0.05645282
322490,0.08655496
322491,0.07707419
322497,0.11426829
322503,0.13127509
322521,0.45145826
322525,0.30572873
322533,0.40864074
322549,0.43650222
322561,0.44906267
322566,0.22438419
322570,0.64199197
322574,0.07931576
322578,0.02352169
322579,0.08037557
322586,0.08602816
322596,0.05325597
322598,0.08423064
322603,0.14236541
322614,0.18051764
322626,0.01509951
322630,0.20262111
322639,0.46925482
322640,0.12902275
322642,0.13641513
322651,0.17388089
322652,0.16200928
322656,0.02408252
322662,0.08194728
322664,0.10338425
322681,0.58070893
322684,0.01992221
322685,0.26485229
322711,0.43386978
322717,0.08809216
322719,0.03948278
322730,0.07706519
322740,0.04744147
322743,0.45946049
322749,0.00808316
322757,0.09537797
322759,0.13049902
322760,0.02252253
322770,0.02636862
322786,0.26622991
322797,0.11489807
322800,0.10895632
322815,0.00775684
322831,0.05481015
322835,0.38567212
322841,0.11301005
322845,0.04370703
322846,0.03302840
322851,0.14606541
322852,0.08977470
322877,0.09934966
322880,0.07260307
322893,0.13447370
322911,0.06576585
322928,0.46029113
322934,0.25983825
322938,0.28517027
322950,0.17746391
322959,0.02288614
322961,0.04478734
322965,0.23037371
322966,0.05608415
322968,0.03280790
322977,0.02715406
322979,0.10320570
322986,0.26760006
322990,0.17086326
322998,0.03418081
323005,0.02367048
323008,0.04914509
323014,0.06560129
323015,0.03236871
323025,0.14272395
323030,0.07529982
323033,0.05013709
323036,0.07043957
323043,0.12457241
323049,0.07119461
323051,0.44099373
323053,0.02500938
323056,0.08145356
323059,0.09500545
323076,0.20565169
323088,0.18568676
323108,0.96582432
323112,0.08249709
323127,0.06053849
323135,0.03279752
323137,0.06451862
323141,0.09807932
323142,0.06491456
323147,0.26909086
323150,0.28997189
323153,0.39621673
323156,0.12391522
323161,0.01971536
323171,0.09189287
323173,0.09085929
323176,0.03384042
323184,0.11030348
323189,0.11759569
323193,0.11339099
323209,0.14286036
323218,0.52795070
323224,0.45535284
323235,0.26689463
323236,0.04575531
323242,0.02579071
323252,0.06719555
323253,0.38206171
323254,0.00936485
323271,0.09569721
323276,0.08126091
323278,0.07857995
323281,0.03258409
323285,0.03845283
323289,0.09636515
323292,0.02361801
323297,0.13525289
323312,0.02140237
323318,0.01430339
323319,0.03687182
323324,0.09868164
323325,0.06921025
323328,0.20158231
323334,0.13856149
323338,0.36252357
323340,0.03086967
323343,0.20226918
323354,0.07091529
323373,0.04505099
323376,0.12403933
323381,0.16008848
323382,0.14114926
323383,0.54376442
323387,0.04006938
323394,0.12450165
323398,0.04988682
323405,0.29230586
323407,0.17860111
323428,0.61742073
323436,0.39801352
323451,0.11782624
323455,0.13603251
323463,0.05597468
323466,0.11468767
323475,0.20346473
323477,0.02367702
323481,0.01328244
323485,0.10397938
323488,0.10470700
323493,0.08780334
323494,0.09086441
323505,0.22248060
323506,0.05808978
323509,0.01521148
323518,0.03624641
323530,0.12705164
323539,0.02613162
323549,0.11534621
323557,0.06030605
323568,0.12191962
323569,0.03716269
323571,0.03919833
323573,0.33954753
323585,0.04611179
323588,0.06145065
323599,0.86180134
323615,0.01032519
323617,0.08308971
323620,0.46482316
323636,0.10365202
323665,0.04017615
323670,0.03642753
323675,0.26670432
323688,0.12198579
323693,0.02599145
323694,0.04168338
323696,0.08666970
323710,0.03507323
323716,0.20055655
323718,0.13895420
323719,0.03819295
323720,0.18168277
323722,0.25672988
323729,0.48929540
323738,0.06305827
323740,0.05866796
323787,0.02024114
323795,0.01798201
323801,0.01365711
323810,0.03302971
323822,0.08965381
323825,0.17450892
323833,0.05165391
323860,0.00640674
323871,0.01951290
323879,0.08524140
323888,0.02824117
323891,0.52384688
323894,0.20524182
323909,0.04175169
323911,0.14762352
323920,0.34541557
323923,0.14868165
323930,0.03277344
323935,0.03358580
323937,0.18533443
323938,0.03315282
323948,0.04956539
323956,0.06473236
323962,0.14674058
323964,0.07381498
323966,0.03224986
323970,0.02828145
323972,0.05050673
323977,0.04314798
323985,0.08187840
323989,0.05330554
323994,0.03499673
324010,0.11241485
324020,0.20094124
324033,0.04236639
324052,0.27546045
324055,0.07200632
324075,0.03407663
324087,0.21012410
324088,0.01868807
324091,0.05983155
324104,0.09453976
324109,0.15279299
324114,0.05059066
324118,0.04054919
324125,0.16514889
324130,0.38446459
324146,0.03318695
324149,0.03726850
324156,0.02681072
324170,0.10018332
324171,0.10860473
324172,0.04462360
324178,0.74504175
324180,0.21082451
324220,0.05475437
324222,0.02771851
324227,0.13557379
324229,0.09177332
324230,0.20085671
324235,0.19604614
324243,0.04385104
324247,0.73761354
324264,0.34293984
324269,0.09965016
324270,0.06464586
324271,0.09435220
324291,0.78932485
324293,0.01961721
324296,0.17811459
324298,0.45977684
324302,0.20335254
324305,0.00822715
324310,0.07229946
324325,0.05056744
324339,0.05931575
324345,0.08621549
324347,0.05618759
324356,0.02824805
324383,0.17234254
324387,0.12500744
324393,0.14561309
324400,0.05127220
324401,0.03857551
324412,0.26180963
324414,0.01637718
324415,0.32651607
324416,0.07473063
324420,0.40505917
324437,0.01886644
324445,0.37492937
324464,0.20997683
324472,0.10873067
324496,0.08427966
324499,0.04325092
324512,0.07322484
324544,0.19262409
324545,0.06401283
324552,0.07607074
324553,0.06423316
324558,0.23309395
324559,0.04792259
324572,0.04931053
324582,0.08405083
324595,0.57105474
324596,0.97542859
324598,0.10644337
324614,0.24187986
324620,0.98723808
324621,0.06314496
324624,0.22462789
324651,0.13474954
324655,0.51838567
324669,0.01115249
324674,1.02624020
324677,0.17282843
324681,0.19619786
324689,0.01166315
324708,0.01567313
324714,0.33108225
324716,0.35159127
324719,0.11160330
324731,0.45326402
324733,0.18215701
324741,0.38584647
324745,0.08149116
324747,0.34744807
324748,0.01484650
324764,0.27948220
324772,0.12368511
324788,0.22004882
324795,0.01682455
324801,0.02884125
324811,0.02738402
324816,0.56056010
324821,0.18180104
324825,0.01368980
324840,0.43491572
324841,0.07488607
324854,0.05076300
324866,0.01621175
324884,0.20249785
324894,0.10562987
324895,0.04470340
324913,0.05503451
324914,0.02282382
324944,0.11541606
324949,0.42056950
324978,0.06791323
324983,0.04895103
324987,0.03306550
324995,0.01143149
325000,0.03653797
325001,0.50101079
325005,0.03153324
325017,0.07686997
325019,0.09815780
325020,0.01905551
325021,0.60263841
325041,0.12497356
325063,1.18566032
325066,0.23358736
325070,0.16514177
325102,0.13845022
325117,0.10215269
325121,0.27664633
325136,0.09203003
325153,0.03319866
325157,0.04170600
325158,0.04735775
325163,0.14833234
325180,0.09509744
325181,0.06788094
325185,0.69842106
325194,0.05400080
325196,0.08742906
325206,0.03202261
325212,0.02730452
325217,0.23680167
325218,0.13122305
325223,0.05323567
325238,0.11942967
325254,0.06825385
325258,0.06082472
325268,0.01751162
325269,0.06468007
325275,0.04555314
325277,0.02284943
325282,0.04329912
325284,0.05698670
325289,0.08151585
325291,0.56895288
325300,0.07573548
325303,0.12945973
325306,0.03397146
325313,0.06129536
325316,0.10102695
325318,0.01150676
325332,0.10799320
325344,0.42620659
325354,0.08706524
325360,0.01387418
325364,0.12286916
325375,0.35573111
325377,0.01447724
325380,0.02939850
325390,0.15302420
325392,0.01336714
325395,0.30209178
325411,0.03636918
325412,0.04879581
325420,0.17427070
325424,0.02095219
325433,0.05304461
325438,0.03060755
325439,0.02027066
325443,0.11924594
325454,0.06564786
325464,0.05603937
325473,0.06184703
325476,0.02136277
325495,0.18423046
325525,0.12053913
325529,0.16277847
325552,0.11152991
325553,0.59216567
325564,0.06766374
325565,0.24525699
325580,0.09942181
325590,0.89586464
325591,0.05184347
325596,0.07029217
325601,0.04875341
325602,0.34823838
325623,0.01952586
325625,0.02635121
325641,0.37188893
325645,0.11791073
325657,0.23387021
325680,0.05293686
325691,0.09665763
325701,0.07747889
325710,0.11011442
325712,0.03688272
325714,0.08463020
325716,0.13690114
325724,0.34921986
325744,0.08597793
325751,0.53696583
325757,0.02697382
325765,0.06019096
325767,0.72798503
325770,0.38672358
325778,0.09819453
325784,0.11755480
325791,0.39484200
325809,0.29381235
325814,0.24304082
325817,0.52447524
325820,0.78917638
325822,0.22857732
325830,0.04463024
325832,0.24686930
325840,0.13250229
325849,0.14608237
325852,0.06431681
325859,0.05958125
325864,0.03812211
325865,0.23942292
325879,0.06275616
325890,0.02018808
325899,0.02800219
325908,0.08556637
325916,0.21396617
325918,0.06615296
325919,0.02104877
325922,0.02615622
325925,0.09158641
325934,0.03216791
325939,0.02865532
325942,0.05652169
325948,0.64981616
325954,0.20187778
325962,0.06562937
325966,0.26547576
325969,0.06346991
325971,0.02845567
325972,0.01370872
325976,0.13646647
325981,0.03243377
325992,0.10908444
326013,0.05447680
326017,0.01967716
326019,0.03780073
326027,0.06339651
326028,0.03945982
326033,0.18813840
326041,0.02746066
326043,0.05358996
326049,0.06731121
326054,0.03623427
326057,0.05532338
326074,0.01284648
326078,0.06801991
326083,0.04479356
326084,0.02151608
326085,0.11058829
326087,0.03496025
326088,0.28787908
326102,0.71714758
326117,0.10588863
326145,0.45581096
326150,0.07840264
326160,0.20395636
326166,0.06839760
326170,0.02476323
326180,0.03833828
326182,0.23600996
326186,0.02087029
326188,0.44386145
326190,0.48085314
326196,0.24979127
326199,0.06861501
326201,0.43147833
326204,0.01858131
326209,0.04226810
326211,0.06343884
326218,0.13093115
326239,0.05669499
326259,0.06023570
326260,0.08876766
326284,0.34756324
326289,0.11091644
326290,0.12891322
326295,0.08904929
326299,0.15613153
326305,0.03594174
326309,0.16124156
326323,0.06094193
326364,0.10070538
326369,0.01400417
326385,0.11959291
326410,0.25466692
326411,0.00743676
326418,0.04909549
326428,0.12053241
326435,0.27806135
326437,0.04070164
326438,0.07640684
326451,0.02964257
326464,0.57021693
326471,0.08030241
326472,0.55008161
326475,0.11527018
326477,0.01430662
326480,0.02699080
326486,0.08047163
326502,0.08609674
326506,0.26221415
326513,0.03683101
326516,0.06110060
326528,0.05203470
326530,0.04066056
326531,0.06609326
326532,0.02937330
326538,0.02672974
326551,0.08040338
326559,0.03586170
326576,0.19730087
326577,0.16793830
326602,0.12080969
326606,0.05406059
326618,0.19415516
326620,0.02333310
326624,0.14241420
326639,0.16574544
326647,0.69199107
326652,0.08812693
326661,0.15876882
326667,0.18360587
326670,0.33416110
326672,0.08445826
326693,0.26414094
326704,0.03807592
326723,0.07903312
326734,0.10498292
326738,0.12645135
326746,0.11172732
326753,0.04163709
326754,0.02758186
326763,0.06514266
326779,0.01761875
326785,0.09875101
326786,0.04936424
326787,0.25422708
326789,0.02100151
326799,0.01866287
326802,0.03449668
326804,0.02714891
326823,0.08904253
326827,0.18544018
326833,0.25271710
326838,0.11527506
326842,0.08791772
326856,0.43603982
326867,0.01519349
326870,0.01620530
326871,0.11346278
326875,0.03970801
326879,0.21103157
326884,0.18734249
326900,0.15492531
326904,0.02181483
326905,0.27000729
326917,0.02967456
326919,0.06154654
326921,0.63361252
326929,0.07299942
326942,0.30417467
326944,0.01109035
326953,0.24505169
326968,0.15544588
326985,0.35710640
326987,0.09910135
326988,0.07669898
326994,0.04848535
327005,0.01856165
327010,0.11241459
327017,0.07108649
327026,0.15417214
327030,0.03587337
327031,0.02403929
327045,0.24209979
327054,0.00811579
327078,0.05713757
327080,0.01841984
327087,1.04757790
327137,0.10342043
327147,0.07532033
327150,0.09128838
327153,0.25885455
327160,0.15503745
327164,0.01790103
327169,0.23121385
327187,0.36700134
327188,0.08673625
327189,0.05016269
327194,0.02673326
327196,0.31304716
327202,0.11321652
327207,0.02654973
327215,0.02369509
327216,0.52934833
327220,0.08549448
327222,0.13454951
327230,0.08159073
327231,0.63462035
327238,0.07192773
327247,0.02148484
327262,0.10134184
327265,0.08807001
327267,0.02408103
327273,0.01322854
327276,0.34870971
327280,0.21484681
327287,0.02684529
327301,0.13132839
327307,0.07090734
327309,0.16633609
327316,0.14786874
327327,0.34076242
327334,0.40735467
327335,0.38991344
327338,0.01210359
327341,0.16636846
327350,0.03238436
327355,0.02658290
327370,0.02505619
327386,0.05089585
327391,0.27549090
327393,0.25978474
327408,0.04015840
327415,0.26156110
327431,0.36865323
327445,0.02206599
327449,0.37784279
327457,0.13904112
327488,0.00952222
327489,0.05670318
327523,0.08096065
327537,0.02930483
327550,0.39830515
327556,0.02569935
327562,0.02094389
327567,0.34201203
327587,0.08035423
327594,0.08294653
327602,0.07055710
327604,0.24105386
327609,0.08256850
327618,0.05017593
327620,0.11860678
327626,0.15261534
327628,0.04015761
327629,0.09861583
327631,0.14657262
327633,0.03923801
327638,0.01337958
327665,0.02952512
327689,0.02957121
327697,0.07646882
327702,0.06695794
327704,0.21668035
327723,0.12879379
327726,0.03254827
327732,0.18230172
327739,0.22964828
327750,0.02306312
327751,0.07503378
327765,0.17591749
327766,0.02280528
327771,0.12248652
327772,0.53842711
327774,0.13143265
327784,0.03218069
327789,0.01240480
327794,0.03648613
327799,0.24970968
327803,0.20221260
327817,0.05145672
327819,0.08301361
327823,0.10370379
327828,1.19569767
327834,0.20310263
327835,0.04607738
327866,0.67518286
327871,0.05564527
327886,0.15331905
327900,0.26237869
327901,0.54602649
327904,0.03045057
327906,0.28205292
327908,0.04498028
327909,0.01411479
327914,0.81720198
327917,0.19587069
327928,0.14270893
327947,0.02845260
327949,0.07646120
327952,0.07604217
327954,0.06090807
327962,0.08698894
327964,0.42675799
327985,0.04627921
327996,0.05488804
327997,0.12931664
328013,0.02161672
328017,0.08520989
328027,0.11827000
328029,0.32838347
328042,0.11804448
328043,0.04257172
328064,0.21833823
328072,0.02964342
328074,0.35897822
328080,0.02008344
328086,0.10497304
328122,0.07191334
328126,0.01314831
328127,0.13649994
328142,0.01700092
328144,0.05715087
328150,0.10115569
328154,0.35264562
328160,0.05397677
328171,0.09231557
328179,0.04525560
328192,0.02234002
328195,0.05783883
328196,0.07210258
328201,0.02502363
328203,0.09178083
328217,0.04467998
328218,0.03059299
328228,0.10193575
328231,0.10295975
328246,0.12316485
328252,0.15475848
328255,0.12946024
328264,0.03452155
328281,0.10239872
328282,0.01088459
328291,0.12634961
328303,0.05347141
328305,0.39027187
328313,0.04435225
328336,0.21387037
328340,0.04555695
328343,0.06239002
328368,1.01467373
328372,0.03799719
328381,0.14099199
328383,0.05681514
328385,0.01910777
328393,0.06703568
328395,0.06070693
328409,0.01715633
328424,0.07459981
328427,0.07206633
328456,0.09067174
328463,0.17734550
328489,0.14697499
328491,0.06856653
328509,0.03784405
328516,0.44239645
328524,0.01589555
328535,0.15333331
328536,0.02678936
328539,0.09172573
328542,0.68867645
328545,0.88072710
328549,0.12255219
328554,0.05928588
328558,0.19642547
328571,0.08958695
328576,0.04932594
328578,0.11048711
328588,0.37507817
328601,0.03019700
328604,0.10329578
328624,0.01186048
328629,0.52442814
328632,0.02870650
328634,0.07592092
328636,0.11297511
328637,0.10176303
328647,0.09659086
328668,0.01485712
328669,0.01856079
328678,0.06361760
328684,0.08760454
328694,0.08561143
328705,0.13468663
328712,0.05179400
328720,0.05361487
328729,0.44720002
328730,0.04151015
328733,0.03504969
328758,0.30516687
328761,0.02032278
328764,0.05211497
328777,0.03655858
328783,0.13399458
328813,0.10075015
328819,0.05432393
328826,0.04855488
328829,0.16147179
328834,0.04258035
328845,0.01081336
328856,0.27410918
328865,0.08792466
328868,0.34576785
328878,0.52156884
328896,0.04211072
328899,0.01441614
328909,0.13370137
328914,0.00578801
328926,0.03253029
328934,0.04213297
328935,0.01998310
328949,0.06959890
328954,0.03386403
328957,0.02725999
328968,0.21105764
328974,0.04098743
328984,0.00724261
328991,0.04888336
328997,0.08263076
329000,0.06601168
329005,0.06231680
329007,0.08257498
329018,0.20266323
329034,0.19557119
329051,0.19852990
329052,0.09543799
329055,0.31501467
329062,0.21398114
329064,0.25577044
329070,0.34352414
329075,0.04702218
329078,0.25304995
329081,0.02201201
329086,0.17871999
329101,0.03845628
329105,0.59171181
329113,0.24940292
329119,0.14027016
329133,0.05994567
329135,0.05524519
329138,0.05663851
329143,0.03855845
329157,0.12846126
329165,0.07615442
329170,0.03853909
329176,0.11231998
329177,0.14341080
329179,0.05697084
329196,0.27406302
329209,0.11869779
329219,0.36336564
329241,0.03259028
329245,0.26756444
329248,0.03088576
329249,0.05005136
329251,0.02944188
329252,0.03188369
329256,0.07710369
329261,0.10536081
329264,0.46709487
329297,0.23756761
329310,0.08595782
329320,0.04769961
329328,0.01861161
329340,0.26386158
329347,0.04326214
329351,0.12113701
329356,0.04465561
329360,0.93667951
329364,0.06499062
329365,0.03048694
329381,0.08792691
329383,0.34844942
329385,0.12744436
329388,0.06604936
329390,0.05437401
329393,0.10025902
329403,0.14866025
329409,0.04526626
329418,0.66228217
329428,0.03732839
329433,0.05808675
329439,0.05025873
329459,0.03366936
329463,0.14802643
329475,0.08153798
329479,0.16800254
329494,0.11454917
329500,0.34004561
329503,0.02079432
329512,0.00623472
329514,0.25370871
329521,0.17001416
329526,0.16184461
329531,0.01733655
329534,0.18877953
329545,0.13404870
329553,0.02724547
329569,0.05308334
329571,0.06452118
329580,0.05236073
329585,0.07837197
329588,0.26474299
329603,0.14905052
329605,0.06620694
329611,0.07463871
329613,0.15928307
329615,0.16606860
329618,0.11381918
329623,0.03032487
329626,0.12716707
329678,0.02703183
329690,0.05210103
329693,0.14569465
329698,0.22481710
329700,0.01492301
329706,0.02508726
329709,0.12399256
329713,0.19178312
329716,0.04754290
329717,0.02430028
329719,0.07743253
329720,0.02966312
329737,0.00863196
329741,0.08909021
329742,0.02035226
329749,0.14529819
329765,0.10116310
329771,0.05601853
329775,0.04344188
329779,0.05269487
329781,0.08387510
329788,0.06911144
329798,0.23583678
329799,0.01690281
329810,0.25424449
329811,0.03358834
329812,0.02383586
329819,0.09194898
329822,0.05686862
329826,0.06445982
329843,0.09026401
329846,0.02036049
329856,0.12886598
329871,0.03188016
329882,0.04814513
329885,0.09557120
329893,0.13931590
329898,0.03070724
329903,0.22921013
329916,0.10617776
329918,0.03148137
329934,0.03186917
329942,0.10287156
329949,0.06184164
329958,0.26012631
329965,0.07713741
329969,0.03224293
329972,0.09112963
329981,0.51924980
329988,0.04047634
329989,0.08516326
330004,0.60329838
330006,0.35695283
330014,0.20471927
330025,0.50742704
330040,0.02428531
330047,0.13363244
330070,0.09554491
330074,0.01960612
330075,0.04557027
330085,0.09916492
330095,0.15217226
330106,0.13219154
330119,0.03041424
330122,0.07625450
330129,0.37867911
330145,0.35924736
330148,0.01980612
330154,0.05709023
330156,0.02383970
330162,0.14794047
330164,0.07055687
330187,0.07709719
330188,0.07713699
330189,0.04010488
330192,0.03074482
330193,0.02569801
330200,0.11446820
330205,0.06948124
330207,0.09116152
330220,0.02409681
330228,0.50863589
330243,0.10754169
330245,0.09063804
330270,0.04321787
330272,0.10661287
330279,0.04825589
330288,0.43891125
330289,0.08112551
330299,0.02514441
330308,0.05614081
330314,0.14972561
330317,0.07996527
330322,0.01828560
330332,0.18379925
330356,0.11607522
330358,0.08093473
330360,0.01477405
330363,0.14946421
330364,0.19246060
330368,0.03409980
330376,0.03089594
330378,0.07613157
330381,0.06040575
330386,0.22340408
330387,0.01638476
330395,0.10528188
330396,0.06082930
330406,0.05898125
330423,0.06769773
330430,0.04460039
330467,0.06894949
330469,0.02594226
330473,0.16018337
330479,0.16352990
330486,0.22200233
330523,0.59366186
330524,0.15942174
330540,0.13083362
330564,0.05657515
330565,0.15330809
330567,0.09916303
330568,0.06395144
330602,0.07579689
330616,0.09130035
330617,0.01740707
330625,0.18504601
330635,0.02867735
330636,0.11487726
330639,0.06576418
330661,0.08827576
330666,0.02415325
330670,0.00887369
330682,0.06062666
330690,0.01646413
330708,0.12500235
330726,0.03512969
330730,0.03042439
330765,0.02107909
330776,0.05839322
330789,0.03100708
330791,0.02138661
330803,0.12204061
330805,0.01627293
330807,0.03618412
330821,0.01900207
330822,0.05572933
330836,0.06574000
330837,0.04118215
330839,0.11146278
330840,0.01810832
330861,0.11247565
330878,0.07335255
330881,0.01006155
330888,0.03598763
330890,0.08974508
330903,0.31889667
330904,0.06868177
330905,0.07953001
330907,0.07710300
330915,0.01199063
330921,0.19482312
330922,0.10606182
330925,0.04051385
330942,0.10796239
330945,0.14722018
330957,0.13837614
330965,0.07199681
330973,0.20978315
330979,0.02576559
330981,0.06959887
331005,0.09382468
331018,0.17518071
331026,0.01143544
331032,0.00609990
331033,0.13310200
331036,0.01763018
331037,0.02780069
331048,0.05313731
331054,0.27048186
331058,0.05900034
331063,0.05910005
331077,0.07894278
331079,0.01024061
331081,0.20628284
331082,0.02683754
331090,0.02172729
331110,0.02004990
331127,0.29109098
331141,0.05238450
331153,0.32317267
331165,0.12250841
331171,0.07420600
331179,0.10847527
331191,0.31017906
331193,0.16037017
331197,0.04942817
331204,0.03785239
331207,0.49939314
331212,0.02696959
331220,0.19363205
331242,0.16240021
331244,0.32997551
331273,0.04268439
331281,0.04389414
331289,0.04327514
331293,0.09319612
331294,0.07784151
331299,0.03706545
331300,0.01745714
331302,0.03800466
331322,0.06640813
331334,0.06710836
331347,0.02392796
331353,0.05710803
331361,0.03198731
331370,0.01681321
331379,0.05593759
331382,0.17558348
331388,0.51675443
331390,0.03078535
331400,0.06030832
331411,0.04113639
331431,0.01419304
331451,0.03541885
331455,0.06680256
331456,0.00975044
331461,0.04281587
331468,0.12518100
331480,0.54316825
331491,0.08318542
331505,0.39610883
331508,0.02883245
331517,0.03681787
331519,0.20163350
331526,0.03783148
331530,0.08244083
331533,0.07528836
331554,0.22310608
331579,0.04445769
331590,0.01533116
331599,0.09216466
331604,0.08222766
331605,0.12529664
331611,0.03875293
331616,0.77487559
331620,0.01091415
331623,0.09417166
331641,0.04224480
331645,0.05426574
331657,0.20698009
331662,0.04296496
331678,0.00640276
331684,0.05523025
331686,0.44919925
331691,0.09029376
331697,0.92437742
331707,0.15546221
331709,0.00870429
331716,0.08371801
331719,0.06772886
331729,0.02434563
331735,0.03790395
331743,0.05862761
331761,0.17809434
331772,0.11095876
331777,0.03845498
331794,0.15663022
331813,0.20248367
331818,0.23936106
331834,0.03919031
331848,0.06215571
331849,0.11955026
331868,0.07707832
331875,0.08849345
331879,0.04563221
331886,0.02121885
331888,0.07696989
331891,0.07632830
331903,0.02667366
331905,0.06594815
331913,0.03662819
331914,0.01875204
331937,0.02830159
331938,0.03518637
331939,0.20032092
331944,0.04611174
331948,0.32775543
331968,0.02410144
331976,0.73689182
331977,0.22965546
332007,0.20686807
332014,0.04599359
332017,0.05144412
332027,0.10585348
332033,0.03479140
332041,0.04116337
332042,0.23437432
332047,0.04188332
332050,0.08124684
332056,0.02441871
332071,0.00674711
332075,0.52713911
332076,0.04274196
332077,0.06021337
332083,0.11293367
332093,0.59416438
332111,0.06439330
332119,0.05323160
332121,0.07787411
332135,0.14186467
332144,0.31054486
332147,0.06374256
332155,0.07774702
332156,0.01821686
332164,0.20918325
332166,0.02643997
332170,0.15137526
332180,0.36906174
332181,0.62881733
332184,0.26255049
332192,0.19022665
332204,0.05186931
332225,0.06555124
332234,0.06958054
332243,0.08711016
332253,0.39046225
332261,0.05688384
332266,0.08700457
332270,0.08021569
332285,0.74245597
332290,0.01207988
332296,0.04014352
332298,0.12602154
332302,0.07096140
332303,0.02436450
332317,0.03443930
332318,0.17357895
332327,0.08331788
332337,0.18600524
332351,0.11128009
332373,0.06510066
332377,0.03394294
332384,0.07136195
332398,0.04450341
332404,0.14601563
332405,0.04391026
332454,0.05065431
332456,0.13065351
332464,0.37948346
332468,0.07201186
332476,0.07481470
332482,0.03062424
332483,0.14082530
332508,0.04477081
332519,0.89392866
332529,0.49797304
332537,0.31997062
332545,0.33304021
332551,0.13739715
332552,0.22284486
332570,0.05204594
332574,0.37246831
332579,0.11882206
332607,0.01873340
332618,0.19242212
332626,0.15844215
332628,0.02326035
332645,0.05368216
332652,0.45634979
332666,0.09641243
332694,0.16820444
332697,0.20350458
332698,0.01542497
332700,0.09249004
332708,0.15086310
332714,0.03661691
332722,0.03654197
332724,0.06893730
332730,0.03737383
332741,0.04814544
332746,0.06968042
332754,0.14800994
332756,0.12592969
332759,0.02570491
332764,0.90706698
332786,0.07127243
332790,0.01074689
332816,0.02315831
332821,0.10356421
332827,0.03372358
332829,0.01636676
332831,0.00777536
332833,0.23889148
332834,0.06148139
332837,0.01914753
332846,0.09909607
332860,0.07253488
332861,0.07640159
332865,0.13878980
332882,0.13352829
332897,0.26685143
332901,0.04188596
332904,0.03723647
332910,1.07648351
332911,0.06811013
332912,0.24011293
332939,0.08107762
332940,0.02585225
332952,0.02542096
332956,0.04459425
332957,0.10744887
332958,0.02287955
332961,0.18295861
332967,0.28497398
332974,0.11611885
332993,0.01308799
333007,0.09074578
333012,0.43183556
333020,0.06121693
333021,0.07978192
333035,0.03997172
333040,0.43946085
333061,0.01431555
333073,0.03158373
333078,0.19270452
333085,0.08729841
333086,0.13969725
333096,0.48932018
333100,0.08008149
333112,0.07933846
333114,0.01186084
333120,0.46913917
333142,0.01743541
333152,0.05692075
333159,0.23090958
333178,0.03648965
333179,0.06913437
333187,0.03900107
333191,0.09361299
333192,0.03419494
333199,0.07395010
333211,0.03676618
333224,0.03880868
333237,0.60586564
333238,0.02680414
333262,0.01473999
333268,0.07013210
333275,0.07134034
333289,0.14647376
333292,0.69468945
333303,0.07070836
333305,0.18353326
333312,0.04420896
333316,0.23578308
333335,0.07539849
333354,0.06026986
333356,0.01329578
333358,0.08350428
333376,0.01636863
333378,0.03694584
333380,0.06555049
333381,0.27403664
333388,0.03760517
333392,0.00979855
333406,0.75433850
333410,0.04392918
333411,0.06318136
333412,0.14128528
333428,0.03691603
333432,0.03590612
333435,0.13721353
333442,0.04541360
333452,0.06258424
333455,0.37332639
333456,0.08962185
333459,0.06077987
333464,0.28918837
333466,0.24284433
333469,0.06535162
333475,0.05438611
333476,0.01579327
333477,0.25567272
333487,0.04339450
333490,0.02706220
333497,0.57997207
333499,0.01448732
333500,0.19069246
333501,0.09421693
333503,0.00900697
333513,0.16689488
333518,0.02242664
333544,0.11590677
333546,0.38478039
333563,0.46762548
333566,0.14589190
333568,0.24078210
333570,0.06164286
333573,0.01587312
333574,0.03102382
333584,0.03002985
333589,0.06091373
333594,0.09729197
333596,0.01398518
333597,0.05256111
333615,0.04221276
333621,0.05268390
333622,0.04621826
333629,0.11271599
333651,0.11382460
333653,0.23744307
333664,0.02491288
333680,0.01981747
333687,0.35858863
333688,0.05968708
333689,0.73017842
333693,0.09796281
333695,0.02091681
333706,0.04209567
333709,0.20125811
333713,0.15514512
333734,0.04207274
333745,0.37751326
333752,0.09748792
333764,0.04585279
333780,0.05644083
333789,0.23930246
333791,0.03294272
333795,0.35632496
333799,0.34481560
333801,0.07310159
333802,0.13139325
333803,0.13150943
333810,0.04222853
333837,0.04907207
333842,0.23879039
333843,0.14216626
333845,0.03293863
333852,0.22504380
333859,0.03865816
333885,0.43284027
333896,0.05800516
333904,0.09997718
333908,0.02538849
333913,0.13798566
333927,0.03757745
333930,0.06551156
333935,0.01659547
333952,0.09389960
333953,0.13243610
333966,0.10266638
333968,0.01491443
333988,0.06222530
334013,0.03695235
334027,0.33554569
334030,0.04318886
334032,0.20510074
334033,0.02127229
334042,0.02864337
334045,0.15930196
334053,0.04313669
334055,0.03706704
334058,0.02051418
334063,0.15441661
334070,0.03589102
334074,0.02550820
334080,0.16942017
334086,0.01647466
334092,0.04244380
334099,0.04227748
334101,0.01728305
334103,0.08048116
334104,0.49439431
334109,0.65793013
334125,0.12225120
334130,0.16843265
334138,0.22024465
334161,0.05942218
334164,0.04154043
334169,0.05969250
334171,0.01012724
334185,0.05289329
334186,0.06350702
334209,0.06444066
334211,0.13581333
334230,0.03438973
334231,0.42446830
334237,0.35146825
334241,0.31553049
334244,0.61198117
334247,0.04634855
334250,0.03009482
334252,0.04505810
334273,0.02261138
334282,0.03259399
334285,0.18352636
334286,0.03737179
334292,0.10947197
334296,0.04493059
334299,0.03699665
334300,0.10254102
334305,0.03693753
334307,0.32317609
334311,0.07474328
334315,0.04747315
334343,0.11381544
334344,0.10978718
334345,0.11334236
334350,0.06160859
334353,0.00999541
334365,0.07506265
334372,0.06622361
334374,0.04736167
334375,0.08077237
334382,0.24792248
334387,0.01186614
334391,0.48182982
334397,0.12528192
334407,0.06914963
334415,0.05863965
334417,0.06787986
334419,0.18234902
334431,0.03340190
334435,0.53546097
334446,0.72839941
334447,0.04757042
334457,0.01760407
334459,0.17391390
334471,0.01891704
334474,0.06693433
334481,0.03328299
334483,0.02326707
334486,0.12174731
334490,0.90109205
334492,0.25891570
334494,0.06388009
334512,0.07531172
334522,0.01690997
334527,0.01977138
334534,0.01916748
334537,0.03167104
334539,0.05554365
334552,0.06750470
334555,0.25224829
334565,0.29528312
334580,0.04390118
334585,0.06735869
334589,0.11696408
334594,0.14499149
334600,0.02245653
334603,0.03173642
334613,0.15055051
334621,0.19446214
334628,0.06337847
334631,0.11737632
334634,0.17280308
334635,0.16837081
334659,0.02932288
334660,0.03108231
334664,0.07433760
334671,0.06844386
334693,0.07449135
334695,0.18050872
334703,0.27732490
334718,0.11565540
334728,0.93124031
334732,0.33246781
334733,0.12370002
334735,0.03399435
334748,0.03098324
334756,0.44146417
334764,0.19031377
334766,0.07007883
334787,0.02234831
334803,0.02813907
334806,0.13961847
334817,0.27974012
334825,0.07960759
334831,0.12915294
334836,0.09865989
334845,0.09990852
334857,0.03370947
334868,0.04401248
334871,0.02140160
334873,0.12715698
334881,0.11042957
334886,0.02880237
334898,0.13490190
334899,0.08143051
334901,0.08366537
334916,0.07604830
334923,0.41160991
334933,0.18211004
334938,0.66502022
334955,0.31277033
334963,0.75735665
334974,0.11262385
334986,0.02957738
334994,0.04791568
334995,0.14444836
335001,0.06342233
335005,0.09495322
335009,0.03577212
335014,0.09811809
335015,0.03065565
335017,0.52923196
335025,0.22169847
335027,0.18058531
335055,0.17875903
335058,0.05868365
335072,0.09918320
335073,0.05658273
335081,0.11207435
335091,0.01551862
335096,0.01214236
335097,0.10376311
335099,0.12686693
335113,0.02703395
335136,0.08724748
335140,0.07114485
335141,0.03595956
335143,1.01025944
335155,0.14273670
335170,0.06929629
335176,0.05579550
335181,0.04967154
335183,0.11415624
335192,0.05943620
335196,0.31675388
335198,0.04077984
335203,0.06434857
335204,0.53082374
335218,0.06886115
335222,0.07073311
335223,0.39783186
335229,0.05744531
335231,0.17192973
335236,0.16807646
335253,0.52536130
335257,0.10406889
335262,0.02322489
335263,0.19570486
335273,0.08964886
335276,0.09876747
335278,0.01727887
335295,0.02677180
335301,0.01582939
335303,0.01484342
335305,0.24557628
335310,0.11924025
335313,0.00938762
335314,0.04757920
335319,0.07053220
335321,0.09753799
335331,0.06309942
335332,0.03413714
335333,0.09328723
335337,0.23931101
335342,0.02982081
335347,0.07684663
335351,0.09408981
335356,0.04708136
335366,0.12468894
335369,0.02878870
335377,0.21251440
335388,0.18623997
335395,0.14587970
335397,0.05416264
335411,0.04598980
335419,0.02443737
335425,0.08939032
335427,0.14283297
335443,0.01289268
335446,0.02680735
335448,0.06084089
335451,0.27206104
335458,0.08249835
335459,0.06493013
335460,0.22374111
335463,0.05513157
335471,0.10633226
335477,0.01694797
335478,0.20780748
335484,0.03536918
335490,0.47171454
335495,0.25299970
335506,0.17429507
335507,0.20612290
335518,0.06625021
335533,0.02631110
335537,0.19531638
335538,0.07287759
335549,0.17620279
335553,0.34475098
335561,0.21851082
335564,0.01184101
335573,0.10317033
335577,0.04053090
335579,0.01720519
335585,0.06344736
335590,0.18760417
335594,0.04306355
335598,0.03357788
335601,0.06353754
335608,0.04138382
335616,0.23507107
335640,0.04459889
335645,0.36731335
335653,0.04760516
335683,0.03323387
335692,0.07578842
335713,0.00853717
335726,0.01404433
335727,0.48767515
335728,0.03547094
335732,0.02918905
335736,0.09290340
335747,0.03467714
335754,0.05252078
335755,0.03623247
335761,0.10316346
335775,0.04762361
335778,0.16640075
335779,0.09541323
335787,0.02030007
335805,0.04708756
335807,0.04944407
335808,0.10619790
335815,0.21624557
335818,0.01824737
335835,0.19165539
335849,0.04012071
335850,0.07506588
335851,0.05771983
335852,0.03041348
335856,0.03824796
335857,0.11188081
335863,0.23125281
335871,0.06832554
335879,0.08497856
335885,0.04849627
335887,0.43933935
335893,0.39507833
335906,0.12112602
335912,0.01859950
335921,0.04058567
335944,0.14596500
335952,0.27319556
335955,0.03437400
335956,0.02245066
335957,0.16859008
335958,0.05625057
335962,0.21857676
335963,0.06902167
335964,0.05457669
335971,0.01604129
335973,0.06284680
335975,0.16225914
335981,0.04698989
335983,0.57123122
336016,0.13176222
336038,0.04237577
336039,0.03490183
336041,0.11859847
336061,0.08213635
336063,0.02632989
336067,0.03408349
336071,0.12861718
336089,0.10558863
336095,0.20689544
336096,0.12716341
336101,0.01020680
336117,0.02394074
336118,0.05458811
336120,0.56921586
336137,0.01771676
336155,0.06666741
336156,0.86114548
336159,0.02335291
336178,0.25078596
336183,0.67243510
336194,0.01260200
336195,0.26472078
336199,0.01823360
336209,0.08677620
336213,0.07216390
336214,0.04978550
336215,0.01837210
336220,0.02552124
336253,0.02199209
336260,0.35493664
336263,0.07248279
336265,0.14162263
336273,0.05933350
336277,0.04344215
336280,0.04193817
336295,0.10795112
336308,0.01822662
336309,0.03025778
336316,0.14960395
336319,0.26801446
336321,0.01885786
336322,0.26360531
336323,0.11669982
336340,0.05809945
336344,0.28986220
336352,0.06640988
336361,0.18880513
336367,0.03252690
336382,0.13280510
336383,0.08335309
336393,0.07436306
336407,0.11933810
336413,0.02668918
336418,0.29597605
336426,0.06692679
336427,0.05454058
336436,0.01211511
336443,0.04037998
336445,0.09652050
336447,0.02808443
336451,0.11672468
336464,0.02907290
336484,0.06673469
336491,0.13081860
336492,0.04158411
336493,0.06392529
336494,0.02888014
336499,0.02268007
336524,0.00638529
336527,0.05239004
336534,0.73334199
336544,0.04873905
336553,0.33767199
336558,0.03961565
336565,0.03345629
336569,0.28540993
336580,0.10583329
336586,0.02802668
336592,0.08100424
336604,0.06334550
336610,0.13976668
336623,0.09004261
336634,0.18395052
336635,0.09208069
336641,0.25079469
336660,0.04736227
336673,0.10865109
336686,0.07928415
336693,0.02134110
336701,0.03629790
336704,0.07987459
336711,0.12003608
336715,0.03861443
336717,0.02730928
336722,0.04832280
336724,0.05359792
336741,0.15589615
336745,0.04035306
336757,0.22126864
336764,0.39691203
336767,0.06248907
336783,0.07761854
336786,0.23353365
336791,0.00915454
336792,0.60736805
336813,0.14900251
336822,0.39636055
336823,0.18119221
336832,0.05434337
336843,0.07090204
336858,0.14868405
336870,0.29059091
336876,0.06324111
336885,0.08756855
336887,0.22395271
336891,0.02219174
336903,0.04973515
336916,0.21146673
336917,0.04499655
336922,0.03282964
336925,0.01897225
336931,0.43990209
336938,0.04997692
336950,0.50622352
336955,0.06856652
336956,0.04296463
336959,0.10429644
336966,0.40360767
336971,0.09411361
336978,0.05340368
336983,0.03664754
336986,0.01825961
336996,0.19651188
337003,0.35917272
337007,0.05774760
337029,0.14935051
337034,0.04514448
337039,0.02133368
337057,0.28762219
337058,0.06022444
337062,0.24575105
337080,0.02455644
337087,0.00799607
337105,0.02895583
337108,0.04604729
337120,0.13543668
337125,0.18209434
337142,0.02868808
337159,0.14192016
337160,0.07263089
337168,0.06456632
337170,0.05069000
337171,0.02403538
337178,0.11310340
337188,0.09458059
337191,0.04959538
337200,0.02056275
337207,0.07319121
337210,0.05685699
337218,0.01982071
337221,0.14681265
337237,0.01554338
337241,0.54402967
337244,0.25401871
337273,0.21546564
337294,0.07566421
337295,0.02481530
337298,0.03100184
337310,0.01164347
337326,0.04235660
337338,1.56139277
337343,0.09791421
337360,0.05475487
337369,0.66966956
337375,0.37728636
337386,0.03292922
337388,0.91895173
337405,0.06564248
337408,0.02809039
337412,0.01241498
337416,0.05412023
337418,0.14678775
337442,0.54130475
337449,0.04157004
337457,0.01780875
337460,0.03807998
337474,0.05325079
337499,0.08959803
337506,0.09748951
337512,0.14522879
337527,0.22102473
337528,0.03277017
337530,0.05018506
337539,0.36056163
337546,0.03562200
337551,0.09583885
337569,0.04586154
337576,0.05079854
337582,0.07437371
337590,0.16800310
337599,0.05036332
337600,0.64774556
337601,0.58938558
337608,0.02087112
337614,0.37717957
337619,0.18609751
337625,0.33837183
337629,0.09018183
337635,0.05081596
337642,0.09806144
337663,0.41228780
337665,0.28836325
337668,0.01923261
337700,0.16454703
337746,0.02446057
337761,0.02057535
337779,0.13265774
337788,0.05693813
337790,0.06725010
337793,0.04400964
337802,0.19763529
337807,0.07151613
337821,0.20412966
337840,0.02837547
337846,0.19445264
337848,0.54708283
337864,0.06066489
337866,0.08004860
337868,0.02619865
337878,0.01150325
337890,0.13937933
337896,0.10997383
337901,0.08923169
337905,0.09810472
337914,0.38418154
337953,0.01295159
337969,0.01203691
337984,0.04070248
337995,0.10247227
338009,0.04410090
338018,0.06753224
338022,0.06471602
338028,0.19267706
338029,0.11824023
338044,0.00891685
338050,0.08172024
338052,0.18184219
338073,0.31008104
338076,0.02232278
338084,0.02310588
338086,0.01825797
338094,0.08478955
338097,0.19250996
338099,0.13344279
338126,0.04630754
338127,0.50570669
338137,0.40061810
338146,0.01314331
338161,0.03960199
338164,0.09809150
338174,0.01303391
338179,0.61410044
338181,0.08111252
338188,0.01373320
338189,0.10864033
338193,0.07674815
338199,0.02690678
338202,0.26726176
338204,0.12699081
338210,0.13192148
338229,0.06295855
338240,0.19882849
338250,0.06631990
338253,0.51060278
338254,0.02883734
338268,0.06657900
338290,0.07027552
338293,0.09094666
338297,0.08347396
338301,0.04243746
338306,0.04754109
338314,0.03619836
338318,0.03611271
338325,0.09083546
338340,0.12848158
338341,0.14066787
338351,0.03034199
338352,0.41983947
338368,0.04400987
338381,0.02032384
338404,0.01262235
338409,0.08745333
338417,0.04668705
338418,0.07537075
338426,0.01751116
338431,0.08834260
338435,0.05844414
338463,0.10617738
338465,0.03348768
338467,0.14392527
338479,0.36634005
338495,0.10868105
338510,0.09641004
338526,0.04197359
338528,0.15381259
338530,0.02541838
338539,0.02482810
338543,0.08266578
338554,0.03177948
338557,0.11782533
338581,0.42066065
338589,0.09682893
338595,0.61356236
338597,0.03702238
338604,0.18206946
338607,0.02762229
338613,0.01355284
338615,0.01936827
338628,0.08369478
338636,0.23922020
338642,0.00781330
338669,0.10849212
338671,0.06365327
338675,0.34134325
338676,0.64313595
338690,0.05562369
338696,0.12676046
338702,0.78916908
338703,0.02219435
338709,0.14581624
338719,0.12783219
338725,0.23990674
338727,0.04019921
338732,0.02189300
338749,0.03212727
338773,0.07843740
338774,0.03764651
338784,0.18064812
338789,0.03986585
338792,0.28695595
338804,0.18218173
338808,0.23683937
338822,0.01395685
338824,0.06601107
338833,0.07742917
338836,0.17118168
338840,0.33484130
338842,0.21536299
338843,0.05432566
338847,0.06056652
338849,0.63315607
338857,0.10028095
338860,0.12120388
338872,0.15465134
338874,0.14862521
338878,0.13042324
338895,0.04704803
338896,0.27104982
338904,0.19076387
338920,0.11639309
338931,0.04552337
338938,0.02599025
338955,0.09023279
338962,0.02409775
338969,0.42325335
338976,0.12603142
338994,0.02981669
339011,0.03612434
339014,0.10248502
339017,0.02482850
339018,0.72589828
339030,0.04485934
339038,0.00736280
339060,0.01952378
339079,0.08470916
339082,0.02578105
339099,0.04932292
339103,0.03703749
339105,0.04422004
339107,0.01074208
339121,0.57701212
339148,0.09517327
339152,0.03661063
339154,0.12295099
339170,0.49869343
339186,0.04751534
339187,0.04016088
339193,0.07951840
339196,0.15865662
339199,0.05399678
339203,0.50818445
339216,0.34286375
339228,0.07138719
339232,0.25875281
339237,0.03686821
339240,0.05049471
339242,0.03909936
339245,0.02913218
339252,0.08748265
339256,0.03136791
339258,0.12135162
339260,0.02802443
339263,0.15816123
339268,0.10105512
339269,0.15756384
339286,0.47290956
339304,0.03478094
339307,0.11677229
339317,0.05491650
339330,0.27505334
339346,0.41991565
339380,0.03985707
339381,0.05116436
339382,0.07986521
339391,0.02801679
339396,0.04495626
339406,0.05155510
339407,0.05956141
339409,0.20144282
339410,0.06433899
339425,0.05263239
339427,0.05000014
339433,0.13075148
339443,0.03575104
339449,0.09699862
339452,0.08467835
339453,0.09977544
339455,0.05084290
339457,0.07827538
339477,0.03499506
339483,0.10945077
339487,0.50772189
339490,0.00861959
339518,0.09402860
339523,0.26450060
339529,0.02588366
339541,0.22721464
339544,0.30217544
339546,0.30612710
339559,0.25835096
339563,0.01653354
339573,0.06639394
339591,0.04800522
339593,0.12442190
339599,0.08329867
339604,0.23343070
339615,0.05345688
339621,0.02502540
339625,0.34851455
339642,0.13050099
339647,0.46518275
339650,0.16822719
339656,0.03478098
339659,0.07142361
339681,0.18466288
339683,0.16383933
339684,0.09150807
339689,0.19469007
339694,0.02106297
339699,0.27612185
339718,0.09976863
339727,0.07718175
339735,0.05518432
339736,0.03273441
339745,0.02705194
339755,0.11143975
339758,0.02307049
339770,0.00885677
339772,0.03855361
339778,0.06279933
339786,0.09755949
339787,0.30619165
339788,0.21485522
339799,0.18611187
339814,0.03904335
339837,0.02711171
339842,0.07480940
339845,0.10981600
339852,0.12814112
339857,0.31244275
339864,0.04884110
339872,0.06166185
339873,0.00692381
339874,0.06092020
339875,0.11174924
339879,0.34465229
339884,0.05753403
339888,0.10190705
339891,0.19630185
339905,0.07572856
339920,0.08074910
339934,0.18797916
339938,0.16118020
339948,0.01036609
339949,0.04478633
339953,0.02763699
339954,0.19639040
339957,0.08345743
339958,0.38568816
339971,0.06417087
339975,0.06599863
339978,0.01830692
339984,0.04248360
339993,0.05936651
340009,0.14106518
340012,0.03649492
340019,0.04009158
340031,0.06312572
340041,0.37744517
340045,0.03528443
340046,0.25515329
340067,0.02300475
340079,0.04673399
340081,0.07943613
340082,0.03969642
340090,0.05147962
340091,0.08526665
340099,0.03440763
340104,0.07180562
340109,0.06742635
340123,0.35885172
340146,0.03522481
340162,0.05359264
340167,0.15557307
340181,0.09017507
340194,0.01516167
340195,0.01503988
340198,0.05507784
340202,0.61553365
340203,0.47504403
340219,0.07387096
340221,0.04889048
340224,0.03556616
340239,0.02729636
340248,0.16541088
340262,0.04146222
340264,0.11710781
340277,0.79188892
340285,0.01971681
340292,0.06039506
340356,0.23311038
340365,0.23452601
340375,0.11742232
340377,0.01456783
340378,0.39131300
340385,0.26527164
340387,0.10965416
340388,0.14682576
340405,0.08148352
340407,0.04339210
340408,0.05225128
340416,0.10340273
340420,0.01960481
340421,1.08062229
340425,0.04013170
340430,0.15381953
340448,0.71868247
340451,0.07207352
340456,0.06915765
340457,0.10840984
340459,0.10012752
340460,0.14198563
340463,0.07330974
340464,0.06900027
340486,0.02411353
340503,0.31336069
340504,0.02666130
340505,0.02368827
340507,0.13263761
340509,0.06259128
340511,0.29700522
340513,0.13252799
340516,0.40403933
340529,0.03646038
340535,0.02714301
340542,0.31362943
340545,0.11823915
340546,0.96299679
340556,0.16621104
340567,0.01784787
340576,0.10322502
340577,0.03812660
340586,0.06057474
340587,0.34194776
340594,0.14186743
340610,0.99807311
340611,0.15520706
340614,0.14660677
340625,0.02399179
340630,0.10822956
340640,0.10099395
340667,0.13789278
340674,0.01833128
340679,0.36551140
340683,0.12538396
340686,0.26667478
340698,0.02909684
340708,0.01201344
340717,0.09270558
340718,0.02287820
340720,0.05097414
340726,0.03765389
340746,0.04418002
340747,0.01151201
340768,0.10169198
340769,0.04151397
340772,0.63474237
340774,0.12133568
340778,0.02113224
340806,0.12752713
340816,0.06012768
340823,0.03381243
340826,0.02175553
340838,0.32002569
340840,0.06144631
340842,0.02791979
340844,0.12756263
340845,0.05102779
340853,0.81030013
340855,0.49781783
340857,0.07567124
340858,0.09297361
340864,0.13993509
340899,0.20141230
340901,0.05953674
340909,0.13990393
340921,0.03800936
340925,0.05272372
340953,0.06182030
340954,0.12489564
340961,0.04464007
340963,0.31790271
340975,0.27241259
340977,0.04834354
340996,0.07809389
341009,0.07382443
341013,0.13199694
341020,0.15192072
341024,0.12136657
341031,0.06240690
341038,0.12482694
341042,0.06659767
341050,0.03408386
341063,0.47245073
341066,0.02401316
341067,0.01098525
341070,0.34060843
341075,0.09610848
341089,0.03970285
341091,0.01396773
341122,0.10096189
341132,0.09318120
341135,0.12655465
341150,0.67066767
341168,0.18325469
341172,0.28787491
341182,0.06342154
341183,0.01282429
341187,0.29338874
341192,0.07471085
341194,0.07151323
341201,0.05108754
341226,0.06467864
341228,0.08609757
341231,0.05861944
341235,0.05257078
341237,0.03019607
341251,0.10419093
341278,0.11136344
341284,0.01075529
341285,0.13730270
341294,0.03316839
341296,0.03879323
341297,0.07965396
341298,0.09626528
341302,0.04997349
341304,0.07634066
341307,0.18137354
341314,0.08732464
341324,0.08668669
341332,0.74972724
341342,0.07252153
341347,0.02922642
341356,0.12397656
341358,0.06904585
341365,0.10460474
341368,0.08653390
341372,0.02267709
341374,0.08802498
341380,0.04239667
341381,0.12114137
341390,0.14599295
341398,0.91088261
341401,0.25799218
341406,0.08488634
341413,0.07171185
341419,0.03576777
341421,0.05850233
341427,0.08772132
341429,0.06904498
341434,0.01264295
341437,0.01997447
341444,0.19296608
341447,0.02128216
341452,0.03856959
341458,0.36726868
341475,0.07358788
341478,0.03960284
341495,0.02211675
341503,0.03278858
341520,0.02452475
341525,0.05267423
341544,0.07909049
341545,0.02126326
341548,0.02551044
341551,0.04514984
341552,0.12534613
341562,0.21115982
341574,0.11930285
341577,0.03706021
341585,0.23252906
341616,0.10475155
341630,0.08111279
341631,0.04793241
341640,0.28718310
341651,0.03587281
341653,0.16304010
341655,0.51878621
341659,0.02418586
341696,0.52821186
341705,0.45076619
341717,0.03898138
341720,0.07553308
341728,0.04128249
341729,0.02673102
341737,0.02463804
341758,0.01091396
341765,0.11958240
341780,0.44973147
341785,0.11727262
341787,0.09792654
341790,0.04032127
341796,0.01427661
341805,0.06136700
341811,0.05081063
341823,0.06864938
341828,0.70479103
341841,0.02388220
341865,0.05783184
341873,0.05938503
341891,0.03527462
341899,0.02108268
341906,0.05250718
341917,0.04845122
341926,0.11982099
341931,0.04794466
341934,0.01200277
341939,0.31888992
341943,0.16584679
341962,0.05689580
341967,0.18162284
341971,0.07341353
341990,0.01455227
341997,0.15086107
342001,0.03780135
342010,0.03128620
342042,0.23017970
342052,0.10843635
342084,0.20533000
342089,0.02555458
342091,0.03049059
342099,0.01937012
342109,0.06186599
342111,0.08621574
342119,0.03404002
342120,0.16009384
342125,0.03697240
342127,0.41557614
342128,0.43712139
342135,0.11042737
342136,0.09952448
342138,0.07293729
342148,0.14946241
342153,0.24771179
342154,0.17005906
342157,0.04238256
342163,0.03777872
342168,0.04243545
342173,0.48187612
342182,0.09779341
342185,0.02388174
342194,0.13059670
342198,0.02538262
342210,0.03064394
342214,0.16406384
342220,0.09456414
342222,0.01204529
342223,0.08650556
342230,0.08868709
342239,0.06513878
342247,0.07674655
342248,0.39722226
342252,0.07533499
342257,0.35899522
342271,0.50629954
342272,0.03072413
342290,0.09364645
342295,0.04850235
342297,0.05362647
342298,0.07734217
342301,0.05789778
342305,0.14740667
342308,0.01313312
342314,0.02399736
342322,0.08535204
342340,0.09457754
342350,0.03921008
342353,0.04445640
342358,0.11110717
342377,0.04732246
342378,0.03586156
342382,0.28915591
342390,0.03854729
342396,0.25959625
342439,0.19091709
342442,0.08762803
342447,0.07683953
342449,0.04234582
342450,0.23262980
342451,0.15593729
342454,0.16235149
342455,0.45294956
342467,0.06620624
342476,0.58975273
342481,0.24775934
342498,0.05702376
342503,0.03612502
342510,0.01786061
342513,0.08581978
342523,0.02040255
342527,0.66384766
342555,0.30842480
342566,0.15286737
342584,0.02583008
342593,0.01664344
342600,0.03221011
342611,0.05906689
342614,0.03382602
342637,0.07971867
342639,0.01127704
342656,0.42022426
342669,0.03352990
342684,0.24697405
342686,0.29054901
342690,0.38302315
342693,0.01727818
342701,0.25841994
342702,0.62242175
342703,0.12234313
342706,0.05834851
342711,0.05882934
342730,0.05016151
342744,0.17126631
342753,0.49109638
342769,0.04468367
342779,0.42361520
342788,0.03906412
342792,0.02179305
342794,0.11987467
342795,0.06719851
342799,0.06251960
342802,0.71038450
342803,0.16536358
342812,0.12115842
342820,0.31717987
342824,0.01847045
342835,0.17241606
342836,0.12090562
342851,0.02889532
342860,0.08191099
342862,0.09957659
342870,0.10748090
342873,0.06138872
342894,0.02336108
342916,0.01664961
342950,0.62026968
342970,0.08138838
342971,0.24826799
342980,0.01783307
342981,0.05530080
343004,0.35306899
343044,0.00886399
343045,0.36019356
343072,0.07170087
343078,0.05492673
343080,0.52789948
343085,0.10368797
343126,0.07051036
343137,0.04328679
343139,0.03823292
343144,0.31135877
343155,0.07271095
343163,0.03194895
343165,0.05572719
343190,0.04597196
343205,0.02766253
343221,0.05539203
343226,0.03368791
343233,0.08910767
343236,0.03529883
343241,0.33741177
343245,0.23284880
343256,0.17638274
343260,0.13127194
343276,0.03891106
343298,0.05455527
343299,0.03224491
343310,0.50056059
343312,0.06436401
343317,0.06250228
343319,0.02528621
343324,0.04033295
343345,0.06527559
343348,0.04852115
343354,0.15597864
343363,0.03198177
343365,0.43180175
343376,0.02069196
343380,0.27567454
343401,0.11775400
343412,0.03599079
343414,0.01427903
343415,0.21388943
343418,0.13617934
343419,0.29148698
343421,0.01909876
343423,0.03354458
343432,0.00687083
343436,0.04293138
343440,0.26767549
343458,0.02146638
343470,0.19799235
343471,0.05011427
343480,0.15036072
343484,0.02997658
343492,0.81412694
343500,0.12592711
343503,0.02963155
343522,0.14968468
343525,0.01616023
343562,0.50433926
343577,0.19662206
343580,0.27750151
343591,0.02604497
343594,0.06855606
343602,0.19796610
343611,0.02506533
343615,0.25855595
343639,0.03280929
343643,0.08190975
343645,0.09753510
343647,0.01794772
343669,0.01031436
343683,0.05339053
343702,1.00609559
343703,0.09227644
343704,0.02335050
343710,0.02357350
343724,0.80772286
343730,0.13974318
343742,0.25428321
343743,0.05847034
343745,0.03456011
343775,0.22808209
343783,0.05982737
343794,0.10784991
343795,0.04197266
343816,0.02235554
343820,0.06523008
343823,0.42909394
343836,0.04049958
343845,0.06483729
343888,0.51769626
343893,0.04594511
343898,0.10650322
343914,0.03646142
343918,0.04338769
343920,0.09312589
343928,0.17282255
343931,0.06440190
343968,0.13641681
343990,0.12931572
343991,0.07987412
343996,0.04897943
344002,0.19824979
344004,0.09867653
344008,0.31635292
344011,0.05098882
344013,0.47322978
344014,0.09838355
344015,0.05629182
344016,0.03670709
344019,0.14854787
344026,0.01297630
344027,0.05688191
344029,0.15435905
344039,0.38768308
344041,0.70300689
344042,0.03660007
344047,0.19118566
344053,0.96058042
344055,0.06902414
344060,0.05609026
344064,0.04940804
344067,0.04548533
344080,0.03661606
344083,0.05312187
344088,0.01551934
344090,0.12071347
344093,0.02257063
344099,0.03401912
344113,0.12873981
344114,0.08569609
344119,0.02436420
344121,0.12277266
344135,0.16635181
344138,0.07728807
344159,0.09157491
344172,0.02489747
344176,0.08035111
344192,0.02088359
344202,0.13155018
344219,0.18332041
344225,0.04820809
344229,0.60337803
344240,0.02456460
344241,0.06540805
344249,0.02189098
344252,0.40834464
344256,0.09094745
344260,0.11220941
344264,0.04398193
344267,0.05248232
344275,0.07233459
344283,0.02121044
344292,0.03515600
344296,0.03378322
344297,0.06683642
344299,0.06944760
344303,0.17946832
344313,0.08508176
344315,0.03875872
344317,0.09488545
344323,0.04131464
344328,0.24113408
344339,0.03867521
344343,0.12144417
344345,0.03068968
344356,0.12535354
344358,0.07202237
344359,0.08886241
344366,0.14564311
344370,0.05485574
344382,0.01132485
344383,0.10791065
344386,0.19897975
344388,0.32168418
344393,0.01688298
344395,0.09253805
344401,0.06064130
344402,0.23145161
344404,0.15149158
344422,0.01110257
344427,0.06831352
344433,0.03471541
344444,0.17658509
344454,0.02656083
344460,0.09303060
344480,0.05531229
344483,0.05690114
344488,0.39445652
344496,0.43220283
344504,0.29387485
344516,0.08622442
344524,0.08265800
344540,0.30673256
344542,0.05668360
344550,0.06899335
344558,0.04006829
344561,0.04467772
344568,0.48941791
344571,0.06405075
344621,0.11596562
344633,0.13765418
344635,0.22223525
344660,0.05314261
344662,0.03362613
344681,0.01403937
344683,0.44068258
344685,0.12698720
344716,0.70689449
344726,0.09729441
344749,0.11700427
344750,0.40189230
344752,0.03987679
344760,0.02235006
344762,0.33539574
344768,0.06055535
344770,0.29551511
344772,0.50621844
344778,0.06612900
344783,0.17134827
344793,0.01606360
344814,0.10853666
344815,0.01844223
344818,0.01664111
344819,0.05169612
344826,0.17130041
344828,0.67849997
344835,0.09422024
344864,0.02910789
344869,0.38398129
344875,0.51847544
344883,0.01888700
344885,0.04092417
344887,0.06613998
344889,0.12294261
344892,0.54478284
344895,0.05004871
344913,0.01511652
344934,0.01873463
344939,0.37039615
344947,0.48314566
344964,0.28026686
344969,0.07974048
344973,0.13335687
344977,0.18484853
344978,0.14287874
344991,0.08608674
345010,0.10979554
345011,0.04081746
345012,0.19610835
345020,0.07485716
345021,0.03664756
345042,0.02364949
345046,0.02149378
345070,0.01890828
345078,0.47780756
345085,0.20617130
345087,0.31755714
345093,0.07612373
345094,0.30831683
345097,0.07805057
345107,0.01713636
345109,0.77378471
345117,0.02461740
345118,0.03803126
345126,0.64570298
345142,0.03827835
345143,0.07035489
345149,0.05938829
345150,0.02038038
345154,0.58231064
345174,0.04180435
345184,0.09682884
345193,0.07144594
345196,0.05115874
345202,0.05634404
345207,0.09313757
345209,0.37445670
345211,0.06684566
345212,0.21692824
345213,0.08648214
345218,0.01360542
345228,0.03020014
345234,0.04618433
345251,0.06059602
345252,0.04419624
345260,0.07681703
345269,0.01142762
345275,0.08988959
345300,0.01110253
345305,0.06603757
345306,0.55579995
345310,0.09271687
345315,0.44121971
345324,0.03561995
345329,0.03171043
345359,0.33869365
345360,0.15616448
345364,0.02280721
345385,0.04496071
345387,0.03369442
345390,0.02802675
345402,0.16833113
345404,0.07739319
345405,0.05720988
345416,0.18525426
345425,0.24260778
345432,0.19230288
345437,0.33240130
345442,0.01806751
345450,0.03488957
345458,0.04487956
345467,0.11776661
345468,0.41915016
345470,0.07286892
345478,0.02801003
345479,0.26919535
345482,0.21160732
345489,0.10242154
345492,0.05894734
345499,0.10778392
345502,0.03563123
345515,0.05373747
345538,0.02160604
345542,0.11836426
345548,0.01601751
345550,0.04552754
345552,0.02339487
345557,0.01842177
345560,0.01873481
345563,0.07060544
345564,0.38956764
345580,0.05564359
345582,0.06155283
345583,0.02447103
345604,0.27028268
345622,0.02400960
345630,0.10551251
345634,0.07069101
345643,0.19973077
345646,0.03556602
345685,0.19916583
345687,0.02652356
345694,0.04255824
345717,0.11316410
345718,0.27843344
345726,0.13794504
345733,0.08421292
345738,0.04946148
345754,0.08991525
345761,0.05035364
345771,0.09624107
345778,0.07899452
345780,0.84903004
345788,0.17229807
345796,0.27351051
345800,0.31419993
345808,0.25459419
345812,0.03336274
345821,0.11665263
345822,0.21726162
345843,0.29222088
345853,0.10450848
345854,0.02535921
345857,0.01164790
345858,0.10074182
345867,0.03029989
345884,0.10650693
345892,0.03734581
345893,0.05112623
345896,0.04099908
345902,0.03399027
345906,0.15559760
345913,0.03619404
345916,0.12369805
345922,0.07344574
345923,0.48270916
345924,0.03161352
345935,0.17112101
345941,0.03289765
345948,0.33033692
345953,0.08081111
345958,0.05318365
345962,0.05093503
345966,0.34363644
345973,0.04090887
345976,0.23738829
345989,0.03443448
345999,0.04240349
346003,0.06578025
346014,0.13792373
346027,0.03970328
346036,0.24385907
346048,0.08028111
346052,0.02518308
346057,0.09726543
346058,0.39615917
346064,0.62318886
346076,0.30380612
346079,0.07926725
346081,0.22822864
346091,0.02296213
346099,0.25418762
346104,0.05123330
346111,0.03279214
346117,0.39100325
346118,0.13843372
346126,0.27783072
346135,0.29127566
346141,0.13137568
346150,0.05924447
346153,0.09506470
346155,0.06764410
346164,0.07548038
346166,0.28217314
346173,0.02870203
346179,0.02854329
346184,0.05871862
346188,0.01686924
346201,0.21854839
346207,0.18753225
346213,0.14844652
346219,0.01720931
346245,0.04665158
346271,0.10809231
346273,0.22057280
346290,0.08480244
346300,0.18949250
346314,0.05717810
346328,0.01858954
346329,0.09790710
346338,0.01656716
346340,0.06534788
346341,0.10643193
346347,0.11191691
346358,0.53989381
346362,0.07164708
346373,0.01549307
346377,0.29324535
346379,0.95551985
346384,0.22295488
346387,0.06278945
346392,0.05334119
346396,0.04989033
346402,0.08086129
346405,0.11140732
346407,0.07218894
346409,0.06022031
346414,0.10085938
346423,0.08463889
346424,0.04124205
346428,0.01274359
346443,0.11359934
346444,0.02177829
346446,0.42295128
346449,0.11121342
346456,0.03202348
346476,0.02857286
346477,0.04171327
346480,0.04050093
346492,0.10321812
346526,0.08678838
346536,0.13395826
346539,0.01755802
346543,0.27834672
346544,0.01987729
346546,0.02926296
346591,0.52278130
346598,0.17124964
346599,0.04158734
346618,0.15818579
346620,0.03902431
346623,0.04381678
346631,0.03736804
346639,0.03084893
346657,0.08272994
346661,0.29711786
346671,0.14108299
346672,0.11567922
346694,0.02745853
346712,0.39452401
346714,0.09738878
346723,0.05533415
346727,0.12750790
346729,0.05531901
346747,0.03136541
346765,0.19816180
346775,0.20530818
346784,0.17123802
346797,0.08963232
346799,0.23920354
346802,0.04528175
346807,0.02779390
346822,0.06021349
346828,0.16580767
346836,0.14151188
346838,0.02474279
346841,0.28513617
346843,0.05898926
346848,0.07750080
346850,0.06588239
346851,0.09377079
346855,0.08287282
346856,0.03145296
346860,0.13426807
346870,0.21487584
346881,0.34052904
346884,0.05231061
346887,0.02959633
346890,0.00719742
346904,0.10016124
346912,0.01326408
346914,0.53936804
346923,0.02365456
346924,0.04178109
346926,0.08393183
346934,0.04293246
346936,0.00684991
346951,0.08633925
346952,0.07823463
346970,0.00950348
346982,0.14634544
346993,0.01480352
347013,0.05820069
347018,0.04112502
347021,0.15570049
347031,0.01880679
347033,0.76041613
347039,0.13231715
347045,0.08556999
347046,0.12133354
347058,0.06539516
347071,0.13444501
347078,0.31640159
347079,0.07072544
347097,0.01730043
347101,0.07309745
347120,0.08464537
347121,0.11038828
347133,0.01145641
347161,0.32625466
347163,0.03256513
347173,0.01313735
347175,0.07775251
347181,0.02302654
347193,0.76028492
347196,0.39796786
347204,0.28653233
347205,0.36947946
347217,0.71866834
347229,0.03060778
347255,0.03426572
347261,0.07325398
347266,0.21525462
347283,0.04003054
347286,0.06284929
347302,0.02416263
347304,0.05052054
347321,0.06685929
347323,0.03570883
347331,0.54514971
347340,0.12978991
347350,0.11118999
347374,0.01800899
347379,0.05414329
347404,0.23432667
347415,0.13128563
347438,0.28353365
347439,0.06793847
347443,0.09830499
347450,0.23056465
347456,0.02800612
347458,0.48019818
347463,0.05063545
347471,0.02825576
347476,0.03227269
347482,0.14703200
347483,0.03041671
347492,0.06803389
347498,0.08948171
347499,0.06283359
347501,0.05621695
347521,0.06945318
347527,0.03165801
347531,0.01776845
347540,0.08186461
347556,0.05007604
347575,0.03975989
347579,0.01427415
347581,0.09046301
347583,0.06633199
347611,0.01418366
347614,0.16086713
347621,0.06492890
347629,0.29425582
347639,0.08215110
347642,0.07245032
347650,0.28410914
347665,0.07144457
347674,0.04151096
347678,0.51331836
347689,0.04818832
347690,0.02623948
347708,0.17654404
347712,0.89005307
347722,0.42043061
347728,0.07233573
347734,0.03306920
347736,0.35731311
347747,0.17586044
347748,0.03008432
347753,0.18985544
347755,0.27330892
347756,0.08903900
347757,0.02796045
347763,0.35226108
347770,0.16343092
347771,0.19857813
347784,0.04626533
347792,0.14681698
347793,0.03281359
347801,0.05285241
347808,0.33284407
347821,0.03026933
347824,0.08956375
347829,0.29129174
347841,0.96903096
347845,0.02100298
347846,0.97751601
347853,0.32542835
347854,0.07019563
347858,0.11269769
347859,0.03408113
347864,0.01828608
347869,0.04881202
347876,0.07783091
347880,0.06909277
347884,0.01695252
347888,0.02348987
347893,0.02923617
347900,0.12138236
347902,0.05580121
347910,0.05757099
347912,0.01030600
347915,0.05965031
347916,0.04995810
347919,0.01760913
347923,0.05752328
347952,0.65490398
348002,0.42004618
348003,0.03120054
348008,0.20416172
348014,0.02826050
348027,0.23001960
348031,0.15605033
348051,0.07026149
348060,0.04644449
348064,0.08616481
348066,0.08650296
348069,0.20127953
348077,0.33308547
348081,0.03588315
348087,0.11852824
348088,0.02045455
348094,0.25013223
348100,0.04077733
348119,0.03502433
348122,0.13202483
348141,0.49041600
348145,0.01755849
348154,0.02193325
348158,0.06335053
348163,0.46618660
348176,0.09618662
348177,0.02513942
348181,0.56338405
348190,0.07555366
348195,0.32571880
348197,0.15265344
348200,0.01450329
348209,0.07763489
348216,0.04701828
348217,0.10833705
348223,0.41000582
348228,0.03660624
348230,0.06715097
348249,0.03953213
348251,0.09823820
348261,0.14802643
348264,0.03738864
348271,0.03483878
348273,0.05303275
348280,0.20050518
348283,0.10291276
348285,0.25233963
348306,0.08700996
348312,0.27513749
348327,0.08072111
348328,0.31140388
348344,0.09594011
348358,0.39400782
348361,0.03788291
348362,0.61029056
348364,0.05168001
348370,0.03699124
348380,0.17327341
348400,0.12090892
348420,0.30209187
348428,0.06799391
348430,0.03435973
348445,0.06495793
348460,0.09350758
348462,0.02783631
348465,0.08297908
348481,0.02216743
348482,0.02519565
348485,0.07506266
348491,0.19812410
348492,0.80644987
348522,0.30042391
348531,0.12277111
348536,0.05484404
348546,0.28421490
348547,0.06362812
348548,0.04541363
348551,0.02219008
348554,0.38002208
348564,0.05607473
348571,0.26844881
348577,0.36420385
348593,0.26156585
348595,0.30114802
348606,0.02311980
348621,0.01585021
348630,0.08741248
348633,0.38131532
348644,0.17459822
348646,0.01141943
348680,0.05279531
348692,0.07588141
348698,0.23829865
348703,0.16805744
348712,0.04517762
348726,0.61483457
348727,0.02497786
348731,0.02930512
348733,0.06911866
348747,0.65807222
348753,0.02959023
348756,0.11745734
348760,0.21971756
348771,0.08862228
348785,0.02684317
348789,0.13930377
348793,0.02563132
348797,0.00813295
348799,0.03558186
348811,0.08754248
348812,0.09480117
348818,0.05985135
348822,0.03607615
348833,0.38945053
348849,0.06128494
348875,0.15201387
348878,0.02725988
348879,0.06122000
348884,0.51082500
348887,0.05052767
348890,0.18759858
348901,0.02440688
348911,0.14305108
348936,0.01681045
348941,0.03304860
348949,0.03855023
348950,0.03722937
348952,0.00759864
348954,0.05018000
348971,0.09969613
348979,0.69625831
348985,0.19813212
348989,0.22576719
348999,0.03133470
349006,0.11823719
349013,0.51785352
349015,0.01753439
349024,0.05414936
349033,0.04524788
349047,0.08573678
349060,0.05488624
349065,0.09387863
349071,0.31740110
349081,0.13286164
349088,0.09074233
349093,0.02543115
349101,0.06303860
349107,0.16967033
349113,0.08062876
349123,0.07573978
349125,0.04208013
349129,0.08646151
349131,0.10325323
349132,0.02938382
349163,0.12532893
349168,0.04669955
349172,0.05696674
349187,0.01666622
349192,0.31467471
349193,0.06468039
349203,0.07184862
349227,0.09323949
349234,0.09589552
349248,0.06258158
349249,0.04914850
349254,0.06484129
349259,0.07941606
349265,0.17346911
349276,0.03076632
349281,0.04677683
349283,0.08312884
349288,0.09010108
349297,0.23251969
349299,0.09474629
349304,0.00845541
349306,0.17224723
349310,0.09164661
349314,0.04204779
349320,0.07502525
349326,0.29848857
349329,0.02741409
349337,0.11713803
349357,0.13772739
349363,0.03219637
349374,0.02603768
349375,0.08733782
349394,0.03814399
349399,0.05726538
349404,0.03839811
349419,0.06161234
349422,0.33265417
349425,0.79377658
349432,0.01550784
349433,0.25649595
349436,0.00822614
349437,0.03857641
349439,0.04017052
349484,0.03285711
349488,0.14681173
349490,0.35198365
349538,0.15860344
349541,0.03019712
349543,0.03171247
349552,0.04114992
349560,0.17501152
349565,0.12243022
349570,0.13232610
349586,0.08146067
349589,0.06519001
349592,0.09762766
349596,0.15026506
349598,0.04516362
349601,0.03648414
349608,0.84624002
349615,0.11886470
349645,0.03390189
349654,0.11102174
349671,0.07315517
349679,0.17355280
349693,0.08185891
349706,0.47224065
349707,0.24307356
349708,0.03087031
349719,0.07022617
349727,0.23549118
349730,0.01863703
349735,0.32900760
349744,0.24386797
349745,0.05622431
349760,0.52851604
349765,0.05647908
349778,0.12505837
349787,0.10738302
349802,0.08274099
349812,0.36583363
349815,0.02073235
349847,0.08644509
349854,0.12801458
349855,0.46816199
349872,0.02954680
349873,0.12877146
349874,0.04023605
349886,0.03050697
349887,0.22102074
349911,0.06209795
349916,0.03141495
349920,0.35394766
349921,0.03943868
349929,0.04594698
349931,0.02905419
349935,0.01110917
349939,0.09733378
349960,0.02487777
349967,0.10004644
349969,0.11229725
349971,0.14042870
349977,0.03099515
349979,0.11441315
349981,0.04324236
349982,0.21727081
349992,0.04095920
349994,0.06735886
350005,0.00884564
350006,0.02976381
350009,0.08985945
350017,0.06348446
350021,0.21004003
350023,0.19979233
350032,0.17398781
350033,0.11286811
350036,0.12521417
350037,0.07234354
350048,0.60677042
350052,0.15001149
350063,0.04639620
350077,0.06727135
350078,0.20185237
350086,0.36918222
350087,0.02055471
350107,0.00560722
350110,0.04567958
350114,0.17377678
350119,0.53109855
350139,0.03754697
350154,0.06830073
350174,0.56803605
350177,0.11891224
350190,0.41991782
350193,0.13296521
350203,0.03079592
350206,0.19862004
350210,0.07619073
350225,0.17122077
350242,0.01670754
350264,0.05607341
350273,0.01195244
350277,0.15628314
350283,0.12982853
350286,0.03357620
350288,0.19441882
350290,0.09705092
350293,0.06979945
350310,0.45533884
350327,0.27164658
350330,0.05507536
350334,0.26155948
350340,0.03889590
350342,0.21217715
350344,0.09027094
350370,0.03061761
350372,0.13138794
350376,0.29273164
350387,0.06903734
350389,0.09144691
350395,0.53998491
350397,0.52924648
350433,0.04290899
350436,0.21946909
350442,0.00805237
350445,0.03537884
350446,0.27763831
350457,0.26278377
350480,0.03903272
350481,0.01951382
350484,0.10769031
350494,0.05502927
350511,0.01717263
350529,0.02770737
350531,0.01168258
350535,0.02388627
350539,0.01086567
350543,0.13205118
350544,0.07973171
350550,0.05975016
350558,0.13164340
350569,0.38292007
350571,0.35790142
350577,0.18687358
350582,0.16673511
350585,0.07005461
350596,0.02745914
350598,0.12427512
350599,0.07792602
350602,0.08989320
350612,0.02237865
350621,0.12614101
350626,0.05328217
350628,0.02927324
350638,0.09398040
350646,0.24298571
350652,0.01659917
350665,0.15507295
350671,0.14831157
350677,0.05100326
350694,0.23856440
350697,0.20013732
350699,0.12303952
350703,0.13748330
350705,0.58710096
350708,0.01473001
350724,0.09655643
350731,0.01643318
350740,0.03410974
350745,0.07404678
350749,0.05644128
350754,0.31617390
350757,0.01992242
350764,0.08780349
350766,0.11582507
350779,0.07256908
350794,0.09933672
350805,0.02351617
350810,0.03878326
350817,0.26589531
350825,0.03096182
350829,0.07201005
350832,0.02515907
350841,0.02327147
350855,0.01873394
350862,0.02069056
350867,0.06823169
350871,0.08092723
350874,0.11875378
350891,0.01662599
350895,0.13006156
350898,0.16214218
350899,0.02414446
350902,0.05824489
350913,0.04722714
350916,0.01963676
350933,0.04333737
350944,0.04988978
350954,0.33287542
350959,0.02366033
350965,0.01912542
350969,0.07028076
350984,0.04811261
350997,0.06313471
350999,0.19950842
351002,0.35671426
351008,0.08053581
351014,0.07159430
351025,0.08774619
351026,0.05749492
351046,0.30644554
351048,0.02618537
351070,0.05411053
351073,0.03920684
351079,0.04692322
351085,0.36922504
351091,0.06429305
351094,0.11949851
351115,0.01943963
351117,0.09621866
351126,0.06423728
351142,0.01361060
351151,0.06756525
351171,0.02905514
351178,0.06616672
351186,0.01078067
351194,0.18234119
351201,0.01398162
351223,0.09929751
351225,0.16232040
351226,0.09849080
351227,0.05580310
351240,0.14122877
351243,0.04117179
351244,0.41218075
351245,0.04917884
351248,0.09795518
351252,0.02380885
351259,0.17058057
351265,0.08777865
351291,0.14606868
351292,0.03934295
351294,0.07986324
351298,0.03794839
351303,0.35519738
351311,0.02803709
351326,0.05312237
351331,0.09090036
351338,0.03297673
351339,0.15671294
351364,0.11139184
351380,0.19533821
351383,0.05124234
351385,0.01974936
351386,0.04474480
351389,0.06625935
351392,0.24700181
351393,0.06213830
351407,0.29343209
351419,0.03166436
351422,0.03030725
351423,0.27044467
351430,0.09750179
351446,0.02487919
351454,0.12031468
351458,0.06607571
351461,0.03771328
351489,0.01215082
351495,0.02690084
351520,0.17314987
351526,0.33040028
351535,0.02375552
351541,0.01803646
351567,0.03133639
351580,0.05903016
351581,0.58837557
351584,0.03384160
351587,0.12127629
351589,0.22287471
351593,0.46542723
351616,0.07266156
351619,0.06944040
351625,0.07594194
351626,0.02213484
351635,0.11937149
351641,0.02558813
351655,0.06681388
351658,0.15955790
351669,0.29948704
351670,0.02319446
351671,0.08121584
351680,0.02383082
351687,0.01215189
351699,0.01489159
351722,0.12118973
351725,0.28185116
351740,0.09242688
351747,0.15930151
351758,0.03533725
351771,0.05018740
351780,0.15555352
351786,0.02506444
351789,0.05204188
351796,0.09607949
351801,0.10407448
351814,0.02299521
351817,0.12508987
351819,0.19970558
351825,0.18812220
351830,0.58280922
351831,0.07111161
351834,0.04273110
351836,0.11222107
351837,0.19388178
351838,0.03807823
351839,0.41368307
351846,0.35031780
351863,0.09211605
351864,0.04380595
351880,0.03910181
351887,0.13833753
351891,0.11291738
351892,0.23876190
351898,0.65198871
351907,0.15517094
351916,0.10391114
351936,0.05591698
351937,0.07850395
351945,0.18926687
351957,0.03088792
351958,0.05301235
351962,0.04286150
351967,0.05353268
351970,0.22262307
351973,0.14984445
351978,0.02258203
351984,0.05462290
351989,0.30472650
351992,0.47800030
352015,0.19315986
352036,0.03406571
352043,0.06760977
352049,0.02237840
352053,0.11182853
352056,0.01441132
352058,0.05927982
352064,0.00725496
352065,0.03014516
352075,0.01372564
352092,0.05501166
352096,0.03543042
352097,0.01411537
352102,0.04712579
352103,0.00853891
352117,0.08075752
352119,0.02148700
352139,0.08715573
352145,0.01371357
352158,0.04163968
352198,0.13829384
352199,0.02340869
352200,0.49970835
352205,0.15002758
352241,0.02317246
352244,0.27479895
352258,0.10186505
352260,0.01677476
352266,0.02320243
352273,0.09566232
352283,0.05240331
352303,0.25160525
352304,0.34713539
352351,0.12233589
352353,0.11220095
352379,0.06135756
352389,0.21084031
352390,0.07626551
352391,0.11134176
352403,0.13548818
352407,0.03088322
352409,0.36068078
352421,0.02831927
352425,0.07049555
352447,0.06254547
352450,0.12723811
352451,0.38097339
352457,0.04654237
352468,0.15489810
352482,0.06575439
352495,0.07923480
352501,0.49080408
352506,1.11832170
352508,0.51401642
352522,0.47516612
352528,0.16544045
352539,0.03738800
352540,0.02384850
352551,0.26642305
352560,0.05138472
352561,0.17715688
352565,0.07046375
352566,0.06314857
352584,0.39287656
352592,0.09847550
352626,0.27007884
352650,0.02120573
352655,0.02832913
352668,0.60233496
352670,0.02403302
352685,0.43935119
352690,0.18512412
352692,0.04423989
352694,0.11954468
352700,0.11479733
352701,0.03248231
352708,0.14937621
352711,0.30130705
352734,0.13746717
352738,0.17425447
352742,0.03884876
352745,0.20608322
352746,0.06034924
352751,0.11240996
352762,0.19295048
352767,0.02110255
352768,0.03930838
352785,0.01775241
352788,0.05579871
352795,0.12352913
352814,0.08464597
352825,0.12037147
352827,0.05348671
352828,0.02895708
352830,0.09193332
352850,0.04731078
352890,0.01798033
352901,0.02398104
352907,0.04694132
352909,0.26270351
352913,0.03310711
352925,0.07020692
352927,0.03764653
352928,0.22320860
352938,0.19948615
352942,0.05819016
352943,0.38671787
352952,0.01553607
352958,0.04916051
352962,0.06002472
352967,0.13484482
352972,0.07727282
352988,0.00788848
352991,0.07396203
353002,0.09844714
353008,0.14415354
353011,0.06480814
353014,0.17991753
353018,0.01053104
353023,0.03643060
353029,0.04115624
353031,0.07259580
353035,0.36194435
353037,0.16396761
353042,0.05132883
353054,0.03736528
353078,0.06974061
353122,0.24444856
353123,0.09363321
353140,0.05203510
353145,0.15398518
353167,0.15442362
353177,0.32952288
353179,0.59402710
353185,0.04477207
353194,0.47610392
353195,0.10219413
353208,0.43600726
353210,0.07726819
353214,0.23581183
353215,0.50135162
353240,0.12638427
353241,0.20931085
353247,0.05559311
353259,0.25014172
353262,0.35358791
353264,0.37527491
353278,0.09709686
353279,0.15982946
353280,0.22717357
353287,0.17760706
353288,0.05894839
353290,0.13919641
353299,0.01659986
353314,0.13778965
353328,0.14580087
353340,0.14005341
353350,0.02802902
353352,0.02281615
353364,0.07906419
353371,0.02400765
353373,0.04252774
353374,0.23050181
353389,0.01458920
353395,0.13382168
353419,0.88218951
353427,0.03720017
353441,0.35222302
353454,0.02829315
353469,0.20573683
353475,0.20756776
353481,0.00588686
353483,0.27422119
353484,0.17641704
353488,0.11124225
353496,0.00785958
353504,0.01578361
353505,0.30093253
353509,0.02056657
353527,0.08072050
353574,0.18258091
353585,0.11239879
353595,0.06925219
353598,0.02566381
353602,0.12863750
353610,0.15261443
353618,0.02687000
353625,0.02978288
353626,0.53277892
353631,0.01594835
353635,0.03941230
353654,0.05299409
353682,0.16906933
353688,0.31170433
353695,0.09557711
353711,0.01788816
353724,0.20110210
353729,0.08560634
353732,0.03131074
353749,0.13375856
353750,0.02088249
353752,0.08334019
353761,0.03744810
353782,0.00890772
353784,0.16036895
353801,0.00908651
353809,0.08759651
353812,0.07542607
353814,0.04797066
353821,0.03328616
353832,0.12403941
353845,0.55614106
353860,0.18480888
353863,0.03422644
353867,0.02932031
353876,0.05069114
353905,0.05305063
353923,0.09445601
353934,0.09193380
353943,0.08128419
353945,0.08831458
353973,0.02336052
353995,0.01935452
354001,0.10934187
354003,0.36368758
354011,0.03000889
354020,0.06085520
354024,0.55115033
354027,0.07254619
354031,0.08179373
354036,0.03384188
354037,0.24844764
354039,0.03522391
354044,0.03324437
354058,0.04775594
354071,0.01857284
354080,0.38179039
354084,0.02215591
354085,0.06392690
354089,0.01434410
354099,0.10224613
354100,0.03949117
354104,0.02627262
354106,0.09089433
354107,0.29260214
354111,0.04218776
354114,0.18652477
354115,0.17661388
354122,0.38761407
354130,0.15518333
354139,0.13175723
354140,0.08154900
354145,0.10228876
354149,0.01764057
354167,0.01403061
354173,0.76631169
354176,0.07248954
354178,0.03996569
354182,0.03165546
354184,0.11712792
354186,0.12866850
354192,0.01696654
354209,0.04713662
354214,0.06653218
354218,0.20289776
354230,0.17934555
354251,0.02725820
354257,0.08338691
354264,0.37884292
354265,0.01527401
354267,0.04700054
354272,0.05192383
354273,0.24376944
354285,0.05515909
354298,0.13174152
354309,0.08156655
354312,0.25473754
354320,0.03665168
354322,0.17354226
354327,0.02420792
354333,0.25048614
354335,0.14533573
354344,0.43324591
354355,0.38124603
354358,0.02770160
354365,0.08123730
354368,0.12622984
354377,0.06168522
354386,0.06982938
354390,0.02444806
354394,0.03353713
354398,0.03911904
354402,0.04756665
354403,0.01096029
354406,0.71291929
354414,0.14310899
354421,0.02525640
354430,0.13185314
354445,0.08504837
354470,0.03271915
354479,0.01725501
354481,0.01815663
354483,0.19161709
354497,0.07883352
354511,0.07943563
354533,0.03114779
354549,0.59418931
354561,0.51224662
354570,0.08014143
354571,0.10172584
354577,0.16577165
354586,0.15305846
354598,0.08018463
354601,0.05287822
354602,0.01982670
354603,0.05413157
354606,0.04024539
354612,0.02085394
354613,0.01205427
354616,0.14449596
354624,0.05720325
354625,0.56938529
354636,0.04293780
354639,0.20194698
354640,0.02847187
354644,0.17087373
354650,0.02722092
354666,0.36129212
354673,0.13342972
354674,0.03679338
354677,0.08179490
354684,0.10040935
354694,0.36275313
354698,0.07264862
354708,0.04810770
354709,0.10942090
354720,0.09894908
354738,0.12269833
354740,0.07176542
354757,0.03649253
354768,0.06266100
354775,0.14441242
354776,0.14899034
354792,0.16289909
354803,0.24097954
354809,0.04860308
354817,0.02911619
354818,0.02192234
354830,0.03063253
354832,0.10670852
354838,0.19773995
354839,0.06229258
354851,0.05380210
354861,0.06952286
354865,0.10566339
354890,0.25713285
354893,0.15039722
354898,0.11159836
354900,0.28737993
354910,0.39774046
354913,0.03859623
354937,0.05518929
354942,0.05664314
354953,0.00714774
354956,0.04765469
354958,0.03744131
354960,0.09119877
354984,0.16533277
354993,0.05442352
355017,0.09630977
355025,0.06376936
355026,0.12556058
355041,0.13704950
355043,0.06124364
355048,0.03051276
355057,0.07589098
355071,0.09719286
355075,0.20046157
355081,0.03594161
355083,0.19592827
355090,0.04909502
355105,0.19483990
355107,0.04153681
355108,0.26404877
355109,0.33280652
355114,0.06747272
355117,0.14604848
355127,0.02925808
355148,0.03362178
355174,0.15488232
355180,0.11583144
355181,0.06774702
355184,0.51138043
355201,0.01402744
355207,0.06125276
355209,0.10110892
355217,0.06572054
355218,0.03112953
355237,0.06932382
355239,0.06698901
355241,0.24040517
355243,0.31282267
355250,0.39162743
355275,0.03937075
355282,0.04673534
355284,0.07622669
355287,0.12227499
355293,0.07506341
355296,0.05958891
355305,0.04503787
355312,0.11243796
355320,0.11377583
355327,0.03918873
355328,0.01315437
355333,0.07014379
355335,0.09731211
355336,0.15467647
355337,0.23655610
355338,0.28636671
355341,0.02561067
355355,0.22106069
355358,0.10924414
355360,0.62881933
355372,0.13366789
355382,0.02008117
355385,0.10890465
355393,0.76635550
355404,0.01255905
355408,0.11732660
355417,0.04515139
355418,0.04108053
355431,0.01749881
355434,0.02527121
355445,0.12371841
355502,0.05772558
355503,0.31442518
355511,0.13715888
355517,0.31178063
355519,0.29988659
355524,0.13147079
355536,0.12564573
355549,0.03721622
355550,0.06976115
355560,0.22370970
355569,0.01569775
355571,0.02041671
355572,0.04418304
355575,0.08307506
355578,0.08473660
355584,0.12979543
355588,0.04270941
355592,0.25810362
355604,0.06910927
355638,0.13320641
355646,0.12736452
355649,0.03632242
355656,0.03169564
355657,0.06702345
355666,0.02330596
355681,0.26426448
355697,0.12709062
355700,0.08639393
355701,0.12126289
355703,0.11388538
355704,0.35857098
355708,0.02224925
355736,0.11750529
355743,0.14932764
355769,0.03042336
355773,0.14225257
355781,0.09160498
355785,0.08252542
355786,0.29394331
355798,0.03067856
355817,0.10529138
355819,0.08163793
355826,0.03047320
355842,0.56341124
355846,0.14261151
355855,0.04415241
355870,0.06810266
355873,0.00930381
355874,0.66407977
355876,0.48079162
355877,0.03819055
355880,0.02757320
355920,0.10655913
355922,0.02057347
355930,0.04209507
355935,0.02435898
355942,0.28321558
355963,0.05474932
355971,0.10533518
355973,0.01303087
355980,0.09347216
355981,0.09047491
355984,0.17105193
355987,0.43260302
355996,0.30218690
355997,0.01337337
356013,0.06864439
356016,0.10647611
356025,0.03802867
356027,0.01116159
356035,0.07394387
356036,0.21309012
356038,0.16111966
356041,0.01790451
356057,0.08187467
356063,0.08744196
356077,0.02954845
356080,0.16496277
356086,0.02869184
356102,0.05604014
356106,0.08092448
356118,0.10543276
356140,0.03657367
356150,0.67854014
356153,0.06359470
356159,0.13084991
356163,0.17397497
356164,0.03456703
356168,0.13950334
356169,0.01448629
356170,0.03055836
356199,0.11087728
356211,0.02995983
356220,0.10876747
356246,0.02513049
356249,0.03395112
356255,0.17189025
356258,0.08217249
356262,0.39719970
356273,0.01459769
356279,0.31449616
356281,0.01567765
356308,0.15492218
356324,0.18556092
356327,0.11767807
356328,0.00650961
356331,0.07242961
356336,0.05693642
356345,0.02845342
356382,0.13207388
356395,0.13331089
356399,0.29596224
356400,0.03540946
356413,0.06766890
356414,0.07924023
356418,0.10265736
356427,0.03832845
356433,0.01749224
356439,0.02887388
356444,0.06241487
356475,0.12470653
356480,0.16092336
356482,0.28011029
356497,0.01971392
356512,0.06188194
356517,0.74924600
356536,0.06640558
356539,0.05960803
356551,0.06956609
356556,0.19160288
356558,0.54472261
356559,0.01135534
356563,0.03003726
356578,0.23357184
356583,0.29884649
356584,0.80062996
356592,0.09351182
356594,0.02869549
356596,0.08583965
356597,0.01150439
356598,0.03122707
356602,0.03349542
356609,0.23729484
356624,0.15015360
356626,0.06782784
356627,0.04803056
356641,0.10575063
356648,0.14238125
356649,0.25861597
356650,0.09051340
356651,0.02253192
356659,0.05422847
356676,0.12839800
356687,0.35330781
356689,0.07434468
356698,0.02232347
356726,0.06257831
356732,0.03896632
356741,0.40209523
356742,0.01752501
356746,0.05047994
356750,0.10087708
356754,0.12085864
356760,0.06246658
356762,0.04095830
356763,0.22345428
356777,0.15758190
356784,0.07320524
356795,0.20103730
356801,0.04802298
356802,0.04286882
356808,0.02370256
356813,0.16045458
356816,0.04945501
356818,0.28205675
356825,0.18865938
356828,0.07534460
356836,0.03289952
356854,0.07241277
356857,0.03332481
356865,0.05366614
356873,0.02930242
356879,0.03605085
356880,0.07223816
356885,0.11758369
356889,0.02931301
356903,0.03156214
356905,0.02265855
356913,0.09459586
356916,0.07029530
356939,0.07168199
356944,0.15866111
356952,0.22896294
356958,0.07258343
356963,0.04418897
356967,0.01694164
356970,0.04199159
356977,0.02682177
356980,0.12952595
356981,0.08253103
356983,0.12164122
356998,1.00256073
357005,0.04576494
357022,0.14698014
357032,0.20688340
357033,0.11878040
357035,0.04399438
357047,0.23578149
357054,0.02882478
357057,0.23781983
357069,0.13500864
357096,0.46018901
357102,0.14835348
357118,0.04787059
357124,0.09572744
357137,0.10016386
357138,0.13800313
357149,0.03859066
357151,0.13008460
357157,0.05537151
357158,0.20680786
357162,0.02238252
357163,0.04311794
357171,0.02850701
357175,0.03036848
357192,0.01561082
357200,0.09543349
357204,0.07118886
357206,0.43354153
357215,0.24540756
357221,0.04374842
357228,0.02783385
357247,0.03363142
357249,0.17561609
357268,0.03663419
357270,0.10349512
357279,0.16289599
357287,0.07488743
357293,0.03814890
357306,0.02658508
357308,0.28985902
357321,0.05965774
357326,0.09855523
357340,0.01773908
357342,0.12287057
357352,0.03027109
357361,0.07487542
357368,0.03932639
357370,0.12499662
357377,0.03893500
357382,0.00527987
357383,0.04132983
357384,0.05933677
357398,0.06092159
357415,0.03981239
357420,0.13431146
357439,0.08243588
357440,0.01252207
357458,0.03721741
357464,0.17410767
357467,0.01534869
357469,0.33035564
357472,0.13576129
357489,0.13625796
357504,0.43045645
357522,0.14615252
357527,0.05219202
357547,0.28283933
357550,0.09441262
357558,0.05184908
357559,0.36830056
357562,0.04975716
357572,0.10774529
357583,0.40368313
357585,0.75983203
357598,0.03848363
357607,0.05566428
357613,0.03679009
357627,0.05278298
357630,0.05838523
357631,1.00308361
357680,0.00986967
357694,0.03739211
357698,0.18328883
357699,0.03531423
357707,0.00940888
357732,0.02858367
357748,0.35772491
357755,0.27695127
357767,0.08430097
357786,0.02696829
357791,0.07093334
357799,0.02910347
357824,0.02903541
357830,0.04566381
357832,0.07139285
357840,0.14158896
357863,0.12454082
357865,0.06989213
357868,0.50829346
357869,0.03455645
357878,0.04208089
357886,0.19531215
357891,0.02463933
357897,0.02896100
357915,0.49288337
357927,0.01981427
357947,0.03010365
357958,0.02105407
357959,0.04085752
357976,0.04397146
357992,0.37623441
357995,0.00742409
357996,0.04340406
358020,0.13531073
358022,0.45312256
358023,0.08137007
358029,0.03099651
358040,0.07343372
358059,0.03009946
358071,0.05319380
358076,0.05791309
358095,0.04826522
358096,0.07255499
358104,0.05738952
358110,0.09277995
358122,0.28750943
358137,0.02998283
358147,0.07529443
358149,0.04799831
358155,0.09314637
358161,0.13797112
358163,0.08014261
358172,0.29463473
358178,0.10317804
358183,0.11850846
358186,0.02677389
358189,0.12275855
358198,0.06405202
358211,0.22080097
358219,0.03137717
358220,0.24284004
358225,0.18667739
358231,0.01473708
358233,0.02170675
358247,0.49223375
358258,0.22081737
358264,0.10302925
358271,0.53826277
358273,0.06260777
358275,0.04148656
358278,0.08716794
358287,0.09979982
358309,0.03339426
358327,0.03806907
358342,0.04588213
358348,0.03606354
358352,0.02244732
358373,0.26912846
358384,0.04714416
358394,0.03310433
358405,0.48606946
358409,0.03035613
358412,0.62434417
358424,0.16997346
358427,0.01380913
358434,0.16274494
358444,0.36127262
358448,0.04942091
358449,0.06519122
358458,0.01101779
358472,0.07817365
358483,0.11886301
358490,0.08521079
358503,0.03399477
358504,0.14551920
358505,0.04300583
358512,0.29664487
358513,0.04789166
358528,0.03718418
358532,0.03481278
358536,0.06256915
358538,0.08176259
358559,0.11301427
358590,0.10767416
358601,0.27385675
358627,0.02537878
358631,0.17194650
358632,0.05685200
358640,0.11065596
358649,0.10484414
358650,0.02586937
358653,0.04290429
358676,0.01269886
358679,0.05358868
358695,0.07563319
358703,0.13814069
358705,0.03995246
358710,0.01309681
358730,0.01926235
358731,0.18896732
358735,0.21099192
358744,0.11814279
358748,0.10479312
358750,0.01740152
358752,0.00883374
358764,0.19868668
358777,0.02837288
358786,0.39035508
358789,0.13462913
358805,0.13827322
358809,0.01418526
358810,0.03693650
358824,0.07435534
358829,0.12452532
358838,0.37315093
358840,0.07355314
358841,0.16187485
358854,0.14632876
358873,0.39360407
358879,0.10149233
358884,0.11556489
358885,0.00967091
358886,0.01022156
358892,0.13329653
358895,0.14784226
358906,0.01844988
358910,0.03079028
358911,0.00973314
358924,0.47577742
358929,0.03844166
358937,0.36378143
358949,0.60843621
358955,0.03579602
358956,0.38856639
358959,0.21696768
358960,0.01099327
358969,0.05537966
358983,0.02806801
358990,0.19066590
358992,0.03304277
358994,0.23625983
359004,0.11497497
359015,0.07269768
359023,0.15587115
359030,0.03238426
359032,0.04528919
359038,0.10813292
359044,0.19671096
359049,0.11215366
359050,0.05863855
359064,0.02154584
359095,0.03762193
359100,0.31540646
359105,0.02260932
359116,0.08664949
359134,0.20245901
359136,0.39402535
359143,0.03818067
359147,0.01993212
359175,0.09491780
359182,0.04566900
359188,0.03647369
359196,0.04660470
359198,0.06751863
359202,0.04434883
359212,0.09402630
359229,0.16169759
359232,0.16668199
359247,0.05275011
359258,0.22901270
359260,0.36049128
359261,0.14494316
359262,0.35767136
359268,0.09847948
359285,0.02314448
359293,0.05044223
359294,0.02813090
359297,0.12721627
359299,0.02864126
359311,0.02982599
359319,0.17810233
359320,0.08793600
359322,0.19717933
359353,0.05514494
359355,0.11669982
359360,0.38644559
359367,0.03012539
359369,0.02287661
359372,0.02304057
359377,0.17741514
359381,0.02916177
359382,0.06177011
359387,0.09506017
359389,0.03079272
359392,0.10952753
359437,0.35263641
359438,0.02439792
359440,0.06522909
359442,0.07912866
359455,0.04906852
359474,0.31649221
359475,0.07901976
359480,0.86076509
359485,0.06813790
359493,0.00628250
359497,0.02072523
359505,0.02940092
359506,0.11682749
359516,0.04902116
359518,0.01966747
359523,0.08073398
359547,0.55864259
359548,0.07749763
359556,0.05641579
359577,0.06410709
359580,0.20321571
359588,0.21380212
359590,0.04337703
359592,0.06964649
359599,0.01868515
359609,0.19764780
359611,0.05662111
359619,0.07982939
359623,0.81154382
359654,0.06603753
359666,0.16035090
359669,0.07936106
359672,0.02380426
359673,0.94832936
359677,0.01553129
359685,0.16573254
359690,0.07687976
359697,0.10468556
359702,0.01417100
359707,0.35309707
359711,0.03973084
359719,0.11888712
359722,0.08571528
359726,0.23435373
359730,0.11541675
359731,0.10412232
359741,0.16699598
359743,0.32743706
359748,0.01405686
359753,0.02782436
359758,0.68583988
359773,0.03197192
359780,0.07948366
359785,0.05289312
359800,0.02502664
359806,0.50806240
359809,0.23894124
359822,0.04418255
359828,0.21640740
359847,0.11887973
359855,0.06333922
359858,0.03784634
359864,0.03299479
359884,0.08874243
359886,0.03475107
359898,0.31572873
359908,0.68279226
359921,0.98778204
359945,0.06846784
359958,0.00419631
359964,0.25451132
359980,0.05852790
359992,0.04177386
359994,0.37803483
360001,0.09189150
360004,0.03696449
360009,0.22740742
360020,0.06814498
360049,0.65209251
360058,0.04302841
360063,0.07654856
360064,0.01012156
360074,0.02447175
360095,0.04918398
360098,0.03353446
360099,0.00927522
360100,0.12571079
360103,0.07993602
360106,0.04539767
360107,0.10902168
360124,0.28529173
360126,0.01997932
360138,0.20167457
360140,0.03555946
360141,0.00924072
360149,0.31733687
360152,0.41779664
360165,0.11605110
360171,0.02721003
360176,0.53292022
360183,0.06486191
360186,0.01281982
360189,0.35563978
360191,0.21360216
360199,0.38400519
360204,0.06660073
360205,0.13401255
360217,0.18560327
360225,0.11745691
360231,0.04145775
360238,0.04858318
360248,0.42147361
360249,0.02659860
360254,0.17407946
360256,0.14082937
360257,0.08887955
360258,0.12559735
360277,0.13609861
360279,0.07821428
360280,0.71551944
360281,0.71654961
360283,0.03783822
360290,0.13390907
360312,0.08409974
360316,0.03259533
360320,0.01240140
360324,0.43445929
360333,0.05144624
360339,0.06200651
360347,0.03317645
360359,0.27759121
360360,0.28192058
360367,0.03493794
360372,0.02886339
360382,0.12234378
360386,0.06815851
360400,0.05136723
360411,0.12419816
360412,0.09127465
360415,0.04617788
360419,0.18652061
360421,0.05807083
360427,0.04682003
360429,0.62863557
360438,0.05203920
360439,0.01786145
360445,0.43721571
360454,0.56597965
360458,0.12781060
360467,0.02419482
360469,0.09213261
360471,0.04890891
360472,0.02597896
360475,0.05466363
360478,0.22524145
360479,0.07706527
360480,0.14070316
360484,0.11739873
360496,0.05171250
360504,0.07108623
360517,0.03348386
360518,0.36373009
360526,0.05203444
360530,0.10146742
360535,0.10187448
360538,0.48335225
360539,0.09506510
360545,0.02820275
360569,0.06683723
360579,0.17528755
360580,0.06198287
360611,0.02117809
360612,0.03113556
360626,0.01056718
360628,0.06914505
360631,0.10964961
360633,0.04745561
360640,0.05028503
360643,0.96410072
360645,0.02366944
360663,0.00961724
360666,0.05619817
360678,0.05013025
360683,0.07450951
360707,0.18132668
360715,0.21050884
360723,0.19992651
360727,0.02881090
360733,0.36674605
360746,0.01097714
360759,0.06763560
360767,0.06371022
360769,0.02199478
360770,0.03629317
360779,0.04355853
360791,0.09829075
360792,0.02103882
360801,0.19961717
360812,0.19425449
360814,0.02510316
360828,0.04739710
360830,0.37721471
360837,0.11144354
360838,0.33608663
360844,0.20021961
360860,0.02216523
360864,0.20333506
360871,0.07815981
360872,0.12899396
360877,0.09038910
360880,0.03435745
360881,0.02704585
360882,0.07369297
360884,0.03438754
360885,0.07298178
360889,0.29432012
360893,0.32868688
360898,0.09317670
360933,0.63381453
360941,0.12839668
360942,0.06097697
360943,0.03312092
360960,0.05078383
360973,0.25890679
360979,0.16592804
360987,0.03580899
360988,0.05135755
360999,0.09633050
361001,0.04813002
361005,0.18696807
361007,0.14908898
361024,0.03251504
361028,0.06985762
361051,0.06121016
361072,0.04804661
361086,0.08881981
361093,0.38182481
361098,0.05325880
361124,0.03506173
361130,0.03390570
361132,0.07124978
361133,0.01732245
361135,0.39149660
361148,0.68335894
361150,0.03800708
361152,0.07022222
361154,0.10220434
361158,0.05811860
361171,0.05673136
361175,0.26589590
361177,0.01615345
361195,0.26578834
361200,0.02501838
361203,0.24270902
361205,0.07567239
361214,0.09544635
361217,0.07437702
361226,0.02669019
361232,0.04393358
361236,0.04129316
361249,0.03088709
361251,0.51282637
361252,0.08054581
361284,0.09960996
361289,0.07795228
361297,0.03736833
361304,0.26584430
361311,0.16696893
361334,0.30577299
361339,0.05533268
361340,0.17566302
361348,0.07184397
361352,0.05254580
361354,0.03983831
361355,0.11012878
361370,0.43692704
361390,0.13753949
361392,0.06127837
361397,0.24241416
361402,0.21809507
361405,0.08847468
361406,0.04933052
361426,0.01548435
361431,0.07079695
361440,0.01842515
361451,0.83564527
361469,0.27618642
361473,0.08178217
361497,0.06001137
361511,0.02201798
361515,0.01718529
361525,0.04217390
361540,0.10715716
361557,0.25979780
361560,0.06161129
361565,0.02767155
361569,0.04331949
361570,0.04477207
361578,0.02372042
361580,0.19784934
361585,0.06486236
361589,0.03938564
361591,0.00722789
361599,0.12654522
361603,0.10553528
361605,0.13525441
361606,0.47734037
361615,0.68427243
361622,0.10445057
361627,0.04261389
361632,0.10443994
361636,0.03016408
361637,0.10350846
361638,0.16886847
361639,0.04147756
361651,0.06692479
361662,0.20350297
361684,0.06469199
361693,0.14036956
361697,0.22983110
361710,0.01533442
361713,0.14104087
361729,0.26878278
361785,0.01222589
361796,0.08239488
361805,0.09037368
361811,0.10788594
361812,0.08501811
361819,0.20504284
361828,0.04318255
361833,0.00872745
361836,0.12591579
361839,0.09768147
361855,0.02654719
361866,0.16090698
361870,0.08286293
361873,0.11415315
361885,0.05988880
361896,0.07762307
361913,0.06011109
361919,0.06423957
361932,0.17878432
361933,0.09200873
361935,0.24110789
361939,0.06308654
361946,0.01037730
361947,0.04016516
361949,0.09347979
361951,0.17959333
361962,0.20404285
361972,0.04469312
361975,0.05222950
361989,0.03102678
362004,0.32259533
362012,0.01155523
362014,0.10783534
362016,0.01494588
362028,0.10756615
362033,0.01574262
362034,0.26656970
362038,0.01940730
362052,0.22641749
362061,0.02096253
362063,0.06853311
362070,0.10014759
362072,0.01504794
362075,0.06163308
362079,0.05873433
362086,0.02142984
362091,0.11059169
362094,0.07933608
362101,0.00748889
362112,0.04279737
362115,0.53354717
362117,0.03382651
362121,0.80140083
362128,0.16330260
362130,0.03174607
362135,0.25968066
362142,0.06518780
362146,0.19601462
362149,0.07469870
362157,0.05577221
362165,0.02715582
362166,0.05691072
362167,0.04621472
362173,0.04778881
362187,0.04102009
362197,0.12218074
362206,0.04054715
362207,0.02395197
362210,0.04204862
362216,0.08919570
362219,0.49569520
362221,0.13229687
362224,0.03685748
362228,0.04994477
362236,0.07331944
362242,0.12777118
362251,0.03536379
362252,0.05016248
362257,0.06189945
362284,0.03277686
362286,0.04118438
362298,0.23156761
362300,0.16836162
362306,0.04683174
362308,0.48373618
362315,0.01902796
362318,0.04745646
362322,0.03675178
362332,0.22984224
362338,0.07476155
362341,0.48730133
362347,0.55236252
362348,0.15375981
362361,0.40925570
362365,0.13388577
362369,0.28997683
362373,0.02628155
362376,0.10364594
362384,0.05509230
362386,0.03583175
362387,0.04601159
362389,0.05776190
362393,0.04377512
362412,0.03152711
362420,0.06348476
362426,0.21255952
362432,0.03251208
362445,0.35688496
362450,0.03276875
362452,0.21733316
362465,0.03202785
362468,0.31794401
362474,0.09744394
362484,0.01876479
362487,0.22817780
362512,0.03821050
362530,0.01789989
362531,0.08240449
362552,0.03123423
362555,0.06992710
362556,0.12241388
362563,0.23119741
362572,0.02359339
362579,0.02379471
362580,0.46644568
362597,0.16786647
362635,0.01950579
362637,0.11028662
362641,0.16630007
362652,0.06373089
362657,0.03999293
362660,0.02655213
362661,0.08387501
362671,0.05313794
362675,0.09287652
362680,0.05675142
362682,0.04462493
362685,0.09583106
362697,0.01661431
362700,0.51003686
362702,0.04216916
362705,0.20971852
362707,0.11116396
362710,0.03364878
362711,0.24368888
362718,0.16300619
362723,0.05414542
362730,0.06496732
362742,0.43747831
362781,0.10440148
362789,0.30732973
362790,0.03115338
362795,0.02557292
362799,0.06318897
362800,0.09144096
362803,0.09314365
362808,0.07262891
362814,0.05154755
362820,0.02899715
362826,0.06074619
362831,0.08553912
362833,0.06527872
362839,0.29987259
362852,0.08667493
362872,0.16945052
362882,0.11505392
362885,0.24102825
362889,0.04985312
362890,0.08965768
362891,0.35630715
362900,0.14724224
362907,0.08360790
362908,0.05343576
362953,0.01702256
362967,0.11438876
362982,0.01246622
363015,0.04598372
363027,0.08662786
363035,0.06821850
363039,0.14506646
363045,0.04720079
363048,0.24934147
363057,0.89460887
363059,0.17381833
363063,0.20518485
363080,0.08143033
363082,0.27457561
363090,0.53544877
363094,0.03857436
363106,0.03853405
363114,0.57438318
363118,0.29672261
363121,0.16274019
363128,0.05160024
363136,0.05465165
363141,0.03916536
363142,0.05123737
363147,0.01666840
363151,0.03106870
363153,0.06999016
363158,0.00766328
363171,0.01510826
363174,0.04501106
363180,0.01683694
363187,0.02114450
363191,0.22079180
363192,0.01861783
363196,0.02858815
363199,0.05550974
363209,0.04550872
363210,0.09572106
363212,0.15077180
363227,0.13234923
363231,0.11767095
363232,0.02523222
363243,0.04135764
363253,0.07581071
363285,0.05328242
363299,0.13230582
363310,0.10143607
363311,0.03977487
363316,0.40883145
363322,0.55571687
363329,0.02788512
363331,0.06345433
363334,0.07868856
363339,0.01523037
363340,0.48716574
363341,0.04540767
363343,0.68342632
363347,0.02914175
363350,0.03345398
363377,0.11380491
363379,0.19648215
363382,0.04107162
363386,0.10693400
363387,0.05312802
363388,0.01743482
363391,0.02919288
363394,0.09003936
363397,0.05097089
363405,0.08265636
363422,0.02127986
363427,0.07905840
363455,0.06088443
363467,0.10160486
363493,0.10313935
363508,0.06813525
363514,0.81326863
363525,0.08289828
363530,0.21491637
363531,0.01737558
363538,0.02806790
363539,0.01970255
363542,0.04943440
363543,0.04622069
363551,1.22595910
363568,0.02811047
363576,0.11081709
363580,0.20788512
363582,0.02260731
363598,0.12757591
363601,0.05663975
363611,0.12131882
363612,0.07066625
363618,0.04742299
363623,0.20729882
363624,0.25235626
363642,0.03540066
363645,0.17132576
363651,0.43643940
363657,0.08089517
363663,0.14637647
363667,0.04420026
363687,0.10935391
363704,0.03004690
363705,0.12510705
363717,0.03074939
363725,0.03119359
363728,0.00959443
363733,0.05919669
363744,0.23955408
363745,0.03267913
363756,0.08392400
363759,0.19817010
363760,0.16667404
363762,0.07642131
363768,0.11761449
363777,0.12904518
363782,0.02811612
363785,0.02055192
363797,0.10640399
363815,0.01575794
363822,0.03072227
363834,0.21060398
363842,0.15782686
363845,1.13905474
363846,0.05574977
363849,0.07032373
363850,0.04479761
363853,0.02861417
363859,0.07814453
363860,0.03524976
363877,0.04997773
363881,0.05317899
363893,0.01280469
363902,0.20531149
363903,0.10407557
363916,0.10109396
363924,0.21937687
363940,0.13989465
363944,0.10633409
363955,0.18869491
363960,0.03532054
363984,0.01469367
363990,0.13895245
364009,0.23496903
364014,0.38170529
364035,0.03050369
364043,0.03325728
364065,0.02308229
364067,0.02978666
364068,0.15441940
364072,0.41411046
364079,0.08419402
364094,0.17171317
364096,0.04212477
364105,0.29144458
364109,0.05551018
364122,0.44076223
364141,0.15825390
364146,0.42416233
364147,0.08642319
364151,0.08036036
364152,0.01425220
364156,0.06086966
364160,0.07401185
364171,0.02679649
364183,0.01383388
364199,0.04969942
364206,0.04962353
364220,0.04317169
364222,0.04697918
364224,0.23480225
364232,0.02388805
364248,0.03168875
364251,0.03979006
364274,0.14089574
364286,0.06244217
364289,0.01575338
364290,0.09431452
364291,0.05208290
364292,0.03344721
364308,0.07043024
364310,0.16010389
364311,0.29741806
364312,0.68657815
364314,0.19466659
364337,0.04131529
364339,0.17320541
364357,0.80183207
364359,0.13731299
364371,0.04235370
364374,0.42501455
364378,0.18995612
364382,0.11628862
364397,0.11541599
364401,0.08327808
364403,0.04767374
364411,0.30474413
364413,0.08527990
364414,0.03915909
364415,0.04638040
364418,0.03479739
364428,0.02580799
364430,0.01368601
364436,0.19161754
364451,0.03179638
364457,0.03791434
364461,0.07069101
364471,0.29827000
364472,0.10915240
364481,0.72742983
364482,0.04437518
364484,0.35023402
364492,0.20096662
364494,0.06907569
364507,0.10280926
364508,0.34760087
364537,0.23291713
364538,0.12647528
364539,0.31776401
364547,0.67607263
364561,0.21292436
364586,0.20552394
364603,0.02872975
364622,0.03340973
364660,0.03037207
364662,0.02077784
364669,0.42949906
364698,0.04296015
364699,0.03842361
364700,0.09572853
364702,0.08560592
364710,0.26890990
364714,0.05487273
364731,0.07077888
364738,0.00755443
364739,0.02707695
364743,0.02468546
364762,0.38271164
364767,0.20333133
364775,0.04224034
364781,0.05857507
364783,0.02955117
364796,0.03649403
364810,0.02553313
364815,0.38332738
364823,0.04932929
364826,0.03356944
364837,0.08891984
364839,0.23454027
364844,0.06796012
364851,0.08680278
364853,0.12223075
364854,0.08602466
364858,0.04561678
364872,0.17941301
364875,0.06400188
364877,0.12041842
364878,0.02224372
364884,0.01655414
364907,0.15073088
364911,0.29706911
364916,0.52534579
364920,0.07080414
364927,0.02864381
364944,0.55680509
364948,0.51540270
364950,0.21582320
364953,0.01375555
364955,0.12511411
364959,0.08974846
364966,0.06537312
364971,0.10485351
364979,0.23780611
364980,0.02302411
364982,0.22793264
364984,0.03636714
364993,0.01594534
365001,0.00926636
365030,0.06231894
365035,0.02064558
365044,0.03712530
365046,0.03982227
365050,0.03012073
365051,0.12648623
365054,0.15438570
365055,0.06039326
365064,0.12994942
365069,0.20597352
365092,0.02646047
365102,0.15367550
365109,0.04692168
365110,0.18881723
365117,0.01088285
365120,0.07675025
365128,0.34043949
365131,0.31794950
365136,0.13445963
365151,0.08766231
365153,0.27315389
365154,0.03117477
365160,0.05198420
365166,0.05757960
365171,0.01542612
365181,0.05336073
365194,0.15867534
365210,0.16937942
365221,0.09671698
365234,0.04173540
365252,0.05793054
365254,0.34838522
365264,0.08818414
365276,0.04142275
365282,0.01562759
365284,0.35724045
365290,0.01539976
365317,0.02936110
365329,0.13454321
365353,0.06522665
365356,0.07836487
365358,0.03710181
365374,0.18198733
365392,0.04469535
365396,0.04304567
365408,0.13778607
365412,0.02956039
365429,0.04543219
365431,0.26880546
365435,0.31931097
365439,0.09756684
365473,0.06074043
365476,0.10559925
365486,0.08572761
365497,0.04007422
365518,0.34118670
365519,0.07778449
365520,0.33374442
365523,0.02606244
365531,0.13595371
365532,0.06918577
365534,0.04153745
365544,0.35772392
365552,0.07307382
365564,0.03182634
365569,0.06838458
365570,0.17077886
365575,0.69854429
365576,0.09046859
365585,0.08457753
365595,0.05751242
365612,0.09321004
365613,0.51823461
365624,0.04196520
365631,0.04617886
365634,0.09747178
365643,0.12213906
365644,0.22702538
365663,0.07835173
365666,0.15978877
365672,0.11280165
365676,0.09107173
365680,0.02833293
365696,0.05663918
365699,0.18861428
365706,0.00823565
365707,0.03865239
365711,0.10854205
365716,0.01073082
365717,0.01959803
365718,0.01706132
365757,0.04184858
365770,0.13006282
365776,0.07232518
365781,0.37782841
365784,0.02232599
365787,0.03735182
365805,0.19047515
365820,0.00649124
365831,0.06694980
365836,0.55636787
365837,0.30117279
365859,0.93289756
365861,0.03367900
365863,0.04620537
365872,0.17373659
365877,0.02939754
365882,0.14646857
365893,0.15735685
365894,0.21976858
365900,0.24700087
365910,0.02977562
365913,0.05637978
365916,0.06879467
365923,0.17226045
365946,0.72687064
365948,0.14777698
365951,0.07755757
365965,0.22747441
365966,0.10147434
365975,0.09411422
365979,0.85914714
365989,0.09909019
365991,0.14690923
365992,0.03065468
366001,0.11697386
366010,0.32451766
366013,0.27764162
366028,0.03554623
366036,0.01920808
366038,0.03661723
366044,0.07206957
366048,0.26213763
366060,0.04773638
366067,0.20525184
366071,0.18988521
366078,0.04426022
366081,0.07544900
366082,0.11819648
366093,0.37592626
366099,0.02779577
366103,0.01953979
366105,0.05021190
366111,0.07542961
366112,0.05180527
366125,0.08008113
366144,0.26674936
366147,0.03803550
366149,0.50749548
366166,0.02238968
366168,0.40163303
366173,0.11959419
366178,0.04568775
366180,0.24778641
366209,0.00787251
366213,0.26452637
366214,0.35828130
366215,0.06191791
366220,0.06721799
366226,0.03535537
366230,0.52179058
366236,0.36281996
366245,0.02875832
366282,0.50321249
366286,0.09183270
366295,0.05655593
366296,0.06203170
366297,0.58499076
366300,0.09030076
366303,0.05356557
366307,0.55561207
366314,0.24002038
366320,0.04249682
366321,0.02268813
366327,0.01560561
366330,0.10593621
366332,0.27818235
366334,0.01698576
366341,0.05099188
366363,0.02680317
366367,0.37990755
366369,0.22583531
366382,0.05092719
366394,0.26008069
366396,0.01676675
366398,0.10909296
366406,0.16056693
366414,0.02356036
366417,0.10428932
366419,0.10059941
366422,0.05916226
366436,0.01385268
366442,0.53117732
366451,0.49310896
366455,0.10070437
366458,0.08689794
366460,0.04834379
366466,0.02687220
366473,0.18479290
366502,0.04385996
366505,0.96450619
366526,0.40033261
366530,0.31247344
366532,0.02180353
366539,0.03660872
366541,0.10227868
366542,0.05926375
366553,0.02993031
366571,0.11960322
366582,0.01283779
366583,0.09445133
366589,0.45267889
366595,0.17123493
366606,0.08688280
366611,0.07839623
366613,0.31245040
366615,0.13188812
366616,0.51754089
366624,0.16519941
366632,0.02875415
366649,0.01597629
366650,0.19505110
366657,0.04981108
366664,0.09141001
366666,0.02354048
366674,0.06898565
366676,0.05798772
366677,0.02813974
366688,0.04370905
366689,0.11377576
366693,0.04538133
366696,0.08659002
366698,0.09401640
366700,0.03251731
366703,0.51020335
366709,0.09366972
366711,0.05251455
366725,0.04680990
366741,0.06454213
366742,0.00900397
366747,0.02571707
366750,0.04687020
366754,0.03819547
366762,0.02691436
366774,0.11971289
366781,0.02262868
366784,0.04349024
366789,0.07657045
366790,0.13799090
366797,0.08815897
366806,0.07230409
366820,0.05062631
366845,0.28960806
366858,0.18055882
366860,0.04211811
366874,0.06140213
366876,0.21609557
366879,0.02070485
366884,0.08532304
366886,0.02554321
366905,0.34472539
366908,0.15415908
366909,0.56288912
366917,0.04387631
366921,0.15707541
366927,0.04978197
366936,0.03832002
366952,0.04049223
366962,0.31932840
366964,0.16048938
366965,0.05523942
366981,0.04218928
366988,0.10824322
366992,0.08772971
366998,0.09924840
366999,0.08281571
367017,0.01430316
367023,0.29317037
367024,0.02141285
367025,0.13853884
367037,0.11459911
367040,0.26470773
367043,0.06617897
367052,0.01296879
367056,0.03373695
367064,0.08183028
367075,0.04372215
367089,0.03545834
367098,0.07130220
367119,0.11401355
367124,0.21160208
367134,0.35962770
367136,0.06269175
367138,0.06048034
367153,0.13154964
367158,0.15484666
367169,0.06992515
367179,0.03711366
367180,0.13059670
367212,0.09594394
367216,0.75774318
367217,0.03228910
367220,0.00718946
367224,0.03677739
367241,0.05971726
367245,0.09271619
367256,0.20106933
367266,0.01087789
367283,0.02748592
367290,0.10746149
367295,0.05518777
367310,0.03705736
367315,0.34785936
367322,0.11608310
367332,0.03696565
367338,0.18844741
367347,0.23393361
367381,0.31483092
367383,0.11813434
367386,0.10475487
367392,0.02355853
367399,0.21076287
367411,0.04775913
367414,0.02184495
367436,0.06532501
367439,0.06206887
367440,0.19900232
367465,0.17243083
367466,0.25616637
367478,0.37446835
367479,0.25886181
367481,0.02978616
367505,0.30603139
367515,0.06730821
367516,0.15217219
367526,0.26325454
367527,0.18255695
367533,0.29537804
367535,0.20282972
367545,0.24283578
367546,0.04205863
367547,0.24162945
367555,0.03946042
367557,0.06781766
367558,0.08271876
367573,0.01898300
367580,0.25256990
367581,0.01759754
367582,0.29930153
367588,0.07197063
367601,0.06658710
367617,0.06386152
367624,0.07538554
367626,0.08020688
367632,0.22778919
367651,0.02993398
367663,0.01392628
367674,0.05141108
367677,0.45049776
367678,0.03247865
367691,0.03930431
367698,0.01864333
367710,0.04695803
367712,0.04654137
367727,0.20996924
367739,0.11362817
367740,0.12467202
367746,0.04180968
367759,0.02475379
367770,0.35460187
367780,0.04040680
367783,0.12339149
367787,0.09045600
367791,0.22873444
367797,0.08272391
367799,0.08130103
367811,0.01091644
367817,0.03401060
367827,0.07327186
367829,0.18458483
367830,0.25417368
367837,0.44909524
367843,0.01223675
367847,0.04230255
367849,0.29460153
367854,0.03763611
367855,0.04724571
367862,0.04090174
367863,0.13922612
367868,0.19152754
367873,0.51738534
367879,0.10395320
367889,0.29579976
367890,0.31360555
367892,0.01661342
367893,0.03167600
367895,0.03598736
367896,0.01600977
367898,0.02883100
367903,0.02469436
367906,0.07798920
367919,0.02417386
367927,0.03769484
367931,0.10664237
367935,0.16334448
367945,0.03825294
367947,0.37915168
367952,0.15968692
367958,0.09000208
367971,0.03398674
367975,0.66563669
367983,0.19664013
367994,0.05692275
367998,0.18245209
367999,0.01403291
368005,0.09938755
368029,0.13896659
368034,0.02067400
368036,0.14513397
368041,0.02063232
368064,0.01971212
368066,0.01569357
368079,0.11902217
368082,0.00667314
368090,0.14195323
368092,0.04394348
368097,0.03997590
368107,0.41726879
368127,0.12306443
368129,0.14682689
368134,0.40172928
368150,0.10746886
368166,0.39997540
368172,0.01329083
368179,0.01307040
368185,0.14417675
368193,0.05183264
368207,0.28854118
368251,0.10964203
368253,0.06726043
368256,0.41147148
368257,0.02826885
368263,0.04025626
368271,0.30987509
368273,0.01737468
368279,0.03964043
368281,0.90849191
368282,0.23398568
368288,0.35830143
368303,0.05313034
368315,0.09333255
368323,0.01436479
368324,0.01533437
368326,0.06827448
368334,0.18806186
368337,0.02972627
368351,0.09063387
368353,0.82435955
368358,0.43271993
368389,0.02021609
368392,0.54423287
368393,0.02703111
368415,0.09132045
368424,0.13186267
368436,0.02545912
368448,0.03224855
368456,0.02835100
368457,0.01042547
368465,0.14859676
368484,0.22620543
368485,0.31081616
368487,0.14486872
368489,0.06815465
368493,0.12246282
368509,0.13678267
368513,0.21496347
368523,0.16084367
368530,0.03621886
368539,0.15107793
368543,0.26137935
368544,0.02812375
368557,0.25273797
368561,0.05276850
368577,0.05614422
368579,0.01365698
368580,0.36016836
368583,0.02772409
368589,0.01754019
368594,0.03211435
368598,0.01347952
368621,0.09782149
368622,0.44854968
368627,0.01874063
368628,0.04846509
368633,0.60326114
368638,0.24790798
368645,0.09701123
368646,0.44766394
368652,0.10173580
368659,0.06554189
368672,0.52733129
368679,0.04797042
368683,0.26754612
368697,0.05342880
368702,0.47768938
368707,0.06280102
368715,0.25259923
368740,0.05153077
368754,0.04231386
368765,0.14244136
368770,0.16056637
368777,0.30268315
368780,0.50975932
368782,0.36381431
368784,0.28942962
368790,0.29202655
368792,0.00877835
368793,0.07992588
368811,0.04065948
368816,0.07166678
368819,0.20467302
368843,0.02764259
368853,0.01994611
368857,0.07750538
368858,0.13848967
368887,0.13185322
368898,0.03251127
368909,0.10897687
368919,0.00671806
368930,0.08551091
368944,0.13427269
368949,0.12500796
368953,0.08603828
368956,0.05196384
368959,0.07377144
368968,0.01938502
368971,0.06973180
368974,0.04982259
368975,0.03715445
368983,0.02227536
368991,0.20229434
368994,0.02972646
369001,0.31279784
369004,0.10075210
369016,0.00627506
369030,0.02015495
369047,0.01363116
369055,0.19984046
369067,0.04058854
369068,0.12631282
369096,0.33496666
369103,0.14903882
369105,0.21228962
369107,0.83335713
369109,0.04200266
369130,0.06125270
369133,0.02630657
369144,0.04052643
369150,0.02888444
369152,0.11716217
369156,0.06383038
369180,0.02035420
369183,0.07121458
369184,0.78761868
369186,0.10173039
369187,0.06004468
369200,0.03185777
369201,0.06162378
369220,0.08370444
369223,0.03244184
369233,0.03018766
369240,0.09590089
369254,0.05836832
369264,0.91163996
369266,0.19375180
369272,0.14205053
369283,0.01173819
369295,0.17439135
369300,0.00953572
369302,0.00909029
369305,0.18225139
369322,0.01534227
369334,0.31899906
369350,0.02120870
369355,0.12852075
369361,0.09113230
369367,0.01915010
369371,0.03232027
369373,0.56878340
369375,0.21490514
369385,0.03233477
369394,0.11612100
369398,0.03540684
369408,0.10322616
369413,0.17958550
369419,0.09313965
369424,0.12432864
369439,0.02696633
369466,0.18343998
369482,0.06924475
369494,0.04245782
369504,0.00875906
369512,0.35912748
369528,0.06286219
369531,0.05695958
369540,0.07382849
369547,0.02509846
369565,0.02367268
369569,0.08096862
369581,0.06455204
369583,0.05748790
369593,0.14195034
369601,0.05426352
369608,0.02557424
369612,0.20420024
369615,0.15903768
369621,0.21976628
369636,0.03219409
369648,0.26673539
369649,0.96278881
369651,0.02190332
369659,0.03430057
369666,0.02801128
369684,0.03196495
369686,0.56551616
369698,0.15746785
369701,0.07754252
369712,0.02963888
369717,0.01141990
369722,0.05965379
369732,0.37566188
369740,0.77331431
369751,0.04052942
369755,0.01283066
369757,0.05497216
369761,0.20978053
369767,0.24185656
369782,0.06535045
369788,0.10757802
369790,0.07391150
369791,0.02669244
369792,0.04998891
369803,0.06053327
369812,0.02774276
369813,0.19415059
369827,0.15408970
369835,0.13909903
369838,0.03467055
369839,0.06987924
369843,0.06152425
369846,0.07841411
369860,0.01829681
369870,0.09686774
369871,0.65095734
369872,0.04074882
369884,0.19873869
369893,0.07826123
369901,0.10913564
369904,0.11961544
369908,0.59399707
369910,0.01746635
369911,0.28094491
369919,0.10390053
369920,0.05373195
369921,0.02183721
369931,0.41512625
369935,0.03538157
369936,0.08990909
369948,0.05514877
369953,0.06456857
369955,0.26979598
369961,0.03081651
369964,0.07934147
369967,0.28228342
369971,0.17846535
369983,0.06804594
369993,0.02403130
369995,0.20922252
370012,0.13138364
370022,0.09951290
370023,0.05204636
370027,0.10893409
370030,0.12014639
370033,0.30256924
370037,0.22615002
370051,0.00992761
370055,0.05006737
370077,0.04639823
370088,0.05767296
370091,0.01573663
370114,0.01825336
370117,0.29900373
370120,0.49597429
370122,0.05680282
370128,0.31178229
370135,0.17944834
370144,0.06730891
370146,0.13465072
370148,0.05846360
370150,0.02947805
370155,0.03928330
370164,0.03113869
370179,0.05291920
370188,0.06147470
370190,0.02578247
370199,0.05022533
370203,0.33667011
370213,0.12893368
370216,0.03555300
370219,0.01567917
370220,0.42131364
370224,0.06676531
370230,0.03108821
370254,0.13541850
370255,0.03484422
370265,0.29596509
370273,0.01809724
370288,0.09454399
370295,0.23116016
370297,0.06757724
370319,0.20222366
370323,0.02624519
370329,0.04077725
370330,0.04314248
370333,0.23959637
370346,0.38536797
370354,0.42949206
370355,0.01229340
370358,0.32087903
370362,0.00871284
370373,0.02066150
370376,0.03998004
370379,0.01517224
370380,0.00638313
370386,0.05275021
370392,0.01594471
370411,0.01230132
370416,0.01227274
370432,0.04358216
370439,0.04962276
370440,0.02475116
370445,0.04203735
370446,0.01567887
370455,0.20054671
370473,0.09285913
370474,0.06781561
370475,0.02822383
370482,0.67031753
370489,0.05139226
370512,0.03574200
370518,0.14484276
370522,0.05949645
370533,0.02453636
370538,0.24719615
370551,0.04663097
370552,0.18833565
370556,0.07897003
370566,0.04587812
370568,0.35016435
370573,0.25206773
370575,0.12942157
370578,0.04050999
370582,0.03671539
370596,0.01442643
370597,0.04554531
370599,0.03356730
370602,0.05059407
370609,0.06017587
370632,0.04825587
370634,0.66718323
370646,0.04007162
370666,0.39983589
370670,0.01590121
370672,0.01579685
370675,0.03688769
370676,0.36663038
370682,0.05078298
370685,0.03326088
370697,0.02076213
370699,0.03826490
370701,0.05094347
370711,0.25330421
370719,0.25987966
370728,0.03838400
370731,0.68337471
370735,0.05423415
370749,0.29325645
370753,0.12064237
370757,0.11711905
370763,0.22447256
370770,0.19466319
370779,0.15599190
370794,0.01947170
370805,0.03881130
370806,0.04193624
370808,0.05101217
370814,0.04873316
370827,0.26055193
370833,0.35309226
370844,0.17692908
370845,0.06285767
370850,0.25565710
370853,0.03850024
370856,0.03246614
370858,0.09888960
370862,0.08617496
370866,0.30939876
370874,0.49192534
370876,0.01859036
370878,0.32372581
370881,0.07150430
370882,0.26003256
370884,0.11979453
370887,0.05443803
370904,0.56590233
370905,0.06901983
370913,0.16232640
370915,0.09591557
370921,0.67049778
370922,0.07417721
370932,0.16300830
370939,0.19006358
370953,0.02641981
370964,0.08850438
370968,0.05990395
370969,0.06573295
370972,0.04758638
370978,0.01727501
371000,0.08622420
371001,0.40111707
371013,0.02378498
371053,0.04705282
371059,0.05709956
371060,0.04670039
371065,0.05640106
371069,0.09087019
371073,0.28953262
371084,0.50629350
371085,0.07109811
371088,0.12051107
371099,0.08151168
371115,0.00918516
371118,0.43753432
371127,0.20820435
371132,0.27003394
371136,0.12067243
371139,0.26510827
371152,0.11579056
371161,0.06849454
371162,0.16561491
371174,0.02220031
371176,0.22147725
371182,0.01861278
371185,0.08957483
371193,0.07668005
371197,0.03764400
371198,0.05380574
371202,0.08933322
371207,0.13332246
371211,0.36964030
371242,0.04164205
371243,0.12578183
371244,0.06190766
371255,0.22169668
371258,0.02396442
371259,0.40950658
371265,0.04916558
371274,0.30608128
371275,0.38823287
371288,0.02796703
371291,0.42531489
371295,0.28312362
371314,0.10189645
371322,0.19568693
371323,0.16890311
371328,0.27106592
371332,0.06968824
371333,0.47153515
371335,0.01152434
371342,0.04054932
371350,0.03746105
371357,0.39170228
371365,0.01385063
371383,0.63924207
371384,0.06813948
371385,0.14923118
371393,0.38888604
371394,0.09785858
371397,0.05908201
371417,0.08060005
371431,0.08964120
371433,0.10481243
371437,0.00582560
371439,0.51886704
371445,0.08174903
371452,0.15778872
371457,0.05403185
371469,0.07588267
371470,0.04252687
371477,0.03152430
371500,0.14046817
371504,0.20366472
371508,0.10102047
371514,0.03454415
371518,0.27374614
371520,0.04130518
371521,0.26919870
371522,0.05229747
371525,0.02524545
371530,0.17514775
371532,0.02825868
371548,0.12660259
371561,0.03204013
371566,0.39386788
371568,0.04139666
371571,0.04137604
371573,0.04543888
371577,0.19556686
371587,0.31361709
371592,0.19111150
371593,0.70729572
371595,0.05902439
371603,0.06449612
371614,0.03480445
371616,0.03230838
371619,0.22296037
371627,0.52900625
371641,0.18797214
371657,0.02596923
371664,0.04209634
371693,0.05366914
371698,0.02887329
371700,0.03293843
371707,0.04762116
371710,0.12194083
371715,0.12337723
371722,0.06306373
371731,0.01966068
371741,0.04295360
371744,0.17470403
371753,0.03561904
371755,0.02004958
371760,0.03510352
371773,0.17907804
371797,0.02249406
371807,0.48707866
371809,0.03024752
371811,0.02261663
371815,0.11488040
371822,0.07016067
371824,0.14352746
371828,0.08824299
371835,0.01832348
371837,0.03273840
371840,0.26753446
371849,0.04082885
371857,0.02288610
371860,0.28943746
371862,0.02859200
371875,0.06943065
371896,0.46426157
371898,0.15345698
371901,0.40578784
371903,0.03933361
371908,0.02575942
371910,0.11181461
371944,0.12765960
371947,0.03387264
371955,0.20478211
371963,0.11340352
371972,0.07438672
371973,0.07271422
371978,0.05609320
371980,0.02902241
371988,0.03187484
372020,0.19720215
372043,0.30507678
372060,0.21961251
372070,0.03336839
372082,0.03561345
372085,0.11153026
372090,0.16547200
372091,0.63109318
372112,0.04257072
372115,0.10253466
372132,0.03840423
372134,0.47073833
372136,0.14091743
372142,0.06702513
372145,0.24365709
372146,0.11865821
372159,0.04712570
372172,0.03576799
372179,0.46729825
372183,0.10264275
372184,0.02057993
372192,0.00634848
372234,0.08727840
372239,0.53388686
372244,0.03171691
372268,0.08731004
372287,0.11021188
372289,0.15768725
372292,0.01964188
372301,0.06621739
372315,0.13616970
372316,0.49846090
372328,0.15871826
372337,0.05692055
372347,0.39426689
372350,0.36188933
372381,0.11478101
372382,0.40902715
372384,0.08554396
372393,0.04007806
372398,0.21709012
372399,0.07070702
372400,0.02787786
372402,0.05962941
372410,0.09500936
372415,0.08760203
372425,0.03326389
372428,0.03870780
372430,0.07296503
372431,0.02785589
372449,0.04766224
372452,0.05483977
372453,0.10032537
372460,0.28592621
372463,0.95533931
372471,0.09721825
372484,0.10240021
372486,0.16996036
372489,0.12686476
372506,0.33628372
372513,0.02138596
372527,0.59727054
372568,0.38989943
372596,0.05269835
372606,0.01179188
372617,0.03708034
372618,0.08400263
372622,0.10725003
372624,0.07886519
372633,0.08640216
372637,0.03948851
372643,0.07983836
372644,0.02593726
372656,0.06763857
372662,0.01996154
372664,0.11206870
372666,0.03229537
372672,0.11464075
372674,0.05863063
372693,0.17595692
372704,0.04477787
372719,0.12450626
372727,0.06692806
372740,0.11489803
372745,0.04508695
372753,0.13646198
372762,0.02691214
372764,0.20153673
372771,0.27177962
372772,0.13189783
372789,0.19490925
372793,0.13237391
372799,0.03638041
372806,0.53737771
372809,0.07726611
372829,0.35356535
372848,0.02074498
372850,0.08057408
372853,0.15136441
372854,0.08272988
372858,0.09064480
372861,0.02698877
372863,0.18552618
372876,0.09717362
372878,0.08614672
372893,0.51264764
372894,0.12909744
372911,0.12395470
372912,0.13436334
372924,0.32106537
372942,0.27515847
372946,0.78347193
372955,0.11750598
372956,0.03113818
372957,0.20098494
372984,0.10371861
372993,0.12071923
372995,0.46341300
372997,0.05461840
373014,0.08663458
373018,0.18046979
373022,0.16970206
373023,0.01756101
373029,0.02497909
373063,0.03201731
373071,0.31199282
373075,0.29910796
373088,0.11703216
373089,0.03116011
373098,0.14673109
373101,0.20977828
373112,0.04312207
373114,0.07395031
373118,0.38158889
373120,0.32100218
373121,0.04194006
373122,0.02773311
373138,0.16174911
373145,0.05701500
373153,0.01443301
373154,0.11597084
373155,0.04323779
373159,0.22013022
373167,0.03738062
373190,0.05366233
373195,0.14058223
373202,0.05116932
373205,0.10420369
373209,0.10220143
373215,0.06086393
373222,0.38282120
373239,0.06669910
373240,0.16787436
373247,0.09840892
373251,0.07627321
373260,0.00963808
373284,0.03393206
373286,0.02693903
373292,0.29708801
373297,0.01914508
373299,0.50650296
373305,0.28624926
373307,0.10181747
373323,0.02653332
373327,0.05360163
373328,0.04584580
373363,0.09706972
373390,0.04272921
373396,0.01126233
373407,0.07183394
373413,0.12002530
373437,0.08553331
373445,0.04214245
373448,0.04971746
373458,0.24533452
373464,0.04949892
373472,0.52846157
373474,0.05774826
373475,0.10207015
373480,0.03289465
373484,0.16446213
373491,0.25480743
373493,0.17551779
373504,0.03712486
373537,0.33013195
373542,0.22111213
373545,0.03803666
373554,0.08712449
373559,0.78694015
373560,0.02369901
373562,0.06566552
373565,0.12932618
373573,0.15369723
373577,0.11773782
373591,0.11757630
373592,0.14744733
373596,0.01846753
373598,0.23942796
373600,0.08237656
373605,0.02416052
373607,0.06969036
373616,0.03868017
373618,0.02269731
373624,0.01397717
373630,0.11796841
373631,0.08442500
373634,0.09391814
373646,0.09248360
373651,0.14408353
373669,0.42793198
373682,0.12950663
373716,0.19186884
373751,0.54483380
373756,0.43892975
373757,0.02205586
373767,0.06854284
373778,0.02417050
373780,0.02572418
373781,0.24218893
373796,0.16212079
373801,0.04122339
373805,0.15854731
373811,0.02187338
373815,0.03391092
373820,0.08477812
373833,0.00929450
373839,0.08913380
373841,0.04700164
373871,0.13828041
373875,0.29219736
373893,0.13401661
373894,0.51670947
373898,0.04078496
373899,1.10131110
373908,0.45862577
373909,0.02177271
373911,0.05130937
373918,0.03466286
373927,0.03035536
373938,0.17558311
373943,0.20887802
373946,0.06439899
373948,0.11463831
373953,0.36935426
373956,0.11852454
373984,0.07015403
373985,0.15435378
373986,0.25663581
374002,0.08980204
374014,0.01561521
374015,0.29758913
374024,0.05920069
374029,0.11955791
374034,0.01973214
374039,0.02198600
374042,0.17579916
374048,0.12371880
374051,0.08804795
374054,0.02186296
374055,0.08113948
374061,0.06233895
374075,0.08741439
374087,0.02714076
374101,0.21738551
374103,0.09478661
374114,0.30387335
374116,0.28584066
374119,0.27067091
374121,0.24937528
374133,0.06498539
374134,0.03695135
374140,0.02715187
374141,0.49669769
374145,0.34491321
374155,0.03412028
374163,0.19877234
374169,0.34387636
374173,0.09136063
374188,0.29444909
374199,0.01643722
374200,0.07825102
374207,0.17283740
374225,0.06065562
374226,0.03856960
374227,0.11867891
374249,0.06175616
374254,0.12760907
374284,0.01253875
374293,0.09885579
374296,0.06675896
374297,0.05192567
374298,0.05563299
374307,0.09088092
374320,0.05265020
374322,0.19067417
374324,0.01405611
374328,0.10869880
374334,0.05324848
374341,0.04862074
374343,0.26648797
374346,0.02599301
374359,0.48814981
374374,0.26676349
374381,0.23535133
374400,0.08249611
374405,0.02656756
374409,0.21231958
374420,0.25715016
374442,0.16999404
374443,0.07137269
374445,0.13508760
374447,0.24407042
374452,0.19255071
374458,0.02688061
374485,0.04328289
374487,0.03116518
374496,0.01040096
374503,0.06530070
374518,0.09178850
374519,0.01436657
374532,0.01754112
374534,0.01847612
374536,0.03241665
374546,0.01087416
374559,0.01521821
374568,0.11862008
374573,0.07226693
374582,0.01275236
374585,0.02295731
374598,0.01228299
374606,0.11296144
374612,0.02653845
374617,0.04634938
374619,0.02411611
374626,0.05822816
374646,0.07601883
374653,0.15431621
374656,0.08166842
374664,0.08811498
374666,0.07866897
374677,0.29463219
374679,0.14378996
374682,0.21087471
374700,0.16956369
374703,0.22477492
374705,0.27886260
374720,0.12557350
374724,0.18123578
374731,0.01632691
374732,0.10085676
374734,0.23879668
374759,0.16552794
374770,0.08362716
374774,0.05050768
374777,0.57721482
374788,0.05873831
374796,0.29433832
374799,0.17765750
374813,0.37838216
374819,0.01045947
374826,0.43809108
374827,0.04754154
374832,0.07391657
374837,0.02212418
374844,0.46429911
374848,0.51347238
374853,0.16992440
374854,0.03007103
374856,0.02088867
374864,0.30129883
374868,0.01772788
374888,0.07719232
374891,0.06333001
374892,0.04341313
374896,0.04122027
374909,0.26558991
374911,0.02743071
374912,0.21280113
374913,0.22421835
374916,0.07399317
374917,0.05215862
374923,0.04923165
374933,0.24122907
374935,0.05983303
374940,0.02449568
374941,0.03318653
374943,0.02131667
374951,0.21385229
374967,0.37400223
374970,0.12919405
374990,0.24907874
374993,0.15046648
374994,0.20312257
375015,0.02330957
375017,0.29733851
375018,0.11780129
375021,0.07048511
375023,0.15061696
375030,0.42655329
375038,0.02225593
375040,0.08302477
375041,0.25564892
375052,0.01382141
375061,0.30886902
375064,0.03046902
375076,0.05913390
375086,0.61290105
375109,0.23600432
375118,0.11302156
375133,0.02764794
375140,0.28640494
375156,0.23074610
375168,0.09399925
375170,0.06958988
375182,0.04002083
375187,0.34731394
375188,0.08434995
375197,0.05550087
375201,0.03607276
375204,0.31806119
375216,0.19505824
375225,0.01131422
375231,0.00627976
375234,0.01007854
375241,0.08832729
375242,0.17710916
375244,0.04931700
375246,0.10108431
375257,0.07033616
375290,0.03367233
375292,0.02697091
375293,0.12011737
375295,0.06446533
375296,0.04063345
375300,0.13974338
375322,0.16882438
375332,0.14095541
375338,0.09893142
375342,0.02687928
375365,0.04235416
375367,0.13490748
375384,0.27949712
375418,0.01187597
375464,0.20493606
375477,0.05558535
375485,0.14354151
375496,0.02798332
375534,0.05651469
375544,0.17128448
375556,0.37188475
375588,0.03719047
375589,0.01109717
375594,0.22664665
375629,0.07186329
375649,0.13277079
375654,0.32578403
375696,0.11877768
375758,0.03625508
375795,0.74699971
375843,0.02205052
375844,0.02172217
375853,0.59697848
375878,0.05054506
375879,0.16393506
375883,0.10343953
375887,0.16718112
375929,0.04923092
375934,0.04610297
375936,0.18453545
375937,0.02919557
375948,0.30693319
375951,0.07426129
375953,0.14069858
375964,0.20739294
375969,0.01682219
375970,0.03738901
375973,0.62661181
375976,0.10057020
375997,0.07236425
376000,0.02401766
376011,0.07888481
376019,0.02031168
376035,0.03937537
376036,0.17027370
376041,0.05288823
376042,0.10943734
376045,0.02439754
376047,0.42796893
376060,0.03114684
376061,0.10041664
376067,0.10307657
376068,0.54441808
376070,0.10207883
376074,0.01693792
376075,0.03356025
376076,0.11899506
376078,0.04704736
376080,0.06737803
376081,0.02998007
376082,0.07653840
376083,0.24838302
376084,0.14374017
376086,0.03600578
376087,0.01951785
376088,0.02985525
376089,0.05457401
376090,0.15228132
376091,0.24087452
376092,0.04945641
376093,0.08818222
376094,0.28586264
376095,0.23999433
376096,0.25522414
376097,0.05210177
376098,0.25187072
376206,0.00766302
376209,0.12556141
376225,0.04069316
376239,0.02035119
376247,0.32793651
376248,0.05246929
376252,0.04225403
376257,0.19714293
376273,0.02850940
376274,0.04150342
376275,0.00821956
376279,0.11514869
376283,0.09459144
376284,0.06347405
376288,0.04922654
376289,0.08597313
376292,0.04692347
376298,0.22842057
376301,0.01774103
376311,0.05870336
376312,0.22941403
376313,0.11232978
376316,0.06143894
376317,0.15548338
376319,0.11594646
376320,0.25880003
376321,0.21624136
376322,0.09250853
376325,0.18220958
376326,0.07653941
376328,0.03320021
376329,0.35886479
376330,0.06782243
376332,0.02547027
376334,0.08002970
376335,0.07386361
376336,0.59258790
376337,0.47230453
376338,0.51320499
376339,0.05879704
376340,0.10981310
376341,0.35569633
376343,0.07773678
376344,0.07176705
376345,0.04028558
376346,0.13241037
376347,0.35015303
376348,0.23798072
376349,0.22224013
376350,0.06817168
376351,0.01699284
376352,0.01065568
376353,0.03333787
376354,0.05282851
376355,0.02471150
376356,0.27938293
376357,0.02399366
376360,0.09816825
376445,0.15255652
376447,0.04599964
376449,0.03597682
376470,0.01519824
376483,0.06329125
376484,0.03994630
376486,0.13854934
376487,0.06184438
376488,0.18115354
376491,0.30211691
376492,0.03589943
376494,0.33022261
376495,0.34316910
376496,0.20761324
376497,0.47357030
376498,0.01296247
376502,0.04496931
376503,0.34002637
376504,0.08645390
376506,0.04351578
376509,0.10898569
376515,0.12318404
376517,0.07135690
376518,0.26225899
376519,0.36998672
376520,0.09617100
376521,0.07660750
376522,0.06199334
376523,0.03520178
376524,0.10209913
376527,0.17285001
376530,0.15267109
376531,0.11923767
376532,0.21855350
376533,0.16636215
376534,0.22496953
376535,0.07547516
376537,0.21028291
376538,0.11728433
376539,0.09744300
376546,0.07259867
376594,0.11066320
376595,0.15464287
376614,0.05988395
376616,0.03477994
376617,0.02588472
376618,0.50304662
376619,0.11050705
376620,0.07789325
376627,0.19972180
376630,0.01368612
376631,0.27533034
376632,0.02808485
376633,0.07863507
376635,0.06726660
376636,0.21909380
376637,0.03406449
376639,0.44221540
376640,0.04217609
376642,0.06146634
376643,0.09746922
376644,0.03861496
376645,0.03417118
376646,0.12781391
376648,0.19028577
376650,0.02357512
376651,0.02485196
376652,0.11233671
376732,0.11071532
376733,0.14060679
376734,0.14368313
376756,0.04059236
376804,0.02362188
376856,0.18755731
376869,0.08469635
376893,0.04733750
377045,0.05902940
377088,0.03681568
377137,0.22476311
377138,0.03007088
377159,0.03856138
377176,0.08696918
377201,0.07984725
377226,0.24075845
377335,0.02631581
377358,0.35065375
377362,0.04444100
377363,0.02790203
377389,0.34702237
377426,0.50443391
377427,0.06370839
377429,0.05213917
377441,0.08200292
377449,0.06592230
377450,0.47689343
377458,0.05245917
377472,0.31326895
377541,0.76945350
377567,0.06189344
377573,0.00981374
377605,0.05517769
377611,0.15386487
377622,0.08395540
377631,0.09265142
377657,0.04130911
377681,0.05832143
377711,0.05255771
377717,0.10024829
377720,0.24872183
377721,0.46741350
377723,0.09175383
377727,0.03554111
377729,0.10349543
377733,0.02583786
377735,0.03702123
377736,0.02386785
377737,0.12569896
377738,0.03895080
377750,0.27291838
377751,0.12517698
377753,0.09680167
377754,0.14621582
377755,0.11328800
377756,0.09058742
377757,0.21779443
377758,0.06982876
377759,0.04697481
377760,0.02222908
377761,0.55364777
377762,0.03231428
377763,0.02282938
377764,0.18036368
377765,0.49759485
377766,0.24230918
377767,0.02524318
377768,0.04819439
377771,0.03612361
377772,0.02656022
377773,0.14121917
377774,0.05875402
377775,0.39386842
377776,0.09295671
377778,0.07291988
377779,0.03880105
377780,0.01500160
377781,0.03671975
377782,0.02682028
377783,0.01588715
377784,0.08031682
377785,0.05948280
377786,0.03003459
377862,0.06396138
377871,0.09596897
377930,0.03189313
377970,0.03467012
377987,0.05332188
377988,0.04756569
377990,0.10431009
377992,0.16319417
377995,0.04826656
378005,0.04250629
378006,0.01309905
378011,0.08045213
378018,0.04693298
378019,0.04715654
378023,0.02700626
378025,0.04340345
378026,0.11257652
378027,0.01924913
378031,0.05409055
378033,0.02500425
378034,0.08648347
378035,0.01683027
378040,0.07087531
378041,0.13261419
378042,0.03193339
378043,0.14171519
378044,0.09407182
378045,0.20233059
378046,0.09213516
378047,0.02252306
378048,0.04017956
378049,0.10752888
378051,0.13895212
378052,0.05231590
378053,0.11079889
378054,0.41754885
378055,0.03017244
378056,0.07654230
378057,0.05131621
378059,0.52450278
378060,0.05212069
378061,0.46162420
378062,0.23019100
378063,0.10046593
378065,0.10141017
378066,0.17905963
378067,0.02781794
378068,0.01110110
378069,0.10862159
378070,0.05399922
378096,0.03311163
378098,0.21637279
378104,0.39140236
378105,0.21484155
378106,0.05970727
378107,0.17839458
378108,0.07192622
378109,0.04619640
378110,0.11832536
378111,0.24339039
378112,0.13676636
378113,0.12836830
378114,0.09553838
378115,0.09681224
378116,0.12527604
378117,0.08706093
378119,0.10666188
378120,0.09378253
378121,0.14483404
378122,0.01573110
378123,0.13214445
378124,0.01828683
378136,0.06209673
378181,0.02676979
378184,0.12147087
378190,0.05388909
378263,0.04870905
378300,0.07346663
378304,0.58320786
378305,0.23353856
378311,0.05038312
378313,0.05357905
378314,0.10120201
378317,0.06689155
378320,0.14016682
378322,0.10026547
378325,0.18241452
378327,0.60016680
378328,0.22157308
378329,0.04076823
378330,0.01375473
378331,0.05693482
378334,0.01606286
378335,0.03089375
378336,0.01232800
378339,0.05725643
378340,0.07491391
378341,0.07093699
378342,0.22009972
378343,0.02065863
378344,0.06060140
378345,0.30498912
378346,0.02436358
378347,0.40733431
378348,0.07288452
378349,0.74657951
378350,0.34490129
378351,0.13613060
378352,0.04707480
378353,0.03687813
378354,0.05413663
378355,0.19703413
378356,0.24638505
378427,0.06757090
378434,0.30747296
378564,0.02305168
378671,0.11600967
378689,0.02740953
378710,0.74435469
378755,0.08585767
378887,0.02249578
378907,0.22955588
378924,0.03634572
378944,0.24995807
378945,0.13154110
378991,0.01772074
379009,0.09131678
379025,0.06951010
379046,0.06870377
379047,0.17913523
379048,0.08345669
379052,0.08043116
379065,0.03259318
379066,0.27298107
379076,0.02313203
379080,0.09998851
379085,0.28222117
379086,0.15793317
379087,0.31144879
379089,0.03790722
379094,0.05829480
379095,0.30925813
379101,0.02896609
379102,0.09386497
379103,0.05134337
379105,0.24449959
379108,0.07007530
379111,0.10319637
379112,0.34845382
379113,0.69080011
379114,0.16648514
379115,0.06597614
379116,0.07300961
379117,0.04862143
379118,0.05283655
379119,1.13272893
379120,0.14146400
379121,0.01707956
379123,0.09733793
379124,0.15422995
379126,0.10616973
379127,0.01064903
379128,0.03424621
379129,0.10858540
379131,0.33029224
379132,0.26697729
379133,0.33367945
379134,0.35449826
379178,0.01904491
379266,0.00745015
379268,0.13373307
379291,0.03185010
379296,0.03232070
379301,0.07457556
379313,0.04806311
379318,0.75386235
379319,0.39482361
379329,0.04531021
379336,0.54565323
379348,0.08901139
379356,0.14450727
379357,0.15759424
379363,0.75336089
379385,0.68840202
379408,0.01044615
379432,0.10708331
379437,0.05379823
379440,0.04065114
379456,0.11406417
379457,0.06945482
379463,0.23848439
379464,0.06353373
379467,0.26204280
379469,0.11310753
379470,0.03535109
379472,0.16582332
379473,0.06693617
379474,0.02448324
379475,0.06663764
379476,0.13226499
379481,0.26302587
379482,0.05224548
379483,0.12435711
379484,0.04921213
379485,1.13853285
379486,0.06847600
379487,0.02272410
379488,0.02140611
379490,0.04879283
379491,0.08953519
379492,0.02750760
379494,0.00897502
379495,0.05014564
379496,0.08600748
379497,0.05002401
379500,0.51272621
379501,0.15577066
379502,0.17096641
379503,0.05459066
379504,0.01312298
379505,0.24144035
379506,0.01348872
379507,0.01537918
379508,0.21074640
379509,0.15853470
379510,0.13945273
379512,0.02336891
379513,0.21541497
379514,1.06697079
379515,0.10180060
379516,0.08763691
379517,0.14916520
379518,0.08063855
379520,0.28613890
379627,0.13281509
379673,0.26400680
379674,0.02518359
379720,0.12785701
379726,0.08786320
379730,0.01911608
379746,0.07028663
379775,0.06123777
379776,0.02746933
379778,0.77655030
379841,0.02053228
379921,0.04027892
379951,0.06634372
380002,0.19793834
380003,0.25418638
380005,0.10910129
380006,0.48439069
380010,0.15110739
380012,0.10997127
380014,0.74135452
380015,0.22382425
380017,0.09252803
380018,0.35024651
380019,0.01803260
380020,0.02956049
380022,0.03262286
380023,0.18246934
380025,0.07934819
380026,0.14207653
380028,0.31418894
380030,0.15022713
380031,0.05963452
380032,0.02129828
380033,0.01709797
380034,0.12269899
380035,0.01623881
380037,0.02875705
380038,0.10106719
380039,0.41935837
380040,0.29407276
380064,0.04884994
380065,0.08501508
380121,0.03340207
380122,0.13823806
380130,0.07214083
380219,0.06953583
380228,0.07687142
380229,0.03411708
380366,0.00927814
380408,0.17228278
380414,0.02556674
380487,0.06368677
380488,0.06588664
380489,0.04914810
380494,0.08368234
380543,0.07617634
380553,0.05666178
380600,0.02831152
380625,0.06698524
380635,0.11439722
380643,0.13598630
380762,0.11465967
380773,0.14862743
380781,0.12215282
380785,0.06050289
380787,0.02807430
380788,0.04432547
380789,0.09425363
380797,0.10656713
380800,0.06190835
380802,0.07057670
380805,0.15328892
380806,0.26929163
380807,1.07084570
380811,0.08378863
380812,0.04454742
380815,0.02477843
380816,0.03686382
380817,0.05636738
380819,0.23376352
380823,0.01513224
380824,0.07973312
380825,0.09119160
380826,0.23856061
380827,0.43563263
380828,0.13546557
380830,0.04038113
380831,0.24668715
380832,0.30269078
380833,0.02429196
380834,0.03587822
380836,0.48457578
380837,0.07124330
380838,0.10610126
380839,0.01304718
380840,0.13120654
380841,0.12794394
380879,0.06913067
380901,0.02807900
380928,0.07699544
380956,0.02536705
380979,0.12108901
381037,0.01927802
381047,0.15858711
381074,0.04916338
381104,0.03507656
381121,0.67438816
381130,0.27025769
381133,0.02629760
381139,0.01482654
381141,0.33067950
381142,0.03209486
381145,0.00916578
381152,0.02797940
381153,0.13218908
381154,0.57186291
381156,0.04606905
381160,0.02357018
381164,1.39020751
381168,0.04403604
381171,0.05733768
381173,0.16147451
381174,0.14255861
381176,0.02286001
381178,0.27302881
381179,0.03377670
381182,0.17094008
381185,0.02286347
381187,0.08227569
381189,0.15279424
381190,0.03867757
381191,0.15685317
381192,0.40247630
381193,0.14125088
381194,0.03645056
381195,0.08329233
381198,0.01309012
381199,0.02816964
381200,0.14924965
381201,0.14807906
381202,0.03637421
381203,0.89734321
381204,0.39317271
381205,0.06274813
381259,0.06243140
381288,0.07402606
381289,0.14218641
381335,0.04409744
381344,0.03547095
381367,0.10058112
381376,0.01810692
381381,0.37267168
381397,0.05060861
381406,0.07163703
381412,0.08877436
381421,0.18338165
381424,0.02003367
381427,0.18452188
381428,0.65326328
381429,0.03143998
381430,0.06403593
381434,0.33718326
381435,0.01922328
381436,0.10857061
381437,0.05039685
381438,0.24804648
381439,0.16203166
381444,0.02287286
381446,0.01169245
381447,0.45245888
381449,0.71690534
381450,0.02029244
381453,0.26489230
381454,0.03031392
381455,0.19100650
381456,0.40589388
381457,0.03039503
381458,0.02057281
381459,0.09709580
381460,0.05197971
381461,0.24918534
381462,0.36854176
381463,0.05772194
381464,0.44602365
381465,0.02272141
381466,0.39191182
381467,0.19401281
381468,0.14970365
381469,0.18111889
381470,0.16870583
381471,0.32649967
381472,0.05073603
381473,0.03574691
381475,0.08153674
381476,0.02127896
381477,0.05062403
381478,0.03563771
381479,0.16402494
381480,0.28430457
381481,0.01690784
381482,0.02550399
381483,0.04328794
381495,0.06784050
381545,0.02391111
381580,0.09648902
381657,0.22000753
381674,0.21719452
381691,0.01957299
381697,0.13645842
381704,0.14513691
381711,0.09956315
381721,0.05992335
381728,0.22522432
381729,0.01884389
381734,0.04292530
381735,0.04356426
381736,0.08094150
381740,0.38528586
381742,0.29938669
381743,0.28885418
381744,0.04170127
381747,0.02266874
381748,0.38329328
381749,0.02378598
381750,0.08390603
381751,0.04897665
381752,0.21678621
381753,0.15234012
381754,0.73740374
381755,0.27910078
381756,0.27621586
381757,0.01637960
381758,0.01689895
381759,0.10481639
381760,0.10767288
381761,0.68319296
381762,0.02690807
381763,0.05653693
381764,0.27979134
381765,0.13898957
381766,0.03191724
381767,0.10630209
381768,0.09873184
381769,0.07838010
381770,0.06246111
381772,0.03429181
381774,0.02623929
381777,0.04760694
381861,0.04371537
381974,0.20892021
381991,0.12052137
382024,0.18812792
382051,0.07127542
382066,0.02456519
382067,0.02640064
382068,0.09330136
382107,0.05900342
382108,0.20850691
382111,0.06592380
382113,0.03012304
382114,0.09174881
382120,0.03358626
382121,0.20575981
382122,0.06079667
382124,0.19723001
382126,0.02884849
382131,0.01164008
382132,0.21214972
382135,0.03578347
382136,0.01980194
382137,0.01949879
382138,0.02577204
382140,0.17977394
382141,0.17865585
382142,0.04423057
382143,0.06401680
382144,0.14009980
382145,0.06750938
382146,0.36178035
382147,0.09877540
382149,0.07810358
382150,0.18330790
382152,0.25153143
382153,0.03297164
382164,0.71179670
382180,0.09928180
382239,0.35098118
382275,0.05768446
382297,0.02515787
382391,0.08217364
382392,0.19052704
382396,0.15486439
382424,0.01101713
382471,0.21321464
382493,0.02022249
382496,0.05253466
382504,0.05584012
382505,0.11752033
382513,0.02322401
382517,0.43237439
382521,0.21435739
382528,0.02805231
382530,0.17041066
382544,0.27703090
382603,0.79876420
382604,0.04462512
382642,0.05140837
382666,0.03292499
382699,0.04679567
382737,0.15867554
382792,0.21274866
382796,0.01616491
382807,0.04071640
382813,0.22710023
382817,0.41907375
382818,0.22660346
382826,0.04510652
382845,0.02449767
382846,0.03046074
382850,0.72349893
382851,0.10409205
382856,0.07960682
382858,0.05476186
382859,0.14953894
382862,0.02604758
382863,0.02116120
382865,0.01738929
382866,0.11216014
382868,0.09157155
382870,0.01259151
382871,0.10444328
382872,0.13578980
382873,0.11439596
382874,0.99123973
382875,0.02134171
382876,0.16086529
382877,0.27280524
382878,0.35777910
382879,0.24023880
382880,0.01057217
382882,0.11957872
382883,0.04075593
382884,0.04902160
382885,0.13768873
382886,0.08619244
382887,0.15911103
382989,0.02442872
383009,0.12505891
383039,0.08245234
383068,0.02610397
383072,0.02188197
383093,0.12161256
383099,0.95232949
383167,0.04842851
383168,0.22251229
383170,0.09357958
383171,0.35409734
383174,0.01527944
383175,0.01129181
383176,0.11204394
383178,0.10563096
383181,0.52479611
383182,0.16660006
383184,0.04650156
383186,0.07463888
383187,0.01681566
383189,0.00768861
383190,0.03266518
383191,0.06993847
383192,0.08117803
383194,0.01575854
383195,0.02275884
383196,0.02460236
383197,0.05211686
383198,0.03486637
383199,0.05190538
383200,0.05998630
383201,0.10734263
383202,0.39959954
383203,0.02091614
383204,0.23858075
383205,0.13480253
383206,0.17933652
383207,0.01547334
383208,0.03279504
383279,0.10051345
383335,0.16711816
383384,0.10134436
383394,0.05383235
383400,0.41171714
383401,0.01535654
383409,0.07217087
383410,0.03023716
383412,0.04571297
383414,0.05871458
383419,0.14319784
383422,0.04678496
383425,0.01714168
383426,0.02158938
383427,0.12333157
383428,0.17414355
383429,0.23300937
383430,0.07162644
383431,0.23171520
383433,1.25507750
383434,0.13393746
383435,0.04407972
383436,0.18930979
383437,0.04973716
383438,0.05412493
383439,0.17533926
383440,0.02837519
383441,0.03004750
383442,0.12505081
383443,0.01151517
383444,0.01139535
383445,0.01186575
383446,0.06628261
383447,0.07964553
383448,0.08592366
383449,0.01175871
383450,0.14892802
383451,0.01315552
383452,0.02456857
383453,0.17314602
383454,0.15352019
383533,0.02255567
383583,0.11544687
383608,0.06732231
383622,0.14557871
383673,0.24160539
383804,0.10239512
383806,0.10137859
383812,0.05459871
383814,0.01303700
383816,0.14178766
383825,0.09845808
383827,0.12108491
383833,0.16850282
383841,0.03375269
383842,0.06695881
383849,0.10727659
383859,0.04044271
383883,0.05172006
383891,0.36788698
383910,0.02167850
383925,0.02772509
383943,0.29786118
383946,0.22344133
383959,0.04178496
383960,0.09278650
383961,0.02826877
383962,0.01928700
383979,0.07953825
383985,0.03826781
383990,0.03379304
383999,0.07923243
384001,0.40049721
384003,0.03669897
384008,0.02373697
384019,0.29802729
384020,0.07585191
384065,0.20731118
384102,0.14472516
384154,0.06519021
384155,0.35960198
384171,0.04198558
384177,0.03446177
384183,0.03827561
384186,0.05737207
384198,0.41798954
384199,0.02667114
384201,0.22928898
384203,0.34678635
384204,0.16977448
384205,0.08995818
384207,0.02238073
384208,0.02853962
384209,0.23049003
384210,0.06473083
384211,0.09166395
384212,0.14254969
384215,0.48087933
384216,0.20866898
384220,0.37422295
384221,0.01421310
384226,0.24877326
384273,0.02963602
384287,0.06098780
384288,0.08675219
384332,0.26709003
384365,0.02524114
384380,0.51199228
384392,0.03093675
384412,0.01984137
384424,0.17228258
384428,0.08219556
384429,0.23854486
384430,0.03323857
384434,0.05201830
384480,0.06308755
384502,0.37159075
384503,0.02542126
384504,0.18851461
384505,0.18732202
384508,0.02376726
384519,0.02016879
384520,0.29187219
384524,0.03312921
384528,0.02947174
384532,0.07122167
384539,0.06535378
384542,0.06788813
384543,0.40148356
384544,0.03786898
384546,0.07550927
384547,0.05571488
384548,0.21279722
384549,0.01532477
384552,0.13364076
384554,0.04167575
384556,0.05744200
384557,0.02493195
384558,0.04070214
384559,0.01480839
384560,0.06912858
384561,0.31890276
384562,0.26772501
384563,0.11761814
384564,0.10770930
384565,0.15017854
384656,0.04373804
384657,0.02998789
384672,0.37911789
384679,0.05614082
384680,0.01653787
384689,0.02775791
384692,0.11149026
384695,0.35330503
384710,0.86365923
384712,0.02843009
384715,0.06561593
384735,0.02505356
384749,0.01577893
384751,0.07064860
384753,0.12446850
384757,0.01576325
384759,0.04591378
384761,0.03267582
384762,0.12284582
384765,0.06992820
384775,0.25970433
384782,0.09309572
384794,0.09668706
384798,0.02607411
384805,0.04277902
384807,0.10372847
384812,0.02260827
384821,0.09437430
384834,0.02238537
384847,0.13798757
384856,0.09479864
384857,0.24314581
384858,0.10609357
384859,0.07048245
384860,0.23486832
384861,0.69748267
384862,0.07554529
384863,0.22742558
384864,0.04283319
384865,0.03158090
384866,0.73648905
384867,0.29491634
384868,0.06970296
384869,0.15767645
384870,0.01766312
384871,0.05376955
384873,0.11595955
384874,0.11617904
384876,0.09705068
384877,0.01551125
384878,0.06534064
384880,0.04702022
384881,0.00682094
384882,0.11969427
384883,0.03069831
384884,0.07049962
384885,0.02059931
384886,0.06483612
384887,0.00780760
384969,0.01110089
385023,0.04678555
385049,0.15616525
385081,0.05697371
385091,0.02801070
385092,0.02152183
385093,0.08248203
385094,0.07528581
385106,0.66162327
385107,0.70415613
385110,0.10742186
385111,0.04609916
385113,0.01953341
385114,0.08552102
385115,0.53307169
385117,0.01744640
385119,0.03630682
385120,0.29764002
385121,0.36224114
385122,0.03024190
385123,0.00776825
385125,0.05682881
385126,0.04690236
385127,0.02895183
385128,0.02913291
385129,0.07892651
385130,0.03827364
385131,0.03856466
385132,0.27246814
385133,0.13995633
385134,0.14142384
385135,0.02335983
385136,0.24358747
385137,0.39135566
385138,0.06775931
385139,0.70168431
385140,0.34527470
385141,0.05089631
385142,0.02268128
385143,0.00925657
385144,0.10493792
385145,0.24496837
385146,0.13541902
385147,0.03695429
385149,0.06331154
385151,0.06437377
385152,0.02684714
385153,0.15250255
385197,0.01471182
385230,0.06612352
385231,0.50960955
385252,0.23683429
385299,0.13328915
385351,0.09036952
385376,0.26503420
385405,0.05157688
385452,0.07474950
385479,0.04164073
385510,0.05192196
385522,0.27458982
385524,0.02459637
385544,0.28563056
385563,0.07619756
385566,0.07602160
385571,0.02649516
385585,0.03594823
385586,0.18157014
385611,0.01841691
385621,0.03830032
385623,0.22635244
385628,0.55477915
385633,0.04176813
385634,0.02260329
385643,0.05058473
385650,0.14139197
385656,0.02355084
385666,0.16097426
385693,0.15970691
385705,0.12525226
385706,0.02712933
385835,0.01968268
385847,0.10128649
385867,0.07082617
385871,0.05309237
385872,0.03791186
385879,0.01919619
385883,0.05870739
385884,0.10274308
385885,0.09742388
385889,0.03518926
385893,0.08663835
385894,0.06647794
385898,0.05136086
385899,0.10324456
385902,0.06918137
385903,0.06514856
385904,0.05707042
385905,0.03924219
385906,0.06385921
385907,0.06045887
385908,0.31531235
385909,0.12875998
385910,0.07707508
385973,0.02011072
386003,0.29818864
386013,0.00890944
386023,0.01624924
386065,0.01596528
386072,0.32408932
386077,0.21048799
386135,0.03832238
386141,0.01452350
386178,0.51310721
386198,0.17263524
386200,0.03322877
386203,0.24688819
386223,0.08153226
386225,0.01217129
386245,0.03202956
386250,0.05010622
386253,0.02882055
386254,0.12703827
386255,0.08630888
386262,0.09955584
386263,0.05137412
386264,0.02851715
386267,0.02250876
386268,0.07296813
386276,0.06536662
386279,0.60273603
386281,0.07125680
386282,0.20019195
386283,0.22000567
386284,0.04419790
386285,0.04372331
386286,0.07147123
386287,0.09294836
386288,0.20546853
386289,0.46738169
386290,0.10291606
386292,0.07901597
386293,0.06329566
386294,0.07293846
386295,0.90201397
386296,0.22616590
386297,0.11656741
386299,0.03345762
386300,0.04611995
386301,0.02692159
386302,0.02669792
386303,0.53031294
386304,0.48957988
386305,0.15944627
386307,0.04079226
386308,0.07034042
386309,0.12941946
386310,0.10131426
386311,0.07743996
386347,0.20469919
386350,0.30984974
386352,0.02351653
386365,0.03211436
386378,0.06063645
386380,0.11024034
386399,0.10804386
386458,0.00952067
386523,0.05614007
386531,0.33955307
386545,0.10477555
386546,0.14338339
386547,0.07872024
386549,0.10526557
386550,0.08198202
386551,0.10091750
386552,0.01026662
386633,0.21235263
386647,0.04138478
386665,0.02544157
386767,0.04071172
386773,0.10745881
386774,0.07312191
386775,0.24608019
386777,0.04109351
386785,0.13746422
386791,0.03116570
386792,0.02824616
386795,0.06605936
386798,0.13744689
386803,0.05381124
386805,0.23560990
386806,0.11571097
386808,0.03818505
386811,0.01736043
386813,0.03142186
386814,0.10049985
386817,0.05631381
386819,0.01753556
386820,0.30004504
386821,0.37162945
386822,0.55882512
386824,0.05121347
386825,0.09328330
386826,0.01220605
386827,0.26448497
386828,0.26045372
386830,0.02571216
386831,0.24821610
386832,0.02756148
386833,0.16563574
386834,0.17062801
386835,0.01400351
386836,0.04419267
386837,0.19237041
386838,0.02935663
386839,0.15826406
386840,0.02732840
386841,0.42379980
386843,0.11049930
386844,0.13269658
386845,0.03358686
386847,0.14169609
386848,0.04889832
386849,0.07244384
386860,0.11451322
386938,0.03141919
386940,0.04786563
386989,0.07367234
387021,0.07294117
387193,0.45676899
387194,0.16549728
387286,0.21585531
387291,0.00810927
387292,0.09438609
387324,0.25621290
387325,0.06669539
387329,0.04475932
387331,0.09395223
387333,0.01411689
387337,0.38658088
387341,0.14671074
387342,0.08812352
387349,0.08390020
387350,0.02770304
387351,0.04215047
387352,0.03220868
387353,0.19671509
387355,0.23072534
387356,0.18272782
387357,0.05780545
387358,0.01589328
387360,0.11958656
387361,0.02286796
387362,0.04766447
387363,0.01985099
387364,0.08673228
387365,0.09615811
387366,0.05375077
387367,0.10805147
387368,0.02380430
387369,0.05180541
387370,0.03818830
387371,0.11401649
387372,0.05494424
387377,0.10721586
387378,0.05937950
387424,0.02166769
387440,0.03881924
387447,0.11857620
387489,0.07650546
387501,0.06794254
387526,0.51992830
387542,0.00969184
387543,0.18890787
387544,0.06430882
387565,0.03198803
387572,0.11812388
387577,0.13012417
387578,0.12936438
387583,0.02930651
387584,0.02524224
387588,0.09693604
387595,0.49038945
387596,0.22720336
387597,0.10868383
387598,0.01791426
387662,0.10687875
387687,0.06035594
387688,0.04335223
387689,0.03333878
387718,0.41592072
387730,0.07109628
387753,0.01887872
387807,0.27624851
387843,0.08825393
387848,0.12317254
387882,0.22320693
387884,0.02907907
387892,0.01709627
387896,0.03608100
387916,0.18485635
387920,0.06062247
387927,0.21803671
387928,0.03020796
387929,0.07049129
387932,0.02597682
387934,0.11011398
387937,0.01842427
387942,0.12552414
387947,0.11534890
387948,0.03110224
387952,0.43336987
387953,0.04885643
387954,0.02775686
387955,0.17617253
387956,0.05090655
387957,0.13877114
387958,0.33980470
387960,0.01279869
387961,0.08957461
387962,0.09232674
387963,0.24076205
387964,0.47613574
387965,0.04518081
387966,0.14838703
387967,0.06914967
387968,0.05095848
387969,0.01522418
387970,0.06715023
387971,0.32055582
387972,0.07335607
387973,0.13286140
388053,0.30159259
388056,0.08279732
388057,0.18630776
388078,0.14084143
388079,0.01026566
388127,0.06122316
388155,0.25415059
388159,0.00990934
388169,0.06069086
388170,0.20374384
388173,0.03132381
388174,0.02094880
388176,0.05966179
388179,0.10529917
388182,0.04336877
388183,0.07779613
388187,0.13086565
388189,0.02225884
388191,0.01890408
388193,0.08848512
388194,0.05769613
388195,0.05914296
388196,0.04814076
388198,0.05112967
388199,0.35237282
388201,0.27481999
388202,0.17357473
388203,0.27958104
388204,0.08826142
388206,0.16150560
388208,0.03502232
388209,0.04518637
388210,0.06734148
388211,0.00545903
388212,0.04406037
388213,0.06473624
388214,0.02425303
388215,0.36730544
388216,0.06611177
388217,0.07823850
388218,0.11234651
388219,0.03139034
388220,0.62246654
388221,0.14110326
388222,0.04006777
388223,0.03294188
388237,0.11723968
388238,0.04117873
388242,0.07181754
388243,0.17956633
388248,0.08517325
388249,0.32928675
388251,0.06477525
388253,0.18400356
388255,0.09568531
388256,0.15036476
388258,0.05238236
388259,0.13919232
388260,0.11617263
388262,0.64408915
388263,0.14586821
388264,0.02533108
388265,0.32731939
388266,0.06246247
388267,0.17824991
388269,0.50019275
388270,0.04982468
388271,0.09564785
388272,0.13736136
388273,0.02566298
388274,0.14758418
388275,0.13151359
388276,0.05705598
388397,0.14714803
388428,0.25728410
388429,0.03473606
388448,0.05533435
388449,0.01154794
388460,0.16096329
388463,0.64825561
388465,0.37204173
388505,0.13958009
388508,0.15421906
388511,0.02472251
388525,0.02974454
388554,0.18965920
388561,0.50843136
388566,0.08052188
388572,0.01407064
388574,0.10072447
388585,0.03926396
388589,0.01401340
388590,0.24141750
388594,0.04834883
388596,0.10610476
388616,0.28340140
388621,0.09289532
388622,0.06526068
388627,0.07827479
388633,0.23632633
388639,0.02404074
388647,0.24950253
388655,0.15461301
388665,0.15548612
388667,0.08845454
388668,0.03371651
388669,0.22380000
388679,0.09923637
388683,0.02818584
388687,0.01843760
388688,0.04458163
388700,0.19743484
388703,0.29590466
388704,0.20236116
388705,0.20427198
388707,0.03210073
388712,0.04386388
388729,0.03409845
388733,0.06736517
388748,0.05237968
388754,0.05005825
388763,0.16616828
388777,0.08002999
388790,0.12418666
388800,0.44531928
388801,0.02573335
388812,0.15671239
388816,0.47753948
388835,0.25939832
388837,0.06387766
388842,0.00937261
388847,0.09834307
388848,0.04343416
388849,0.31955536
388850,0.36204840
388859,0.51295245
388864,0.03179141
388865,0.28481328
388870,0.12124288
388872,0.04111250
388873,0.11967911
388879,0.02311701
388890,0.17611825
388898,0.07456647
388899,0.17588208
388900,0.05719061
388913,0.47975272
388919,0.07483541
388921,0.25269691
388929,0.05267838
388945,0.23116145
388962,0.52117800
388963,0.07061341
388985,0.10185784
388986,0.05610797
388992,0.28279486
388993,0.08518965
389002,0.09196109
389006,0.01850249
389009,0.16551654
389018,0.11851213
389048,0.09247274
389051,0.12810646
389068,0.09014971
389069,0.10306141
389070,0.00920619
389080,0.07915185
389085,0.01840828
389090,0.05928066
389094,0.23024168
389097,0.35288080
389098,0.05424090
389101,0.11835084
389104,0.04103491
389131,0.63496609
389133,0.17427388
389134,0.00686042
389143,0.10618961
389176,0.24308890
389181,0.03157891
389192,0.03830705
389202,0.08994779
389222,0.04228592
389225,0.26118350
389227,0.20582916
389239,0.06068817
389245,0.09083331
389248,0.04061592
389258,0.12933589
389266,0.12318421
389268,0.15234024
389277,0.04435575
389280,0.18337216
389300,0.04432022
389319,0.08913669
389330,0.06075056
389338,0.03260893
389356,0.21861542
389363,0.67235465
389371,0.04654385
389377,0.53556117
389398,0.03094754
389409,0.05322083
389415,0.03409770
389418,0.06599097
389420,0.23630467
389426,0.13711541
389433,0.08894206
389434,0.02854938
389440,0.25595787
389441,0.01219661
389443,0.67785037
389448,0.71631112
389464,0.03774299
389466,0.02485643
389471,0.37934888
389473,0.05707360
389480,0.04464633
389481,0.01636331
389483,0.21032298
389486,0.01966586
389490,0.29251648
389500,0.02856769
389507,0.43333624
389509,0.01603003
389515,0.57698522
389517,0.02489431
389523,0.02265533
389527,0.02689202
389529,0.56912486
389532,0.05945931
389539,0.07251192
389550,0.03772691
389551,0.06330693
389552,0.11111102
389554,0.58063229
389563,0.21286348
389566,0.16180026
389572,0.02576006
389573,0.06541031
389585,0.08663870
389587,0.02029324
389589,0.02398500
389592,0.01515497
389601,0.75481624
389603,0.02655594
389604,0.11765661
389617,0.04176990
389618,0.21225417
389619,0.08226095
389622,0.06527026
389623,0.04524091
389627,0.07314939
389644,0.42727176
389667,0.04139562
389678,0.43206978
389694,0.02989280
389700,0.11989967
389707,0.01041965
389714,0.02878453
389717,0.20925876
389732,0.04047284
389737,0.12966082
389741,0.07081085
389755,0.10966545
389756,0.33090243
389763,0.13702813
389772,0.19934629
389777,0.02400015
389778,0.11236351
389796,0.11896357
389798,0.02314429
389805,0.05732329
389807,0.06350849
389815,0.04312393
389818,0.10532961
389823,0.02318529
389824,0.02114884
389831,0.01370936
389856,0.28285720
389860,0.03555452
389862,0.02950726
389872,0.16448353
389875,0.03359452
389878,0.12046947
389879,0.08076345
389881,0.02158806
389895,0.05329938
389897,0.07484081
389898,0.07403524
389924,0.18615469
389929,0.01787953
389934,0.30447321
389947,0.12582209
389962,0.11745017
389981,0.01175010
390003,0.06868731
390006,0.11617292
390011,0.01437372
390041,0.06885129
390044,0.09516209
390045,0.03599224
390047,0.15174430
390048,0.38649888
390052,0.18918549
390056,0.09609494
390061,0.06853175
390065,0.10256062
390070,0.20815173
390073,0.09949603
390076,0.02643554
390087,0.09142336
390092,0.05841588
390095,0.05387213
390099,0.64361709
390107,0.12841741
390116,0.03127638
390130,0.02907064
390133,0.29311101
390144,0.14333819
390155,0.05888861
390159,0.06146043
390181,0.04978016
390183,0.02841745
390214,0.02817007
390222,0.15269504
390230,0.06580661
390235,0.05597554
390237,0.01899225
390242,1.10945754
390256,0.03737205
390259,0.39255953
390261,0.10809181
390268,0.15101462
390271,0.04759183
390274,0.08283431
390276,0.09964909
390279,0.07001436
390283,0.40621051
390285,0.03478230
390299,0.13392926
390316,0.02038929
390321,0.11322275
390330,0.11960780
390343,0.11761697
390346,0.24198901
390357,0.09730617
390359,0.21347557
390361,0.23855452
390365,0.05380425
390366,0.15941069
390372,0.42276918
390376,0.10065330
390378,0.31255226
390388,0.10587894
390391,0.02546255
390400,0.09996269
390407,0.22388190
390411,0.16909950
390419,0.02258928
390423,0.02717402
390437,0.04442844
390445,0.02738301
390449,0.03295584
390455,0.14823485
390465,0.10900378
390491,0.08299626
390492,0.28089937
390494,0.11977355
390495,0.17742494
390497,0.01684918
390504,0.13722226
390508,0.12696646
390510,0.12323208
390512,0.04178560
390524,0.02735688
390531,0.04264421
390558,0.12762463
390561,0.07146903
390564,0.00787423
390569,0.04562116
390574,0.09030295
390575,0.06027132
390587,0.36647740
390620,0.20405021
390621,0.13140396
390633,0.14816898
390634,0.13189850
390638,0.20270219
390639,0.03303686
390642,0.01439071
390647,0.30020160
390648,0.03341467
390663,0.31580923
390686,0.03272028
390688,0.24947173
390690,0.02732134
390691,0.07917848
390696,0.21591977
390703,0.08327361
390711,0.22519133
390722,0.07865772
390736,0.59850426
390747,0.40887998
390752,0.34202428
390760,0.15848815
390774,0.04237537
390777,0.06154719
390781,0.09610716
390793,0.02906358
390838,0.31532398
390847,0.16067563
390851,0.11289889
390854,0.01783804
390858,0.03913249
390864,0.10215792
390871,0.33797903
390905,0.05984399
390908,0.08456062
390910,0.02782191
390917,0.02779489
390919,0.01223010
390920,0.12759456
390922,0.02780095
390928,0.12721268
390929,0.06451433
390953,0.17686861
390955,0.02162677
390959,0.03787081
390962,0.06068663
390971,0.21879745
390972,0.04682115
390990,0.01678094
390994,0.20185672
390997,0.69384243
391015,0.10006232
391034,0.04838527
391038,0.22152361
391043,0.03461723
391048,0.04062343
391049,0.07304654
391056,0.07061714
391060,0.15303213
391072,0.12148850
391073,0.07083162
391077,0.03249787
391086,0.01722321
391092,0.06577417
391096,0.10515786
391118,0.10763221
391123,0.10628128
391136,0.11809021
391137,0.01611979
391145,0.03407090
391162,0.03425685
391164,0.61761705
391168,0.17060506
391172,0.09120118
391184,0.10263864
391188,0.04218876
391198,0.04028544
391207,0.03457825
391208,0.01710284
391209,0.44099732
391230,0.06710347
391232,0.09191235
391236,0.09994499
391237,0.52325940
391245,0.05532950
391269,0.03347259
391274,0.06690288
391275,0.12072952
391276,0.06200471
391279,0.37707005
391285,0.03024834
391306,0.02206746
391310,0.09096347
391321,0.01548480
391327,0.11563149
391341,0.27596513
391350,0.02777408
391353,0.00877499
391354,0.03704467
391357,0.06071794
391367,0.87651206
391371,0.06455890
391384,0.05139820
391387,0.06605672
391388,0.36962591
391392,0.02248722
391408,0.01487940
391433,0.02201494
391439,0.04527977
391443,0.15462049
391445,0.04589792
391449,0.09356877
391450,0.06779910
391461,0.24120544
391469,0.02343689
391486,0.03510745
391487,0.24997363
391500,0.03621968
391501,0.04716167
391505,0.01646951
391516,0.03533443
391517,0.01468947
391522,0.03637847
391539,0.21211726
391543,0.32363592
391546,0.07459451
391552,0.49337033
391555,0.04168101
391564,0.01997159
391565,0.04618222
391570,0.01538691
391586,0.08850581
391587,0.09479934
391588,0.08636320
391590,0.10192299
391613,0.84612721
391614,0.10091923
391617,0.00806914
391623,0.12033625
391635,0.11782862
391653,0.04788911
391661,0.18407999
391670,0.05993511
391682,0.06273931
391713,0.02293936
391717,0.09211052
391726,0.51052497
391738,0.05758573
391740,0.04704142
391741,0.01401292
391742,0.12710624
391756,0.05939313
391765,0.68538417
391766,0.12155478
391768,0.08904516
391771,0.05161797
391784,0.12882542
391786,0.35416689
391791,0.09623455
391798,0.02779756
391820,0.65149964
391831,0.06733345
391842,0.02844613
391843,0.01825678
391853,0.04888504
391858,0.14360386
391866,0.60055164
391867,0.01033032
391870,0.11878120
391879,0.16911187
391903,0.10852244
391915,0.07941363
391920,0.01714154
391929,0.16839906
391935,0.02397515
391944,0.04235030
391945,0.24418578
391947,0.10813149
391957,0.05562994
391960,0.05785297
391966,0.09881700
391977,0.04835974
391983,0.04250649
391990,0.21270287
391999,0.03672703
392010,0.01532165
392011,0.02096784
392012,0.02954025
392013,0.01912816
392015,0.01275656
392027,0.11428766
392029,0.27338911
392031,0.12431510
392035,0.03129045
392042,0.01723250
392049,0.02804465
392050,0.13301479
392062,0.09189210
392068,0.16024172
392071,0.07813451
392079,0.03192736
392087,0.08717338
392106,0.13549927
392111,0.03054699
392123,0.19357632
392127,0.54830891
392132,0.21173837
392149,0.39526895
392151,0.06571515
392175,0.61177503
392186,0.21356417
392190,0.52487686
392196,0.17020420
392202,0.05877196
392212,0.07264603
392221,0.18920729
392224,0.64845552
392230,0.06541779
392232,0.14187923
392234,0.32642665
392239,0.13055785
392240,0.24584329
392241,0.01082158
392243,0.18908216
392250,0.04364832
392253,0.03823705
392258,0.05949715
392260,0.08170177
392270,0.62236174
392280,0.10342830
392283,0.03249187
392293,0.07893413
392311,0.16966053
392316,0.04822570
392317,0.29644921
392319,0.25761248
392328,0.02044869
392363,0.14975900
392369,0.06060324
392371,0.03669210
392372,0.17495140
392386,0.12640756
392389,0.25340618
392390,0.18271217
392391,0.34033317
392398,0.01325756
392399,0.05260431
392404,0.11185564
392405,0.02424373
392408,0.30591051
392422,0.07577655
392423,0.06374582
392424,0.08604015
392429,0.04348719
392430,0.17568824
392431,0.10608794
392437,0.04107982
392450,0.05100985
392458,0.03497859
392460,0.05136958
392469,0.44491865
392474,0.12749221
392491,0.44868249
392495,0.02719802
392513,0.35193781
392526,0.32284846
392527,0.25098180
392534,0.06928936
392540,0.86979042
392554,0.17834424
392571,0.05681751
392578,0.09237613
392583,0.03189664
392588,0.29044865
392594,0.21231721
392604,0.02732685
392610,0.50189186
392613,0.02882408
392619,0.17742112
392622,0.62853750
392624,0.03316079
392629,0.72733083
392634,0.13316885
392639,0.01414241
392649,0.10810139
392671,0.12400633
392680,0.57829946
392682,0.01452985
392684,0.04625384
392685,0.42530856
392686,0.81478849
392699,0.02163013
392704,0.03509864
392709,0.07737928
392714,0.25808606
392717,0.02981833
392727,0.04125788
392730,0.13150011
392741,0.06754089
392754,0.01011362
392762,0.05060028
392774,0.10394520
392775,0.11552862
392793,0.13951673
392800,0.25150917
392809,0.10216071
392812,0.02153968
392814,0.04343289
392820,0.10145726
392825,0.02696928
392847,0.07079463
392849,0.49616941
392861,0.39948631
392868,0.16355792
392880,0.13401976
392882,0.04752779
392888,0.13843107
392905,0.04098765
392909,0.18328258
392915,0.09388652
392925,0.05886075
392931,0.04041792
392933,0.02731180
392935,0.05911865
392939,0.07031280
392951,0.03978729
392960,0.01560849
392962,0.07473525
392964,0.26582220
392970,0.05221154
392980,0.04225771
392981,0.10813879
392985,0.05170380
392990,0.05864399
392992,0.31003112
392998,0.13801324
392999,0.07647386
393007,0.05039967
393009,0.09749792
393012,0.14220072
393014,0.07325504
393015,0.09201276
393035,0.14248849
393055,0.02829713
393056,0.11390456
393075,0.07387001
393078,0.02327900
393094,0.06108095
393111,0.07988552
393115,0.08904235
393117,0.46563309
393118,0.04288847
393128,0.35582291
393129,0.06109465
393136,0.03300510
393138,0.05445075
393139,0.29542467
393156,0.07337414
393159,0.79786745
393168,0.07449413
393172,0.06430312
393177,0.09268647
393189,0.00777787
393194,0.47223376
393201,0.06942611
393202,0.12792527
393209,0.01840156
393216,0.33707954
393218,0.23901224
393224,0.03408936
393227,0.18505919
393232,0.05070462
393256,0.09296498
393257,0.07763392
393258,0.60589379
393267,0.06275648
393269,0.08989917
393275,0.17175504
393278,0.10598739
393279,0.14804733
393312,0.13065913
393318,0.11965648
393343,0.11775555
393351,0.21686382
393356,0.01942004
393361,0.31770875
393370,0.26540480
393381,0.03027369
393395,0.32541071
393405,0.03641909
393416,0.08031407
393419,0.02677104
393430,0.14127754
393443,0.21259666
393454,0.32764869
393478,0.01128454
393489,0.02444277
393499,0.18441337
393503,0.05741344
393505,0.15263815
393507,0.02730543
393526,0.08695365
393537,0.04158343
393543,0.05959333
393555,0.03155476
393562,0.09911439
393573,0.44846660
393587,0.76420153
393591,0.11507458
393606,0.05207603
393621,0.12843762
393624,0.03001020
393625,0.84132482
393628,0.28257130
393633,0.03574541
393641,0.15003748
393642,0.14201641
393650,0.03314244
393658,0.20813903
393669,0.03584029
393671,0.08048607
393672,0.05531074
393680,0.03490645
393683,0.40691532
393684,0.08800896
393691,0.02226808
393696,0.04459510
393699,0.04955713
393708,0.02054916
393709,0.23546722
393711,0.15999492
393720,0.40701297
393738,0.02529825
393740,0.04336027
393762,0.00735698
393774,0.01805583
393776,0.03273935
393778,0.05319884
393793,0.04012005
393804,0.15141240
393818,0.41427415
393821,0.01976919
393822,0.01574031
393833,0.48763920
393839,0.20629784
393840,0.18199196
393843,0.03451702
393852,0.01302259
393855,0.03136389
393860,0.29511450
393864,0.21762226
393877,0.20332178
393882,0.22576672
393884,0.15196585
393886,0.03415622
393892,0.04112751
393894,0.04687279
393902,0.09555549
393909,0.23059665
393910,0.02193261
393911,0.03327971
393934,0.05719722
393936,0.21920909
393939,0.31946750
393940,0.03339151
393943,0.03271519
393946,0.12158488
393950,0.02218074
393953,0.07394459
393959,0.63306565
393974,0.26024886
393980,0.16469378
393983,0.03841814
393985,0.10903774
393992,0.03814163
393995,0.11183544
394008,0.70393335
394010,0.03709160
394022,0.03128045
394062,0.04775478
394063,0.20210645
394066,0.02963757
394069,0.11689784
394071,0.10289152
394082,0.05744444
394087,0.14318581
394095,0.01720235
394097,0.28536044
394106,0.07090194
394113,1.02475748
394115,0.31873155
394125,0.03248616
394131,0.07651539
394132,0.10118743
394141,0.24704555
394145,0.41555921
394153,0.82901347
394159,0.03157982
394180,0.05510103
394186,0.03856296
394200,0.09375140
394203,0.06726908
394210,0.08430909
394214,0.26434328
394218,0.23850043
394231,0.12877453
394240,0.53217944
394248,0.10177296
394249,0.00741350
394254,0.16000598
394264,0.10068233
394267,0.14034691
394269,0.31366218
394275,0.19081498
394289,0.02057155
394295,0.04658823
394305,0.35939457
394308,0.04616491
394317,0.01318232
394323,0.49993916
394332,0.08412624
394336,0.24600961
394345,0.62835128
394346,0.03467352
394347,0.04887530
394351,0.09798431
394355,0.43239847
394360,0.03303407
394372,0.09229140
394373,0.16861686
394374,0.03737382
394382,0.23275898
394385,0.05687743
394409,0.30297543
394415,0.03462877
394433,0.02472857
394445,0.05181318
394448,0.04744164
394451,0.15634604
394467,0.04744454
394471,0.03798022
394473,0.23742586
394474,0.04661095
394476,0.28903572
394492,0.03110419
394502,0.03238056
394506,0.08024770
394510,0.23857023
394515,0.00979359
394535,0.24452700
394537,0.38518701
394539,0.13201694
394541,0.08671005
394564,0.15683567
394567,0.05976236
394568,0.09677659
394571,0.18418937
394576,0.03099153
394579,0.43690123
394585,0.03760205
394588,0.00921374
394606,0.09747072
394623,0.01802566
394632,0.51710072
394635,0.08058801
394642,0.02072653
394653,0.09578220
394689,0.02716828
394695,0.06532007
394699,0.08144807
394706,0.08470670
394712,0.36255224
394721,0.87905070
394722,0.07345606
394739,0.04063982
394742,0.28373121
394761,0.10395330
394775,0.14402561
394777,0.22007656
394783,0.20709253
394800,0.34748453
394803,0.00976093
394804,0.93485951
394815,0.03903102
394835,0.13265176
394843,0.93444139
394845,0.46415375
394847,0.02717056
394848,0.22291843
394850,0.08182927
394857,0.03532192
394873,0.13842268
394892,0.10108748
394898,0.02638670
394904,0.08169009
394918,0.21888413
394920,0.12976222
394926,0.02164282
394927,0.08237313
394940,0.03491380
394942,0.02234424
394943,0.13572335
394959,0.09759315
394977,0.23664418
394991,0.15906681
395014,0.42571044
395027,0.06013236
395042,0.27300315
395062,0.10681811
395063,0.58826456
395064,0.08434459
395076,0.07179874
395085,0.16100536
395095,0.06312033
395100,0.03239854
395105,0.21360490
395108,0.01774504
395110,0.18290898
395114,0.44633301
395123,0.44593421
395131,0.09605693
395144,0.09945266
395152,0.29047579
395159,0.05795209
395166,0.08452015
395197,0.04264531
395210,0.05728808
395212,0.04471896
395216,0.22252536
395218,0.18096430
395224,0.01492052
395225,0.09671105
395233,0.13058953
395237,0.02825849
395246,0.03069475
395248,0.26396140
395262,0.05439640
395271,0.03948482
395275,0.06560008
395286,0.04561603
395316,0.07623832
395318,0.47853767
395328,0.06078227
395334,0.04911429
395337,0.30906170
395338,0.05450779
395346,0.06654137
395365,0.13579953
395373,0.30623505
395383,0.77532520
395387,0.08703512
395391,0.01941993
395401,0.16160114
395432,0.01194787
395443,0.01193849
395447,0.07285059
395448,0.13370055
395450,0.06635414
395456,0.04365277
395459,0.19389276
395462,0.08716078
395488,0.42808661
395492,0.02030294
395495,0.08186144
395504,0.16684984
395507,0.03399787
395508,0.28131932
395509,0.03386085
395513,0.14076283
395515,0.14082787
395517,1.05175614
395520,0.18754190
395524,0.01863188
395525,0.01897626
395533,0.03721196
395538,0.02285825
395545,0.04374325
395553,0.05171614
395576,0.10157076
395585,0.08222817
395590,0.04674810
395593,0.03805553
395595,0.03378980
395603,0.13652812
395604,0.15824478
395611,0.44090004
395612,0.04895354
395617,0.03788486
395624,0.03178204
395653,0.23944278
395665,0.06817539
395668,0.08422095
395672,0.16805285
395677,0.03447907
395692,0.02852076
395693,0.19249234
395694,0.05207998
395696,0.09084599
395699,0.04740721
395703,0.03058159
395712,0.11671710
395731,0.03787161
395732,0.08199642
395735,0.07157782
395736,0.02642681
395744,0.25883706
395763,0.06077893
395771,0.05080755
395774,0.03159813
395784,0.03499112
395790,0.05269871
395792,0.73685636
395796,0.04396481
395808,0.13165674
395810,0.07547141
395814,0.04277207
395831,0.31383541
395836,0.08280934
395837,0.08869751
395852,0.07027660
395854,0.01065443
395856,0.12900971
395857,0.11169383
395860,0.01650648
395862,0.02971245
395875,0.04784026
395880,0.02703389
395893,0.14355751
395900,0.03409843
395908,0.14481236
395921,0.51302749
395922,0.02191991
395926,0.11526574
395933,0.03176205
395936,0.01702560
395940,0.05079865
395951,0.17146055
395964,0.01372914
395969,0.07840877
395971,0.04297031
395973,0.06741900
395975,0.15401297
395984,0.35831743
395993,0.02616140
396012,0.23096717
396033,0.23663233
396035,0.10655069
396036,0.18363090
396041,0.02222244
396048,0.25077346
396049,0.03827841
396057,0.05895100
396060,0.07994703
396063,0.04684359
396078,0.12814407
396085,0.11712752
396087,0.04878301
396094,0.09334374
396104,0.02304723
396110,0.08223879
396123,0.24487464
396139,0.08235230
396160,0.02633165
396165,0.16018915
396169,0.11520356
396182,0.02425172
396200,0.71404257
396201,0.02051441
396202,0.05266788
396216,0.11760645
396227,0.15291265
396236,0.01950360
396240,0.31537713
396249,0.03855269
396252,0.06894239
396253,0.33321100
396276,0.10105584
396297,0.13817629
396301,0.01803483
396310,0.05684558
396327,0.07276623
396330,0.08130166
396331,0.09682275
396334,0.07060237
396337,0.07261866
396343,0.07882559
396346,0.04436287
396350,0.50293075
396368,0.02606992
396375,0.27545104
396378,0.08967768
396380,0.15495044
396393,0.03378867
396397,0.03654225
396403,0.03442448
396404,0.75103443
396408,0.05746760
396414,0.08963361
396418,0.80110671
396420,0.05502838
396426,0.04712032
396428,0.02267047
396434,0.36785737
396435,0.03223442
396437,0.01844214
396442,0.05894360
396444,0.06219325
396449,0.04324179
396453,0.09141443
396464,0.10055039
396474,0.05266303
396483,0.06640625
396496,0.08998086
396501,0.17876969
396505,0.05292527
396506,0.02566731
396512,0.04279028
396513,0.24969124
396518,0.05184484
396530,0.18325703
396542,0.05135509
396549,0.02897592
396553,0.04669430
396555,0.43996999
396557,0.05864659
396562,0.20741712
396566,0.13277481
396588,0.12916737
396589,0.09801621
396590,0.18590479
396597,0.02564053
396602,0.00966736
396609,0.40251932
396614,0.36842435
396617,0.13351124
396620,0.26212671
396625,0.37567026
396638,0.08187452
396640,0.06301732
396646,0.09939971
396648,0.07799375
396653,0.06774803
396663,0.10111544
396668,0.06320397
396670,0.12416154
396678,0.03290178
396681,0.02999408
396698,0.02388179
396699,0.19669130
396710,0.22104767
396713,0.06682035
396729,0.04725745
396732,0.19222312
396735,0.33586869
396752,0.52544442
396754,0.03267204
396761,0.02735554
396769,0.13105810
396777,0.03141108
396789,0.20643328
396790,0.03153492
396792,0.07546815
396824,0.11324459
396829,0.05781258
396830,0.11026927
396844,0.11859806
396849,0.06136977
396855,0.71709997
396864,0.24281688
396865,0.10902433
396866,0.04841247
396883,0.08184904
396889,0.19526175
396893,0.04018645
396900,0.46365688
396904,0.15409995
396912,0.01966710
396916,0.01455056
396922,0.01414938
396926,0.02890193
396928,0.09473868
396931,0.33177398
396944,0.02515777
396949,0.07195610
396952,0.28148941
396979,0.35248167
396984,0.02299015
396986,0.02760846
396992,0.02827160
396995,0.97295137
397014,0.13309562
397025,0.03545357
397046,0.57120069
397047,0.10422847
397051,0.04346502
397052,0.08565914
397058,0.02530871
397071,0.08075728
397081,0.05452676
397084,0.03381866
397086,0.58598179
397088,0.08773058
397090,0.30006049
397093,0.07127918
397106,0.01223337
397109,0.38382135
397110,0.15152774
397118,0.02832183
397119,0.10879312
397120,0.00765583
397127,0.05040894
397128,0.04147107
397129,0.18139795
397132,0.04185502
397138,0.02937634
397139,0.22863077
397146,0.54041103
397148,0.28883042
397149,0.10820009
397166,0.04828092
397167,0.17034624
397168,0.02793279
397171,0.02643372
397178,0.23264159
397185,0.03478397
397191,0.10477452
397195,0.03846528
397197,0.26832626
397198,0.14183492
397211,0.12022669
397213,0.03754125
397216,0.01630784
397219,0.07176390
397226,0.04293257
397241,0.06506189
397249,0.18058580
397261,0.09423518
397265,0.03138181
397281,0.01516643
397304,0.08167014
397306,0.05208720
397325,0.10420579
397327,0.03910199
397345,0.75897736
397360,0.02090937
397378,0.01812903
397383,0.07907112
397384,0.04810582
397399,0.15647115
397415,0.03251792
397433,0.01655834
397444,0.70199116
397452,0.28867927
397458,0.04054987
397460,0.18088975
397462,0.07581618
397464,0.04723152
397466,0.64529555
397472,0.02255558
397474,0.03566419
397476,0.19552715
397482,0.42979130
397492,0.24125570
397494,0.01306150
397501,0.25885063
397507,0.23322576
397512,0.20860686
397513,0.12205977
397517,0.03841973
397533,0.07940774
397549,0.64116993
397560,0.04051749
397562,0.03694089
397570,0.12907254
397575,0.02657553
397584,0.05174666
397585,0.02494377
397593,0.02845067
397609,0.15071062
397615,0.02138510
397630,0.26251899
397631,0.09262673
397633,0.20664004
397641,0.02235787
397664,0.01785759
397668,0.02585955
397674,0.08804761
397679,0.08677922
397681,0.14228372
397694,0.05058762
397695,0.10352711
397707,0.45574823
397713,0.04305346
397714,0.20594483
397715,0.06141243
397724,0.03213713
397726,0.37955355
397729,0.02406403
397739,0.02702334
397741,0.02561160
397759,0.07096899
397761,0.04015912
397767,0.23216905
397776,0.42675837
397782,0.31583573
397785,0.17449060
397789,0.04122868
397793,0.06837618
397794,0.10789892
397804,0.05830250
397815,0.01937145
397816,0.08770174
397825,0.10117002
397857,0.28311640
397861,0.08163477
397890,0.12211707
397891,0.61005072
397900,0.07598871
397903,0.08247382
397911,0.04612507
397925,0.06570056
397928,0.09648466
397954,0.04189071
397955,0.01283605
397962,0.04713464
397971,0.02157719
397975,0.17783601
397984,0.09371477
397989,0.01809420
397993,0.17139673
398004,0.04148077
398032,0.50204775
398038,0.04466516
398043,0.05552101
398046,0.04392678
398051,0.37356755
398061,0.04692490
398082,0.05230963
398086,0.10466048
398087,0.13582972
398088,0.15119923
398093,0.07663677
398103,0.03952217
398106,0.08091967
398109,0.07125770
398110,0.02558412
398113,0.08063569
398116,0.15572798
398132,0.03365257
398135,0.10483031
398138,0.07504550
398159,0.37690985
398163,0.08995040
398165,0.05500323
398166,0.13335218
398173,0.10961559
398179,0.13253721
398181,0.08954281
398189,0.05125097
398196,0.06761191
398206,0.13577419
398208,0.06218726
398220,0.05348019
398231,0.05126190
398234,0.66461004
398239,0.02882978
398254,0.01394932
398260,0.04673739
398261,0.03383062
398269,0.21327729
398274,0.02001624
398279,0.02344292
398280,0.10221827
398292,0.17828743
398293,0.11746414
398295,0.20051899
398329,0.04553053
398337,0.13517866
398344,0.03500814
398347,0.05777738
398348,1.02251327
398352,0.00997510
398355,0.19028263
398360,0.41258766
398363,0.11816670
398368,0.08251911
398373,0.18439235
398377,0.10579614
398384,0.07253915
398389,0.05009776
398394,0.49319304
398397,0.02892543
398400,0.09904474
398409,0.10641725
398429,0.03271599
398432,0.09536100
398444,0.72425421
398446,0.54527442
398456,0.03140816
398461,0.05659866
398473,0.02969836
398480,0.05477305
398481,0.24006156
398485,0.13712937
398488,0.96220100
398500,0.03987540
398520,0.22508587
398524,0.24137979
398534,0.07709458
398554,0.01850684
398572,0.19274058
398580,0.09275058
398586,0.04201772
398592,0.39394420
398606,0.25062512
398619,0.09483588
398621,0.16160864
398625,0.10988886
398645,0.31974368
398652,0.76135375
398656,0.01942718
398661,0.20596916
398667,0.03992203
398669,0.12189875
398676,0.05446027
398690,0.02779703
398699,0.21753336
398715,0.16161603
398718,0.00837579
398721,0.04663561
398729,0.06190048
398737,0.09020026
398738,0.06791526
398752,0.20551983
398757,0.08329667
398759,0.03876165
398764,0.25480762
398771,0.05859838
398773,0.04084676
398775,0.04303967
398779,0.19670837
398791,0.50070036
398807,0.06122627
398811,0.23223763
398814,0.10028845
398817,0.05048056
398829,0.03404162
398830,0.09396431
398838,0.00929042
398839,0.27551103
398841,0.19789344
398850,0.05213323
398852,0.01351995
398858,0.07876854
398859,0.10689785
398862,0.31104135
398870,0.20115292
398875,0.17185665
398902,0.01185130
398910,0.01237505
398919,0.24154299
398929,0.06670762
398935,0.66955628
398940,0.03035590
398953,0.36693931
398956,0.05877473
398963,0.00877321
398966,0.21205111
398967,0.13194663
398968,0.16080397
398974,0.10425457
398976,0.09198902
398982,0.06074885
398993,0.08869601
399011,0.12505815
399016,0.11718719
399017,0.04404265
399020,0.11067337
399047,0.11422931
399053,1.04307437
399056,0.01261541
399061,0.07010925
399066,0.27080793
399074,0.03785418
399086,0.08383933
399088,0.15691052
399091,0.10592563
399092,0.13705049
399093,0.07395910
399100,0.01519523
399124,0.04073887
399131,0.16260032
399142,0.04533965
399149,0.06073589
399158,0.53793921
399160,0.04004635
399167,0.01571981
399169,0.08128831
399171,0.01262427
399174,0.05431110
399178,0.17309585
399179,0.67263872
399184,0.06837773
399185,0.01675277
399186,0.17209647
399191,0.04294417
399192,0.06177505
399195,0.62292510
399212,0.24377257
399221,0.08564734
399223,0.26168967
399230,0.51888993
399246,0.17539314
399260,0.09529378
399261,0.13118980
399266,0.03203774
399289,0.06872799
399293,0.10830552
399299,0.02942691
399306,0.03853028
399321,0.02067216
399328,0.04537716
399344,0.02870958
399352,0.05423876
399358,0.02191802
399374,0.29276187
399382,0.62198220
399385,0.08773478
399388,0.06501333
399399,0.03133148
399410,0.01190841
399417,0.00985513
399423,0.07542413
399427,0.01157253
399429,0.08828662
399435,0.03067754
399439,0.03701242
399451,0.17971683
399454,0.02771202
399458,0.16817743
399468,0.02916142
399477,0.18554622
399483,0.13392181
399493,0.04061412
399494,0.09836811
399499,0.13559653
399503,0.29818409
399510,0.04908069
399511,0.01798615
399525,0.09310078
399528,0.11494516
399533,0.07704819
399538,0.20284679
399551,0.48159168
399568,0.34165376
399571,0.03077703
399585,0.01208684
399589,0.23529849
399595,0.02155367
399598,0.04395846
399605,0.11999911
399616,0.09422524
399617,0.03535255
399622,0.04983027
399627,0.26739203
399635,0.28960631
399639,0.86701383
399641,0.08179895
399643,0.04621062
399659,0.01373987
399667,0.16766752
399683,0.02838863
399702,0.20257339
399706,0.31677884
399720,0.03305238
399727,0.06866606
399730,0.31184670
399734,0.07988790
399751,0.05624329
399754,0.26948531
399759,0.16415070
399768,0.03599471
399770,0.37103628
399781,0.17451443
399786,0.30674180
399799,0.06450316
399811,0.04688796
399813,0.04460410
399820,0.17909870
399832,0.02861549
399851,0.28586272
399853,0.02294927
399855,0.09246025
399860,0.20470726
399876,0.53228258
399877,0.06421584
399881,0.00877127
399882,0.04454386
399903,0.05367546
399906,0.12913919
399912,0.42631776
399915,0.11046227
399921,0.02684791
399935,0.11261433
399936,0.23407727
399938,0.06077338
399939,0.02961948
399940,0.03839934
399949,0.11853828
399953,0.01517349
399959,0.49918470
399968,0.05092999
399969,0.01053581
399972,0.04278260
399974,0.02028373
399976,0.02898155
399979,0.11456034
399988,0.11105196
399994,0.45928994
399996,0.20792372
399997,0.10036476
400000,0.03699357
400004,0.05534577
400011,0.09969586
400014,0.65876419
400015,0.03917125
400017,0.16720356
400046,0.32517779
400063,0.10453778
400065,0.04695354
400069,0.04918255
400075,0.01461293
400088,0.01944259
400091,0.03712643
400105,0.02418881
400108,0.23598963
400113,0.09271663
400119,0.15526539
400123,0.05274084
400127,0.04182844
400136,0.06483759
400137,0.42112118
400138,0.16714245
400158,0.12527977
400172,0.08182252
400174,0.06845338
400224,0.15928077
400229,0.18480064
400236,0.93415257
400240,0.02545172
400249,0.01178105
400258,0.20399530
400268,0.25478225
400272,0.02180839
400284,0.15632926
400292,0.06075688
400295,0.16958185
400308,0.14010023
400314,0.10204217
400315,0.01478279
400331,0.40427780
400332,0.03985908
400339,0.06538329
400342,0.09446017
400361,0.15767055
400363,0.18654939
400365,0.02639776
400374,0.23385485
400379,0.02521269
400382,0.03640629
400416,0.03096450
400422,0.09175918
400436,0.07941505
400460,0.12412511
400462,0.58930671
400468,0.16567568
400482,0.11372058
400489,0.05078243
400490,0.15581231
400501,0.04658767
400519,0.04401878
400525,0.57381703
400526,0.01089524
400529,0.44497657
400540,0.11431157
400543,0.34582935
400545,0.05217771
400556,0.06578297
400572,0.08982681
400584,0.02139161
400589,0.09105910
400593,0.48875496
400597,0.03037856
400616,0.10535432
400642,0.19244557
400643,0.12378973
400649,0.03344116
400672,0.16710203
400685,0.03034383
400693,0.21138850
400695,0.27190396
400701,0.02798264
400720,0.03489683
400741,0.04676463
400745,0.18721635
400750,0.01673849
400779,0.09671136
400784,0.05594843
400792,0.17587667
400800,0.02766250
400811,0.03780164
400813,0.58762371
400820,0.00692986
400830,0.04800652
400833,0.02168176
400834,0.06299094
400841,0.02829242
400855,0.50272392
400856,0.23598762
400860,0.04876846
400866,0.06188282
400869,0.12097073
400870,0.12962292
400880,0.04620569
400882,0.03081826
400915,0.08132064
400921,0.40018872
400923,0.12132329
400925,0.02727851
400936,0.07377799
400943,0.33432911
400962,0.02054483
400963,0.24805994
400967,0.05446105
400970,0.08960484
400975,0.01661236
400981,0.52463209
400983,0.23448845
400987,0.10262248
400988,0.04629682
400994,0.13987875
400998,0.29507377
401002,0.02380951
401003,0.09736076
401005,0.07449449
401007,0.06101960
401022,0.49194780
401029,0.74704461
401035,0.04709155
401036,0.42942267
401040,0.02347767
401045,0.03447292
401053,0.05883706
401065,0.07215363
401067,0.11291779
401069,0.02653190
401073,0.30562074
401074,0.22686110
401078,0.13952040
401082,0.42333452
401086,0.06820233
401092,0.09346202
401097,0.04156453
401098,0.03052317
401099,0.29353929
401100,0.19539398
401107,0.12510451
401119,0.25385992
401120,0.03097796
401137,0.57886188
401142,0.47581849
401162,0.02777494
401163,0.43066186
401172,0.04186128
401179,0.23412932
401182,0.05292580
401184,0.28022435
401190,0.01238386
401207,0.05639612
401210,0.04363580
401220,0.09137617
401225,0.04445999
401230,0.48282600
401240,0.02613261
401246,0.19487396
401256,0.36974861
401273,0.01644812
401274,0.07202236
401287,0.17433245
401292,0.10140169
401305,0.23676214
401310,0.02126083
401311,0.08048513
401321,0.07442220
401332,0.04520069
401338,0.02054493
401345,0.07494349
401368,0.18332326
401375,0.69884257
401378,0.04462516
401379,0.05876468
401395,0.08057250
401403,0.09391555
401406,0.02741593
401415,0.12710281
401424,0.05553294
401425,0.03163176
401428,0.45407144
401430,0.08486838
401436,0.05828392
401440,0.09237050
401443,0.10723614
401447,0.03567405
401448,0.05011953
401450,0.03340363
401459,0.03761623
401462,0.04976590
401470,0.76965995
401479,0.18221322
401481,0.01611967
401486,0.19348131
401496,0.02675296
401497,0.15140247
401502,0.08009651
401508,0.10374546
401513,0.16501142
401517,0.62122691
401519,0.52201192
401533,0.51991861
401536,0.89402505
401547,0.02595619
401581,0.04397859
401582,0.04972859
401586,0.09773108
401593,0.84182738
401603,0.22786992
401621,0.11213718
401625,0.08885860
401635,1.10102478
401646,0.06534056
401649,0.06657019
401660,0.05209012
401668,0.22296211
401686,0.03108601
401706,0.24601946
401712,0.11877938
401721,0.03519451
401725,0.15390212
401730,0.60523087
401741,0.02472122
401743,0.08072691
401748,0.02784923
401751,0.03218945
401770,0.04548443
401791,0.01717414
401792,0.13148140
401808,0.37691676
401816,0.02868398
401820,0.22963218
401821,0.02987341
401828,0.03624332
401830,0.32709337
401832,0.01830764
401839,0.12580866
401852,0.01504980
401868,0.06432961
401876,0.04596246
401879,0.61122543
401882,0.01586072
401894,0.06999684
401899,0.32923316
401901,0.40269405
401913,0.05878486
401919,0.04410519
401920,0.04127998
401923,0.02169248
401924,0.31454596
401932,0.45138738
401942,0.68930910
401949,0.12321727
401950,0.33684631
401951,0.02387995
401952,0.06865079
401971,0.37984052
401972,0.04069180
401973,0.10909107
401974,0.12824834
401983,0.14281431
401984,0.02033567
401988,0.02580500
401989,0.15715875
401990,0.02804342
402024,0.06769079
402029,0.18222711
402030,0.57991748
402041,0.05383443
402042,0.20047885
402043,0.04452981
402052,0.14635941
402053,0.04596894
402054,0.06933391
402057,0.06549520
402067,0.04653972
402068,0.01698990
402069,0.25535156
402070,0.12818300
402071,0.03471297
402073,0.03916139
402074,0.06532973
402075,0.08799937
402076,0.09395408
402077,0.04471296
402078,0.71185421
402079,0.34285311
402080,0.03647154
402081,0.01145139
402082,0.07021409
402089,0.40008072
402090,0.04295571
402091,0.10501440
402092,0.10493627
402094,0.10972890
402095,0.02227949
402096,0.07296330
402109,0.06480638
402151,0.14972331
402152,0.04443093
402153,0.07914087
402155,0.07115472
402201,0.04209367
402210,0.05212246
402212,0.13957986
402218,0.02535395
402227,0.22873870
402234,0.31096296
402236,0.02024643
402242,0.10906372
402243,0.04251043
402244,0.54180615
402245,0.01680060
402250,0.06748242
402251,0.22710242
402254,0.48952433
402255,0.40705573
402256,0.17294905
402257,0.52238880
402258,0.26319283
402259,0.06112746
402260,0.02504730
402261,0.40904800
402262,0.05053650
402263,0.20826583
402264,0.01169716
402265,0.04472983
402266,0.19691359
402267,0.24988673
402268,0.01907507
402270,0.03881387
402271,0.03184505
402272,0.28991037
402273,0.05532285
402274,0.01813561
402275,0.06347783
402276,0.09138729
402277,0.05952878
402278,0.03486433
402279,0.11109995
402280,0.00905789
402362,0.37025719
402363,0.01602181
402364,0.03025839
402370,0.01743124
402376,0.04306636
402381,0.20088779
402384,0.08405957
402389,0.04837083
402414,0.09518844
402416,0.01030029
402417,0.02957046
402420,0.04856397
402426,0.03638710
402436,0.62391914
402444,0.04165734
402447,0.05628647
402449,0.06055872
402454,0.70976030
402458,0.34359950
402460,0.19233573
402466,0.04074419
402475,0.14125781
402498,0.41540879
402502,0.07487357
402505,0.18398642
402509,0.06170723
402513,0.53276181
402517,0.01367159
402519,0.06058251
402522,0.14694366
402523,0.10459711
402525,0.09445470
402528,0.23147683
402534,0.09812009
402536,0.04401117
402542,0.06462788
402548,0.34578771
402552,0.18278510
402559,0.04018534
402563,0.02808298
402568,0.11461571
402573,0.08840293
402574,0.06897114
402575,0.04776448
402577,0.12362640
402602,0.03202092
402603,0.15179511
402604,0.07642184
402614,0.24871252
402615,0.16393333
402616,0.02658156
402617,0.42437951
402618,0.21803307
402619,0.04398477
402639,0.08911491
402640,0.09660956
402641,1.03842835
402642,0.02700381
402643,0.01845230
402644,0.06220420
402645,0.06334689
402649,0.02997339
402650,0.26622820
402653,0.08786027
402654,0.02139714
402655,0.41453949
402656,0.18957419
402657,0.07416629
402658,0.05338023
402659,0.04257365
402662,0.00848732
402696,0.01424591
402705,0.03763446
402707,0.13208543
402708,0.07996915
402709,0.04270646
402729,0.23922221
402730,0.16910303
402732,0.06782434
402739,0.04348389
402740,0.09716751
402741,0.14242426
402744,0.62591260
402745,0.22337766
402746,0.02663167
402772,0.18338717
402773,0.14579374
402774,0.13109813
402780,0.06048013
402781,0.05647270
402782,0.24431165
402790,0.04140003
402803,0.43547443
402808,0.24954797
402809,0.01264174
402810,0.32689940
402811,0.24301740
402815,0.10709755
402820,0.09684964
402821,0.15886885
402822,0.05429133
402824,0.11623107
402825,0.04451899
402870,0.06475320
402875,0.02172456
402924,0.54212623
402925,0.06608047
402926,0.01529611
402927,0.07312898
402928,0.08739123
402929,0.11023785
402930,0.17521038
402931,0.01913405
402932,0.03261157
402933,0.33614466
402940,0.19044659
402953,0.10709303
402954,0.09032856
402955,0.04795049
402956,0.08180846
402957,0.01622717
402970,0.02249456
402973,0.11116136
402974,0.13754438
402975,0.02841829
402976,0.15013997
402977,0.01664041
402978,0.08115951
402979,0.36789791
402980,0.30594121
402981,0.15235389
402982,0.12310691
402993,0.51700969
402994,0.16178976
403099,0.05583407
403137,0.01815383
403138,0.04401506
403165,0.08220775
403192,0.54086475
403214,0.06440377
403223,0.02518669
403238,0.08266837
403244,0.43742851
403246,0.04470208
403252,0.08936988
403254,0.22764356
403255,0.03394502
403259,0.11539336
403262,0.08497275
403277,0.03966293
403280,0.21188616
403281,0.14163376
403287,0.05772590
403315,0.27436299
403318,0.21631716
403319,0.02537200
403327,0.01483259
403331,0.02480327
403342,0.53544410
403349,0.13747865
403353,0.05474101
403364,0.04835000
403369,0.03230802
403373,0.29157670
403376,0.07614075
403378,0.02573155
403384,0.05429389
403385,0.00654598
403386,0.05826260
403388,0.08791000
403396,0.02754192
403398,0.15545853
403404,0.08555959
403410,0.09179960
403414,0.07329158
403417,0.12006320
403422,0.06127853
403424,0.11722328
403438,0.09875359
403451,0.05279954
403452,0.11171949
403453,0.08866088
403454,0.08489144
403455,0.19086515
403464,0.06961840
403465,0.04511761
403466,0.02405567
403500,0.12763603
403501,0.16028897
403524,0.42785450
403525,0.12162202
403526,0.03438077
403527,0.05685896
403542,0.13164940
403543,0.03002021
403549,0.02464308
403550,0.06829111
403551,0.11273747
403552,0.14506710
403553,0.03793771
403554,0.09346866
403558,0.02226220
403559,0.05815016
403560,0.94042876
403561,0.70808128
403562,0.23808069
403564,0.10811828
403565,0.02998732
403566,0.02172543
403600,0.16436523
403602,0.07760306
403603,0.05864188
403662,0.05270162
403685,0.11629615
403686,0.00484089
403687,0.01929579
403688,0.42703709
403689,1.17223960
403690,1.10822374
403691,0.07234232
403692,0.06288925
403696,0.03519884
403697,0.35998708
403698,0.01365490
403699,0.31215328
403701,0.17136256
403702,0.22039349
403703,0.20462537
403704,0.11730189
403705,0.05408377
403712,0.09997415
403713,0.03882119
403714,0.46144611
403715,0.06584856
403718,0.06330590
403722,0.39556037
403723,0.06386275
403724,0.19653654
403725,0.02880569
403726,0.02074398
403764,0.05501180
403765,0.01427481
403766,0.14371846
403770,0.37079240
403771,0.02276805
403772,0.24019482
403795,0.09961280
403799,0.05636332
403800,0.09915901
403801,0.02409773
403802,0.45866126
403803,0.48025783
403811,0.08311056
403814,0.03285303
403815,0.04126206
403816,0.04722180
403817,0.04991842
403818,0.03381451
403820,0.04154397
403821,0.11039637
403822,0.15764153
403823,0.01964975
403824,0.28855629
403825,0.01587043
403826,0.01895393
403828,0.07155508
403834,0.06208991
403836,0.41738538
403837,0.13332815
403838,0.07473759
403839,0.07633974
403873,0.09962238
403876,0.24807969
403902,0.05211188
403918,0.03163671
403922,0.05800893
403928,0.25411089
403929,0.16170383
403931,0.01366809
403932,0.04778145
403933,0.07586041
403935,0.05054358
403936,0.53850154
403937,0.08652291
403938,0.04144258
403943,0.04841475
403944,0.04166230
403945,0.03290265
403946,0.22481315
403948,0.20289270
403951,0.17496276
403955,0.12560006
403956,0.15778656
403957,0.14368538
403958,0.06515992
403960,0.22074395
403961,0.01855116
403962,0.20417743
403963,0.00969051
403964,0.21999391
403965,0.09131944
403966,0.17381441
403967,0.05202502
403968,0.51383637
403969,0.15904728
403970,0.09284289
403971,0.12826913
403972,0.74463790
403973,0.11193505
403974,0.51330275
403975,0.02445283
403976,0.01881914
403977,0.14430777
403978,0.07960251
403979,0.01154124
403980,0.32617069
403981,0.06078156
403982,0.00749605
404062,0.09975331
404067,0.02716871
404070,0.02835524
404079,0.03998695
404084,0.03007352
404108,0.27306328
404112,0.06399175
404118,0.17014901
404121,0.02466966
404122,0.27212978
404126,0.12704447
404140,0.04074132
404152,0.11751604
404156,0.71974050
404158,0.06008576
404160,0.06246796
404172,0.03464997
404174,0.05223391
404180,0.10448317
404186,0.06735140
404190,0.15051662
404192,0.13992875
404206,0.03011240
404207,0.41803317
404213,0.20366485
404216,0.23708145
404220,0.11826179
404227,0.09823314
404235,0.02780947
404247,0.42704771
404259,0.03043958
404266,0.21560897
404267,0.08158519
404274,0.94450702
404276,0.22430292
404277,0.01328043
404278,0.09229280
404279,0.03034513
404280,0.36801021
404287,0.05653056
404288,0.44962922
404289,0.02035840
404290,0.40793451
404291,0.01781133
404293,0.10215048
404302,0.09041126
404303,0.06558082
404304,0.11638406
404307,0.04819908
404308,0.03551769
404309,0.16939409
404310,0.19444634
404311,0.49469596
404312,0.14376633
404323,0.04890502
404324,0.06882684
404325,0.08471946
404326,0.11527876
404327,0.16735445
404328,0.04656219
404329,0.02246017
404330,0.09511270
404331,0.06541500
404335,0.13806272
404336,0.11303878
404337,0.60319657
404364,0.27404971
404379,0.04609735
404380,0.97682060
404381,0.27556453
404382,0.10491074
404385,0.04354971
404390,0.03456921
404391,0.07135852
404392,0.54607861
404393,0.10667777
404396,0.10944843
404400,0.03506859
404401,0.03980760
404402,0.10156205
404403,0.29283551
404404,0.04831361
404405,0.11867103
404406,0.00942965
404437,0.09994279
404439,0.21495293
404461,0.55159254
404462,0.15571358
404464,0.01763562
404468,0.28408383
404469,0.14281043
404470,0.13816909
404471,0.02219861
404472,0.12740216
404473,0.04205687
404474,0.03593938
404475,0.08123147
404477,0.06308806
404478,0.04676767
404554,0.04501237
404555,0.05760896
404556,0.03326231
404557,0.02386365
404569,0.11156520
404571,0.06273180
404585,0.08153877
404586,0.03845214
404592,0.23356711
404595,0.02315939
404596,0.16583364
404597,0.07565500
404603,0.34537017
404606,0.06884696
404607,0.15348365
404608,0.06609379
404609,0.04917792
404620,0.18508636
404689,0.03772123
404708,0.02111357
404734,0.24336042
404771,0.06902612
404806,0.03048285
404818,0.06624641
404850,0.01891416
404870,0.27406293
404923,0.02951183
404934,0.43532267
404938,0.09964928
404954,0.05494861
404957,0.10863605
404963,0.12587702
404964,0.02878541
404969,0.17556174
404970,0.12589048
404979,0.04281063
404997,0.02111592
404998,0.08127656
405009,0.26252853
405016,0.01822715
405018,0.01448359
405035,0.18138635
405036,0.04708369
405038,0.24187483
405047,0.05360942
405055,0.02391228
405060,0.05241565
405066,0.14543279
405081,0.14180605
405084,0.35901489
405089,0.31028927
405098,0.09466898
405100,0.09203085
405114,0.04057378
405118,0.07586966
405119,0.40135087
405120,0.05651291
405121,0.16570774
405124,0.06634921
405125,0.20320632
405132,0.05421158
405179,0.02322855
405193,0.10396541
405194,0.24167103
405195,0.03120512
405206,0.05366622
405207,0.01349458
405211,0.01682380
405215,0.01176391
405217,0.35054145
405219,0.09435255
405220,0.32421458
405231,0.10703922
405232,0.13605722
405291,0.04476380
405316,0.07360618
405317,0.09896595
405318,0.04029639
405319,0.03657169
405320,0.07184173
405325,0.01731753
405326,0.01683022
405333,0.07683061
405334,0.30705087
405349,0.46833940
405351,0.09719349
405353,0.04628767
405354,0.81687861
405361,0.17263383
405362,0.02528777
405363,0.26147591
405364,0.36772351
405365,0.10376013
405366,0.23768816
405372,0.17686562
405397,0.02205007
405402,0.21344142
405409,0.14645068
405410,0.37130254
405411,0.05513461
405412,0.04634728
405435,0.04241172
405436,0.08164885
405438,0.03786323
405442,0.04836925
405443,0.36850896
405444,0.03721951
405445,0.07292529
405446,0.03357444
405468,0.03209627
405489,0.15664017
405490,0.26033101
405498,0.02594316
405509,0.13633850
405510,0.02655775
405511,0.15108163
405512,0.02862904
405517,0.10110525
405518,0.09342055
405523,0.04045658
405544,0.02295783
405546,0.08492831
405552,0.53807204
405583,0.02389208
405592,0.09892949
405599,0.02011033
405602,0.05058699
405607,0.00698593
405613,0.18861499
405620,0.28033955
405624,0.20335778
405625,0.05911981
405626,0.02842313
405632,0.11967413
405633,0.05229852
405637,0.18287941
405640,0.29909203
405642,0.11314592
405646,0.01708441
405647,0.03571722
405650,0.48921078
405653,0.21479512
405654,0.14863199
405660,0.07631707
405666,0.05677727
405667,0.16197642
405668,0.03417055
405669,0.03942822
405671,0.04554545
405672,0.02482904
405673,0.06816840
405674,0.05405957
405675,0.07552008
405676,0.07637721
405677,0.05124120
405679,0.03509522
405680,0.34196211
405682,0.09005247
405683,0.05737245
405684,0.03931047
405685,0.22226362
405687,0.01452640
405689,0.00818252
405690,0.03385818
405691,0.23212695
405692,0.21221268
405693,0.10583845
405695,0.08392750
405696,0.11502872
405697,0.02474531
405698,0.12546392
405699,0.01979255
405700,0.56926209
405701,0.35591673
405702,0.12672384
405761,0.08895980
405765,0.05181958
405769,0.04503653
405784,0.29456324
405811,0.01244946
405814,0.06465648
405816,0.26201946
405818,0.11331323
405821,0.02358407
405822,0.00909724
405838,0.03552782
405841,0.03704842
405846,0.06805405
405855,0.07801551
405857,0.06291194
405858,0.22671215
405860,0.08065536
405861,0.14519658
405871,0.11198569
405879,0.02190422
405880,0.07153346
405886,0.05043015
405901,0.10635929
405904,0.13141963
405905,0.01810296
405906,0.08674313
405927,0.05674386
405930,0.13565334
405944,0.05774223
405946,0.01742394
405954,0.34829148
405963,0.05467306
405964,0.01146660
405965,0.02668618
405966,0.13337787
405970,0.06956331
405971,0.17494526
405992,0.07371848
405996,0.01336911
405999,0.02235976
406002,0.17676308
406003,0.02511060
406004,0.04250236
406005,0.03414885
406006,0.19332741
406007,0.44014204
406008,0.30093925
406028,0.01467503
406029,0.09006940
406043,0.05646913
406044,0.01549006
406045,0.32207969
406046,0.16697829
406048,0.02466058
406050,0.08547624
406051,0.02707590
406052,0.39716323
406053,0.22029370
406077,0.09120731
406082,0.27124620
406083,0.76932172
406084,0.06595742
406098,0.02187787
406099,0.14187540
406100,0.52684388
406113,0.29848731
406114,0.08743658
406115,0.11215647
406116,0.05013426
406117,0.00869394
406127,0.05435991
406128,0.08219369
406129,0.26909714
406132,0.03961161
406133,0.03402405
406134,0.04004076
406135,0.63054274
406136,0.08435534
406137,0.24435771
406138,0.14045236
406139,0.19394609
406142,0.12092265
406143,0.52440519
406175,0.06307467
406176,0.04592499
406177,0.03494194
406194,0.05323302
406195,0.01938618
406208,0.11230056
406210,0.12378445
406216,0.30386623
406217,0.11385556
406227,0.05695141
406228,0.04367368
406253,0.07971287
406254,0.01081396
406260,0.10444115
406267,0.07200702
406269,0.02792568
406276,0.50449854
406277,0.03937948
406279,0.04047691
406288,0.05881566
406297,0.16549534
406308,0.24457461
406310,0.26703331
406320,0.03552159
406336,0.03742311
406352,0.01587409
406365,0.06903539
406369,0.14306296
406371,0.08436373
406401,0.18207685
406408,0.10465278
406409,0.03641775
406475,1.06695061
406492,0.10353089
406510,0.19670287
406519,0.13473197
406565,0.25939869
406584,0.19768489
406596,0.03174587
406598,0.01659382
406605,0.13210285
406609,0.03360819
406610,0.12139734
406611,0.02608305
406654,0.19632191
406670,0.08534585
406675,0.24648108
406681,0.07849547
406682,0.01902264
406695,0.02912942
406697,0.12772362
406712,0.24934102
406719,0.05753815
406725,0.23442294
406734,0.03593077
406743,0.33733959
406778,0.15869848
406784,0.23801506
406786,0.07358832
406791,0.15349845
406792,0.05774439
406803,0.15897237
406812,0.01308823
406813,0.04233064
406814,0.08555627
406841,0.06557827
406842,0.12111950
406843,0.02256571
406848,0.34792586
406861,0.02929998
406862,0.21103265
406863,0.00890553
406864,0.02052384
406865,0.16436153
406871,0.16003050
406872,0.22457650
406873,0.46247582
406893,0.11820756
406919,0.12961990
406920,0.05675020
406921,0.19292081
406923,0.23355338
406924,0.15315249
406925,0.01038837
406926,0.06847800
406927,0.38363840
406936,0.01290480
406937,0.39406078
406938,0.02841275
406939,0.05023002
406940,0.10314924
406941,0.04514369
406952,0.04150225
406953,0.13550700
406954,0.11813989
406962,0.06082622
406963,1.02244867
406964,0.06885630
406965,0.44701800
406966,0.08491393
406967,0.06650426
406968,0.21214929
406969,0.56764817
406970,0.11639085
406971,0.21428084
406972,0.30527975
406973,0.08625929
406974,0.10681207
406975,0.08016529
406976,0.01426096
406977,0.02594902
406985,0.04176024
406987,0.04697206
407025,0.13609160
407031,0.10017616
407033,0.30156609
407039,0.08755669
407041,0.12126907
407044,0.14716346
407046,0.04828962
407053,0.06156954
407061,0.05033490
407069,0.08244578
407070,0.18262368
407072,0.03605039
407073,0.06742754
407081,0.09351120
407082,0.16939474
407088,0.02298258
407091,0.26934773
407097,0.01668102
407104,0.40325992
407105,0.77363628
407106,0.03336671
407121,0.04416427
407128,0.02253930
407137,0.03208593
407144,0.43367123
407145,0.39963561
407154,0.19060780
407162,0.11049759
407164,0.19907412
407168,0.77654225
407203,0.08190279
407210,0.24849404
407215,0.06728874
407218,0.01908561
407228,0.02621284
407262,0.24090355
407274,0.55459288
407280,0.40506179
407288,0.03804836
407298,0.02501622
407299,0.34198633
407302,0.25730944
407303,0.29850577
407305,0.31050135
407306,0.27746259
407307,0.03327939
407313,0.01798579
407314,0.01403911
407315,0.01368461
407316,0.04638561
407322,0.13830792
407323,0.21935845
407324,0.03596552
407325,0.05382455
407329,0.45208035
407330,0.37356440
407332,0.07300683
407333,0.20836721
407334,0.06862143
407335,0.13704977
407336,0.15449872
407337,0.11515021
407338,0.19119891
407339,0.01914401
407340,0.04716737
407341,0.11470990
407342,0.01959714
407343,0.10839242
407344,0.02734820
407345,0.01813298
407346,0.26024805
407353,0.19355942
407364,0.12053331
407365,0.02266888
407366,0.02329802
407370,0.12548238
407373,0.32085145
407376,0.20917498
407386,0.02194410
407388,0.02821273
407391,0.03221789
407393,0.02838987
407427,0.07460361
407452,0.05794788
407454,0.07578938
407457,0.02079578
407462,0.02745099
407463,0.09423427
407468,0.37452340
407469,0.42173849
407478,0.09209652
407482,0.03227607
407487,0.19691365
407489,0.24918260
407498,0.65028383
407516,0.16951690
407519,0.07112699
407528,0.28909987
407532,0.69491374
407534,0.40750984
407543,0.04634261
407546,0.40855458
407550,0.05063652
407555,0.04555801
407558,0.04046809
407587,0.03266023
407588,0.03066972
407594,0.42043481
407596,0.08340084
407598,0.03020318
407602,0.05557587
407605,0.05227006
407613,0.15337831
407619,0.52188432
407625,0.04618974
407627,0.06305924
407629,0.09910467
407631,0.02998079
407633,0.05435865
407636,0.21708250
407645,1.04741528
407648,0.05411947
407669,0.05543527
407674,0.01293971
407675,0.11940240
407676,0.08243301
407677,0.15212105
407678,0.58685441
407679,0.07153464
407680,0.37778141
407681,0.08098139
407682,0.03694288
407684,0.21601948
407692,0.10130308
407693,0.67392394
407694,0.13320068
407695,0.01659834
407696,0.11524919
407697,0.25717897
407698,0.11323542
407699,0.08538272
407702,0.05348064
407703,0.19180304
407725,0.15303002
407726,0.17964930
407729,0.26154655
407731,0.02174125
407745,0.19286421
407749,0.08553297
407750,0.02028787
407751,0.20722713
407752,0.60422308
407753,0.52025601
407754,0.16081472
407755,0.36270781
407756,0.05315670
407765,0.05495992
407766,0.09254486
407767,0.03826369
407768,0.02799867
407773,0.13039908
407774,0.09733839
407778,0.26616373
407779,0.09262530
407780,0.66989291
407781,0.10708781
407782,0.02321559
407783,0.18092004
407784,0.12758495
407825,0.33967701
407826,0.01056001
407828,0.08142372
407829,0.04637072
407830,0.44263502
407831,0.01909297
407832,0.07689253
407838,0.04803295
407839,0.04449434
407840,0.02581105
407841,0.07446295
407842,0.08372265
407855,0.21778904
407857,0.08120746
407881,0.11577715
407882,0.34885226
407885,0.01642943
407915,0.03317064
407916,0.03198517
407918,0.22954962
407919,0.07440131
407920,0.03900089
407921,0.09899265
407922,0.02092140
407927,0.08496255
407934,0.06878899
407941,0.26388043
407942,0.04451656
407943,0.03250951
407944,0.07839607
407946,0.06336250
407947,0.03547858
407952,0.02657507
407955,0.18041307
407978,0.10428915
407986,0.02745292
408003,0.10404474
408006,0.03284178
408008,0.01042728
408015,0.02852601
408016,0.04324894
408028,0.25250332
408035,0.05204662
408042,0.06763065
408044,0.75675347
408052,0.01665698
408053,0.03494203
408056,0.05640030
408068,0.05708818
408071,0.04371394
408074,0.05718022
408085,0.13479847
408089,0.02865570
408091,0.05261919
408098,0.03698528
408106,0.11557457
408108,0.37886232
408116,0.43442613
408126,0.06366386
408130,0.25246249
408135,0.01788344
408148,0.10265534
408168,0.26620916
408170,0.12400946
408172,0.12096654
408176,0.04361018
408181,0.06705009
408191,0.01294477
408194,0.08414097
408213,0.05909932
408248,0.06612822
408249,0.01890656
408250,0.08684803
408256,0.23278623
408261,0.13351535
408262,0.22524381
408268,0.12271085
408269,0.02583830
408273,0.09273262
408280,0.13425075
408286,0.20173069
408347,0.27624543
408349,0.01204139
408350,0.02251248
408351,0.03775191
408352,0.03319697
408355,0.05940452
408356,0.11041616
408357,0.06446187
408384,0.07645256
408385,0.05661045
408386,0.20060941
408387,0.02069503
408388,0.02945197
408389,0.09998643
408390,0.07802598
408391,0.20419577
408392,0.35340136
408393,0.05131543
408398,0.03267459
408399,0.05212350
408400,0.04682850
408405,0.04513891
408406,0.03170529
408437,0.03520146
408459,0.03447096
408460,0.10665968
408463,0.14740913
408467,0.04450652
408468,0.20320214
408471,0.03103590
408477,0.39111072
408478,0.06236452
408479,0.04794907
408481,0.03341176
408482,0.02916538
408483,0.04719189
408484,0.16462426
408485,0.18471387
408486,0.03094828
408489,0.12347787
408490,0.06354497
408504,0.01068877
408506,0.06600455
408508,0.19204105
408514,0.01997322
408515,0.04813095
408516,0.11887587
408517,0.18264675
408518,0.11083460
408523,0.13956063
408524,0.03095095
408525,0.02605757
408526,0.39223344
408531,0.08484573
408579,0.04039983
408580,0.13715993
408581,0.03241875
408599,0.17226234
408615,0.12515177
408616,0.04211512
408617,0.27158342
408619,0.02449867
408622,0.10052081
408624,0.07953103
408625,0.07482996
408626,0.02704760
408627,0.12838651
408651,0.06492337
408658,0.03162131
408659,0.21017261
408660,0.16407091
408661,0.04088448
408662,0.10032860
408688,0.04387092
408689,0.80967239
408690,0.05862516
408695,0.10159686
408696,0.14625187
408701,0.06275365
408702,0.06462321
408705,0.02179182
408728,0.10620986
408742,0.05683585
408759,0.08110626
408766,0.12362059
408768,0.20047539
408774,0.05352749
408775,0.55651921
408780,0.02921508
408790,0.03309224
408791,0.02115403
408792,0.08791529
408794,0.06182124
408797,0.14629277
408808,0.11002563
408830,0.08554341
408857,0.02479420
408863,0.10104751
408874,0.75611682
408880,0.10706360
408885,0.04352111
408890,0.05954698
408898,0.16297850
408902,0.02486325
408903,0.04563583
408905,0.12045551
408908,0.01096363
408911,0.03753060
408921,0.36021857
408932,0.05881357
408933,0.20576204
408935,0.46625212
408960,0.28612614
408968,0.04110315
408985,0.04256572
408986,0.07899891
408990,0.05495532
408993,0.14288580
409001,0.10136718
409003,0.02196364
409008,0.10547879
409010,0.13139612
409015,0.01447207
409017,0.15193690
409028,0.02712439
409034,0.04024476
409035,0.02116576
409041,0.06118008
409054,0.04803556
409057,0.02730771
409064,0.05461300
409065,0.73391231
409066,0.04703456
409068,0.30047115
409076,0.02113260
409080,0.04731164
409083,0.17982153
409084,0.07874933
409085,0.08817819
409088,0.04281894
409105,0.17835205
409121,0.01832588
409123,0.88826399
409133,0.12148244
409153,0.18036349
409156,0.03518336
409157,0.54426343
409158,0.02516331
409163,0.49020440
409167,0.13604583
409168,0.21837197
409169,0.14053480
409172,0.18122579
409173,0.02392181
409174,0.01288875
409175,0.02144895
409192,0.57551686
409193,0.12196978
409197,0.04625733
409204,0.01954807
409206,0.05556440
409208,0.21349172
409209,0.11511871
409212,0.28651652
409213,0.05713290
409214,0.13337366
409217,0.04417208
409218,0.08660353
409220,0.08900284
409221,0.06732246
409227,0.02416571
409228,0.03188766
409229,0.14273466
409230,0.15748483
409259,0.07492892
409261,0.04815812
409269,0.48111051
409277,0.03906809
409278,0.01450403
409285,0.19154001
409286,0.05881765
409287,0.16362001
409293,0.07219950
409297,0.02188843
409298,0.06557259
409299,0.09314178
409340,0.03987574
409377,0.11981833
409383,0.03977557
409384,0.04594534
409409,0.03199911
409412,0.02525001
409413,0.10959236
409414,0.17278539
409415,0.03832332
409423,0.13435816
409428,0.15893941
409429,0.01820024
409430,0.13541770
409431,0.02089745
409432,0.32190486
409433,0.03906425
409434,0.43625253
409442,0.46874893
409443,0.33918207
409446,0.03228350
409463,0.09087049
409482,0.03378023
409507,0.08325259
409508,0.08372857
409509,0.01784060
409514,0.09370870
409535,0.09194787
409536,0.12774247
409537,0.03304509
409538,0.04200244
409541,0.12146738
409542,0.06569254
409543,0.05893585
409545,0.13144031
409550,0.03218465
409551,0.03652611
409552,0.15123293
409553,0.51517353
409558,0.07289574
409563,0.03709130
409574,0.09327062
409607,0.06214130
409608,0.35296335
409628,0.01414199
409632,0.34457033
409633,0.48591356
409636,0.08342438
409676,0.04413947
409691,0.03656766
409694,0.28314292
409707,0.06460542
409723,0.01391487
409741,0.02640464
409743,0.26920657
409747,0.06000671
409773,0.10304739
409777,0.37453277
409778,0.60841224
409804,0.11254734
409805,0.02080211
409812,0.05179947
409817,0.04059828
409836,0.09352877
409846,0.16871719
409850,0.25225518
409852,0.02339894
409861,0.61854271
409864,0.33015906
409871,0.11832560
409891,0.08880453
409896,0.02563661
409917,0.14803687
409918,0.07189480
409923,0.19032530
409941,0.02060131
409949,0.25866036
409953,0.02421370
409958,0.02048426
409972,0.21520261
409979,0.35679450
409983,0.18634888
409984,0.12482036
409985,0.03067020
409986,0.16182162
409994,0.16693203
409999,0.05880924
410019,0.22816799
410024,0.07649669
410025,0.04545855
410039,0.03198016
410044,0.21357898
410045,0.05060707
410046,0.09077077
410047,0.01974749
410048,0.09851931
410065,0.12283158
410066,0.21322349
410073,0.08760016
410087,0.01996065
410089,0.26395481
410092,0.07517971
410093,0.27796666
410094,0.05916435
410095,0.06042115
410096,0.05796197
410101,0.11342432
410102,0.11490074
410103,0.03300240
410107,0.01730767
410110,0.12290933
410111,0.07217134
410112,0.17333220
410142,0.02056843
410143,0.03094063
410161,0.18900033
410162,0.10864073
410165,0.02472697
410166,0.56897537
410167,0.22248181
410184,0.09293430
410185,0.03836433
410186,0.01414028
410187,0.13079212
410223,0.06599955
410256,0.28025745
410257,0.50672007
410258,0.02693972
410259,0.02646639
410269,0.52252516
410270,0.05245870
410273,0.13731161
410274,0.11045292
410275,0.03930534
410276,0.59243307
410277,0.29797854
410295,0.08357790
410296,0.02138293
410297,0.39243534
410298,0.07117803
410300,0.07487221
410301,0.10289611
410302,0.35160707
410303,0.05303958
410304,0.06221470
410305,0.03988123
410306,0.09521206
410307,0.09941183
410308,0.09770362
410309,0.05987827
410316,0.04362166
410317,0.14939681
410358,0.33868099
410359,0.03057191
410360,0.09491007
410368,0.11825119
410369,0.17350841
410370,0.05799021
410372,0.03415837
410373,0.01500093
410378,0.33611320
410379,0.02870907
410380,0.38806582
410387,0.55708443
410388,0.87254105
410389,0.03166233
410390,0.05379684
410405,0.05445557
410411,0.02481836
410416,0.04071337
410418,0.05642555
410424,0.23098544
410429,0.07180055
410438,0.08574943
410442,0.07799737
410448,0.03333774
410456,0.11469101
410464,0.05551394
410467,0.24486919
410473,0.27149548
410476,0.01340378
410479,0.18467684
410499,0.32153460
410526,0.08369690
410528,0.07742689
410546,0.28701811
410564,0.01692566
410567,0.03695679
410571,0.15212349
410572,0.43416110
410573,0.06076805
410577,0.10205816
410581,0.06279598
410587,0.19218362
410588,0.07149551
410595,0.10709661
410602,0.02241557
410606,0.04296634
410616,0.03001582
410624,0.41750406
410626,0.17935691
410637,0.02324645
410660,0.14989766
410661,0.03687123
410663,0.06178553
410664,0.17749699
410669,0.05590317
410675,0.08939827
410679,0.27699296
410684,0.02948368
410689,0.01373013
410693,0.03759009
410697,0.02221846
410698,0.05214728
410699,0.03224048
410706,0.06379287
410710,0.07100069
410712,0.01747825
410716,0.02845703
410725,0.28741487
410735,0.20370952
410742,0.06939677
410745,0.02833689
410746,0.00649855
410751,0.05218656
410753,0.05132830
410759,0.04479012
410761,0.43430320
410770,0.08796977
410778,0.16441266
410784,0.03391275
410786,0.06672250
410789,0.02434299
410800,0.07814035
410811,0.04956761
410813,0.02664377
410821,0.23057787
410822,0.04008440
410879,0.11753967
410880,0.07783266
410900,0.16962231
410901,0.26557636
410908,0.05456442
410909,0.03160503
410910,0.06740125
410911,0.27330233
410912,0.04536013
410913,0.03536243
410914,0.29964541
410915,0.03130144
410916,0.02023269
410917,0.08692455
410918,0.05578868
410919,0.01889745
410922,0.06947476
410923,0.05895399
410940,0.03501550
410955,0.22929506
410956,0.72838162
410959,0.35611464
410960,0.21075675
410961,0.26324817
410962,0.10580088
410963,0.12788632
410964,0.05310907
410968,0.12150188
410970,0.01331926
410971,0.05472859
410972,0.19558875
410975,0.11569442
410994,0.25718223
410999,0.37580937
411011,0.35975831
411012,0.10367858
411014,0.29120537
411021,0.02690196
411022,0.48117663
411023,0.24388617
411024,0.20282445
411025,0.03420256
411026,0.54749065
411027,0.36501709
411028,0.02813658
411030,0.10685425
411031,0.12488469
411032,0.05410564
411033,0.15970993
411049,0.03114083
411050,0.05175085
411051,0.15409871
411052,0.08516939
411073,0.14461101
411074,0.04399031
411076,0.05597563
411080,0.07023249
411081,0.04339114
411082,0.01475437
411093,0.13009429
411094,0.10088449
411095,0.10867230
411099,0.02225363
411102,0.06866736
411103,0.28767178
411112,0.01797952
411114,0.15712018
411115,0.08351004
411116,0.20814738
411168,0.11002066
411169,0.19808629
411170,0.12946029
411189,0.04574471
411190,0.07081335
411195,0.25398647
411196,0.27350020
411197,0.11158965
411205,0.01180760
411206,0.23258130
411215,0.12071554
411216,0.02580316
411217,0.06226665
411218,0.21035832
411222,0.03052184
411238,0.02555974
411239,0.05704007
411240,0.05542486
411248,0.02800721
411274,0.16865988
411275,0.11575053
411293,0.01258280
411299,0.04145190
411300,0.02597714
411301,0.08406494
411302,0.15976778
411305,0.20027897
411309,0.16119668
411334,0.07116202
411343,0.05363431
411349,0.04545094
411360,0.08956915
411363,0.01956466
411364,0.03440657
411384,0.12976350
411402,0.07410472
411424,0.06776265
411425,0.35672344
411430,0.17560149
411432,0.04596076
411434,0.50383557
411447,0.03304669
411450,0.02757252
411452,0.25043124
411463,0.13083810
411467,0.21299195
411474,0.02681455
411478,0.01784519
411480,0.11698737
411481,0.09807827
411502,0.14995647
411509,0.09304688
411511,0.34469942
411515,0.05230498
411516,0.14787662
411532,0.07020721
411565,0.02435209
411570,0.06655058
411600,0.06143370
411608,0.06285795
411613,0.03613531
411614,0.02674486
411620,0.08771514
411634,0.02611366
411639,0.01563615
411645,0.17082523
411648,0.02348376
411660,0.11565936
411668,0.00767729
411672,0.19150514
411673,0.00580263
411674,0.87655947
411675,0.04350926
411676,0.01793066
411677,0.24929661
411715,0.05620975
411718,0.03064841
411719,0.08818049
411720,0.07465633
411730,0.05868048
411731,0.06210651
411740,0.16157974
411746,0.05313555
411748,0.03201029
411749,0.02552149
411752,0.09239513
411753,0.01387646
411754,0.04308530
411755,0.02313650
411767,0.02089142
411768,0.07950242
411819,0.20804299
411826,0.28691010
411827,0.05178703
411841,0.03457678
411842,0.94986874
411843,0.09322439
411844,0.10131800
411845,0.15551412
411846,0.22307784
411850,0.28887131
411852,0.20202087
411853,0.10577022
411854,0.04660404
411855,0.05494704
411856,0.09230457
411860,0.11008960
411883,0.07122821
411938,0.06652463
411939,0.26298742
411940,0.09242360
411957,0.42303946
411958,0.05692967
411959,0.16640299
411963,0.03299193
411969,0.03335578
411970,0.08286192
411971,0.02517840
411972,0.21186818
411973,0.04890838
411974,0.04699826
411975,0.04200486
411977,0.18178261
411978,0.63602941
411979,0.30472924
412004,0.07825162
412008,0.01637026
412009,0.10251338
412010,0.03346723
412030,0.13382076
412031,0.11625539
412032,0.02321053
412036,0.07588009
412038,0.04830095
412047,0.03394389
412049,0.47044791
412082,0.10897560
412092,0.19820970
412098,0.16275648
412101,0.26279381
412108,0.64616286
412111,0.44705911
412119,0.20663018
412128,0.02837257
412139,0.21060266
412152,0.17532705
412154,0.04221781
412178,0.40405296
412180,0.11423892
412193,0.03544103
412199,0.05060171
412204,0.03303142
412206,0.03854358
412207,0.03979366
412211,0.05949805
412220,0.01190467
412221,0.05324249
412229,0.24147413
412234,0.02802072
412235,0.20462134
412236,0.27566942
412251,0.09001431
412262,0.18049736
412270,0.21127130
412280,0.08284811
412289,0.24874414
412305,0.03061093
412310,0.16024989
412345,0.07369095
412348,0.10034447
412361,0.24112207
412367,0.17329697
412368,0.03197532
412370,0.10359521
412372,0.44558068
412377,0.14367033
412380,0.02221091
412382,0.01699978
412391,0.03524274
412393,0.02812140
412411,0.15742288
412412,0.05369356
412415,0.33867603
412416,0.38335268
412422,0.16790088
412428,0.07194998
412430,0.03072437
412436,0.09692221
412447,0.06532196
412451,0.02219622
412456,0.04455817
412470,0.62717952
412472,0.04805371
412478,0.01773303
412487,0.08808305
412490,0.61498195
412494,0.11249072
412516,0.21767936
412519,0.12148891
412525,0.17653878
412527,0.31008371
412528,0.07418957
412551,0.81561148
412552,0.03752318
412557,0.03730738
412558,0.07108129
412559,0.23725116
412561,0.02491648
412563,0.02413790
412564,0.04952919
412565,0.10276013
412593,0.09837083
412598,0.61825976
412602,0.06547921
412610,0.14022514
412611,0.23324761
412612,0.01827807
412613,0.21815934
412621,0.07453442
412622,0.02276609
412623,0.07327878
412624,0.25780170
412637,0.10341370
412638,0.46295213
412639,0.29401126
412640,0.04079589
412641,0.04258162
412642,0.09124819
412643,0.13833069
412644,0.14924693
412651,0.05760922
412667,0.03322488
412669,0.16390692
412686,0.49966509
412712,0.02555802
412713,0.19070799
412714,0.02727306
412715,0.04882948
412720,0.24489908
412728,0.09049587
412738,0.04362296
412739,0.04517008
412740,0.15666551
412741,0.13564482
412753,0.04358274
412754,0.04686314
412762,0.05972878
412764,0.13418074
412765,0.13501033
412775,0.03911205
412776,0.08005734
412777,0.02150490
412778,0.62144195
412800,0.01695825
412801,0.12053366
412802,0.27741868
412829,0.11288241
412854,0.21580349
412855,0.04269209
412861,0.06322369
412862,0.03631625
412863,0.20117972
412883,0.04651673
412884,0.04323581
412886,0.82945340
412898,0.12683445
412899,0.02535832
412900,0.03672756
412922,0.13965685
412941,0.06730826
412959,0.05148268
412967,0.20778327
412980,0.29484884
412997,0.10096535
413016,0.03953288
413017,0.46357964
413027,0.08647854
413034,0.25022858
413038,0.07544447
413054,0.11955867
413059,0.04988961
413065,0.05287222
413073,0.05321702
413075,0.66504442
413081,0.18043016
413089,0.34899980
413091,0.37563145
413094,0.09747276
413104,0.07903911
413107,0.39152825
413110,0.13849486
413113,0.64774156
413117,0.10295495
413124,0.04662242
413126,0.26426123
413137,0.11748689
413145,0.07390838
413146,0.01940960
413147,0.07018320
413150,0.00712387
413159,0.16888585
413160,0.05762215
413172,0.31418120
413179,0.06546641
413181,0.05468694
413185,0.08395875
413188,0.15181883
413197,0.06575362
413208,0.34580351
413215,0.13936983
413216,0.19274471
413219,0.02194961
413232,0.03301924
413237,0.17061992
413243,0.79197192
413249,0.16687896
413262,0.08029300
413263,0.08221806
413271,0.14465883
413274,0.07116968
413280,0.15884077
413296,0.38579750
413299,0.07555905
413303,0.02827222
413320,0.11903496
413324,0.05015511
413325,0.15904665
413335,0.07010304
413341,0.13862946
413342,0.04226804
413351,0.31172233
413352,0.01928639
413359,0.08506750
413373,0.14252938
413374,0.19363149
413375,0.04060240
413376,0.12393814
413377,0.16715203
413383,0.14308012
413384,0.39544112
413392,0.12070894
413393,0.13421511
413395,0.05160980
413424,0.10937467
413425,0.06480006
413457,0.02539249
413458,0.08881135
413459,0.21737515
413460,0.02593230
413465,0.04842214
413466,0.25255350
413467,0.06396608
413468,0.02744113
413475,0.09770890
413476,0.13120257
413477,0.53468499
413478,0.05952828
413479,0.01188205
413489,0.17179447
413491,0.09261166
413492,0.21094329
413493,0.11343949
413494,0.15332561
413495,0.35427251
413498,0.04312047
413499,0.14339736
413545,0.26244776
413549,0.02896897
413550,0.12227658
413551,0.08423863
413552,0.50656899
413553,0.09090158
413554,0.03287373
413558,0.10908562
413559,0.33440133
413562,0.07277540
413563,0.25851055
413564,0.04561979
413592,0.06202330
413593,0.04546771
413594,0.07263178
413595,0.03799739
413596,0.25331419
413597,0.03912512
413604,0.03186935
413605,0.11860834
413606,0.03961273
413607,0.03024830
413616,0.51148729
413617,0.15321842
413618,0.07409710
413625,0.08195640
413626,0.31166421
413627,0.11987137
413628,0.08657798
413629,0.05826828
413630,0.09671001
413631,0.02303585
413632,0.07787781
413633,0.29686047
413634,0.14119006
413635,0.18300210
413636,0.09414350
413644,0.04515751
413645,0.02155108
413646,0.02151003
413683,0.06124470
413685,0.08269390
413686,0.23653815
413690,0.02667743
413691,0.01768160
413692,0.04556103
413693,0.15711786
413694,0.69857804
413695,0.01183257
413696,0.23877958
413702,0.16350404
413707,0.03142226
413708,0.28479495
413709,0.29010058
413730,0.03720170
413731,0.29941837
413732,0.02393453
413733,0.05561536
413734,0.09537159
413736,0.10325406
413748,0.04189681
413749,0.32353704
413751,0.74838977
413752,0.69641589
413754,0.11480317
413755,0.61249500
413756,0.10665396
413757,0.12740679
413758,0.29027374
413759,0.05831369
413760,0.08509218
413764,0.02391090
413765,0.07795736
413766,0.22425441
413767,0.29301551
413768,0.14507459
413769,0.07484445
413770,0.05167621
413776,0.03526474
413777,0.02892024
413778,0.02199139
413797,0.09920777
413824,0.05637996
413828,0.10456038
413831,0.43835818
413834,0.04339368
413841,0.01901616
413848,0.03380289
413850,0.05660705
413851,0.61847596
413857,0.01564232
413860,0.01710114
413867,0.11855140
413868,0.19834778
413871,0.06756383
413878,0.05452624
413882,0.02951447
413885,0.01977268
413886,0.15732650
413892,0.10750292
413896,0.33046524
413897,0.07611147
413917,0.27508591
413921,0.01952775
413934,0.54569543
413941,0.04238705
413953,0.02332219
413958,0.18604909
413967,0.10624402
413971,0.02578769
413975,0.10177716
413978,0.05801754
413983,0.21490499
413984,0.01942341
413989,0.03499596
413992,0.01791511
414001,0.23595766
414002,0.04672794
414003,0.10934034
414007,0.54732656
414008,0.11582304
414016,0.24078037
414022,0.03278265
414026,0.16541919
414041,0.05127550
414042,0.52903682
414045,0.10305910
414047,0.12571327
414050,0.96035241
414061,0.03504711
414068,0.11071193
414076,0.07842321
414093,0.09861833
414102,0.02512927
414109,0.21634507
414117,0.10300987
414144,0.04123306
414149,0.01424586
414160,0.04599053
414166,0.72094381
414171,0.43938681
414172,0.25119359
414183,0.09473415
414186,0.05086757
414192,0.04158937
414194,0.19447609
414203,1.01706668
414206,0.03224706
414207,0.01886333
414229,0.10445205
414231,0.04961190
414248,0.03372313
414251,0.12624623
414252,0.05945913
414253,1.01509223
414254,0.19036797
414255,0.30101528
414262,0.06307755
414265,0.44922541
414266,0.44078298
414267,0.04917043
414269,0.10583140
414270,0.11570491
414271,0.10643813
414272,0.05557690
414273,0.07355232
414275,0.02942592
414323,0.65169920
414324,0.06408205
414328,0.04343281
414329,0.13804253
414333,0.02548036
414341,0.02954837
414357,0.03693285
414358,0.02575694
414359,0.11339373
414362,0.28223466
414363,0.06228766
414368,0.03227531
414372,0.06190620
414375,0.03474020
414376,0.02391796
414382,0.10640419
414383,0.44371671
414480,0.03618776
414481,0.13477349
414484,0.59229661
414485,0.05648253
414486,0.03599125
414487,0.18382552
414488,0.31356414
414489,0.03611391
414492,0.01623602
414493,0.27906436
414497,0.03076805
414501,0.06066756
414543,0.18867427
414544,0.26918117
414559,0.09121128
414560,0.10965899
414561,0.03231534
414573,0.15898662
414574,0.04266345
414575,0.26035004
414577,0.11921908
414584,0.72514138
414585,0.03119474
414586,0.18505916
414590,0.02147984
414591,0.03606846
414593,0.43765224
414597,0.07117326
414598,0.53806596
414621,0.26472993
414635,0.13467982
414639,0.04802690
414640,0.01906621
414648,0.18342706
414656,0.02269060
414659,0.11088409
414660,0.05085291
414663,0.05705378
414683,0.11308854
414691,0.16952410
414700,0.17116040
414705,0.01111068
414708,0.13783545
414711,0.07090155
414712,0.06619895
414716,0.07928396
414720,0.02259142
414733,0.01083453
414740,0.04840924
414748,0.11583301
414767,0.83475198
414771,0.22599904
414779,0.09919628
414785,0.18473953
414787,0.20618154
414793,0.01874457
414816,0.06632259
414830,0.08420180
414831,0.56876158
414859,0.05037064
414864,0.03998531
414867,0.05449255
414871,0.06320406
414879,0.23670804
414892,0.26733383
414895,0.13722696
414911,0.15926544
414915,0.10635106
414922,0.15370880
414939,0.03730893
414945,0.03299597
414960,0.07111598
414969,0.03789605
414973,0.02084967
414979,0.08554118
414985,0.02602965
414992,0.03058900
414996,0.10036387
415000,0.02780750
415001,0.07683789
415005,0.02900551
415024,0.20265764
415038,0.05162126
415041,0.15492894
415049,0.13654293
415055,0.09613856
415061,0.13651748
415064,0.23010971
415069,0.03305814
415070,0.09198307
415071,0.01304527
415072,0.07267353
415074,0.01779264
415078,0.17981913
415079,0.03768360
415080,0.46348199
415081,0.39749871
415082,0.29016631
415085,0.19671777
415086,0.13458652
415089,0.20355528
415090,0.06994306
415091,0.08475805
415092,0.26018051
415095,0.23576709
415100,0.12500982
415101,0.01951534
415102,0.33318102
415103,0.09507383
415104,0.04435850
415106,0.10112138
415107,0.04359339
415108,0.59062968
415109,0.26389001
415110,0.08503115
415111,0.01917746
415113,0.02437259
415114,0.04299513
415115,0.07192460
415116,0.04952645
415117,0.00832836
415118,0.27903091
415119,0.81419690
415120,0.02708088
415121,0.13273537
415122,0.22180090
415123,0.00919407
415124,0.46199329
415126,0.16192546
415152,0.04155919
415205,0.04068173
415209,0.07180812
415326,0.07291845
415409,0.06845065
415414,0.02194850
415430,0.07686194
415466,0.16044534
415467,0.30972995
415473,0.05660678
415474,0.01351628
415479,0.02649559
415480,0.05332099
415486,0.01313355
415488,0.08430756
415489,0.06496192
415490,0.03618325
415493,0.05409869
415494,0.09787105
415497,0.02832396
415498,0.18354644
415499,0.04095272
415505,0.05126723
415506,0.12609770
415509,0.04937878
415511,0.15887348
415514,0.06240537
415517,0.15923729
415519,0.12609620
415521,0.60222988
415522,0.01794193
415523,0.06789142
415525,0.02588534
415527,0.08407800
415529,0.03262314
415531,0.08878211
415533,0.11357710
415534,0.07481320
415536,0.03477711
415537,0.23335725
415539,0.23305608
415540,0.07407689
415541,0.42274700
415542,0.08524577
415543,0.07534068
415544,0.12772737
415545,0.16297971
415546,0.49501248
415547,0.02121844
415548,0.03460278
415549,0.40260287
415550,0.32574958
415652,0.02038883
415654,0.02855454
415686,0.04847965
415687,0.10283775
415695,0.05994321
415698,0.18864173
415701,0.19062926
415705,0.30361183
415707,0.05039215
415709,0.06181361
415712,0.07525555
415718,0.03939800
415724,0.03366500
415729,0.09037312
415730,0.58318979
415731,0.07902671
415733,0.02291684
415736,0.05876631
415737,0.02772372
415738,0.10310476
415741,0.01559530
415742,0.24548594
415743,0.13974595
415744,0.05167058
415745,0.01178848
415746,0.07436326
415747,0.27840123
415749,0.06227429
415750,0.12913515
415751,0.31328199
415752,0.05375717
415753,0.30683970
415754,0.02237780
415755,0.04304009
415756,0.17108220
415757,0.12577548
415850,0.33011738
415874,0.11872750
415930,0.09108337
415962,0.45770301
415994,0.27718184
415995,0.12089637
416088,0.14519647
416129,0.70093747
416228,0.04846727
416229,0.02527308
416239,0.14348123
416243,0.05241456
416245,0.21739004
416253,0.09682120
416263,0.03014113
416264,0.20584767
416265,0.08621851
416269,0.78272430
416272,0.10816458
416273,0.04864979
416274,0.20168801
416275,0.04310673
416276,0.06051583
416277,0.23251512
416278,0.12626124
416280,0.04270947
416283,0.14209577
416287,0.05052994
416288,0.16224482
416291,0.04745634
416292,0.19820626
416294,0.39522647
416295,0.70720856
416296,0.08675706
416300,0.05826617
416301,0.12746422
416302,0.07673671
416303,0.15815301
416305,0.13423762
416306,0.21258817
416307,0.21696000
416309,0.04385003
416310,0.39179560
416311,0.11660697
416312,0.06712496
416313,0.63705323
416314,0.01475443
416315,0.27722497
416316,0.11879892
416426,0.02374213
416435,0.02496559
416444,0.05110893
416477,0.42959894
416484,0.07449819
416488,0.14381517
416502,0.07877391
416542,0.19481655
416582,0.03363267
416647,0.02227120
416658,0.08467114
416659,0.03512142
416675,0.02827830
416676,0.31716562
416696,0.99372509
416721,0.05183039
416729,0.03101490
416743,0.17936259
416744,0.19060873
416761,0.03199481
416793,0.23187914
416826,0.01336513
416848,0.12449323
416850,0.03066155
416860,0.26954694
416861,0.81545171
416862,0.07681577
416865,0.07542863
416870,0.12410594
416871,0.08054228
416872,0.04705096
416874,0.16199923
416877,0.02472876
416879,0.01526857
416881,0.04844099
416882,0.02457191
416883,0.03863285
416884,0.03939274
416885,0.07381202
416886,0.30243023
416887,0.09166510
416888,0.13970759
416890,0.02953353
416893,0.16383415
416894,0.05326404
416895,0.16840239
416896,0.02479758
416897,0.09166707
416899,0.11830820
416900,0.02352042
416901,0.02357899
416902,0.00852174
416903,0.11116682
417043,0.03058205
417159,0.03200769
417182,0.05221795
417183,0.17956789
417187,0.06954544
417209,0.03780507
417226,0.71547330
417228,0.23340973
417232,0.03657710
417234,0.02750352
417241,0.10175507
417245,0.03802857
417246,0.14769681
417247,0.21077278
417250,0.21913474
417251,0.05577399
417253,0.01231816
417254,0.06928007
417255,0.06216539
417256,0.12673967
417257,0.20781195
417258,0.38675912
417259,0.02013610
417260,0.22347528
417261,0.01618138
417263,0.27321668
417264,0.03745792
417265,0.02744949
417266,0.11395564
417267,0.12774591
417268,0.02904024
417338,0.02040871
417342,0.14546601
417349,0.03424464
417382,0.19821254
417388,0.12073680
417389,0.16399000
417393,0.27927595
417395,0.28335796
417397,0.05043166
417398,0.01299128
417401,0.12167788
417403,0.44389029
417406,0.17539799
417407,0.61141785
417408,0.23682600
417409,0.04060161
417411,0.02007712
417412,0.08341389
417414,0.17568671
417416,0.17351376
417417,0.10501219
417420,0.07829316
417421,0.42573292
417422,0.31172913
417423,0.04491818
417426,0.02384812
417427,0.13079670
417428,0.10232150
417429,0.04075314
417430,0.18709057
417431,0.05525142
417432,0.03939977
417433,0.07735059
417435,0.11082010
417436,0.03294691
417438,0.03300888
417439,0.07049215
417440,0.10768679
417441,0.06643496
417442,0.40334757
417443,0.16730072
417444,0.09050063
417445,0.22904972
417446,0.13717027
417447,0.15951707
417448,0.10579595
417449,0.09492676
417450,0.06046667
417451,0.08918785
417452,0.10716661
417453,0.07597486
417454,0.11878958
417455,0.47623411
417456,0.04501967
417457,0.03564918
417513,0.01598991
417544,0.44178167
417555,0.13764049
417567,0.13454304
417612,0.05349580
417625,0.19417863
417626,0.05105373
417627,0.22601148
417648,0.06185006
417735,0.06258595
417736,0.32068504
417749,0.06580592
417778,0.03270256
417863,0.06000709
417893,0.05126268
417895,0.06327578
417903,0.03028779
417910,0.10755811
417915,0.29258078
417925,0.05520199
417927,0.02414385
417940,0.56047498
417949,0.03355438
417950,0.02025280
417952,0.03597171
417956,0.02384550
417969,0.08710924
417970,0.05601779
417974,0.09468556
417975,0.02351751
417976,0.06709670
417980,0.03349959
417982,0.16177843
417983,0.03492582
417987,0.04395680
417988,0.23346032
417989,0.06400875
417990,0.99558462
417993,0.07750706
417994,0.04248419
417995,0.00989758
417996,0.04287822
417997,0.02172004
417998,0.24289667
417999,0.16069171
418000,0.06294224
418001,0.14888026
418002,0.03502873
418003,0.18691952
418004,0.22787490
418005,0.42486862
418006,0.03346205
418009,0.21744179
418011,0.11772615
418012,0.03031440
418013,0.19529225
418014,0.45296445
418015,0.26214751
418029,0.28916800
418030,0.10930001
418132,0.12431220
418217,0.14523088
418222,0.03851847
418237,0.04091976
418272,0.19152548
418343,0.53494750
418344,0.11188084
418345,0.19629574
418386,0.17644707
418387,0.05532265
418402,0.05837058
418436,0.02546216
418456,0.69697270
418458,0.13693216
418460,0.24476602
418487,0.17037376
418514,0.03972512
418519,0.01141447
418532,0.02048555
418539,0.02694661
418549,0.03180424
418555,0.06281411
418556,0.82240897
418558,0.10738155
418559,0.01657969
418562,0.01474970
418568,0.68522248
418576,0.02552690
418578,0.31239914
418580,0.17221319
418581,0.27679301
418582,0.01412513
418584,0.04258936
418585,0.09680394
418587,0.05618713
418591,0.02896747
418592,0.04833196
418593,0.17381885
418595,0.01672441
418596,0.11289112
418597,0.04749200
418598,0.04233704
418599,0.02528463
418600,0.07656683
418601,0.07522500
418602,0.72185115
418603,0.68766397
418604,0.02082450
418606,0.14560172
418607,0.01411666
418608,0.15514586
418609,0.04894728
418610,0.09830541
418611,0.32406100
418612,0.04752146
418613,0.12859699
418614,0.11161598
418615,0.01737754
418616,0.02143779
418618,0.47536868
418651,0.12561054
418652,0.03479163
418653,0.05012779
418658,0.28018532
418692,0.43815122
418749,0.33031830
418820,0.17753678
418843,0.17205473
418863,0.05469285
418915,0.03622086
418938,0.27180274
418957,0.11207237
419024,0.34005410
419061,0.02804312
419063,0.04354999
419076,0.13897858
419093,0.02273297
419131,0.12418494
419132,0.01938683
419138,0.03957048
419139,0.13709360
419141,0.05731348
419142,0.04144538
419143,0.04521323
419145,0.03055161
419149,0.04226290
419151,0.03015128
419152,0.03905878
419153,0.11522269
419154,0.09728279
419155,0.07340832
419156,0.05872087
419157,0.01381130
419158,0.93488617
419159,0.34260027
419162,0.02622508
419163,0.04410424
419165,0.40205099
419168,0.23276366
419169,0.02648297
419170,0.39118905
419171,0.54197658
419172,0.21550307
419173,0.14841082
419174,0.07956385
419175,0.01685384
419176,0.33738484
419177,0.31782172
419178,0.20429542
419270,0.32882041
419305,0.26265316
419330,0.12052143
419485,0.07187648
419491,0.10240796
419499,0.10710178
419513,0.16838305
419514,0.12869145
419535,0.08980835
419538,0.02403414
419582,0.77463509
419601,0.02434894
419611,0.21712685
419644,0.38027964
419648,0.10621284
419649,0.06629793
419656,0.13658239
419671,0.01418793
419677,0.19215467
419685,0.19391219
419688,0.31240970
419689,0.33885170
419690,0.03600711
419691,0.12280425
419698,0.78627620
419699,0.01664791
419701,0.52970263
419703,0.54697724
419704,0.04357013
419705,0.29532773
419746,0.61034859
419750,0.01094011
419767,0.02523052
419775,0.11486649
419783,0.11942323
419787,0.41787747
419788,0.19584124
419790,0.03816494
419791,0.07128790
419792,0.03017536
419794,0.20402536
419795,0.53574561
419797,0.08434723
419798,0.07576777
419799,0.04469355
419804,0.19316736
419805,0.16809687
419806,0.06615974
419808,0.02422160
419810,0.09394089
419811,0.11010416
419812,0.54636098
419815,0.16261599
419816,0.11711700
419817,0.05342210
419818,0.27149874
419820,0.05100851
419821,0.06325233
419824,0.44779933
419825,0.16402583
419826,0.04457072
419827,0.00951268
419828,0.04705689
419829,0.10408739
419830,0.57889306
419831,0.07129069
419832,0.14565603
419833,0.18346516
419834,0.07797959
419835,0.00885714
419836,0.05567645
419837,0.11365607
419838,0.02235571
419839,0.17820402
419840,0.10658319
419841,0.28622856
419842,0.47439295
419843,0.23515490
419913,0.08538882
419916,0.09724996
419955,0.01403804
419956,0.14708348
419992,0.04616944
420150,0.07770564
420160,0.24726487
420190,0.07269478
420195,0.08416411
420204,0.15953178
420207,0.14949278
420210,0.04062945
420214,0.26101416
420218,0.01708400
420219,0.06987240
420220,0.11508486
420242,0.01472621
420249,0.03158779
420254,0.03070170
420255,0.01613391
420258,0.42723654
420260,0.01615900
420263,0.16890128
420265,0.03834712
420271,0.03762888
420273,0.04683389
420274,0.04096626
420275,0.03676185
420277,0.00553630
420278,0.21751753
420279,0.04541564
420280,0.10754578
420281,0.06965469
420283,0.10782642
420284,0.07905659
420285,0.06567396
420286,0.02810740
420287,0.06995193
420288,0.01187783
420290,0.06985459
420291,0.03764160
420293,0.07132352
420294,0.01754142
420295,0.20814149
420296,0.02637667
420297,0.29811851
420298,0.02572295
420299,0.19171575
420300,0.12016836
420344,0.07083808
420345,0.45857771
420347,0.01238680
420348,0.09470972
420349,0.10711701
420350,0.01620615
420351,0.02092108
420352,0.02697653
420353,0.04489936
420354,0.24227755
420355,0.05273805
420356,0.12590796
420357,0.04783761
420358,0.15910795
420359,0.11314198
420360,0.02896452
420361,0.01928302
420362,0.06247813
420363,0.25724521
420364,0.14158990
420365,0.05715515
420366,0.06520765
420383,0.06081840
420436,0.13118761
420446,0.06634680
420554,0.13102697
420565,0.07039650
420569,0.16081695
420573,0.06223333
420574,0.20072607
420587,0.27808902
420589,0.22474048
420593,0.03144907
420594,0.09156482
420595,0.08697970
420598,0.00849319
420601,0.17868817
420602,0.35049077
420603,0.03591694
420607,0.01459270
420611,0.01016428
420613,0.07927622
420614,0.18464875
420615,0.14695552
420616,0.03789142
420617,0.19053145
420618,0.03289677
420619,0.07356750
420620,0.04335577
420621,0.26443179
420622,0.04912762
420623,0.14001371
420624,0.05356642
420625,0.04255959
420626,0.17301766
420627,0.51613687
420628,0.03023442
420629,0.01297536
420631,0.05880931
420633,0.12822085
420634,0.05021943
420635,0.04782164
420636,0.04768782
420637,0.11906812
420662,0.02306849
420727,0.04681550
420728,0.28934688
420733,0.14874882
420787,0.03132233
420789,0.04680636
420792,0.11402242
420797,0.17271237
420814,0.01611468
420833,0.60302968
420839,0.03498082
420841,0.27264785
420843,0.08142365
420844,0.16215260
420847,0.24516922
420849,0.04895502
420851,0.10098958
420853,0.08217009
420854,0.05195699
420855,0.08577167
420856,0.03186056
420857,0.08081428
420858,0.01752821
420859,0.04471288
420860,0.98382176
420861,0.23790168
420862,0.13330973
420863,0.10251850
420864,0.09795166
420866,0.75650835
420867,0.03778119
420868,0.07013327
420869,0.22397572
420870,0.00823061
420871,0.06249232
420872,0.19380227
420873,0.02510981
420874,0.15379638
420875,0.16060315
420876,0.04478311
420878,0.02172442
420879,0.16416741
420880,0.03744401
420881,0.04016874
420882,0.05283352
420883,0.31824320
420884,0.42032051
420885,0.03278876
420886,0.07713103
420887,0.13088020
420888,0.03267098
420905,0.02469167
421015,0.03023336
421200,0.65806922
421269,0.20567952
421272,0.03229695
421290,0.37465600
421323,0.34997850
421342,0.00939755
421349,0.15523826
421355,0.04055884
421356,0.05260726
421363,0.30525221
421365,0.25590207
421381,0.19181256
421383,0.06069093
421386,0.73962078
421394,0.00522839
421395,0.12041288
421399,0.16103025
421431,0.26298822
421467,0.09744179
421554,0.39483142
421557,0.08458962
421558,0.13058237
421562,0.01572653
421614,0.43552620
421690,0.01002376
421758,0.42257405
421776,0.07953967
421827,0.20955670
421828,0.18535861
421829,0.07247488
421848,0.04597409
421862,0.09255033
421863,0.06526758
421868,0.00761794
421884,0.10533992
421921,0.11657822
421924,0.07936743
421958,0.32693833
421961,0.01773857
421964,0.01482143
421968,0.06722057
421974,0.25045677
421975,0.01356550
421977,0.14580049
421978,0.63506883
421979,0.01949787
421980,0.02730488
421982,0.11147109
421985,0.03104316
421986,0.14894991
421987,0.06466196
421988,0.02594907
421989,0.18444158
421990,0.04534970
421991,0.05011763
421993,0.08116783
421994,0.12127881
421996,1.20500820
421997,0.01397060
421998,0.15141963
421999,0.22593112
422000,0.31091053
422001,0.04726226
422002,0.15684958
422004,0.12262299
422005,0.57444376
422007,0.07754581
422008,0.08878455
422010,0.18501464
422011,0.03140365
422012,0.08470102
422014,0.07792686
422015,0.50977041
422016,0.19423593
422017,0.02347671
422018,0.02348371
422019,0.42168773
422039,0.01404160
422041,0.02566831
422042,0.04209248
422043,0.04664057
422044,0.07652146
422045,0.11537382
422047,0.22348366
422048,0.02508938
422049,0.02999669
422050,0.08161107
422051,0.29201507
422053,0.12044351
422054,0.14112962
422055,0.04826866
422056,0.05313098
422057,0.25619388
422058,0.19986966
422059,0.08305326
422060,0.03848513
422063,0.17754089
422064,0.01672269
422065,0.17866761
422066,0.04645329
422067,0.07902756
422068,0.03659963
422069,0.09610230
422070,0.04881737
422071,0.01156148
422072,0.03843553
422074,0.26804637
422152,0.01278963
422210,0.16576271
422227,0.36014533
422308,0.16130466
422339,0.07381671
422368,0.15028963
422391,0.03324989
422407,0.20652062
422485,0.03396357
422491,0.11925531
422506,0.11341318
422508,0.32636756
422512,0.06374060
422513,0.04427493
422514,0.03961104
422518,0.02596462
422519,0.02896071
422523,0.08465190
422524,0.20257550
422525,0.09491676
422526,0.02896246
422527,0.05974763
422531,0.20950249
422533,0.00867981
422534,0.17970158
422536,0.10282340
422537,0.03667896
422538,0.27343785
422540,0.10464427
422541,0.74575907
422543,0.10048781
422544,0.63275306
422545,0.06165939
422546,0.04194780
422547,0.41104236
422548,0.12985206
422549,0.24906582
422550,0.08592682
422551,0.04899306
422552,0.04088630
422553,0.10646036
422554,0.28041609
422555,0.29034398
422556,0.02102602
422639,0.01100739
422667,0.26338768
422734,0.09191545
422748,0.17655873
422749,0.27647394
422796,0.10561612
422810,0.02573631
422839,0.04929472
422850,0.25357645
422891,0.17849720
422940,0.16427760
422962,0.03264677
422964,0.11795235
423009,0.31392909
423022,0.04161690
423041,0.25757266
423046,0.20715796
423052,0.10823586
423055,0.01019919
423061,0.74922786
423075,0.05084014
423076,0.11703458
423077,0.19675925
423081,0.46446357
423083,0.18228401
423087,0.07214806
423089,0.00799540
423091,0.08485767
423098,0.29350150
423105,0.03367469
423106,0.12797058
423107,0.10505053
423114,0.24070210
423116,0.03926967
423120,0.08949223
423121,0.16391125
423125,0.07551970
423132,0.04292830
423133,0.03869545
423134,0.52199671
423135,0.02067012
423137,0.03938050
423138,0.05694048
423139,0.03842414
423140,0.07505031
423141,0.35432042
423143,0.05808562
423144,0.09617113
423145,0.03096300
423146,0.11667144
423147,0.25561742
423148,0.10643141
423149,0.01755964
423150,0.15282759
423151,0.02611735
423152,0.01721475
423153,0.52701490
423154,0.00681488
423155,0.10663155
423156,0.04147106
423157,0.07381848
423158,0.05343628
423159,0.11306395
423228,0.13984952
423237,0.37306169
423386,0.49280640
423416,0.47380681
423417,0.24976846
423489,0.14110343
423503,0.54921217
423522,0.16194405
423571,0.05156323
423574,0.11611268
423580,0.07070185
423621,0.55109686
423622,0.35036605
423624,0.04502306
423629,0.02759780
423631,0.13479085
423648,0.02173504
423651,0.07840496
423652,0.10321851
423658,0.21700571
423663,0.01273064
423664,0.02681800
423665,0.10045952
423668,0.11335782
423670,0.08396832
423671,0.09225820
423672,0.03049049
423679,0.01508066
423681,0.19949361
423687,0.06434915
423688,0.05401848
423690,0.02972009
423691,0.03850691
423693,0.02636192
423696,0.22771716
423698,0.18453312
423699,0.24881723
423700,0.05908266
423701,0.06399701
423702,0.14458277
423703,0.04403465
423704,0.01761806
423706,0.09035297
423707,0.07805804
423708,0.01740048
423709,0.57965757
423710,0.29704266
423711,0.06495419
423712,0.21069052
423713,0.01970468
423714,0.81560763
423715,0.04497274
423717,0.16504611
423718,0.13373076
423719,0.27533664
423720,0.08978371
423721,0.07224586
423722,0.04878225
423723,0.25120872
423724,0.04154526
423726,0.01761962
423730,0.02682993
423734,0.04125380
423735,0.06889231
423736,0.09852281
423737,0.02131244
423738,0.10753211
423739,0.05988634
423740,0.03770195
423741,0.01790688
423742,0.13283536
423743,0.06727738
423746,0.02496527
423747,0.02917536
423748,0.13620124
423749,0.03127115
423750,0.27318436
423751,0.02261723
423752,0.04976162
423753,0.36687523
423754,0.07055733
423755,0.02058515
423756,0.15860358
423800,0.03917744
423894,0.01909603
423938,0.34584414
423939,0.11453781
423940,0.05881806
423947,0.08099187
423957,0.25962696
423959,0.15862979
423966,0.79470484
423968,0.10631027
423972,0.04379741
423978,0.40209512
423979,0.05162441
423982,0.17409448
423983,0.08108345
423986,0.07120802
423990,0.06384202
423993,0.01316236
423994,0.02850205
423996,0.03004766
423998,0.07674591
423999,0.15492611
424000,0.01756456
424001,0.04161445
424002,0.03901571
424003,0.15522520
424004,0.04347536
424005,0.07195379
424006,0.08466070
424007,0.10484844
424008,0.11850556
424009,0.21184321
424010,0.11746235
424011,0.10365887
424012,0.02421435
424013,0.08313461
424014,0.15227864
424015,0.06530208
424016,0.07488996
424161,0.27399187
424189,0.42178319
424192,0.06721066
424198,0.06700083
424202,0.03165435
424203,0.01170227
424207,0.07670629
424208,0.04425563
424211,0.01660802
424214,0.07791628
424215,0.14740115
424216,0.08015727
424220,0.06849949
424222,0.08011986
424223,0.03966671
424232,0.05487264
424234,0.01380580
424235,0.02092234
424236,0.03343220
424241,0.02392490
424244,0.04565057
424245,0.37786310
424246,0.02875777
424248,0.20284143
424249,0.08876528
424251,0.03253198
424252,0.04885322
424253,0.07623955
424254,0.06490211
424255,0.10149716
424256,0.21955795
424257,0.02581336
424258,0.16311198
424259,0.11012801
424260,0.02010496
424261,0.08083595
424262,0.03781592
424264,0.15547986
424265,0.09319378
424266,0.28114250
424267,0.02309531
424268,0.01408212
424270,0.18051093
424271,0.10115538
424272,0.03472362
424273,0.11976258
424274,0.18036495
424275,0.11538367
424320,0.12634287
424354,0.09486180
424359,0.04653606
424360,0.09980009
424361,0.17232175
424362,0.09674299
424363,0.09943365
424364,0.08651641
424365,0.04666369
424491,0.56723681
424576,0.10957125
424639,0.04311603
424640,0.04448229
424653,0.09009223
424672,0.26075840
424708,0.02574833
424724,0.09652394
424725,0.34773014
424734,0.44453912
424755,0.03670289
424758,0.41574393
424765,0.03419254
424770,0.24950059
424773,0.17824756
424780,0.11005515
424784,0.01807166
424791,0.06825466
424797,0.12655799
424800,0.02395056
424807,0.02271522
424809,0.07222410
424812,0.11411478
424813,0.19289289
424816,0.01757558
424817,0.03946010
424820,0.07669158
424822,0.08546629
424823,0.15435053
424825,0.02811827
424826,0.21174635
424827,0.08122742
424828,0.10171922
424830,0.07747708
424831,0.03971607
424832,0.07351431
424833,0.07788154
424834,0.05841923
424835,0.36279527
424836,0.17366944
424837,0.35135237
424838,0.28950903
424839,0.06147883
424840,0.08487525
424841,0.28967431
424843,0.01591097
424845,0.20411631
424846,0.03940332
424847,0.04195439
424848,0.07742637
424849,0.55809268
424850,0.85426284
424851,0.08783754
424852,0.04480961
424853,0.02525126
424854,0.05865400
424856,0.02384321
424857,0.06629382
424947,0.14153047
425037,0.14744599
425039,0.22750091
425096,0.05846678
425107,0.04269667
425156,0.04242230
425191,0.07804601
425192,0.08187760
425230,0.01050945
425231,0.10153792
425237,0.01929277
425281,0.07700556
425301,0.13095600
425306,0.27528675
425312,0.04081804
425313,0.01931066
425317,0.04409350
425326,0.03726503
425330,0.02768863
425336,0.34582995
425338,0.19861814
425343,0.16031925
425345,0.02662216
425360,0.38774543
425364,0.16977306
425368,0.03331482
425369,0.01343908
425371,0.15120384
425372,0.00806520
425373,0.28023217
425374,0.05087940
425376,0.57822041
425379,0.06287370
425380,0.01870159
425381,0.04518238
425382,0.04848923
425383,0.03130740
425384,0.09208687
425385,0.04473510
425388,0.20568982
425389,0.04738660
425390,0.02593169
425391,0.14787038
425392,0.22841746
425394,0.12977940
425395,0.13031907
425396,0.04892517
425397,0.00984067
425398,0.05319601
425399,0.06249303
425400,0.05351872
425403,0.03060184
425404,0.14430971
425405,0.02695539
425406,0.13708332
425407,0.09900571
425408,0.03118840
425409,0.03641475
425411,0.04181390
425412,0.09250031
425413,0.40892292
425414,0.11151503
425415,0.22525848
425416,0.17306962
425418,0.02609703
425419,0.02603904
425423,0.11894691
425424,0.10104990
425425,0.97292755
425426,0.04641474
425429,0.05743675
425430,0.01595429
425431,0.20924626
425432,0.01775038
425433,0.15362101
425434,0.05821593
425435,0.16363952
425437,0.02369495
425438,0.00954230
425439,0.05477486
425440,0.10286016
425441,0.07310381
425442,0.41788749
425444,0.31686342
425446,0.05482402
425447,0.15778440
425448,0.60483189
425449,0.25301452
425450,0.04037059
425451,0.02086071
425453,0.27287486
425454,0.31045507
425455,0.13752156
425456,0.28829796
425457,0.08353883
425458,0.19487860
425459,0.35374963
425460,0.01289876
425461,0.05314529
425462,0.00869678
425511,0.07059347
425601,0.04022458
425810,0.10999114
425824,0.23402956
425830,0.53045736
425835,0.19807589
425838,0.07936483
425865,0.11143004
425877,0.22231229
425904,0.25444191
425905,0.02890418
425906,0.04465850
425909,0.14957851
425911,0.33996766
425913,0.11910712
425923,0.09345759
425932,0.04140477
425938,0.01328940
425939,0.22843632
425943,0.03832407
425944,0.01194494
425945,0.01450324
425946,0.04323271
425948,0.14176730
425950,0.03896342
425952,0.09017297
425954,0.26581872
425955,0.01947482
425957,0.26968032
425958,0.02589471
425959,0.34186531
425960,0.23810449
425961,0.39814309
425962,0.02368497
425964,0.15928804
425965,0.06639775
425966,0.13434796
425967,0.06320098
425968,0.14959509
425969,0.15124277
425970,0.18575031
425971,0.15007098
425972,0.01126698
425976,0.07851333
426050,0.02448827
426051,0.44935417
426052,0.04783092
426053,0.01653620
426124,0.03794838
426132,0.10835875
426154,0.06006065
426192,0.07758951
426235,0.07109001
426297,0.19030905
426387,0.10226052
426396,0.02893589
426436,0.11057753
426437,0.11485043
426460,0.04649633
426466,0.07934931
426469,0.06274800
426510,0.15308440
426617,0.28538208
426630,0.02311875
426631,0.01847832
426650,0.04205595
426688,0.05527785
426691,0.03404405
426855,0.16199878
426873,0.45696987
426890,0.03659591
426891,0.07036654
426895,0.01168241
426928,0.55287234
426929,0.03221096
426955,0.18335706
426957,0.09624307
427007,0.13902359
427009,0.03723610
427021,0.18595667
427023,0.04037580
427032,0.15093646
427036,0.01405658
427040,0.05229023
427041,0.05024044
427042,0.02494465
427044,0.02235112
427048,0.19676097
427050,0.17648031
427054,0.02898435
427057,0.04899095
427058,0.03686623
427059,0.04811228
427060,0.53544294
427062,0.03795503
427063,0.20371849
427064,0.03678693
427065,0.02897438
427067,0.17664433
427069,0.01770942
427070,0.01996695
427071,0.07857781
427072,0.04169885
427073,0.15351227
427074,0.04019748
427075,0.04720952
427076,0.03092552
427077,0.13905636
427078,0.10861273
427079,0.05833966
427080,0.01136070
427081,0.08287045
427082,0.10668240
427088,0.09644620
427109,0.06017605
427110,0.24294950
427111,0.03336314
427114,0.05539343
427115,0.27665736
427120,0.01295316
427121,0.02961881
427122,0.48735069
427125,0.02276470
427126,0.03376577
427127,0.05409419
427128,0.02327374
427129,0.08267860
427130,0.46342586
427131,0.01369874
427132,0.02589762
427133,0.02363938
427134,0.03957877
427135,0.03071963
427137,0.16152561
427138,0.03569672
427139,0.03329772
427140,0.20382921
427142,0.04378374
427143,0.07511542
427144,0.32212204
427145,0.02428867
427146,0.13011503
427147,0.16666650
427148,0.02572583
427149,0.47893896
427150,0.12567264
427151,0.01409016
427152,0.01727682
427153,0.01702397
427154,0.55686418
427155,0.03074293
427156,0.01956930
427157,0.18432375
427158,0.31014000
427159,0.15269277
427160,0.01774302
427161,0.09540616
427162,0.71859960
427163,0.33188323
427164,0.06592495
427165,0.01092101
427254,0.05017369
427263,0.15952201
427324,0.23051467
427330,0.43035169
427379,0.04688310
427465,0.02090691
427485,0.64526164
427489,0.03585991
427505,0.10208801
427567,0.35163193
427575,0.72223104
427578,0.10249040
427589,0.75984872
427612,0.30414706
427615,0.08210582
427618,0.02717660
427620,0.21975623
427622,0.00424092
427627,0.05129411
427628,0.12366060
427632,0.08607431
427634,0.01363317
427635,0.07967077
427637,0.08405056
427639,0.13791370
427640,0.11732605
427641,0.02133571
427642,0.05921580
427643,0.23870016
427645,0.09758558
427646,0.06732259
427647,0.05447453
427649,0.01895441
427650,0.03415615
427652,0.23003078
427653,0.14542057
427654,0.03485446
427655,0.19812370
427656,0.03367821
427657,0.06101063
427658,0.28273041
427659,0.05370102
427660,0.19630931
427661,0.08588044
427662,0.02159947
427663,0.17604301
427664,0.29125246
427665,0.01796433
427666,0.02907828
427667,0.07859131
427668,0.12551408
427669,0.12869414
427671,0.21825553
427672,0.51221601
427673,0.01924978
427676,0.06084989
427677,0.00939213
427703,0.11645994
427738,0.04128008
427809,0.06001467
427881,0.06145874
427949,0.03916160
427985,1.01087819
428047,0.21986998
428054,0.95148437
428080,0.11267917
428143,0.16449803
428162,0.38669863
428166,0.02176639
428187,0.02839023
428188,0.09918002
428189,0.04615252
428195,0.06704343
428196,0.22844235
428198,0.24625853
428200,0.05305004
428201,0.06569581
428204,0.67729593
428206,0.08030338
428207,0.14546839
428208,0.11066169
428210,0.01191654
428211,0.02131600
428212,0.56392021
428213,0.10341235
428215,0.02273058
428217,0.06422058
428218,0.06588181
428219,0.05662249
428220,0.02723470
428222,0.43403045
428223,0.03513494
428224,0.07236189
428225,0.04475957
428227,0.04518724
428228,0.13722373
428229,0.10764268
428230,0.33039499
428231,0.02907584
428232,0.06133267
428233,0.05751708
428234,0.03875874
428235,0.73152713
428236,0.08490372
428237,0.10981780
428238,0.02810649
428240,0.01149242
428241,0.05370153
428242,0.04585016
428243,0.40303682
428244,0.49553038
428311,0.08672449
428312,0.16952963
428313,0.31346573
428314,0.07941902
428409,0.03532912
428416,0.03816569
428423,0.07724984
428424,0.24788422
428463,0.07609319
428485,0.42713952
428517,0.07399709
428518,0.20076330
428561,0.06191928
428565,0.03928441
428590,0.04471461
428597,0.03205423
428614,0.08739013
428616,0.24704566
428621,0.01150245
428626,0.14131803
428629,0.02219781
428636,0.30747436
428647,0.06907715
428654,0.03275901
428659,0.03672831
428686,0.05518681
428690,0.03500627
428701,0.04635163
428708,0.15463622
428714,0.07972131
428722,0.02273438
428729,0.04837205
428745,0.01677695
428751,0.10384723
428757,0.12848186
428764,0.08371445
428774,0.11257958
428778,0.04215949
428783,0.04240062
428789,0.01410590
428797,0.07467572
428799,0.09684281
428801,0.49666168
428804,0.09772308
428806,0.04942029
428813,0.01861137
428816,0.03081722
428821,0.25551486
428832,0.04080567
428839,0.06283189
428842,0.09506186
428850,0.29622875
428859,0.16646184
428871,0.07880206
428907,0.29160442
428913,0.04212439
428920,0.35674667
428924,0.06216802
428928,0.09540556
428930,0.04247431
428933,0.27455645
428938,0.14315503
428944,0.24853228
428948,0.25445726
428963,0.04925982
428975,0.12856394
428979,0.05002580
428982,0.64987003
428984,0.02620557
428987,0.04651958
429015,0.01537073
429018,0.07588686
429028,0.01891850
429035,0.18517095
429037,0.01212428
429042,0.01530923
429055,0.04449690
429066,0.12148177
429067,0.37799113
429069,0.01953452
429077,0.08175970
429078,0.17235183
429083,0.01815479
429091,0.20564906
429093,0.02530515
429094,0.07507126
429103,0.08324419
429109,0.23857320
429121,0.27281864
429129,0.01605527
429134,0.03727663
429138,0.12966590
429164,0.12368257
429173,0.19916527
429182,0.12978671
429190,0.02112641
429199,0.01551469
429219,0.23907601
429224,0.02806711
429226,0.44742321
429230,0.04886368
429239,0.02557661
429243,0.05522022
429256,0.09986915
429266,0.11984063
429269,0.18893921
429294,0.02630966
429295,0.17846912
429297,0.16909583
429299,0.11118309
429302,0.02535623
429305,0.48830443
429308,0.03302372
429314,0.31478852
429318,0.03780957
429348,0.10960305
429356,0.70525291
429359,0.16054324
429372,0.13889151
429373,0.13228602
429384,0.17270303
429385,0.18267989
429398,0.03640659
429405,0.14331368
429407,0.02685386
429408,0.09954228
429412,0.14324969
429414,0.09573480
429415,0.15115277
429421,0.12561896
429422,0.03572513
429430,0.06601552
429432,0.03683976
429440,0.29195929
429442,0.45538697
429451,0.65938832
429459,0.08298241
429469,0.02987440
429471,0.00820004
429482,0.01779506
429483,0.20220827
429491,0.37311743
429493,0.35978078
429496,0.23322826
429498,0.03086992
429501,0.02480146
429502,0.08399975
429508,0.06437730
429509,0.03809298
429511,0.92129112
429528,0.02137114
429531,0.35968076
429539,0.29110322
429549,0.45132206
429555,0.07898820
429557,0.04254506
429567,0.15591709
429570,0.04264530
429576,0.03153041
429590,0.03589091
429591,0.38823119
429597,0.06563309
429600,0.58594538
429602,0.05239739
429604,0.12150145
429623,0.05217740
429625,0.01347118
429626,0.05473908
429628,0.01237243
429634,0.04872270
429637,0.02506727
429666,0.04239474
429667,0.17363954
429670,0.06352661
429673,0.02161934
429678,0.06244945
429693,0.04614353
429702,0.01694698
429708,0.03605013
429737,0.06680464
429739,0.02833691
429740,0.03368934
429750,0.22023409
429770,0.19505325
429774,0.09566041
429777,0.05859803
429780,0.06007657
429809,0.14359432
429810,0.01291265
429831,0.05269160
429835,0.16188928
429838,0.13645503
429846,0.05655027
429851,0.08575213
429852,0.01684214
429856,0.04546685
429857,0.20172656
429866,0.75900997
429871,0.08710193
429873,0.28721896
429879,0.32997043
429882,0.04930577
429885,0.02424982
429890,0.23227011
429897,0.02405092
429933,0.06379320
429936,0.02430743
429948,0.06650580
429952,0.35301150
429967,0.03212633
429982,0.01859163
429989,0.15992884
430000,0.04240056
430003,0.02951129
430011,0.16201349
430019,0.23878906
430035,0.01264470
430042,0.51151293
430047,0.04143412
430048,0.09029729
430059,0.03417136
430060,0.26602635
430077,0.07836418
430080,0.17240860
430083,0.34552215
430086,0.15309422
430090,0.10530603
430103,0.02407345
430107,0.13214144
430114,0.01543983
430116,0.05763806
430124,0.08402911
430129,0.17508313
430132,0.28190835
430146,0.07279866
430155,0.18181500
430156,0.02694197
430160,0.12426168
430168,0.10642472
430170,0.08517361
430176,0.11807523
430177,0.67114940
430186,0.66231334
430187,0.04396160
430195,0.25119816
430198,0.72611484
430204,0.24219463
430210,0.09137720
430211,0.24367248
430213,0.20024116
430216,0.43355069
430217,0.05125387
430227,0.03705416
430253,0.04659009
430266,0.55494021
430274,0.07148944
430280,0.01392288
430300,0.00425444
430301,0.01996607
430309,0.14832636
430313,0.08296859
430316,0.06086805
430319,0.15828550
430332,0.15723947
430346,0.05321189
430357,0.08223683
430359,0.06808657
430368,0.04407177
430376,0.09197397
430383,0.06223253
430389,0.05560849
430393,0.39537783
430394,0.03592371
430404,0.08570128
430405,0.07524679
430407,0.17278107
430433,0.12961366
430445,0.03105995
430446,0.09178042
430451,0.09358292
430452,0.01984835
430459,0.02316358
430466,0.05646608
430467,0.03149142
430473,0.45840050
430477,0.02402504
430483,0.17018200
430512,0.02977571
430521,0.01533039
430524,0.01479951
430529,0.08986891
430533,0.04828051
430536,0.02968790
430538,0.03417549
430540,0.34872267
430548,0.13641981
430549,0.04405282
430550,0.05166803
430566,0.47462326
430574,0.05896254
430576,0.05971457
430582,0.12532337
430585,0.19631130
430625,0.04613392
430627,0.05509483
430629,0.06264571
430637,0.17864112
430639,0.01934463
430641,0.08569066
430656,0.04010458
430659,0.02689642
430661,0.01536725
430671,0.19846571
430672,0.06721730
430673,0.05317262
430674,0.04425426
430676,0.01897224
430691,0.01459764
430698,0.04170507
430699,0.18748658
430708,0.13760309
430719,0.04722180
430726,0.03562149
430728,0.46521945
430730,0.24797769
430731,0.16058866
430732,0.07079644
430738,0.12196625
430770,0.11190115
430782,0.19603612
430785,0.07126899
430786,0.05618225
430806,0.52848916
430818,0.52064419
430819,0.03565641
430820,0.07248533
430835,0.09278263
430836,0.10264520
430837,0.05872659
430838,0.02840848
430839,0.07974127
430847,0.63881550
430853,0.06755813
430856,0.00804090
430876,0.11271090
430886,0.01474964
430887,0.06299132
430889,0.08509816
430927,0.01368178
430931,0.22939885
430939,0.04116610
430942,0.02676678
430949,0.06232300
430957,0.04510777
430960,0.01942998
430961,0.03555084
430962,0.30332502
430973,0.07656531
430975,0.02748284
430976,0.12892346
430981,0.05267296
430992,0.06723930
431007,0.18227330
431010,0.35570589
431013,0.05413194
431023,0.02014504
431027,0.06384504
431044,0.03911666
431056,0.01139642
431058,0.01252763
431065,0.01812117
431077,0.21945083
431080,0.20568761
431082,0.01385693
431088,0.26560430
431095,0.18599377
431100,0.10657964
431106,0.09560473
431107,0.03898611
431110,0.31381933
431114,0.22676204
431138,0.10157205
431144,0.02880744
431162,0.16499946
431170,0.97217498
431171,0.07234629
431176,0.11915321
431203,0.13822746
431211,0.14995889
431212,0.10654259
431215,0.02198437
431238,1.01787030
431241,0.05327767
431244,0.14844040
431254,0.11441043
431263,0.07418578
431278,0.03933888
431285,0.29674833
431286,0.22378036
431298,0.06278271
431305,0.01390296
431315,0.75251889
431323,0.05972169
431325,0.00854209
431334,0.02042940
431358,0.45580182
431372,0.06709880
431373,0.00762369
431374,0.55248688
431377,0.27615087
431386,0.17799561
431388,0.35960265
431395,0.01269244
431396,0.14935560
431413,0.06991576
431416,0.16709164
431418,0.16869099
431431,0.07116367
431444,0.04406685
431449,0.55846181
431467,0.20878222
431469,0.07746225
431479,0.05580007
431480,0.06034335
431481,0.06365321
431488,0.09965840
431492,0.39869898
431496,0.08601915
431497,0.02294992
431508,0.15892370
431511,0.07736323
431517,0.02638011
431520,0.13956124
431538,0.09478621
431540,0.01933760
431543,1.03263191
431545,0.01155885
431560,0.02692686
431561,0.10648410
431584,0.61339900
431591,0.19263557
431593,0.29758307
431625,0.10857434
431630,0.29498546
431633,0.39034574
431635,0.08655412
431649,0.12314918
431650,0.23321847
431651,0.09439847
431652,0.01276253
431667,0.36592116
431668,0.64373448
431672,0.06539262
431675,0.43929090
431680,0.65097620
431682,0.04609072
431683,0.01725095
431693,0.05865317
431697,0.08614864
431726,0.22737307
431731,0.23724310
431732,0.14757434
431744,0.00883177
431750,0.03973150
431755,0.17593909
431756,0.15929677
431757,0.12136449
431765,0.09149204
431766,0.03279433
431768,0.12027640
431770,0.01030425
431773,0.01538677
431775,0.08342345
431777,0.27512388
431778,0.63684561
431801,0.10739403
431807,0.02987949
431810,0.04098512
431815,0.15744170
431816,0.08526173
431823,0.10838741
431831,0.05206955
431837,0.17877995
431841,0.08934630
431845,0.01597662
431854,0.09924097
431857,0.17849889
431865,0.11732703
431866,0.10458470
431867,0.05796368
431869,0.11917388
431889,0.07057886
431899,0.02712066
431903,0.16220410
431909,0.11371294
431914,0.15827294
431916,0.01348684
431918,0.48140758
431931,0.06098381
431940,0.02675978
431948,0.38972764
431962,0.03523707
431965,0.04233031
431974,0.01034387
431976,0.03631648
431987,0.12123853
431988,0.03976906
431995,0.28841272
431999,0.13736199
432003,0.00739684
432005,0.34530006
432009,0.06424927
432011,0.01475518
432022,0.63669549
432028,0.15923080
432030,0.01136163
432037,0.04309926
432065,0.10261995
432070,0.02902306
432075,0.47912180
432078,0.27756118
432080,0.08707053
432085,0.03252533
432092,0.04371452
432111,0.20409270
432112,0.02595555
432115,0.02452583
432117,0.13357409
432118,0.09516580
432129,0.31285856
432132,0.12207716
432133,0.07353580
432145,0.13462655
432146,0.02611359
432148,0.02814249
432156,0.11826744
432167,0.03906831
432169,0.00538216
432188,0.01738518
432192,0.34237804
432221,0.04658527
432226,0.20097864
432231,0.01349716
432247,0.04547955
432252,0.07155677
432254,0.07087700
432263,0.10022318
432265,0.02264146
432271,0.24420075
432280,0.05472476
432282,0.05957195
432284,0.01640842
432291,0.59910593
432296,0.09048557
432298,0.25828365
432301,0.04495472
432309,0.05000691
432312,0.22475316
432320,0.02169041
432324,0.05679287
432330,0.06811441
432339,0.02229181
432356,0.01839872
432357,0.00943315
432362,0.04888322
432365,0.04725714
432366,0.16161466
432370,0.19212184
432377,0.12465328
432384,0.06183416
432391,0.05586788
432405,0.03912044
432406,0.32832725
432414,0.26501140
432415,0.01208814
432417,0.02589861
432419,0.08117927
432424,0.05448816
432425,0.14256619
432432,0.25971071
432438,0.05395499
432441,0.09279063
432444,0.59862730
432446,0.85199698
432452,0.09064537
432454,0.12913492
432473,0.55498754
432482,0.22324103
432489,0.09110024
432492,0.58163903
432495,0.03455875
432501,0.35515338
432507,0.03641448
432509,0.44871559
432510,0.10005203
432522,0.03255137
432525,0.10052340
432526,0.08543314
432527,0.81839324
432532,0.04684708
432535,0.07762927
432544,0.02076802
432547,0.07415311
432551,0.07679944
432553,0.03761398
432555,0.02926187
432560,0.05982748
432569,0.10516647
432577,0.07866917
432585,0.06169040
432590,0.02540566
432591,0.09836530
432594,0.01168380
432607,0.09043491
432608,0.43055539
432609,0.08949796
432612,0.27148530
432613,0.02079244
432616,0.11019994
432618,0.66207662
432622,0.03108673
432626,0.03335766
432639,0.01114216
432640,0.07702433
432642,0.36247856
432648,0.09015117
432653,0.03484721
432661,0.30564329
432668,0.04786097
432682,0.33888500
432686,0.37290780
432693,0.03282240
432695,0.22423922
432696,0.35235724
432698,0.16727118
432699,0.03470974
432702,0.15681447
432707,0.06129930
432712,0.02286362
432719,0.02353944
432724,0.01138864
432728,0.35237296
432737,0.11017060
432745,0.37509146
432746,0.04594647
432749,0.16539978
432752,0.04073490
432758,0.03744896
432769,0.15379534
432770,0.08176562
432771,0.02027727
432788,0.01976416
432804,0.04166039
432807,0.66993363
432830,0.21927291
432831,0.10213589
432842,0.30438178
432849,0.22960932
432876,0.42792402
432886,0.05620013
432888,0.02695693
432897,0.02430415
432918,0.06670173
432919,0.22114430
432920,0.05759871
432921,0.09130313
432930,0.31515061
432932,0.06650185
432943,0.13564929
432944,0.04529134
432951,0.10541756
432952,0.01878905
432965,0.13573497
432969,0.06662222
432981,0.04400538
432985,0.03417103
432986,0.03403465
432988,0.08712441
432991,0.08167073
432992,0.04661908
433002,0.07340948
433018,0.02955717
433019,0.02693170
433021,0.05920657
433024,0.01087722
433031,0.11482917
433035,0.29597055
433047,0.54196704
433050,0.01238116
433051,0.03979649
433055,0.02018818
433058,0.07430351
433069,0.04057287
433079,0.15391212
433098,0.36672325
433099,0.02874710
433104,0.14758561
433112,0.04335439
433117,0.09666413
433119,0.02519875
433130,0.01138001
433132,0.16320178
433158,0.62945077
433159,0.05936311
433162,0.03116142
433166,0.08321531
433169,0.14318732
433173,0.04030981
433174,0.05344011
433183,0.57984891
433184,0.04901404
433198,0.03619551
433205,0.25248477
433221,0.21166046
433271,0.44488032
433274,0.05428121
433276,0.24951579
433281,0.05177815
433283,0.06732665
433296,0.04394627
433300,0.08435684
433304,0.04175224
433308,0.12150131
433312,0.02515999
433313,0.27976145
433319,0.01858241
433332,0.22846268
433342,0.06086539
433343,0.02711202
433344,0.06835079
433345,0.00816433
433347,0.18954141
433350,0.04777617
433355,0.87897280
433356,0.03034875
433359,0.11616255
433361,0.03945613
433363,0.45815651
433370,0.02395408
433371,0.07860483
433374,0.20173563
433384,0.09913611
433390,0.11393734
433392,0.03143443
433396,0.21369278
433403,0.18444823
433405,0.05840763
433408,0.63406669
433410,0.52247751
433411,0.18277715
433424,0.04721264
433431,0.03958443
433432,0.23642311
433440,0.05425006
433441,0.09850477
433451,0.17673985
433452,0.10728897
433459,0.04296677
433463,0.02555273
433464,0.15988105
433470,0.07060647
433480,0.16815921
433482,0.32217703
433485,0.13058549
433494,0.58943794
433495,0.12577048
433496,0.03376589
433505,0.10524563
433509,0.05705786
433515,0.21140295
433518,0.03518800
433519,0.60030260
433527,0.24322510
433532,0.03404418
433535,0.06283340
433539,0.12636011
433561,0.10123276
433564,0.66913599
433566,0.03941925
433574,0.02528546
433575,0.01674143
433584,0.35083371
433591,0.31630678
433596,0.31658709
433598,0.05997299
433602,0.04532473
433606,0.03633733
433611,0.02082683
433617,0.02113918
433620,0.39456650
433628,0.03476381
433631,0.07528494
433651,0.03853360
433653,0.10333624
433657,0.16242978
433661,0.08948237
433662,0.18337830
433663,0.24500819
433668,0.04722402
433670,0.48402488
433680,0.25798624
433686,0.30813969
433709,0.03214947
433725,0.13351265
433731,0.11245885
433735,0.24023726
433745,0.08296646
433748,0.01055128
433754,0.09155144
433762,0.20105021
433766,0.03517339
433767,0.03704368
433779,0.08671050
433783,0.00793393
433785,0.19191106
433789,0.01533580
433794,0.28340959
433799,0.19331251
433800,0.03062273
433804,0.16066671
433816,0.07813732
433820,0.07391060
433829,0.02430198
433837,0.03891961
433840,0.02122637
433842,0.09019352
433849,0.06701190
433853,0.03287598
433862,0.01238060
433872,0.03341018
433882,0.05870651
433892,0.15785867
433896,0.01154503
433906,0.05732252
433913,0.31666112
433914,0.01439350
433957,0.02161025
433958,0.04940338
433965,0.11703727
433976,0.09279234
433984,0.02239132
433995,0.19132498
433996,0.04991491
434006,1.01165361
434007,0.02878679
434009,0.04720417
434019,0.08059152
434024,0.15510058
434026,0.26212321
434027,0.01201543
434034,0.11562761
434036,0.01984706
434037,0.17351317
434046,0.07733990
434050,0.00649281
434051,0.03625889
434052,0.02865899
434055,0.14081801
434061,0.12861938
434064,0.05897109
434108,0.24358026
434109,0.27517331
434121,0.14436175
434122,0.09356659
434140,0.00773200
434151,0.12373532
434156,0.06017631
434157,0.02202113
434160,0.14078587
434164,0.01981600
434167,0.02155240
434169,0.19326372
434173,0.01761265
434176,0.24206662
434177,0.30974768
434179,0.18267888
434180,0.09372290
434183,0.18626458
434192,0.02598095
434205,0.05657473
434209,0.09291750
434212,0.18747771
434214,0.27319168
434216,0.14856491
434222,0.31629596
434223,0.05369407
434224,0.63050949
434259,0.36484825
434261,0.04455101
434263,0.18330145
434264,0.09657360
434282,0.06854107
434283,0.00847109
434293,0.38338215
434317,0.24330166
434322,0.07067989
434326,0.03474383
434327,0.02825610
434328,0.05931584
434336,0.11625337
434340,0.07241924
434342,0.07312330
434350,0.18163902
434355,0.04846157
434375,0.03882616
434387,0.08028783
434390,0.09888537
434391,0.04381729
434408,0.04097032
434410,0.12724735
434423,0.03741390
434439,0.33604926
434442,0.03801859
434445,0.47890716
434448,0.03210897
434460,0.05785184
434465,0.00882475
434467,0.06688314
434468,0.08623481
434501,0.22121511
434504,0.27161233
434505,0.08769723
434507,0.01413827
434514,0.07693626
434535,0.07098161
434538,0.69665545
434542,0.19503419
434545,0.19492246
434554,0.21614090
434556,0.12389624
434568,0.26415940
434569,0.12884772
434571,0.41533074
434574,0.18795029
434579,0.04462232
434599,0.27321094
434604,0.22723770
434606,0.01337258
434607,0.02225313
434608,0.02105330
434610,0.07798114
434615,0.27193117
434616,0.31199064
434619,0.13918321
434658,0.24502667
434669,0.06168075
434675,0.02929351
434678,0.01627638
434680,0.07634531
434690,0.25195488
434698,0.04289500
434702,0.32079869
434704,0.01563084
434722,0.01787221
434727,0.45075702
434730,0.02406712
434735,0.02504326
434739,0.08677339
434765,0.07623120
434767,0.44498603
434784,0.29740395
434787,0.25978762
434788,0.20690647
434789,0.06045593
434790,0.13187945
434791,0.30432071
434802,0.10227031
434806,0.01420096
434807,0.35901698
434808,0.70217199
434815,0.12259633
434816,0.16772828
434817,0.10770681
434818,0.66124656
434830,0.27758998
434918,0.05075109
434920,0.10826622
434921,0.08690822
434922,0.51439481
434937,0.02718377
434948,0.02987534
434949,0.08686625
434952,0.17334056
434954,0.03443052
434957,0.03556728
434968,0.03278830
434974,0.03900296
434982,0.08369421
434986,0.05305638
434993,0.03038708
434995,0.23453063
435005,0.06778320
435013,0.03833307
435027,0.05519908
435034,1.18276761
435056,0.47548611
435060,0.25572886
435062,0.35263139
435068,0.04459837
435069,0.09068141
435071,0.24052646
435079,0.01523560
435086,0.22494122
435092,0.08306952
435099,0.02517174
435100,0.12577509
435108,0.08226183
435118,0.02703638
435120,0.02641741
435129,0.08126781
435132,0.48721787
435138,0.00692076
435139,0.23621563
435142,0.46696671
435147,0.27540393
435148,0.11551552
435151,0.01468525
435153,0.02463026
435154,0.29681540
435164,0.14800876
435173,0.05265155
435174,0.08959269
435179,0.02361713
435199,0.07042003
435202,0.06000026
435203,0.09650288
435214,0.23782778
435217,0.17206047
435222,0.21703458
435229,0.61879912
435239,0.03079710
435248,0.13762936
435259,0.03767448
435260,0.02162149
435263,0.11623660
435264,0.03318480
435267,0.02548006
435274,0.33894923
435286,0.01863674
435296,0.03071758
435308,0.06189031
435328,0.20371367
435333,0.07137718
435363,0.09837360
435366,0.03781765
435375,0.02515283
435378,0.48923090
435400,0.09022913
435408,0.18740131
435409,0.02162575
435415,0.01174235
435419,0.46327507
435422,0.04515623
435428,0.33755645
435432,0.12849855
435434,0.19141369
435435,0.16920971
435440,0.08148011
435455,0.11490084
435464,0.11486601
435470,0.00898802
435475,0.34049432
435478,0.06597132
435480,0.24145271
435482,0.02490525
435490,0.05055773
435507,0.10592104
435509,0.08809892
435510,0.05146660
435519,0.11950032
435527,0.30299852
435533,0.03505710
435534,0.14468518
435535,0.08930142
435536,0.06099309
435540,0.03089922
435551,0.05322274
435562,1.09166029
435564,0.16767179
435585,0.10506861
435590,0.01042740
435609,0.03115506
435610,0.03250964
435611,0.03553052
435623,0.08542483
435681,0.57531331
435682,0.11062253
435683,0.03324234
435704,0.11181921
435711,0.06030402
435713,0.05408719
435714,0.08418967
435716,0.01375708
435717,0.57531788
435718,0.26787157
435719,0.05027643
435741,0.02915495
435765,0.22741588
435766,0.05411385
435767,0.01449898
435773,0.31098424
435802,0.05832055
435806,0.04055410
435807,0.57768513
435809,0.02914508
435811,0.15847082
435816,0.02999940
435823,0.03582140
435835,0.51113045
435848,0.42636001
435849,0.22276535
435858,0.04024872
435870,0.36245050
435874,0.05011168
435890,0.22227212
435892,0.02503619
435911,0.07808838
435915,0.04805720
435924,0.21435770
435937,0.06385270
435943,0.60108037
435958,0.03042969
435962,0.03532954
435965,0.70383173
435968,0.36119799
435997,0.03192098
435998,0.28076793
435999,0.06795989
436009,0.04509403
436021,0.10941962
436022,0.08712231
436026,0.24579570
436032,0.02407441
436037,0.03898389
436049,0.10265741
436058,0.05468408
436059,0.07255017
436062,0.14079129
436068,0.03100810
436079,0.12088365
436082,0.17667766
436083,0.18168230
436093,0.18309790
436098,0.02327195
436113,0.04524818
436127,0.36658864
436148,0.09019112
436152,0.32956844
436159,0.01176963
436165,0.01969167
436170,0.03690455
436174,0.01793976
436176,0.10399971
436183,0.01532603
436194,0.03886105
436196,0.11364230
436204,0.04565124
436207,0.23931147
436210,0.02993744
436219,0.56653921
436227,0.08616918
436230,0.02132068
436233,0.07098452
436235,0.57405292
436250,0.06451902
436260,0.33666895
436285,0.18247961
436291,0.05237752
436304,0.04572525
436307,0.27761617
436308,0.17699058
436311,0.04982360
436314,0.07520687
436322,0.05039244
436323,0.69687725
436339,0.03011353
436350,0.02870810
436358,0.11131251
436359,0.07291027
436363,0.01315973
436365,0.10523881
436369,0.02191735
436377,0.04735257
436378,0.19555062
436387,0.05444818
436394,0.39427087
436397,0.05909063
436399,0.52064329
436401,0.12180733
436404,0.03514340
436421,0.12315110
436422,0.13313811
436426,0.03976207
436430,0.04561407
436464,0.03093086
436471,0.02435461
436476,0.07019363
436478,0.02218875
436486,0.01674518
436497,0.11915183
436508,0.01670755
436509,0.03598931
436510,0.09467965
436511,0.60565103
436528,0.14914848
436531,0.12174724
436534,0.50832941
436535,0.13367185
436536,0.01504139
436537,0.05584155
436560,0.05064414
436562,0.22237096
436563,0.30677366
436564,0.16599793
436598,0.04418361
436599,0.02867884
436600,0.25935415
436637,0.05694253
436674,0.01819639
436706,0.06316789
436721,0.10307512
436722,0.10908902
436735,0.03720356
436747,0.51377077
436748,0.03845643
436750,0.22037662
436757,0.54040628
436767,0.30423590
436771,0.01639380
436781,0.21162205
436786,0.03118594
436799,0.02154578
436807,0.09210488
436812,0.13150239
436821,0.08089740
436835,0.04106196
436836,0.42779747
436846,0.12907686
436874,0.02093815
436880,0.45552533
436882,0.20711914
436885,0.02031749
436893,0.15450857
436894,0.01290062
436896,0.08273201
436902,0.19218067
436918,0.02717979
436921,0.03941818
436935,0.10975433
436955,0.02610536
436961,0.11954532
436963,0.09405542
436964,0.05732077
436970,0.04659309
436975,0.04008454
437005,0.21395961
437014,0.14577331
437020,0.04507699
437043,0.04353362
437045,0.07526635
437070,0.20111516
437078,0.02498862
437095,0.07409410
437097,0.09502301
437123,0.01515796
437127,0.06095548
437128,0.09093426
437130,0.05564498
437147,0.78464857
437156,0.02317734
437157,0.09110975
437160,0.08051632
437161,0.02388362
437169,0.03402863
437189,0.31945803
437196,0.12664879
437198,0.04462493
437200,0.03446749
437206,0.19116826
437211,0.02070041
437215,0.07526461
437218,0.04785093
437226,0.04767875
437229,0.15215414
437235,0.04237176
437244,0.03527235
437245,0.08590816
437246,0.06231313
437264,0.03140071
437266,0.01886040
437268,0.09940696
437269,0.09443499
437273,0.02851334
437275,0.19092435
437276,0.07859892
437302,0.04096032
437304,0.20046269
437305,0.15339362
437306,0.07444767
437334,0.02860978
437335,0.14369811
437336,0.04261814
437338,0.20680781
437343,1.03017368
437356,0.05773037
437357,0.07140644
437358,0.11437414
437359,0.03375001
437360,0.47369846
437393,0.01703638
437397,0.11110266
437403,0.07942987
437409,0.10740718
437426,0.16738079
437430,0.57634471
437446,0.26894898
437459,0.04271153
437461,0.04811305
437462,0.12087587
437463,0.01720838
437475,0.02158136
437478,0.08331752
437480,0.01993734
437482,0.27123992
437486,0.07709443
437491,0.13611212
437492,0.04633936
437493,0.23315733
437496,0.08536898
437510,0.01650812
437515,0.02162490
437516,0.16296307
437519,0.02052267
437522,0.10228320
437524,0.04640412
437532,0.15626434
437538,0.02506557
437546,0.14075962
437551,0.18278960
437553,0.20234072
437556,0.11804423
437573,0.55742303
437575,0.03704970
437584,0.16542651
437591,0.67629463
437592,0.05901868
437595,0.04822903
437602,0.05505957
437610,0.05521107
437611,0.03576567
437621,0.13391432
437622,0.42269825
437624,0.06946603
437630,0.05826160
437631,0.40417549
437636,0.72578369
437666,0.01578644
437672,0.23858592
437676,0.07802875
437687,0.07721940
437689,0.33282672
437706,0.68835018
437712,0.21263440
437735,0.06876026
437757,0.03063801
437763,0.10567515
437790,0.02997422
437791,0.01736527
437795,0.13143254
437803,0.03464775
437810,0.10735844
437811,0.16322133
437813,0.07909638
437820,0.04667039
437823,0.34666541
437832,0.01302367
437841,0.01972305
437852,0.08862652
437858,0.16628653
437862,0.01423348
437892,0.02626897
437896,0.05828186
437903,0.37890474
437905,0.03143682
437911,0.54086431
437913,0.12826012
437918,0.02273818
437922,0.16805240
437933,0.03823437
437936,0.10003250
437945,0.03306525
437966,0.05714929
437967,0.18296359
437972,0.01892504
437977,0.08038163
437984,0.59264741
437996,0.03289552
437997,0.02310500
437999,0.03587523
438001,0.03128053
438004,0.20897687
438007,0.03502316
438029,0.03675982
438031,0.02395949
438034,0.07509246
438038,0.43694570
438054,0.09730852
438058,0.02272749
438064,0.13436442
438065,0.06275690
438074,0.05132473
438084,0.09955834
438088,0.09724053
438089,0.01216584
438090,0.03465235
438117,0.14102434
438118,0.06067337
438151,0.12242629
438152,0.05327741
438153,0.30996620
438154,0.06707798
438167,0.08262535
438187,0.11029610
438192,0.35307136
438195,0.08945656
438196,0.24779932
438220,0.03841726
438223,0.28178598
438229,0.07764138
438256,0.05296297
438258,0.15451515
438260,0.10957818
438264,0.20561750
438273,0.18206158
438306,0.24437490
438307,0.05158328
438308,0.03324392
438309,0.02099435
438310,0.07754184
438341,0.21013313
438348,0.01454634
438349,0.04502771
438364,0.02413915
438368,0.11602793
438380,0.36677699
438382,0.02637628
438402,0.07957435
438404,0.05075581
438408,0.14061378
438410,0.24088144
438429,0.05494491
438434,0.06845137
438435,0.04541045
438437,0.27704386
438438,0.14471965
438444,0.15827454
438471,0.06021688
438506,0.03965891
438521,0.03865108
438524,0.34186836
438525,0.14081706
438534,0.03964729
438541,0.04384546
438546,0.02113368
438547,0.06105599
438564,0.05795893
438568,0.02901542
438570,0.01186587
438578,0.01078956
438582,0.02784218
438587,0.03693953
438604,0.03062798
438620,0.02971499
438621,0.01260317
438624,0.04712883
438634,0.18037003
438644,0.11388791
438645,0.07806933
438651,0.12722745
438659,0.06282301
438660,0.01898306
438662,0.04694145
438668,0.00928434
438673,0.10034930
438677,0.04200062
438683,0.84920768
438687,0.23497101
438700,0.09598450
438713,0.10941025
438714,0.03352395
438715,0.04407953
438717,0.04826932
438721,0.24115559
438738,0.19387448
438749,0.02603968
438750,0.06423211
438756,0.07871415
438771,0.03415341
438777,0.04230418
438781,0.01023543
438783,0.16167517
438786,0.48120759
438792,0.04373585
438802,0.05521500
438808,0.02842206
438814,0.06298595
438829,0.14255104
438846,0.09602390
438851,0.15806961
438856,0.86108073
438858,0.13622775
438861,0.01021850
438862,0.07594297
438876,0.44208845
438880,0.02357989
438891,0.20786059
438896,0.14354624
438898,0.16467915
438904,0.01480460
438908,0.02382552
438921,0.09896860
438923,0.14281216
438929,0.07729674
438942,0.09087549
438950,0.13719899
438979,0.42361271
438994,0.28376733
438995,0.04375175
438996,0.01133569
439002,0.16993239
439013,0.08272859
439015,0.02698669
439017,0.06975684
439029,0.01480039
439047,0.32416384
439048,0.06303842
439049,0.32965977
439050,0.05741183
439061,0.29426307
439065,0.41485616
439069,0.19934922
439070,0.40388730
439071,0.13148130
439072,0.36777191
439073,0.30487415
439076,0.05998970
439077,0.02696726
439078,0.08732867
439089,0.07572167
439095,0.03522245
439113,0.11184201
439122,0.02014581
439127,0.11403397
439153,0.04369565
439154,0.24380566
439157,0.02180475
439197,0.00901730
439205,0.22277251
439207,0.30540294
439209,0.02615992
439213,0.02235886
439218,0.12727625
439222,0.07502773
439229,0.14590058
439233,0.04978010
439235,0.04720500
439236,0.20050004
439239,0.12964458
439248,0.28653804
439255,0.16681298
439265,0.05359936
439266,0.14080905
439268,0.03544996
439270,0.02493820
439276,0.28601684
439285,0.02244579
439294,0.11994410
439296,0.08233011
439299,0.63914991
439310,0.09736455
439319,0.02471694
439320,0.01471956
439325,0.05087245
439327,0.06952837
439328,0.02982147
439334,0.07519016
439335,0.09449829
439339,0.18847330
439343,0.01711861
439353,0.25046470
439356,0.02126004
439374,0.02026474
439391,0.65223994
439400,0.02536689
439405,0.16601537
439413,0.07407796
439448,0.09933722
439451,0.28734242
439455,0.06416467
439468,0.11281383
439472,0.03000217
439473,0.04387374
439477,0.02231733
439483,0.03824770
439484,0.05896776
439501,0.03695923
439505,0.08346991
439512,0.07862312
439515,0.10132749
439525,0.04518788
439535,0.08684918
439539,0.02258948
439548,0.40022043
439549,0.14280262
439550,0.12957745
439551,0.03639830
439558,0.02301581
439562,0.04488223
439566,0.06155857
439571,0.05110012
439587,0.04351532
439591,0.13513241
439595,0.11840198
439611,0.29982767
439614,0.19266023
439618,0.65233169
439620,0.14724537
439626,0.02488392
439633,0.03763751
439657,0.05003194
439660,0.21278123
439661,0.02469916
439666,0.04998544
439673,0.10335152
439675,0.11271878
439705,0.08838560
439707,0.17172966
439720,0.09706809
439727,0.06796680
439733,0.15931213
439736,0.05349156
439737,0.09484528
439746,0.10777655
439755,0.04477869
439763,0.13082593
439765,0.09307226
439766,0.05929436
439768,0.46148039
439774,0.03689817
439779,0.03083333
439781,0.41396316
439784,0.29254018
439808,0.08971302
439816,0.08539301
439818,0.02550448
439820,0.02076921
439824,0.02651160
439830,0.08318175
439839,0.03011836
439841,0.46578626
439845,0.03400576
439874,0.07231084
439875,0.01188733
439879,0.14151875
439882,0.03650016
439883,0.54976047
439900,0.17359841
439901,0.01795566
439906,0.12999295
439909,0.67684569
439911,0.18158646
439914,0.02699236
439936,0.21972098
439937,0.06492534
439945,0.03494704
439950,0.03240706
439955,0.15070790
439956,0.02597289
439971,0.10862634
439977,0.08046665
439984,0.26910757
439985,0.03555094
439990,0.04850784
439994,0.18995797
440003,0.03297798
440030,0.04359420
440042,0.20296618
440048,0.11594356
440054,0.32739834
440073,0.07718883
440074,0.15226850
440080,0.05127481
440082,0.20015109
440085,0.16787262
440088,0.10408867
440091,0.04097261
440100,0.01713469
440103,0.04126402
440113,0.30841782
440119,0.02910700
440127,0.01370594
440130,0.01869774
440131,0.02485709
440135,0.41546878
440139,0.05216557
440147,0.12008469
440156,0.55992763
440158,0.06141415
440162,0.03478806
440163,0.26236068
440176,0.03146035
440181,0.01009563
440191,0.01992640
440192,0.08927327
440215,0.01139547
440219,0.22578453
440222,0.06281942
440238,0.03658922
440239,0.03784400
440244,0.02552396
440245,0.04015771
440252,0.10210104
440266,0.10733820
440267,0.18608487
440281,0.23589411
440283,0.10663262
440292,0.26663575
440307,0.05274338
440309,0.01426338
440313,0.04003258
440315,0.05585500
440320,0.04567865
440332,0.01613307
440336,0.05288549
440338,0.08388293
440342,0.26881768
440350,0.10281179
440352,0.06271783
440356,0.06100834
440359,0.07006432
440384,0.02336831
440395,0.19350658
440396,0.06588768
440397,0.10103536
440401,0.06399732
440408,0.20486113
440411,0.11467150
440425,0.04367993
440439,0.04823111
440451,0.24746371
440460,0.26191153
440463,0.11358992
440473,0.03670428
440479,0.01765381
440497,0.28631714
440506,0.02437150
440509,0.04198308
440518,0.01812920
440528,0.18830111
440536,0.08172153
440543,0.44431645
440561,0.01778895
440562,0.06485129
440566,0.22815113
440572,0.11438904
440574,0.25941524
440585,0.20195895
440592,0.09079943
440601,0.16203310
440606,0.05523713
440632,0.23232039
440643,0.08492742
440653,0.02901210
440669,0.03436011
440682,0.05619161
440691,0.04123713
440701,0.01497748
440706,0.04479470
440708,0.05908712
440714,0.78222305
440721,0.52406341
440723,0.27806289
440750,0.05932830
440759,0.29496740
440773,0.05754079
440792,0.29131924
440793,0.02766583
440798,0.40451585
440804,0.11246296
440819,0.11249937
440827,0.27265906
440851,0.25262042
440861,0.03021171
440862,0.02448996
440868,0.07612246
440874,0.05271768
440877,0.14712689
440883,0.02780318
440884,0.33153169
440886,0.01676404
440900,0.04977764
440902,0.02129302
440904,0.20718929
440910,0.13616754
440913,0.05491990
440915,0.43760362
440923,0.18059317
440924,0.02772860
440927,0.03058086
440936,0.05203133
440968,0.06942512
440973,0.02298116
440975,0.05130694
440979,0.22942471
440986,0.11997553
440987,0.01643993
440995,0.04207408
440998,0.12864790
441000,0.01180163
441004,0.11338573
441007,0.55784834
441014,0.27251842
441026,0.35717927
441032,0.50754411
441042,0.01348384
441051,0.23110597
441060,0.05815732
441061,0.05835700
441081,0.05590465
441082,0.08074802
441085,0.08812584
441087,0.15956162
441089,0.04271627
441091,0.02117808
441095,0.05790454
441114,0.09006779
441128,0.27795763
441138,0.45683573
441154,0.02356903
441156,0.19988424
441157,0.65680637
441175,0.09424760
441183,0.05868754
441189,0.03155583
441207,0.04628402
441209,0.19257937
441217,0.07682135
441228,0.04138230
441229,0.01937560
441239,0.04166719
441244,0.02314622
441256,0.08251370
441275,0.12187983
441278,0.05183312
441284,0.02164117
441288,0.04832050
441293,0.27262137
441294,0.43558881
441297,0.98597286
441298,0.08459652
441304,0.01636154
441316,0.00956936
441318,0.06847407
441351,0.13165948
441354,0.14984104
441363,0.10765352
441373,0.48423606
441375,0.06039681
441382,0.09451324
441385,0.04710085
441388,0.03884762
441392,0.78219580
441402,0.27103712
441413,0.09473795
441417,0.42796789
441427,0.21280540
441437,0.12764900
441453,0.08561790
441458,0.08274354
441459,0.05787779
441463,0.00622527
441466,0.03052428
441475,0.01405732
441479,0.03864996
441497,0.07145636
441501,0.10407571
441509,0.08506049
441513,0.08595240
441546,0.14188714
441547,0.05531779
441563,0.58581805
441565,0.06869003
441567,0.04966600
441576,0.29653514
441577,0.09373643
441578,0.34054968
441597,0.05702964
441607,0.03758140
441609,0.02544943
441611,0.07641517
441613,0.03197799
441622,0.02465239
441637,0.08343208
441638,0.03749200
441652,0.02783456
441660,0.23257367
441667,0.10389287
441671,0.09047691
441672,0.01429277
441675,0.19942541
441679,0.02992317
441700,0.03449073
441701,0.03734223
441711,0.03163798
441725,0.03251832
441732,0.04376359
441741,0.20606387
441743,0.05411639
441761,0.02589236
441763,0.03967999
441766,0.04194142
441778,0.26070967
441780,0.07597903
441782,0.09781306
441785,0.40294991
441796,0.03483276
441808,0.25821507
441809,0.09674332
441811,0.02490223
441825,0.11878105
441828,0.38545404
441835,0.11615628
441860,0.05384755
441865,0.07393443
441871,0.03874852
441874,0.02437254
441876,0.00995387
441885,0.05197142
441896,0.17517000
441908,0.04064683
441913,0.05015449
441921,0.08996831
441926,0.01431798
441936,0.05475377
441941,0.07326977
441947,0.02786627
441957,0.15641212
441961,0.04925748
441969,0.02959302
441979,0.10502020
441986,0.08040796
441987,0.02063728
441996,0.21298041
441997,0.03807115
441998,0.05619009
442001,0.04451723
442002,0.25645656
442003,0.16781056
442010,0.01115243
442013,0.08164555
442015,0.43099615
442026,0.02996801
442030,0.08892002
442032,0.33198064
442033,0.82395437
442039,0.29442403
442049,0.05039777
442054,0.19332937
442060,0.03966010
442065,0.18827793
442067,0.07471797
442074,0.04682325
442076,0.03725870
442080,0.18467181
442085,0.02517256
442093,0.06924845
442100,0.11577514
442123,0.23646864
442124,0.25123099
442128,0.11393914
442149,0.20773755
442151,0.09837799
442157,0.09279674
442158,0.06164106
442159,0.12394770
442161,0.12357756
442179,0.08851635
442187,0.14233542
442190,0.05287055
442195,0.07647440
442199,0.11251550
442233,0.04325409
442234,0.24513995
442235,0.02159572
442250,0.00922308
442256,0.02665622
442258,0.20232573
442264,0.36469456
442280,0.07046542
442288,0.01675818
442290,0.02387831
442293,0.19074492
442299,0.39966580
442303,0.12895600
442306,0.03416130
442308,0.02556229
442312,0.07482160
442315,0.11809744
442320,0.11879164
442321,0.16743195
442328,0.15037356
442331,0.46864724
442359,0.04646719
442361,0.01647663
442366,0.07777615
442368,0.11880031
442372,0.32878890
442378,0.05349574
442392,0.17151563
442393,0.03333694
442399,0.06415856
442401,0.37265502
442404,0.01783238
442405,0.37419403
442438,0.12188636
442442,0.11334500
442451,0.27041570
442452,0.02755837
442458,0.25911216
442461,0.21032110
442464,0.01914995
442468,0.25842269
442479,0.30817792
442484,0.11608250
442504,0.09345064
442505,0.04275618
442513,0.10497025
442520,0.00538033
442527,0.02872144
442539,0.02888608
442540,0.11237380
442541,0.01073540
442555,0.02056051
442577,0.41699749
442586,0.07181708
442588,0.02727330
442613,0.27643514
442616,0.20624514
442622,0.12805116
442626,0.08896222
442627,0.09827247
442641,0.02461083
442647,0.02429846
442653,0.35061187
442656,0.03069636
442662,0.08013237
442672,0.01590851
442682,0.06902714
442684,0.13767874
442685,0.08622881
442698,0.32527258
442709,0.07946302
442716,0.08670020
442718,0.06321855
442723,0.14047392
442724,0.18074304
442737,0.06277826
442742,0.50176602
442743,0.02140835
442746,0.11770640
442766,0.05883688
442767,0.08677277
442769,0.03653455
442792,0.13798476
442797,0.20620765
442799,0.05863550
442804,0.04590866
442807,0.06235130
442816,0.32538434
442819,0.04427635
442826,0.16846580
442831,0.07513159
442846,0.02020492
442854,0.21911568
442861,0.01521122
442862,0.04073731
442870,0.42077261
442875,0.07110998
442890,0.03588972
442891,0.22854982
442896,0.07023145
442897,0.11383413
442902,0.05000716
442903,0.10622572
442905,0.02331210
442915,0.27406177
442937,0.03941655
442947,0.74940576
442949,0.11002869
442954,0.14181331
442972,0.12346993
443012,0.13708425
443018,0.09881788
443029,0.06980971
443031,0.03740597
443033,0.02174774
443035,0.08668581
443039,0.00726869
443040,0.04691188
443051,0.18735165
443062,0.05387649
443069,0.16162748
443080,0.09236492
443081,0.16033776
443090,0.23114987
443092,0.01884859
443106,0.10401174
443119,0.30459504
443134,0.02236617
443161,0.06651850
443170,0.04790687
443177,0.07138136
443189,0.03575076
443193,0.04287613
443199,0.08645898
443212,0.24461309
443226,0.40350041
443230,0.06141360
443239,0.17522546
443241,0.01782117
443244,0.02867921
443249,0.02615746
443253,0.03171423
443262,0.01826177
443264,0.88881182
443266,0.10232356
443274,0.02471558
443283,0.02097651
443295,0.01304585
443304,0.02655501
443313,0.14498876
443317,0.01136794
443324,0.02263750
443339,0.04180916
443344,0.13408373
443345,0.04007054
443352,0.03542250
443355,0.06676517
443356,0.42700777
443360,0.20857785
443364,0.21475278
443368,0.01599457
443375,0.07627236
443380,0.34173952
443391,0.25563174
443392,0.00476813
443397,0.06271631
443403,0.09065982
443406,0.19025148
443420,0.21056086
443431,0.03137956
443441,0.06568646
443456,0.35827276
443457,0.26942284
443459,0.07207088
443460,0.18446480
443471,0.05966211
443474,0.24640104
443486,0.13889559
443487,0.02747066
443490,0.03378645
443492,0.71352995
443495,0.16781063
443505,0.07036233
443512,0.05837525
443555,0.06179838
443576,0.38810686
443582,0.00814091
443583,0.01114907
443585,0.03528639
443588,0.02325199
443592,0.03640354
443596,0.05843821
443597,0.01951446
443606,0.04170651
443607,0.20842199
443608,0.15898944
443611,0.22318305
443612,0.06950352
443618,0.34994402
443623,0.01406195
443632,0.03384883
443633,0.37044197
443634,0.05167853
443637,0.03963643
443638,0.36268652
443669,0.02936317
443672,0.06622791
443685,0.03366537
443686,0.00549182
443694,0.02339096
443695,0.15239615
443697,0.47663587
443700,0.05213560
443734,0.25913360
443738,0.08368539
443742,0.06107371
443759,0.21107227
443760,0.05153213
443770,0.05798719
443776,0.04719794
443788,0.01598570
443791,0.38190009
443792,0.03998759
443803,0.07897779
443808,0.04773341
443832,0.08664641
443842,0.03761609
443847,0.02348638
443853,0.04546938
443854,0.73538528
443868,0.05654847
443873,0.03768879
443879,0.03198042
443883,0.06210637
443891,0.14872932
443908,0.15124142
443910,0.39508946
443918,0.04010852
443927,0.03484513
443935,0.11877486
443965,0.31071028
443974,0.01752197
443984,0.04598112
443986,0.11757020
443991,0.02204641
443996,0.02858348
444008,0.01744171
444014,0.03528411
444015,0.04594099
444016,0.15807660
444018,0.04020775
444053,0.13084210
444058,0.14439807
444065,0.09012318
444069,0.02820282
444082,0.02057478
444087,0.17851303
444089,0.07094256
444093,0.15408132
444104,0.01171892
444113,0.01581024
444118,0.10618049
444122,0.10810405
444123,0.08304418
444128,0.09240367
444136,0.05926172
444152,0.05687664
444155,0.04618387
444182,0.02350813
444183,0.05792894
444185,0.03284471
444213,0.09454482
444229,0.03770940
444231,0.02058936
444234,0.03220304
444240,0.04001580
444249,0.05392838
444265,0.26862642
444268,0.07987856
444271,0.02643431
444278,0.01359677
444279,0.19068572
444283,0.25092335
444285,0.01666698
444291,0.17810577
444297,0.03590496
444313,0.04161564
444318,0.06038395
444322,0.02642067
444333,0.02890035
444334,0.07629296
444359,0.16212784
444367,0.12932321
444369,0.06652511
444370,0.17790028
444376,0.03586406
444384,0.01375909
444387,0.10637249
444406,0.02892110
444409,0.07049318
444412,0.07044280
444418,0.25903743
444420,0.12908222
444424,0.01184176
444429,0.02082703
444432,0.06106608
444434,0.03837978
444440,0.03953377
444444,0.06007052
444450,0.02977925
444456,0.03312763
444457,0.03467576
444461,0.10841328
444504,0.21586713
444515,0.16238485
444516,0.26920503
444517,0.02719337
444519,0.28549540
444540,0.02848437
444573,0.25844421
444581,0.06918588
444582,0.02677313
444602,0.51131933
444605,0.04454447
444611,0.02001654
444614,0.02638349
444622,0.42731768
444624,0.27842118
444625,0.05334956
444639,0.04694794
444658,0.06131624
444673,0.06932141
444696,0.06265505
444719,0.06739763
444729,0.04988644
444737,0.05353039
444743,0.19721159
444758,0.02934909
444764,0.06020121
444780,0.04705552
444789,0.11070764
444795,0.05771766
444811,0.05460970
444814,0.01325397
444825,0.08490390
444831,0.03587705
444832,0.01497045
444835,0.45348529
444840,0.11636327
444841,0.10642102
444842,0.16719300
444846,0.03574055
444849,0.06529530
444867,0.03122300
444876,0.07564897
444893,0.04854545
444896,0.12580070
444897,0.05313995
444907,0.03098746
444908,0.03222833
444932,0.11353279
444933,0.10523757
444936,0.03633158
444941,0.16574922
444942,0.07364000
444950,0.10810602
444956,0.02371892
444965,0.02643713
444966,0.25279988
444970,0.03139190
444971,0.49995611
444978,0.02502932
444982,0.12500141
444984,0.15553567
444986,0.05958761
445001,0.07415719
445016,0.04658455
445027,0.07600436
445029,0.05429214
445032,0.04903934
445037,0.03393848
445043,0.02686683
445044,0.22066728
445047,0.20028126
445052,0.47008740
445073,0.08765088
445075,0.00778224
445076,0.07387891
445092,0.10050424
445095,0.14922460
445106,0.03249471
445110,0.17760866
445123,0.04281053
445124,0.04812427
445141,0.07395581
445151,0.04521133
445160,0.02083511
445161,0.12980025
445164,0.17516212
445165,0.02243299
445169,0.09665392
445175,0.50861805
445178,0.04012131
445182,0.12076876
445183,0.00972970
445192,0.02247929
445193,0.08252838
445200,0.02534033
445202,0.02161670
445203,0.00817976
445207,0.06951459
445245,0.09316514
445256,0.04602869
445282,0.26972870
445294,0.05240030
445300,0.44141510
445316,0.03728661
445331,0.08394911
445332,0.01761269
445343,0.06360219
445345,0.03066495
445346,0.06678801
445354,0.26339767
445355,0.74726334
445356,0.28692348
445366,0.27973814
445369,0.18114103
445390,0.08126074
445392,0.08446051
445398,0.01860103
445401,0.09223205
445417,0.03426499
445427,0.02233729
445465,0.38702445
445469,0.05132745
445472,0.02708421
445475,0.86872396
445483,0.04608867
445484,0.07798901
445493,0.46653032
445496,0.08519174
445504,0.01416311
445505,0.36169333
445507,0.02842331
445531,0.78223207
445536,0.07545719
445544,0.03963756
445559,0.01485433
445580,0.04382099
445589,0.01388107
445591,0.05244757
445595,0.04296374
445601,0.02768822
445612,0.09168359
445639,0.10266829
445656,0.14039395
445666,0.03839350
445682,0.53459146
445686,0.04365414
445700,0.11232363
445713,0.14596703
445716,0.05512731
445725,0.01894955
445728,0.05600625
445731,0.01344693
445742,0.12356183
445743,0.91761298
445755,0.03942449
445766,0.02426481
445781,0.68915042
445798,0.12418985
445799,0.21154546
445801,0.69072455
445810,0.10475221
445813,0.11458596
445822,0.01300197
445824,0.12967525
445826,0.24308957
445828,0.11772261
445829,0.04613767
445838,0.10713374
445840,0.03148835
445845,0.05907595
445847,0.05671185
445849,0.17796965
445852,0.13962305
445853,0.26759416
445856,0.05794938
445863,0.03240231
445864,0.73812687
445871,0.10898276
445907,0.08198792
445908,0.05703139
445917,0.03684327
445919,0.13205127
445925,0.02409304
445930,0.05266372
445938,0.02959541
445943,0.13142350
445946,0.01984693
445948,0.34059513
445970,0.07187456
445972,0.01906174
445974,0.60209835
445976,0.02715662
445979,0.10854745
445993,0.02454380
446001,0.18816557
446004,0.14382740
446025,0.28013149
446026,0.10997101
446046,0.40081473
446048,0.13160675
446055,0.03415722
446064,0.10123244
446068,0.02003134
446078,0.01588017
446094,0.06043434
446096,0.59857398
446120,0.20413192
446131,0.04921393
446139,0.23928066
446157,0.32833611
446179,0.07112498
446180,0.09503209
446186,0.09798794
446189,0.59171679
446200,0.27161577
446208,0.36183115
446210,0.23004891
446214,0.13629158
446226,0.02307840
446229,0.08697369
446237,0.09191964
446247,0.04313871
446256,0.02630701
446273,0.13169667
446286,0.07391776
446296,0.02304464
446302,0.09831374
446310,0.20500020
446315,0.03302939
446319,0.36158027
446320,0.28477780
446322,0.17686499
446356,0.51068262
446374,0.05794494
446375,0.17739095
446406,0.03465294
446407,0.01884097
446426,0.26891018
446428,0.09151870
446431,0.23922264
446433,0.01830881
446437,0.27497909
446441,0.10105919
446452,0.03317731
446464,0.12981417
446466,0.21982862
446468,0.23805008
446469,0.30720616
446472,1.10084257
446476,0.15168928
446478,0.04474749
446485,0.04254261
446499,0.12655909
446503,0.06685810
446504,0.01998584
446509,0.42467233
446512,0.15699940
446525,0.04607234
446534,0.05680215
446535,0.14298490
446543,0.34031714
446546,0.01385414
446550,0.51967392
446555,0.22865685
446560,0.03493266
446564,0.05496661
446572,0.05165990
446593,0.07269584
446616,0.09985693
446617,0.08403719
446625,0.02586001
446626,0.38152198
446631,0.26290626
446643,0.25079207
446647,0.21297192
446652,0.06559349
446655,0.30253537
446657,0.60289230
446663,0.09633029
446665,0.31265408
446676,0.05596293
446684,0.18880038
446694,0.02549918
446699,0.03047747
446702,0.25244059
446713,0.01915534
446720,0.43787473
446724,0.13915218
446728,0.09206575
446730,0.03046001
446738,0.11837890
446742,0.02103533
446743,0.03915109
446744,0.10842306
446750,0.17143352
446759,0.07062750
446760,0.13460416
446772,0.01890125
446786,0.07569341
446799,0.07241847
446800,0.42985424
446803,0.32400002
446812,0.07925179
446813,0.07956165
446815,0.02563120
446816,0.03916736
446832,0.27131791
446845,0.09335010
446846,0.01457880
446847,0.16060950
446850,0.03049312
446851,0.21380968
446855,0.10814782
446856,0.09097574
446867,0.01520407
446877,0.41443190
446880,0.12389577
446885,0.01511125
446892,0.01976388
446905,0.20589729
446909,0.36246552
446924,0.01460935
446935,0.01935187
446944,0.06036320
446945,0.02565459
446949,0.00571041
446952,0.05043015
446957,0.03358201
446961,0.07214089
446979,0.06575968
446980,0.14662980
446987,0.18642740
446991,0.07020027
447001,0.04084574
447013,0.15663168
447014,0.03650339
447023,0.08233411
447062,0.01596276
447072,0.07248737
447082,0.16155721
447084,0.03011982
447087,0.00864957
447092,0.08059281
447106,0.04823565
447107,0.09969043
447112,0.04595944
447147,0.13350938
447160,0.20346608
447176,0.03453969
447184,0.03868629
447188,0.01406053
447190,0.09081867
447191,0.05131243
447198,0.11742420
447199,0.06188390
447200,0.25761870
447202,0.05549302
447209,0.35020230
447210,0.20089300
447228,0.88331810
447230,0.03313477
447235,0.06747249
447246,0.13989091
447248,0.18116682
447263,0.06790998
447265,0.04639405
447272,0.04747907
447285,0.10372305
447293,0.47683182
447305,0.09615671
447312,0.05258128
447326,0.04779745
447327,0.07849036
447361,0.04039121
447367,0.46738558
447381,0.05612751
447387,0.32224625
447390,0.46964447
447391,0.13374496
447416,0.12374927
447419,0.18179939
447420,0.09855276
447422,0.01708528
447425,0.09811945
447444,0.03795467
447458,0.08728798
447460,0.08567679
447467,0.03060000
447479,0.15700557
447482,0.19093948
447496,0.02116964
447504,0.01574869
447507,0.04845874
447519,0.02310307
447522,0.02716383
447528,0.12994721
447529,0.02289005
447532,0.14412734
447540,0.10218138
447543,0.24890510
447546,0.05787472
447554,0.03463434
447571,0.03761067
447575,0.02057711
447591,0.06859711
447599,0.31417686
447600,0.12655290
447601,0.12077831
447606,0.12207881
447607,0.04130920
447618,0.16772560
447621,0.02274443
447633,0.02156946
447638,0.05129370
447642,0.04206263
447644,0.05670694
447654,0.19404983
447670,0.02161314
447671,0.05531135
447672,0.08095654
447674,0.14571065
447676,0.13091980
447692,0.40489817
447696,0.25438588
447698,0.19387306
447704,0.02569601
447705,0.16777918
447708,0.10715977
447709,0.61813858
447715,0.11392342
447727,0.02568371
447736,0.07091963
447742,0.01737838
447743,0.31676138
447745,0.05546531
447748,0.39619153
447751,0.69641289
447752,0.04589973
447796,0.08051970
447810,0.05166106
447812,0.06938152
447814,0.57376206
447815,0.04906814
447816,0.17095668
447817,0.45888807
447835,0.06095367
447842,0.34885155
447844,0.01399370
447862,0.35280149
447865,0.10285563
447868,0.18503629
447873,0.03997065
447876,0.01327058
447881,0.16348726
447882,0.33549453
447883,0.02622683
447904,0.10873088
447907,0.44187107
447915,0.25485639
447931,0.05274107
447945,0.05110216
447947,0.21886324
447958,0.03777023
447967,0.00939060
447968,0.18083534
447972,0.82801422
447975,0.05816424
447976,0.19452763
447978,0.01356522
447983,0.05545179
447993,0.23845400
447998,0.38547242
448001,0.16429416
448005,0.13164789
448007,0.05859371
448011,0.29399358
448012,0.02811699
448016,0.15965043
448030,0.11066817
448039,0.13882458
448040,0.03580456
448045,0.08760419
448046,0.10938131
448051,0.06032057
448084,0.16852717
448091,0.20914340
448100,0.13038621
448125,0.25860740
448143,0.08276019
448146,0.08410787
448150,0.11310184
448160,0.26750817
448163,0.06332229
448165,0.10249013
448182,0.02174614
448185,0.03328730
448188,0.07467187
448189,0.05453979
448209,0.03392189
448210,0.24602983
448218,0.02569266
448224,0.32690524
448241,0.06144550
448243,0.01264352
448244,0.03250704
448245,0.21395311
448254,0.04945745
448278,0.18591255
448279,0.08357430
448282,0.06297964
448284,0.05024569
448285,0.41512947
448301,0.24158206
448302,0.47361813
448305,0.07456912
448317,0.10765405
448330,0.23256072
448335,0.04908439
448338,0.04204702
448340,0.01888712
448341,0.03894538
448347,0.54188067
448350,0.19252986
448353,0.04206402
448361,0.11846268
448370,0.07621206
448380,0.18663670
448400,0.24972161
448411,0.32115864
448412,0.12702171
448417,0.05933131
448420,0.09701605
448422,0.06035340
448424,0.01910559
448447,0.26612525
448459,0.05565382
448464,0.03980132
448470,0.13720746
448490,0.01834375
448494,0.15704921
448500,0.31093389
448515,0.00737438
448522,0.07360300
448526,0.02415509
448536,1.13862393
448548,0.01382779
448566,0.09854190
448573,0.03665401
448584,0.04045854
448585,0.09214243
448597,0.03323090
448599,0.05813870
448601,0.01046157
448604,0.04606686
448606,0.12607549
448610,0.05227716
448642,0.15021464
448660,0.02120527
448669,0.02250387
448674,0.08151317
448675,0.07228683
448678,0.04708033
448690,0.06894304
448693,0.04717745
448695,0.35517243
448700,0.23492070
448703,0.06570070
448704,0.38081510
448707,0.03882025
448720,0.43831147
448727,0.66042105
448728,0.11392768
448734,0.58407654
448746,0.07486412
448755,0.05542447
448760,0.48547721
448770,0.11854656
448778,0.02187019
448788,0.18013123
448790,0.16125014
448801,0.03962777
448805,0.02867528
448806,0.01591547
448812,0.01483686
448817,0.16259979
448834,0.01994670
448837,0.42430736
448838,0.09637785
448853,0.27819188
448856,0.07037303
448868,0.18628920
448876,0.02042450
448909,0.44790151
448917,0.08620108
448919,0.15952921
448922,0.15119153
448931,0.04876358
448935,0.03643118
448937,0.03003178
448940,0.07481655
448948,0.18944418
448958,0.12344130
448967,0.13060404
448968,0.04435385
448973,0.30368349
448993,0.04073634
449000,0.11792736
449011,0.41742601
449015,0.01378845
449030,0.07002754
449035,0.03869960
449040,0.01827557
449045,0.00821866
449060,0.03421609
449081,0.06752385
449082,0.08300226
449087,0.37207711
449095,0.07617365
449105,0.29159469
449110,0.03494315
449117,0.10846075
449126,0.29311582
449134,0.02304475
449141,0.05098108
449148,0.61758990
449155,0.05409122
449158,0.45218144
449160,0.04834848
449178,0.31210851
449180,0.22381100
449183,0.11790968
449186,0.06235891
449193,0.12650254
449196,0.03022024
449203,0.02592243
449213,0.07873479
449214,0.00998427
449215,0.06570094
449216,0.03000579
449224,0.07910062
449227,0.06194913
449230,0.01568015
449233,0.21447446
449253,0.08830279
449254,0.09092114
449264,0.69014310
449289,0.24275017
449302,0.00878233
449308,0.13771849
449314,0.01519088
449322,0.14157532
449323,0.02040723
449364,0.07119325
449368,0.03733412
449391,0.04658033
449403,0.12987279
449408,0.16962958
449409,0.09822599
449412,0.02287030
449424,0.13685581
449427,0.02899568
449462,0.06989352
449465,0.03728577
449469,0.03944638
449475,0.01315278
449476,0.06290356
449483,0.02614474
449484,0.60422976
449487,0.02280575
449492,0.04854543
449499,0.15480695
449502,0.04376042
449506,0.02832544
449508,0.07573121
449514,0.03400276
449517,0.04229863
449534,0.05369541
449540,0.04752033
449543,0.09048734
449545,0.05866878
449548,0.15089060
449555,0.20633939
449556,0.22717086
449558,0.05454592
449566,0.24441078
449574,0.13045485
449576,0.08757274
449578,0.01019525
449581,0.04373516
449586,0.26750714
449591,0.18666735
449594,0.04381890
449599,0.14543886
449606,0.05574708
449615,0.01809196
449616,0.03621735
449625,0.04452024
449633,0.04100393
449636,0.49229540
449637,0.50737781
449642,0.02056866
449683,0.15558606
449684,0.01766647
449711,0.03641110
449713,0.03833217
449716,0.16220641
449741,0.07492632
449745,0.04391310
449747,0.04348404
449756,0.06995395
449759,0.02940487
449760,0.20106496
449768,0.02383767
449773,0.05466187
449775,0.05919458
449780,0.01550708
449788,0.21192502
449792,0.06615659
449802,0.16534130
449812,0.36585841
449815,0.26358957
449818,0.07394217
449820,0.12730084
449821,0.01463819
449822,0.52670097
449831,0.03390800
449837,0.09038174
449855,0.24969183
449857,0.05158121
449865,0.10780584
449866,0.03941505
449871,0.17433177
449873,0.06709285
449874,0.14981995
449877,0.02270712
449881,0.04624115
449889,0.07451114
449893,0.02523344
449894,0.13549781
449897,0.15262858
449900,0.03541542
449910,0.02579885
449924,0.29258640
449928,0.10859312
449932,0.58919629
449942,0.07616988
449947,0.05391015
449955,0.08972304
449972,0.01515066
449984,0.20456523
450004,0.04928094
450027,0.08064490
450029,0.01661704
450035,0.08465956
450038,0.02121933
450042,1.09664219
450044,0.09105593
450060,0.05611596
450065,0.02202707
450076,0.12495942
450081,0.49526411
450083,0.11609411
450096,0.17327772
450102,0.04921477
450107,0.16531852
450109,0.09977942
450110,0.02884185
450111,0.04992090
450114,0.08813714
450117,0.05764188
450118,0.24462733
450124,0.30241801
450141,0.46549451
450145,0.05140979
450148,0.09943203
450169,0.07892633
450172,0.20176532
450173,0.03687122
450180,0.09013007
450182,0.01891341
450190,0.04671544
450200,0.05765632
450216,0.03866880
450221,0.05601631
450227,0.68686887
450229,0.08978565
450233,0.06527303
450244,0.25177960
450251,0.55021044
450260,0.03861698
450266,0.23235490
450267,0.08569647
450272,0.01016055
450280,0.14855897
450287,0.03070795
450290,0.03979209
450291,0.45210576
450303,0.03998735
450310,0.08631717
450311,0.12475747
450358,0.15931014
450373,0.20227159
450376,0.15698021
450383,0.07408381
450395,0.24207759
450398,0.45850797
450412,0.77648317
450415,0.13632018
450420,0.02453339
450421,0.38101912
450427,0.04211036
450428,0.06312198
450429,0.06140890
450433,0.05637410
450443,0.05586320
450453,0.03766149
450454,0.02856726
450458,0.16919822
450464,0.02768405
450469,0.21988797
450475,0.04826977
450478,0.39890585
450498,0.19661070
450501,0.23031219
450503,0.06906238
450513,0.66601016
450523,0.08364279
450530,0.18327264
450537,0.07423192
450543,0.12395393
450554,0.07973238
450555,0.04176937
450558,0.18797959
450568,0.03158745
450569,0.06583577
450580,0.02503511
450581,0.04614459
450588,0.03156019
450589,0.21414304
450602,0.10365492
450603,0.02283954
450621,0.04029979
450626,0.76453678
450640,0.01972490
450641,0.01667319
450644,0.65067533
450658,0.36735486
450672,0.31237380
450685,0.06174045
450687,0.19534229
450689,0.16637707
450690,0.17888451
450693,0.02850032
450699,0.03281876
450706,0.93859161
450708,0.28665769
450710,0.08146407
450716,0.20900536
450722,0.04940252
450752,0.26985875
450759,0.73101611
450763,0.13193041
450767,0.06670914
450768,0.12503721
450772,0.06032491
450778,0.09728987
450781,0.05145742
450788,0.02551856
450792,0.27292622
450817,0.01068582
450820,0.02166379
450835,0.45658174
450848,0.46386260
450853,0.51638582
450865,0.08251867
450878,0.02350250
450883,0.01544606
450885,0.09241025
450896,0.02515939
450897,0.05579297
450898,0.29711604
450904,0.10742544
450908,0.19144884
450917,0.01946578
450921,0.03085579
450923,0.14482125
450926,0.11009369
450929,0.10901579
450937,0.05302046
450963,0.27571299
450971,0.24118778
450973,0.11240052
450978,0.38824358
450982,0.01662395
450995,0.24703911
450997,0.03505663
451033,0.02060940
451035,0.01282335
451037,0.57856838
451039,0.01946176
451063,0.02167533
451079,0.05924069
451081,0.01929607
451083,0.06636922
451100,0.06172529
451101,0.01547336
451104,0.03429665
451109,0.04126896
451119,0.10806176
451124,0.02792984
451126,0.03155667
451146,0.12403504
451155,0.02565266
451156,0.01807684
451160,0.42029127
451163,0.01875124
451168,0.09377163
451175,0.13925394
451184,0.04481586
451189,0.07325688
451206,0.14589286
451208,0.03948217
451225,0.01554918
451226,0.05592792
451228,0.41992771
451230,0.31799231
451235,0.06053854
451239,0.01906575
451242,0.03154249
451247,0.15851273
451248,0.13273876
451255,0.10702451
451261,0.06831267
451270,0.36022807
451277,0.02135130
451278,0.21309383
451282,0.06444050
451283,0.05210230
451302,0.06479825
451310,0.15916055
451315,0.19284674
451328,0.03434041
451330,0.13187741
451331,0.37118593
451338,0.04438696
451342,0.13461917
451347,0.02536374
451350,0.33234897
451351,0.10023090
451354,0.04749078
451358,0.05191516
451370,0.02930914
451379,0.72252706
451383,0.09835358
451390,0.20241491
451391,0.04151841
451392,0.17033466
451412,0.08879267
451422,0.00629265
451429,0.02193624
451432,0.10412100
451437,0.04024937
451442,0.15611153
451455,0.08493655
451457,0.09582788
451464,0.05494707
451472,0.08557471
451474,0.09950545
451488,0.09023560
451512,0.01981033
451516,0.16931019
451519,0.39312833
451528,0.02626300
451531,0.03871498
451551,0.11974715
451564,0.11653880
451570,0.32494230
451571,0.03292410
451575,0.26269551
451576,0.16032132
451582,0.26505294
451586,0.05509023
451587,0.22532053
451594,0.14619513
451596,0.04299124
451600,0.13063132
451615,0.02592426
451616,0.10598272
451646,0.57119566
451648,0.14889966
451650,0.06015892
451651,0.29908438
451662,0.17558918
451675,0.02187339
451680,0.09732623
451682,0.20136049
451688,0.02916395
451691,0.04894395
451698,0.11417546
451703,0.05947150
451709,0.12816007
451714,0.23279428
451716,0.16017092
451719,0.05805246
451724,0.08208389
451726,0.09875020
451733,0.04219404
451743,0.07337251
451747,0.03844626
451756,0.06010343
451761,0.10998655
451762,0.11114012
451768,0.02267921
451785,0.01963482
451805,0.01688438
451811,0.40209211
451817,0.06963619
451823,0.24053348
451831,0.03729591
451840,0.17369145
451845,0.03351296
451852,0.07129680
451855,0.04772598
451856,0.03774292
451871,0.02269731
451873,0.13133332
451897,0.07173828
451907,0.11822945
451908,0.10133144
451919,0.07455960
451932,0.04423243
451934,0.30252221
451935,0.05451087
451936,0.28087001
451938,0.03254087
451954,0.03660606
451958,0.14704099
451976,0.28627061
451977,0.08991041
451983,0.27557575
452000,0.15202675
452023,0.04821506
452024,0.01181481
452028,0.01385609
452039,0.06074643
452043,0.05113239
452047,0.02338901
452067,0.26060232
452069,0.04097902
452071,0.03325728
452096,0.75674293
452101,0.16634851
452107,0.19012752
452108,0.05877584
452109,0.11907181
452123,0.03423623
452127,0.02484338
452131,0.19937144
452133,0.01988149
452136,0.26847941
452137,0.06552732
452142,0.06193635
452147,0.15887357
452158,0.09168764
452172,0.16118302
452190,0.53427574
452191,0.09323278
452192,0.01165194
452195,0.04941124
452209,0.04084776
452237,0.06563010
452239,0.01445114
452242,0.08249932
452246,0.00938812
452249,0.13595659
452263,0.08528866
452267,0.04126527
452273,0.13007615
452274,0.06891727
452291,0.27019586
452310,0.17965550
452319,0.04261827
452325,0.05374891
452328,0.10186003
452330,0.51855246
452332,0.03681783
452337,0.03806798
452353,0.46290262
452356,0.36893129
452368,0.01555022
452379,0.18389813
452380,0.52007740
452396,0.07467667
452398,0.32909385
452401,0.04324098
452408,0.12603862
452409,0.13706329
452414,0.10757356
452418,0.14843550
452422,0.15241740
452430,0.15194283
452432,0.02904620
452451,0.14952100
452455,0.04613393
452495,0.04843167
452497,0.45267965
452511,0.17941578
452514,0.03659434
452522,0.07661813
452529,0.09378045
452530,0.24834876
452542,0.08480765
452545,0.03214360
452558,0.04241007
452592,0.44176216
452604,0.01993717
452616,0.03176774
452619,0.05454846
452620,0.01854437
452630,0.03600094
452644,0.16533542
452658,0.04535407
452663,0.12463452
452668,0.09105499
452672,0.16897289
452679,0.07131245
452685,0.08568434
452690,0.12431114
452701,0.27192571
452702,0.15222788
452708,0.18556274
452714,0.03649176
452718,0.16326749
452731,0.01771730
452733,0.13888118
452741,0.08673353
452748,0.57465210
452750,0.03662886
452753,0.08224513
452759,0.01223000
452767,0.40964610
452768,0.55243452
452788,0.05938300
452802,0.02947453
452807,0.07969049
452819,0.12699552
452820,0.01977364
452821,0.03041590
452840,0.17863496
452851,0.02206739
452861,0.06834808
452865,0.04285075
452871,0.18199187
452882,0.04535160
452903,0.03221459
452906,0.12778757
452907,0.54399967
452914,0.03492915
452929,0.18364344
452931,0.17272113
452932,0.08194765
452948,0.13797503
452950,0.03637923
452963,0.05644514
452974,0.02752525
452982,0.16338184
452984,0.29496639
452994,0.02333883
452995,0.12753612
452998,0.02193531
453003,0.28860484
453021,0.10178922
453040,0.15523364
453042,0.19249545
453052,0.06228997
453056,0.07685610
453066,0.06552673
453067,0.01330761
453072,0.02113316
453085,0.04995854
453093,0.05681884
453094,0.03092546
453100,0.02037453
453101,0.05928540
453107,0.26540272
453110,0.23868344
453111,0.20990604
453113,0.03310096
453114,0.01636437
453124,0.02342578
453129,0.01881977
453142,0.55416070
453145,0.07974580
453152,0.23098951
453159,0.05350899
453168,0.11503394
453196,0.09388057
453212,0.05658310
453214,0.03035903
453215,0.09868598
453220,0.01166537
453230,0.54771945
453233,0.37582220
453235,0.05040240
453244,0.19209065
453248,0.75065732
453262,0.01618384
453268,0.03524586
453283,0.02438999
453284,0.06831970
453287,0.04313351
453299,0.05348694
453314,0.07122224
453322,0.05560584
453349,0.32282986
453354,0.09834758
453356,0.11982588
453359,0.35833274
453366,0.08169395
453367,0.14196170
453372,0.02051912
453378,0.91848583
453390,0.01713692
453397,0.19362810
453403,0.04841864
453406,0.53171353
453412,0.23777594
453415,0.60898610
453428,0.10525475
453431,0.03266115
453442,0.05701022
453449,0.10105426
453465,0.02623581
453473,0.67544795
453476,0.03987713
453479,0.02602884
453480,0.03554276
453481,0.03917006
453493,0.03752289
453494,0.09362784
453507,0.48005426
453509,0.03567446
453514,0.16244650
453524,0.16457742
453534,0.07671927
453538,0.04058461
453544,0.31073770
453549,0.01260494
453550,0.24246568
453551,0.02644451
453556,0.03656584
453560,0.60999795
453566,0.04719223
453569,0.12235168
453579,0.03331805
453582,0.03375307
453586,0.09070587
453618,0.02227642
453620,0.11372497
453655,0.14470405
453659,0.07182553
453668,0.12334209
453681,0.03473384
453686,0.10504657
453687,0.10925317
453704,0.07252156
453707,0.09503173
453708,0.06479985
453709,0.15588481
453715,0.04432384
453721,0.45580149
453725,0.07678750
453727,0.03064152
453747,0.37081312
453753,0.30418541
453755,0.06050004
453761,0.03553532
453763,0.01300221
453766,0.01700008
453774,0.02147187
453781,0.70340663
453790,0.07058410
453797,0.56440096
453808,0.32939988
453814,0.08504242
453836,0.12674998
453837,0.02394123
453843,0.03921369
453844,0.06686510
453871,0.02062029
453881,0.10805774
453892,0.78087634
453893,0.03781568
453894,0.06031227
453895,0.03173889
453903,0.09377247
453906,0.10907041
453918,0.24198699
453924,0.04289633
453930,0.23587469
453940,0.04227049
453944,0.26643387
453947,0.72956210
453949,0.28049152
453952,0.14723326
453959,0.09467119
453971,0.10890474
453986,0.68819213
453988,0.02580796
453989,0.05862315
453999,0.21375576
454007,0.09959272
454021,0.02041142
454023,0.36356007
454036,0.06175012
454046,0.01690374
454052,0.06340192
454066,0.04754537
454070,0.47255348
454071,0.05192546
454075,0.14465791
454080,0.03235096
454085,0.05628991
454097,0.29176893
454103,0.04853219
454105,0.15397678
454108,0.05366209
454109,0.18102318
454137,0.25440550
454150,0.03792513
454155,0.06872110
454164,0.19887957
454165,0.03401863
454170,0.21973760
454173,0.03313295
454181,0.02007830
454183,0.24661593
454188,0.30530736
454192,0.01076233
454198,0.64888388
454200,0.03104176
454209,0.01101978
454211,0.50932276
454212,0.01598437
454218,0.56201661
454220,0.06514500
454231,0.01408090
454242,0.00871986
454245,0.03340375
454261,0.04101031
454269,0.10360642
454271,0.03881706
454287,0.08597236
454293,0.34795070
454296,0.09781046
454304,0.07242195
454313,0.46603987
454315,0.19456927
454321,0.02893325
454333,0.15393345
454334,0.06165111
454345,0.03839545
454347,0.11830329
454361,0.10254542
454380,0.02601586
454382,0.38622079
454386,0.11422071
454390,0.10383972
454396,0.06789875
454398,0.27338262
454403,0.03611069
454405,0.05703318
454406,0.07178972
454412,0.22611089
454418,0.16376055
454436,0.13187481
454443,0.14614442
454449,0.16030828
454457,0.32160307
454466,0.02131535
454471,0.49969285
454476,0.46676635
454489,0.36332039
454493,0.17679969
454495,0.06651556
454497,0.01717090
454522,0.06319889
454554,0.28330275
454557,0.03198133
454560,0.04164707
454561,0.08051140
454563,0.09518931
454565,0.06875899
454566,0.16210227
454578,0.23650761
454605,0.10110700
454608,0.04468906
454612,0.01773963
454618,0.21682789
454622,0.07250892
454631,0.16384525
454638,0.03649681
454639,0.24569949
454640,0.24492637
454653,0.33429660
454663,0.03493606
454664,0.50898967
454674,0.57421114
454678,0.42073658
454680,0.03185527
454687,0.11609004
454690,0.06442128
454698,0.26134946
454700,0.13496384
454707,0.02308826
454714,0.02072680
454722,0.15870637
454723,0.07043480
454739,0.24392821
454745,0.04277741
454763,0.10728725
454765,0.05606450
454774,0.02567763
454778,0.03325395
454780,0.04022927
454781,0.10111166
454789,0.02723499
454801,0.11311296
454802,0.04331718
454835,0.24395957
454837,0.17980051
454841,0.01508317
454872,0.13528724
454878,0.04080052
454884,0.01067272
454891,0.17515945
454897,0.05977128
454908,0.03783778
454912,0.08178443
454922,0.03313102
454929,0.14856768
454935,0.07018766
454946,0.09318328
454959,0.08240310
454970,0.06071948
454991,0.04538386
455002,0.22945869
455005,0.28581206
455016,0.30900257
455021,0.00824887
455022,0.07743467
455024,0.22552561
455044,0.38043210
455050,0.02958625
455055,0.28097404
455056,0.08532228
455067,0.04262977
455069,0.01998662
455082,0.10349797
455087,0.05313046
455088,0.07359459
455112,0.11808209
455126,0.06620106
455132,0.09268967
455135,0.22799496
455148,0.03446910
455156,0.12645960
455161,0.13663087
455162,0.41065753
455164,0.31003390
455171,0.15612951
455174,0.01430929
455175,0.09846355
455184,0.43030536
455188,0.06465393
455200,0.11770083
455209,0.27863646
455212,0.50139959
455217,0.05374861
455222,0.03748102
455223,0.04393889
455228,0.09422297
455243,0.05219098
455246,0.05966131
455255,0.79222197
455262,0.13730257
455268,0.04290447
455277,0.38134866
455281,0.27269672
455296,0.06238073
455297,0.01521395
455322,0.02240573
455326,0.90257893
455327,0.21740426
455328,0.06274844
455368,0.01548958
455374,0.14280401
455377,0.02106550
455378,0.01692042
455379,0.12924628
455395,0.03574045
455424,0.21965899
455425,0.05244629
455429,0.01720339
455434,0.13296020
455436,0.01924069
455438,0.01761766
455439,0.22798791
455440,0.01737608
455441,0.02889580
455481,0.01677867
455482,0.01477474
455483,0.00956315
455484,0.41591892
455489,0.06717245
455490,0.16269463
455513,1.19993231
455515,0.24949702
455536,0.05892783
455537,0.04806215
455538,0.00994130
455539,0.17121965
455567,0.47908125
455583,0.17123590
455607,0.03574623
455636,0.42028167
455638,0.05557523
455640,0.53602739
455644,0.02101969
455645,0.03789594
455648,0.06359812
455650,0.03844442
455658,0.27072259
455694,0.03569866
455695,0.08476521
455696,0.02107393
455703,0.11654420
455742,0.02132356
455748,0.07888878
455749,0.29701933
455750,0.39737443
455751,0.04813564
455752,0.13157851
455787,0.11933186
455798,0.06891667
455802,0.42557921
455803,0.07642044
455804,0.22077536
455805,0.01977978
455829,0.00798420
455840,0.08692031
455849,0.03338430
455850,0.16667619
455852,0.06379733
455854,0.26955538
455863,0.06132581
455897,0.09094095
455902,0.03797031
455907,0.04158356
455908,0.10688548
455909,0.06547284
455940,0.14326011
455955,0.11446145
455958,0.11353076
455959,0.14734303
455960,0.01488723
455961,0.72271364
455962,0.05929318
455963,0.06723715
455965,0.02943287
456007,0.39410955
456008,0.02305968
456009,0.06699567
456010,0.17412643
456011,0.04419589
456013,0.40710296
456028,0.29861998
456058,0.30692677
456111,0.09852332
456114,0.30724247
456115,0.02902197
456116,0.01488441
456119,0.01553066
456120,0.19200139
456122,0.12710287
456123,0.03606226
456166,0.19753947
456167,0.06518305
456168,0.05290317
456169,0.17211114
456170,0.02641157
456189,0.24476508
456202,0.17545049
456221,0.07418450
456222,0.07678425
456223,0.01542071
456224,0.06441943
456250,0.35251196
