SK_ID_CURR,TARGET
100001,0.03586249
100005,0.13676676
100013,0.04157458
100028,0.02518762
100038,0.16038953
100042,0.02355501
100057,0.00744122
100065,0.03052433
100066,0.01754052
100067,0.08073086
100074,0.03509921
100090,0.02573338
100091,0.16252085
100092,0.06888241
100106,0.03150078
100107,0.14974204
100109,0.06855602
100117,0.02783119
100128,0.12754519
100141,0.03910247
100150,0.02741981
100168,0.00940517
100169,0.04526659
100170,0.24106253
100171,0.04803280
100172,0.11960497
100184,0.09261253
100187,0.05806377
100212,0.02326589
100222,0.05258057
100223,0.03016408
100232,0.00890295
100241,0.11881127
100245,0.01597354
100253,0.02324564
100256,0.05188977
100271,0.00644748
100278,0.32997090
100280,0.01114711
100306,0.19622127
100311,0.07379414
100312,0.00802766
100330,0.13715547
100331,0.02006595
100352,0.08324090
100358,0.08310057
100367,0.01795062
100382,0.09112803
100384,0.13526388
100385,0.05457688
100386,0.02412137
100399,0.03031342
100404,0.02796078
100416,0.01180447
100422,0.02364442
100426,0.03499441
100438,0.03124893
100444,0.12662165
100445,0.09730410
100446,0.03866390
100447,0.02262081
100450,0.08731196
100466,0.01359775
100483,0.02031061
100484,0.01455150
100494,0.05073848
100510,0.12899621
100512,0.00711331
100517,0.04842189
100548,0.02299779
100551,0.06281997
100552,0.03854312
100553,0.01239751
100561,0.11593425
100568,0.24933347
100569,0.01356314
100591,0.11200751
100592,0.04137162
100602,0.03498373
100607,0.06933645
100613,0.04613263
100617,0.06089692
100618,0.06657299
100622,0.03466866
100625,0.05480490
100677,0.09868364
100699,0.01847292
100702,0.38922990
100711,0.03871080
100729,0.11568357
100740,0.16293021
100744,0.13111066
100745,0.03193263
100747,0.11860498
100751,0.28583410
100752,0.02571628
100753,0.14603907
100754,0.31126804
100760,0.02206539
100762,0.10541932
100763,0.02524583
100765,0.01113596
100770,0.11132802
100772,0.02526322
100777,0.02846299
100791,0.01181742
100792,0.00944440
100797,0.01977239
100823,0.02920660
100826,0.02338910
100830,0.04560919
100836,0.16194982
100872,0.07101297
100910,0.04194053
100913,0.07092376
100918,0.01384246
100931,0.00836733
100952,0.02984592
100953,0.01829176
100965,0.21481759
100970,0.02337210
100982,0.13132818
100983,0.21978175
100984,0.04449794
100987,0.07321877
100997,0.02593856
100998,0.23510754
101002,0.03066190
101005,0.12168241
101008,0.31439560
101020,0.02294158
101021,0.05330113
101024,0.03534367
101025,0.23368995
101026,0.02341311
101031,0.01329160
101041,0.01861755
101051,0.00250013
101055,0.06835926
101056,0.21280367
101057,0.02090940
101064,0.01387883
101079,0.08079033
101087,0.01179267
101090,0.03638036
101092,0.10186667
101097,0.08940489
101099,0.02177855
101107,0.09294754
101118,0.03425533
101125,0.06667052
101126,0.01058324
101128,0.00639179
101136,0.04331672
101140,0.20886397
101149,0.08136272
101160,0.12756058
101169,0.25241963
101181,0.03010749
101186,0.00790610
101190,0.01828827
101193,0.07736714
101194,0.09811558
101198,0.15241706
101200,0.01450557
101204,0.01128358
101211,0.08126097
101213,0.05128719
101223,0.03493037
101225,0.14974041
101237,0.06075761
101243,0.10202991
101244,0.09041181
101258,0.01875810
101259,0.19157379
101268,0.12252022
101269,0.04741798
101271,0.01658448
101279,0.02794095
101281,0.29982854
101287,0.03732693
101292,0.01864717
101294,0.03292525
101296,0.10893724
101297,0.00824361
101299,0.01774405
101301,0.04179635
101305,0.06004865
101308,0.19360000
101318,0.00689345
101327,0.15590153
101329,0.00817738
101332,0.03754802
101337,0.02212128
101343,0.02298522
101345,0.02152393
101346,0.00901774
101353,0.01343867
101354,0.14628119
101355,0.17086051
101356,0.02139484
101362,0.07790820
101363,0.38772140
101365,0.01343797
101366,0.06051874
101367,0.18134174
101368,0.00845306
101374,0.06258522
101380,0.01192323
101383,0.05071928
101398,0.00974955
101399,0.18369453
101401,0.25910789
101412,0.04381476
101426,0.05672546
101427,0.38797532
101428,0.20696029
101429,0.18643790
101434,0.02276749
101440,0.29973133
101448,0.05697091
101449,0.02339224
101465,0.04387700
101467,0.01824495
101472,0.04481564
101478,0.23633054
101497,0.05294905
101504,0.03481360
101547,0.01272947
101548,0.05899686
101555,0.05827256
101570,0.01339802
101572,0.02478472
101578,0.03266352
101580,0.08720898
101588,0.08938457
101602,0.05666681
101610,0.07380977
101614,0.03794954
101616,0.01897966
101643,0.13149974
101644,0.04159148
101649,0.01385116
101650,0.05699889
101665,0.01332431
101667,0.08716607
101669,0.10441249
101674,0.08052076
101675,0.00552729
101678,0.09382104
101682,0.01125641
101686,0.02709798
101697,0.33491754
101700,0.41392533
101711,0.02476719
101714,0.01740582
101715,0.28101713
101728,0.01422015
101732,0.03647817
101757,0.13896084
101758,0.03179978
101759,0.04952508
101762,0.01641780
101764,0.07559340
101780,0.28537466
101784,0.01560498
101789,0.02131333
101816,0.05424280
101819,0.03936321
101827,0.00682945
101863,0.03910589
101867,0.02785263
101870,0.01164927
101873,0.27087898
101878,0.05039640
101879,0.07662604
101880,0.02199997
101887,0.03149783
101897,0.01750047
101901,0.07336811
101903,0.21142179
101920,0.03479408
101921,0.02772076
101922,0.04611605
101961,0.09794919
101962,0.00891684
101971,0.03682261
101976,0.47420420
102002,0.11229918
102005,0.01972038
102007,0.22750909
102017,0.03280752
102019,0.18534141
102029,0.00806966
102051,0.13004605
102052,0.00998739
102054,0.01969462
102062,0.06538112
102067,0.09826449
102068,0.17302663
102070,0.03634832
102090,0.10017391
102092,0.03451287
102099,0.07465172
102100,0.02777838
102112,0.10785873
102113,0.01856003
102122,0.23611815
102123,0.03905106
102125,0.01555524
102126,0.16592265
102146,0.01688518
102147,0.06057139
102151,0.04679764
102158,0.15424042
102159,0.01471392
102162,0.03508101
102165,0.04371675
102166,0.01100819
102174,0.00437545
102193,0.19423317
102198,0.02323631
102205,0.17060720
102206,0.00814275
102218,0.01253710
102221,0.02850668
102230,0.07008248
102238,0.01851588
102248,0.03404416
102252,0.21268728
102259,0.04878307
102262,0.11765441
102273,0.02918539
102286,0.12359374
102293,0.00514020
102294,0.02280582
102296,0.09469964
102298,0.06632841
102303,0.01881128
102309,0.03758174
102315,0.03574899
102340,0.03873475
102342,0.05858108
102344,0.03272741
102346,0.08218837
102347,0.00819020
102374,0.05897545
102380,0.01658622
102387,0.01522640
102393,0.03249663
102403,0.00931448
102413,0.02718026
102414,0.01039595
102415,0.04901771
102416,0.05660758
102439,0.03976947
102441,0.02742670
102443,0.01377989
102444,0.04842648
102445,0.04555078
102448,0.02395784
102449,0.10815895
102450,0.20121026
102456,0.00864298
102458,0.13095729
102459,0.07880906
102465,0.03863566
102470,0.21552024
102471,0.02487230
102475,0.02087415
102476,0.23670192
102506,0.03068769
102509,0.02667168
102519,0.01941542
102522,0.02302592
102545,0.07584630
102549,0.03006926
102562,0.01518867
102563,0.01822777
102568,0.09001797
102582,0.03020142
102592,0.00656212
102597,0.10164624
102605,0.03164960
102614,0.02972165
102617,0.21142994
102634,0.02498824
102652,0.02645376
102655,0.01397522
102671,0.06938222
102694,0.18565619
102701,0.03638269
102703,0.00918179
102704,0.01549756
102713,0.00560508
102720,0.08827807
102731,0.01905328
102733,0.03073906
102749,0.01553182
102755,0.12284811
102763,0.00696682
102770,0.04443566
102772,0.11091990
102799,0.10730534
102838,0.01072736
102854,0.00977960
102862,0.16600434
102863,0.02446907
102867,0.00711527
102868,0.00859849
102878,0.05989835
102887,0.02030263
102898,0.38336880
102904,0.08203616
102912,0.03788307
102919,0.06055122
102927,0.07151689
102932,0.05152803
102933,0.04316242
102935,0.01391539
102958,0.06024948
102969,0.27569069
102971,0.02064847
102975,0.04234937
102979,0.03376840
102982,0.00899495
102987,0.18968452
102989,0.03512550
102995,0.05340562
102996,0.01354812
103000,0.03902480
103001,0.11158274
103004,0.01276102
103010,0.01202368
103025,0.24045217
103029,0.01900208
103046,0.05392201
103056,0.01978338
103062,0.14708574
103078,0.02057019
103083,0.01011927
103092,0.05238013
103096,0.04996760
103097,0.07528253
103102,0.23257146
103112,0.04060947
103132,0.01877380
103144,0.05183377
103145,0.12505446
103146,0.00537278
103147,0.05019556
103158,0.02090568
103171,0.08517383
103173,0.03657022
103184,0.01375773
103195,0.13258299
103196,0.05559033
103206,0.01115863
103230,0.21771781
103231,0.20862935
103232,0.01075672
103239,0.09191666
103240,0.09151365
103243,0.01619607
103252,0.10645896
103258,0.03192165
103259,0.12167691
103279,0.02069160
103280,0.00515172
103286,0.03686499
103287,0.51607870
103290,0.00472006
103298,0.02102290
103315,0.00646623
103319,0.02214379
103334,0.20309984
103336,0.03405388
103345,0.06157052
103368,0.02351667
103371,0.28472240
103377,0.00845178
103398,0.01946147
103404,0.05113393
103408,0.14267863
103410,0.03984917
103418,0.02107014
103420,0.20057043
103432,0.04804530
103433,0.01754625
103436,0.01978670
103440,0.02245084
103453,0.02714156
103459,0.02967347
103460,0.03945208
103461,0.00614912
103462,0.02935717
103473,0.05949402
103474,0.02649968
103475,0.17578211
103478,0.09311693
103480,0.04531233
103484,0.01946099
103494,0.21476747
103513,0.02796151
103515,0.06413212
103516,0.12402525
103525,0.10615927
103541,0.16585188
103544,0.01004799
103562,0.31827514
103570,0.22963631
103572,0.11904676
103574,0.01068469
103575,0.05342103
103591,0.14497337
103594,0.00779376
103609,0.05322879
103613,0.22258511
103614,0.03161964
103615,0.05195572
103624,0.03954117
103625,0.20228498
103628,0.13133970
103629,0.00569947
103647,0.05671218
103648,0.05130006
103651,0.02101274
103658,0.03783849
103668,0.09346581
103669,0.03187893
103676,0.02859995
103682,0.03305767
103683,0.06699219
103689,0.01565040
103725,0.08540184
103733,0.11644426
103744,0.04520504
103762,0.17991515
103771,0.42855198
103773,0.00440512
103783,0.04105413
103784,0.03958074
103808,0.00738705
103812,0.04174869
103813,0.12727232
103814,0.05824795
103818,0.03795893
103824,0.01776107
103828,0.00749921
103830,0.37695442
103840,0.01572603
103842,0.10529233
103847,0.14496947
103848,0.11703004
103851,0.02019378
103854,0.09682675
103857,0.16068748
103861,0.01692084
103862,0.04238303
103865,0.01400952
103870,0.00887601
103876,0.02343969
103891,0.32949793
103908,0.07113597
103914,0.09200536
103918,0.10292423
103940,0.01363224
103963,0.08345708
103966,0.04524705
103971,0.16203245
103980,0.11127279
103984,0.03302694
103985,0.02693642
103998,0.20596320
104019,0.01249356
104026,0.02852272
104035,0.06884296
104044,0.03612487
104045,0.06506836
104047,0.15470741
104051,0.01193318
104058,0.03461243
104063,0.02576814
104066,0.34068599
104087,0.02639893
104089,0.07445945
104095,0.04534521
104098,0.07792460
104104,0.02876451
104110,0.41119180
104120,0.02327129
104122,0.04203508
104131,0.04719779
104132,0.04316791
104135,0.02118760
104136,0.01839930
104149,0.08697210
104150,0.05687101
104156,0.35468391
104165,0.12425380
104175,0.01227627
104179,0.09437149
104184,0.07594013
104206,0.02108644
104216,0.27150428
104230,0.20960088
104257,0.02075590
104272,0.02140777
104273,0.06091299
104278,0.02166562
104294,0.08911191
104295,0.01402570
104297,0.03624798
104298,0.04483335
104308,0.02113204
104318,0.04253675
104319,0.10099715
104320,0.09954096
104327,0.08848166
104334,0.05242642
104344,0.04311042
104350,0.01656592
104351,0.16516402
104354,0.04101035
104369,0.04500825
104376,0.10051440
104381,0.03781744
104384,0.13053299
104391,0.01982794
104394,0.03333012
104398,0.30522318
104402,0.00941149
104408,0.07497550
104409,0.01053683
104410,0.50231732
104412,0.03571743
104417,0.05845783
104424,0.03949625
104426,0.00855611
104435,0.05234988
104445,0.02337143
104458,0.00970940
104460,0.02811843
104466,0.00967553
104472,0.05605812
104473,0.05134834
104479,0.01872188
104480,0.01056667
104482,0.02471176
104499,0.01894935
104501,0.00893836
104502,0.00907162
104506,0.12820731
104510,0.00435509
104512,0.04199785
104520,0.28080370
104528,0.05413953
104529,0.00830162
104541,0.03490189
104578,0.01317593
104584,0.03710459
104588,0.08681122
104602,0.19289914
104610,0.01356741
104611,0.25244565
104618,0.05260481
104620,0.04671644
104622,0.01467242
104624,0.04372461
104625,0.11560505
104634,0.08275507
104639,0.06390992
104646,0.01406655
104647,0.05410623
104652,0.02983545
104670,0.03152035
104677,0.00709618
104685,0.05466199
104691,0.02424080
104696,0.07292007
104699,0.01109378
104712,0.06270746
104714,0.00860745
104717,0.07072866
104718,0.01447382
104740,0.04468186
104741,0.01808309
104743,0.00530827
104744,0.01311221
104747,0.06526718
104767,0.03010013
104772,0.09982513
104776,0.16986670
104779,0.03081304
104814,0.01399235
104815,0.02272560
104830,0.03024352
104831,0.06933483
104833,0.03228239
104839,0.01515858
104840,0.01707823
104860,0.20996287
104861,0.01989026
104866,0.05586775
104870,0.01102486
104877,0.07537384
104878,0.01690194
104879,0.02692914
104880,0.07358924
104899,0.00681882
104906,0.04279919
104907,0.04791173
104913,0.09888844
104916,0.12487658
104921,0.05266910
104930,0.03436517
104931,0.28603934
104936,0.01919141
104937,0.03012268
104942,0.01960664
104943,0.04054574
104969,0.05891882
104972,0.18166224
104988,0.06767817
105013,0.01206000
105015,0.01187065
105019,0.05122326
105027,0.03847909
105030,0.06670337
105035,0.33606742
105041,0.02404840
105051,0.13939341
105056,0.03241613
105067,0.36482360
105071,0.05118665
105072,0.00649818
105074,0.06744508
105091,0.04007350
105101,0.02258698
105103,0.05797609
105134,0.03157745
105139,0.01137315
105142,0.08626362
105146,0.06081966
105163,0.10812227
105168,0.04955631
105172,0.01664553
105176,0.38610311
105195,0.05156509
105196,0.25530566
105197,0.01063181
105203,0.07026258
105223,0.06764118
105227,0.15511664
105228,0.01206891
105230,0.08372235
105231,0.19623842
105239,0.04614336
105242,0.17178184
105244,0.02964117
105245,0.03194829
105248,0.02828081
105249,0.02676533
105266,0.13683420
105271,0.23608673
105276,0.02026315
105282,0.03908775
105292,0.08570343
105297,0.00906047
105332,0.04856390
105333,0.01853234
105343,0.12254909
105344,0.01954634
105345,0.10770428
105357,0.02452535
105359,0.10395163
105366,0.04525908
105367,0.02894246
105370,0.00408840
105377,0.04299641
105390,0.01605664
105399,0.00989279
105403,0.21402026
105404,0.04621044
105414,0.01579759
105417,0.04703733
105425,0.23593271
105452,0.14967918
105454,0.07062155
105456,0.06775696
105470,0.03271290
105471,0.03216329
105483,0.09696895
105493,0.11999870
105508,0.08942568
105514,0.03688058
105515,0.01064193
105528,0.19425406
105529,0.01094231
105531,0.02364245
105532,0.02775282
105558,0.01489532
105574,0.01213654
105578,0.00646088
105584,0.28875057
105595,0.04155843
105617,0.27730173
105618,0.03818420
105621,0.03051386
105625,0.04005342
105629,0.02341764
105630,0.01401042
105634,0.02403497
105635,0.02117992
105641,0.12469205
105647,0.15632693
105648,0.06932895
105655,0.02577113
105657,0.01881027
105672,0.09962657
105678,0.13260045
105682,0.08828291
105691,0.03205880
105692,0.03130159
105706,0.02219102
105712,0.03384596
105720,0.01420881
105734,0.00901784
105735,0.02449990
105736,0.15725632
105737,0.00831168
105738,0.14528267
105740,0.21836634
105744,0.04789670
105747,0.04917580
105749,0.10026308
105754,0.05460272
105758,0.05417424
105760,0.04783891
105767,0.25469116
105784,0.06529421
105791,0.01283595
105802,0.19858137
105807,0.18124591
105809,0.06546745
105816,0.05793367
105817,0.00974433
105824,0.03622888
105832,0.02807253
105856,0.02338485
105865,0.02859057
105899,0.34758294
105906,0.02243563
105916,0.05627508
105923,0.03342841
105937,0.07016396
105965,0.03289420
105966,0.11219986
105968,0.03074828
105973,0.05922816
105976,0.12220459
105978,0.10674111
105979,0.02854144
105991,0.08407167
105998,0.14145086
105999,0.00928051
106000,0.17311182
106001,0.01649987
106010,0.19594501
106011,0.01247924
106013,0.13530364
106015,0.00779918
106026,0.00890358
106032,0.00649213
106035,0.25200819
106040,0.03016609
106041,0.30372863
106044,0.01374953
106053,0.06163158
106054,0.01036291
106065,0.09644276
106081,0.02870424
106083,0.08545551
106087,0.01613344
106090,0.06247838
106101,0.02533545
106102,0.04900634
106109,0.03889102
106116,0.09746347
106150,0.00683377
106155,0.10058872
106166,0.01308463
106176,0.16605018
106189,0.02548385
106199,0.10867178
106205,0.16308596
106206,0.04172630
106211,0.01166911
106214,0.04988517
106216,0.04158080
106217,0.03176423
106225,0.03192007
106249,0.02378928
106256,0.03789683
106258,0.03080854
106261,0.02468651
106262,0.06840287
106264,0.01542087
106271,0.03589487
106276,0.02481132
106277,0.07032883
106286,0.05708204
106293,0.03481369
106295,0.04603542
106296,0.01353300
106297,0.07537300
106298,0.06007729
106311,0.05110341
106314,0.03855913
106320,0.02796583
106334,0.07717188
106346,0.03522569
106347,0.03837992
106349,0.09063325
106354,0.05431996
106360,0.00943920
106373,0.07288273
106377,0.02302474
106386,0.16428352
106387,0.04041886
106391,0.01418338
106401,0.29308524
106411,0.06346315
106413,0.24568691
106426,0.30353815
106427,0.11191984
106428,0.11399925
106434,0.03698213
106438,0.01413993
106440,0.01660697
106441,0.01882392
106452,0.16841772
106453,0.03838034
106454,0.03033117
106457,0.09913439
106484,0.01232793
106488,0.08424815
106491,0.23939023
106514,0.09855562
106527,0.09490230
106528,0.03496939
106529,0.01045794
106534,0.23011242
106550,0.20147866
106577,0.03705379
106585,0.12792575
106590,0.00379922
106607,0.04490406
106610,0.08706344
106611,0.03944114
106612,0.05006002
106624,0.02272431
106631,0.00780402
106647,0.27395074
106660,0.16600741
106674,0.01306151
106687,0.00888816
106712,0.04479710
106713,0.04134709
106717,0.04406659
106720,0.05223100
106721,0.10751653
106724,0.07492943
106735,0.09824813
106739,0.04602375
106740,0.04025506
106754,0.12138668
106760,0.27313598
106761,0.08530413
106784,0.14787133
106787,0.03880369
106797,0.01002619
106798,0.04705534
106802,0.13868922
106803,0.05519045
106804,0.19446999
106805,0.01825579
106810,0.08672145
106812,0.17081438
106813,0.04467891
106817,0.03664074
106822,0.05823731
106823,0.03275827
106827,0.01365982
106841,0.03923997
106851,0.17561327
106852,0.05611927
106853,0.19549616
106854,0.50149696
106861,0.04419580
106873,0.03581374
106877,0.01888555
106878,0.01081485
106881,0.09337584
106900,0.02200893
106906,0.03318655
106907,0.09787565
106914,0.09249971
106916,0.08334685
106924,0.01059057
106931,0.05134634
106936,0.07546627
106937,0.18774865
106938,0.01762691
106939,0.05796793
106943,0.02660517
106944,0.11022302
106967,0.07649176
106980,0.01834633
106986,0.07767623
106987,0.02281293
106990,0.01803035
107013,0.01251798
107023,0.07059025
107033,0.02580507
107037,0.08883721
107048,0.02027436
107071,0.04178121
107081,0.00671002
107113,0.10049790
107130,0.01109887
107131,0.02530838
107145,0.04152908
107156,0.07932082
107219,0.07316329
107222,0.13104606
107223,0.28596942
107232,0.37177126
107245,0.03837278
107246,0.06702310
107247,0.06475091
107256,0.00732514
107259,0.01380073
107260,0.00440086
107279,0.24512408
107280,0.07216523
107281,0.02402723
107285,0.18251436
107329,0.00639703
107337,0.12623090
107349,0.12426649
107350,0.02498766
107351,0.00533370
107359,0.10957271
107391,0.06488600
107394,0.03176038
107395,0.04077434
107406,0.03661035
107416,0.08690471
107417,0.01007560
107418,0.08218828
107419,0.02477395
107444,0.01802099
107445,0.02474495
107446,0.12640293
107460,0.24378099
107470,0.09603879
107475,0.02761859
107520,0.02612672
107526,0.24603857
107527,0.01434177
107530,0.00907282
107532,0.06040871
107534,0.07038085
107535,0.02253073
107554,0.06079810
107556,0.01729064
107559,0.17243998
107561,0.01313764
107564,0.02652459
107566,0.02273241
107571,0.06059209
107590,0.21068955
107602,0.09691132
107625,0.06623699
107626,0.39409971
107635,0.00996002
107636,0.06572888
107645,0.01613855
107652,0.12437153
107655,0.02034746
107668,0.03144748
107670,0.01609437
107677,0.00560109
107680,0.24351186
107683,0.24876718
107684,0.01117146
107691,0.04332919
107692,0.05612068
107703,0.02767361
107709,0.02761320
107710,0.13834671
107721,0.17698969
107725,0.15031418
107727,0.13434742
107739,0.02187061
107740,0.04156245
107741,0.03998835
107747,0.01948446
107765,0.22455080
107768,0.00368590
107775,0.08116347
107782,0.27980658
107790,0.01141405
107801,0.02104379
107807,0.01847368
107811,0.01503173
107817,0.12831671
107826,0.06011760
107838,0.13299604
107839,0.02008166
107843,0.11692047
107847,0.07652412
107849,0.12394224
107850,0.08267981
107867,0.07726544
107871,0.07388799
107908,0.05491917
107913,0.07696042
107927,0.01619583
107931,0.03829058
107955,0.00800582
107962,0.10160056
107977,0.04635164
107978,0.05601680
107993,0.01156894
108010,0.08637841
108016,0.03706469
108018,0.36700951
108027,0.30878101
108045,0.44360424
108069,0.15136755
108082,0.00783265
108089,0.06426823
108092,0.02747692
108106,0.00546916
108112,0.07319664
108120,0.10452332
108122,0.21832259
108135,0.01871411
108170,0.00553264
108171,0.07140869
108177,0.00819753
108180,0.09579702
108183,0.01847072
108184,0.01587514
108185,0.02222677
108192,0.05893268
108195,0.20667594
108196,0.14877671
108218,0.02281397
108219,0.06493406
108243,0.06979982
108249,0.01307891
108251,0.02118757
108274,0.03836534
108280,0.36964583
108289,0.06873399
108292,0.02731938
108295,0.04533452
108327,0.01944680
108332,0.03097314
108346,0.02540249
108349,0.20232998
108353,0.04660570
108362,0.02558197
108363,0.02392216
108377,0.28635523
108378,0.05478457
108381,0.02689874
108383,0.33717835
108390,0.05060341
108407,0.00924876
108408,0.03329109
108411,0.08193316
108412,0.02491268
108419,0.01779644
108436,0.27594125
108437,0.23991659
108438,0.12590167
108441,0.02817797
108448,0.01177373
108449,0.05627024
108466,0.01127870
108467,0.09947446
108473,0.01662377
108474,0.06947027
108476,0.01654568
108479,0.01648223
108486,0.00738569
108493,0.02516516
108501,0.02254669
108506,0.22411753
108510,0.04298838
108511,0.01194857
108514,0.12857671
108517,0.01738787
108519,0.05665956
108522,0.05798028
108548,0.11463839
108554,0.06503241
108555,0.17993378
108559,0.07284761
108562,0.02491360
108571,0.05219932
108572,0.02715482
108579,0.03357851
108583,0.01408457
108584,0.00660446
108592,0.02854632
108602,0.01628885
108609,0.00909166
108613,0.11477782
108616,0.05667583
108618,0.06476061
108620,0.01430363
108643,0.01864739
108649,0.02449114
108654,0.08679271
108655,0.00699334
108656,0.02887014
108667,0.09906901
108668,0.08849512
108682,0.05714494
108690,0.06024115
108691,0.06761972
108692,0.08630928
108695,0.02374428
108699,0.03970602
108710,0.23799914
108718,0.24400007
108739,0.07991090
108740,0.01419471
108741,0.00775122
108742,0.01583361
108763,0.00954425
108767,0.14697589
108769,0.15393737
108779,0.21589591
108788,0.02968335
108801,0.02506722
108802,0.04557730
108810,0.04127174
108811,0.01727009
108813,0.00607819
108814,0.12405802
108825,0.02583418
108826,0.04454716
108830,0.07349469
108834,0.03518899
108852,0.00845176
108887,0.20443001
108901,0.07650780
108908,0.01235008
108910,0.03288375
108920,0.05340101
108922,0.01585162
108929,0.35725710
108930,0.01231705
108937,0.02787618
108938,0.02860274
108943,0.09756252
108948,0.04967098
108953,0.06791742
108956,0.08025272
108965,0.01376078
108985,0.06458506
108986,0.08880048
108987,0.02234419
108990,0.00754548
108991,0.01453836
108993,0.27095754
109000,0.05349897
109001,0.10822524
109012,0.40505021
109014,0.05967025
109015,0.07789079
109021,0.05933920
109037,0.06941113
109042,0.19824445
109044,0.03182069
109046,0.54725114
109064,0.00378655
109084,0.05665295
109086,0.03012415
109092,0.00514339
109093,0.08897275
109100,0.11388532
109101,0.00368557
109110,0.02661464
109114,0.24203887
109126,0.10754178
109152,0.02274778
109162,0.04634706
109167,0.02893337
109168,0.06678356
109169,0.00764780
109179,0.04647142
109184,0.05879764
109191,0.04832663
109192,0.03847153
109193,0.00851281
109196,0.06070267
109206,0.04172387
109210,0.03382781
109244,0.03329420
109249,0.00739870
109273,0.04174950
109276,0.26969784
109281,0.06661578
109287,0.08405884
109297,0.06664592
109298,0.06589131
109306,0.02668311
109309,0.05535262
109321,0.20249740
109328,0.12716432
109336,0.01565336
109342,0.05856035
109346,0.01440098
109347,0.07484860
109348,0.05249622
109362,0.04656424
109363,0.03498216
109367,0.03432899
109370,0.00809161
109393,0.08383583
109405,0.02971412
109413,0.04947941
109414,0.40940384
109421,0.02925689
109427,0.04417080
109428,0.03622466
109429,0.16103925
109437,0.02016280
109443,0.01535830
109461,0.05410523
109468,0.15830648
109469,0.01276076
109471,0.07875570
109479,0.09331848
109484,0.01151245
109501,0.07053671
109505,0.06150718
109535,0.02620196
109539,0.00976830
109544,0.05297651
109545,0.01273895
109551,0.14345945
109553,0.02272555
109555,0.03283798
109561,0.05234192
109580,0.01503549
109583,0.28142558
109593,0.20903097
109604,0.09514128
109620,0.04494601
109635,0.03961948
109637,0.21908005
109638,0.07089922
109642,0.16366657
109649,0.02082023
109652,0.02462962
109656,0.04502604
109663,0.02386925
109696,0.11506744
109700,0.12832684
109709,0.09141593
109735,0.01500134
109740,0.03479277
109741,0.02428932
109749,0.06704878
109764,0.02549021
109771,0.03922123
109772,0.02067853
109773,0.12344227
109798,0.05943751
109802,0.42416289
109804,0.02887420
109813,0.04284299
109818,0.04445082
109848,0.05114855
109850,0.01838255
109851,0.02116620
109855,0.01139685
109871,0.22157399
109877,0.04933381
109883,0.01158693
109886,0.01904155
109905,0.07314791
109936,0.19858579
109950,0.05262671
109958,0.06632444
109959,0.07874342
109969,0.02731028
109971,0.03495137
109984,0.02115710
109985,0.13569777
109988,0.02716699
109992,0.06137089
110005,0.02982865
110009,0.06222966
110011,0.25654761
110014,0.02221652
110026,0.02822305
110042,0.03879998
110058,0.00924332
110069,0.07730160
110080,0.01480319
110087,0.03799562
110091,0.12053358
110094,0.03115811
110098,0.13280458
110105,0.04080646
110117,0.04249823
110136,0.15497332
110138,0.16775256
110149,0.09918883
110164,0.07703082
110202,0.10198114
110212,0.00808034
110226,0.00572619
110236,0.01119849
110249,0.01873827
110257,0.07138441
110258,0.00959552
110277,0.01764900
110282,0.02782273
110284,0.10054520
110286,0.07667772
110289,0.01622823
110304,0.01006002
110319,0.05912162
110324,0.13522691
110326,0.01042907
110335,0.03982793
110337,0.07578149
110338,0.01853116
110343,0.08457293
110345,0.01672495
110347,0.09787708
110355,0.00593709
110359,0.06653647
110360,0.06985957
110364,0.04133596
110371,0.11508386
110372,0.02502424
110376,0.05481760
110379,0.15292983
110380,0.03361827
110393,0.04477147
110401,0.24577329
110406,0.02753142
110411,0.04956069
110416,0.00812738
110420,0.01856733
110443,0.01309634
110465,0.01780877
110468,0.02143870
110469,0.10566341
110471,0.12758168
110487,0.28227508
110491,0.18179706
110504,0.06839488
110547,0.05046940
110550,0.10155520
110559,0.17873595
110578,0.10235540
110582,0.04054835
110590,0.01326040
110598,0.04619902
110601,0.34389840
110602,0.03200910
110604,0.02030215
110625,0.07878291
110626,0.13409903
110636,0.37487020
110637,0.05225156
110638,0.07736958
110646,0.02250239
110648,0.04424599
110652,0.05435984
110681,0.03920600
110682,0.05866416
110687,0.11120988
110691,0.01468956
110694,0.10204061
110695,0.03978373
110696,0.24878703
110708,0.01069944
110710,0.00913760
110717,0.04439188
110730,0.05681525
110740,0.02352149
110742,0.03547593
110747,0.02696543
110761,0.02705744
110766,0.01727107
110769,0.01934797
110774,0.06193735
110803,0.02665872
110805,0.01028933
110809,0.25752780
110827,0.05754740
110832,0.04264905
110839,0.09449628
110859,0.22623200
110861,0.01044996
110863,0.15694918
110865,0.11123654
110881,0.07868948
110889,0.03791198
110891,0.01166361
110894,0.00819083
110895,0.15161679
110907,0.35771783
110914,0.07752315
110933,0.02413414
110934,0.00605688
110937,0.03157484
110953,0.01828583
110954,0.11328596
110958,0.18096982
110970,0.04049493
110974,0.06289857
110977,0.08703941
110989,0.02231123
110993,0.40816689
110994,0.08975215
111018,0.01325398
111019,0.02067225
111030,0.03394760
111032,0.07478534
111041,0.01447366
111045,0.03522874
111048,0.00790093
111052,0.04293592
111070,0.36077712
111084,0.14122623
111091,0.08923881
111104,0.00907619
111108,0.03675332
111112,0.01322810
111127,0.00640160
111142,0.06407636
111146,0.46878736
111165,0.03023064
111168,0.04306974
111169,0.41129378
111172,0.01550648
111173,0.01459128
111174,0.05090548
111175,0.19922412
111176,0.05004238
111177,0.04638762
111180,0.02594359
111182,0.03326239
111192,0.01070692
111194,0.09642854
111196,0.26252148
111197,0.02553631
111198,0.03954578
111205,0.02773244
111207,0.06414572
111222,0.00588814
111228,0.02700740
111233,0.01841828
111256,0.01959137
111258,0.00639003
111262,0.02645129
111263,0.14554953
111267,0.02735436
111269,0.02419612
111276,0.03584078
111277,0.33350985
111279,0.06443768
111290,0.01622059
111294,0.00779023
111295,0.13252329
111315,0.17459269
111318,0.05262955
111327,0.03348604
111328,0.11606661
111332,0.09713840
111338,0.01586832
111343,0.04804405
111344,0.03212111
111345,0.39992698
111347,0.01965385
111356,0.01171481
111359,0.09038721
111367,0.01306011
111368,0.00725619
111391,0.27979766
111408,0.00494394
111412,0.08658961
111419,0.09994887
111422,0.02162836
111423,0.27441793
111439,0.06903604
111452,0.56521348
111456,0.04937811
111467,0.02326635
111478,0.20758151
111482,0.02995618
111488,0.40913864
111503,0.06433114
111510,0.01889628
111512,0.00542161
111518,0.05123482
111532,0.08116135
111537,0.01601103
111541,0.05482387
111544,0.11724764
111550,0.03343539
111554,0.08504415
111560,0.17466959
111566,0.03275816
111567,0.10031304
111592,0.01876443
111618,0.09154039
111620,0.07593728
111627,0.01271234
111641,0.22304284
111646,0.28019323
111652,0.02380697
111657,0.03900051
111664,0.04818986
111665,0.11827388
111669,0.02337503
111673,0.01039172
111687,0.02084114
111688,0.02117379
111689,0.01732053
111694,0.06691498
111695,0.09466389
111698,0.05909844
111703,0.00879226
111709,0.02220630
111712,0.05044222
111715,0.07285447
111724,0.12924292
111730,0.02282453
111747,0.01879241
111760,0.02618331
111761,0.01730897
111763,0.09841134
111776,0.05623196
111777,0.00710767
111781,0.02957280
111793,0.04613531
111804,0.23414197
111810,0.10140252
111816,0.02013330
111818,0.03711597
111830,0.02627258
111832,0.04781004
111841,0.03604943
111842,0.01469784
111843,0.07648981
111846,0.08252402
111848,0.19975362
111856,0.02576051
111857,0.00661548
111877,0.01524163
111882,0.09953949
111883,0.08279777
111891,0.00559315
111893,0.02787118
111901,0.06519361
111912,0.03818849
111913,0.01776937
111955,0.01462069
111958,0.02215610
111960,0.07834372
111967,0.01967163
112000,0.08639135
112003,0.09498649
112015,0.24262724
112019,0.36903529
112020,0.04434359
112028,0.03979647
112029,0.02343300
112031,0.07853484
112039,0.03120093
112042,0.01197492
112049,0.00945410
112052,0.18674778
112054,0.01225307
112055,0.01742286
112063,0.11022504
112070,0.02823427
112071,0.02825132
112080,0.01386107
112083,0.01661349
112085,0.01481215
112089,0.12706033
112098,0.12543133
112100,0.04469934
112105,0.13743038
112124,0.03163611
112126,0.04278300
112127,0.03148556
112128,0.02540975
112148,0.02434547
112149,0.03257431
112165,0.14408763
112170,0.01444613
112171,0.03432443
112176,0.20449621
112186,0.02417223
112199,0.04186665
112203,0.01786446
112214,0.12908622
112215,0.00787523
112216,0.04733741
112224,0.18587563
112225,0.03018851
112231,0.15567229
112234,0.09840924
112235,0.02006343
112236,0.05254740
112254,0.18898306
112265,0.14908950
112271,0.01845243
112284,0.02339042
112287,0.11580191
112295,0.26740167
112303,0.05630317
112307,0.12967832
112310,0.02324994
112312,0.11849363
112313,0.05083762
112326,0.03005027
112333,0.02394117
112334,0.02566505
112339,0.04584784
112347,0.06793182
112350,0.07167642
112356,0.05240542
112357,0.05758761
112359,0.07713482
112360,0.07188364
112371,0.21851039
112385,0.02665836
112392,0.02894202
112401,0.07682362
112405,0.11046036
112414,0.20648541
112429,0.05716184
112448,0.02342816
112467,0.08103466
112468,0.06098778
112469,0.07521483
112491,0.06329162
112500,0.06350402
112510,0.21179631
112535,0.06124020
112537,0.01947515
112551,0.02011066
112552,0.05676528
112556,0.14610942
112577,0.03752069
112590,0.05603725
112593,0.01691312
112596,0.11257282
112601,0.05272597
112604,0.10417164
112622,0.01441225
112655,0.01604929
112663,0.00832671
112667,0.00374016
112670,0.05137318
112676,0.04812668
112677,0.04683189
112679,0.01921665
112683,0.27700322
112688,0.01711990
112692,0.05357838
112696,0.15421719
112702,0.01082713
112709,0.00909815
112720,0.05380069
112735,0.02065333
112738,0.06936730
112742,0.00769101
112748,0.00462369
112749,0.07805335
112766,0.01558439
112767,0.01221347
112769,0.03304106
112771,0.10900520
112775,0.02170584
112794,0.06784400
112795,0.00614057
112796,0.02130975
112815,0.02030611
112817,0.18879914
112821,0.03554681
112822,0.06542614
112829,0.10053907
112831,0.11382076
112835,0.03266647
112838,0.02028354
112842,0.01951054
112844,0.11483136
112845,0.00943604
112846,0.02836024
112847,0.02726733
112867,0.03391807
112868,0.02702392
112874,0.01201865
112879,0.01290577
112882,0.07430749
112886,0.06463473
112895,0.06882800
112896,0.04074952
112902,0.02896637
112904,0.01966657
112917,0.45053159
112932,0.05850314
112944,0.01152613
112946,0.12468017
112947,0.04513623
112948,0.03396453
112966,0.08783224
112967,0.00606689
112971,0.06511285
112973,0.05671494
112974,0.01476732
112978,0.09874831
112988,0.01944369
112992,0.25542720
113003,0.02985010
113004,0.03227388
113007,0.45702639
113020,0.10666955
113025,0.16762577
113032,0.01117821
113042,0.10025431
113047,0.01379307
113066,0.01889017
113067,0.17897729
113071,0.05778526
113087,0.10234294
113108,0.01380938
113109,0.02943658
113123,0.02577463
113128,0.35384836
113134,0.05058823
113151,0.05756342
113175,0.12233881
113181,0.02806285
113188,0.26985539
113191,0.04944418
113193,0.22501828
113201,0.11236938
113209,0.07959419
113222,0.04665279
113248,0.01006146
113272,0.06435572
113276,0.01104270
113287,0.00837316
113302,0.02852765
113308,0.11994923
113316,0.14690273
113318,0.05749700
113320,0.07101633
113322,0.22724324
113325,0.06242581
113326,0.14908845
113332,0.05663093
113346,0.40044148
113352,0.01109893
113361,0.00988563
113362,0.01274050
113365,0.01557924
113366,0.04205105
113368,0.03428477
113382,0.00870903
113385,0.02203374
113390,0.06277173
113391,0.02515135
113393,0.04464675
113396,0.01962845
113397,0.07469173
113402,0.02033566
113403,0.04768365
113405,0.05220019
113406,0.05624952
113410,0.31266964
113413,0.04159679
113418,0.05932211
113419,0.02900941
113435,0.30369489
113438,0.08676118
113447,0.00555830
113458,0.15785959
113466,0.03834590
113475,0.03145466
113482,0.10251808
113490,0.01931468
113505,0.02515448
113508,0.07142474
113520,0.05490055
113532,0.02838880
113535,0.01538727
113549,0.01230856
113557,0.17450335
113558,0.01332582
113561,0.10331837
113566,0.04819118
113569,0.14460781
113574,0.02758149
113576,0.09120866
113577,0.02152470
113585,0.02666106
113587,0.16503408
113599,0.06857211
113601,0.03868327
113602,0.03373746
113605,0.08489851
113609,0.07782176
113611,0.08419380
113616,0.02193148
113627,0.58939511
113631,0.18481850
113643,0.03473885
113652,0.11343323
113657,0.01980018
113659,0.01750381
113672,0.04600396
113680,0.00963103
113692,0.10258968
113694,0.04253293
113695,0.05834307
113701,0.01513554
113733,0.02086992
113738,0.12581446
113740,0.07177674
113742,0.02028464
113777,0.00513811
113783,0.08818763
113788,0.01854974
113789,0.03740366
113791,0.06907570
113795,0.04966433
113799,0.01931873
113805,0.01599248
113820,0.02443413
113822,0.00971683
113824,0.02226257
113829,0.04721058
113832,0.01032780
113833,0.07268761
113841,0.01254650
113849,0.05407559
113862,0.13840895
113863,0.16600160
113864,0.01871294
113870,0.00824485
113875,0.01831513
113882,0.02024108
113887,0.05655644
113894,0.02618726
113909,0.01386575
113930,0.15320352
113936,0.05629239
113939,0.11475968
113942,0.05041840
113943,0.22596522
113945,0.08795994
113947,0.00723249
113950,0.01092057
113951,0.12660439
113957,0.06277117
113966,0.13209747
113967,0.03609519
113977,0.02631128
113984,0.16742517
113986,0.05881216
113992,0.01584124
113998,0.00501972
113999,0.52210794
114003,0.04269204
114010,0.01008243
114011,0.18107562
114032,0.00882711
114047,0.05612718
114055,0.03783470
114056,0.16398551
114064,0.14429620
114065,0.02243781
114067,0.03249671
114068,0.00957577
114075,0.03358002
114076,0.09161041
114077,0.01258781
114094,0.03104715
114095,0.00848880
114109,0.09623674
114114,0.17580048
114116,0.02578377
114127,0.02866060
114158,0.05580811
114168,0.12418715
114169,0.10136011
114171,0.11640885
114180,0.39311451
114193,0.00673132
114198,0.02766525
114201,0.05208830
114202,0.13454588
114207,0.10226227
114210,0.07889667
114221,0.06223907
114222,0.08430744
114227,0.12272351
114250,0.01287940
114253,0.09818552
114265,0.02347935
114267,0.05596738
114273,0.18592084
114280,0.32019830
114281,0.04102730
114283,0.67143080
114291,0.12975513
114310,0.19856072
114316,0.00444051
114326,0.00364444
114327,0.01632587
114339,0.06902255
114352,0.04264140
114359,0.19728182
114360,0.05723859
114382,0.11062602
114396,0.16033015
114397,0.02872468
114415,0.04500536
114425,0.05839237
114434,0.02394847
114456,0.16433872
114463,0.01793751
114469,0.00614454
114476,0.00750792
114480,0.00401547
114482,0.16348239
114492,0.00982131
114493,0.11826709
114501,0.05244409
114506,0.08597460
114510,0.02017752
114515,0.20085703
114524,0.13155624
114545,0.29133343
114546,0.00910799
114560,0.01264537
114562,0.05590595
114563,0.04314623
114566,0.12810965
114599,0.01203925
114601,0.00404386
114607,0.05625338
114612,0.00843697
114622,0.12089277
114625,0.45479298
114634,0.16241124
114635,0.02268560
114641,0.00633907
114644,0.04715432
114645,0.06838449
114651,0.00892433
114653,0.00513675
114654,0.04978529
114667,0.01885351
114668,0.21055394
114670,0.02989476
114686,0.08057166
114688,0.16453253
114690,0.04159501
114691,0.01518192
114700,0.02039102
114706,0.00873266
114740,0.05294376
114741,0.14215848
114755,0.01077873
114757,0.00814801
114767,0.02081243
114772,0.35760120
114780,0.15910548
114782,0.02672709
114791,0.02546420
114815,0.07666219
114823,0.05203921
114835,0.12737215
114838,0.00787270
114840,0.03539980
114842,0.02159437
114844,0.05420596
114850,0.09931409
114853,0.01949264
114856,0.43332306
114857,0.01785795
114858,0.05698991
114864,0.06715270
114871,0.02335771
114875,0.05547970
114879,0.03741795
114893,0.01934405
114912,0.03978002
114922,0.03630622
114930,0.01243358
114945,0.02673251
114951,0.00476813
114958,0.03096745
114962,0.03104599
114976,0.13540912
114978,0.06804014
114987,0.03314444
115002,0.01625478
115005,0.02005520
115023,0.21164201
115030,0.02269253
115033,0.08688998
115034,0.08104095
115038,0.00992436
115046,0.03211566
115049,0.03366421
115055,0.02925955
115059,0.04152495
115076,0.05711689
115078,0.03716827
115081,0.06109350
115085,0.04792914
115096,0.05102167
115101,0.02022281
115114,0.03006822
115119,0.02839243
115121,0.05253186
115122,0.04041289
115144,0.06635289
115147,0.14816834
115151,0.01163618
115172,0.02953998
115175,0.06621480
115183,0.01065652
115185,0.10534064
115197,0.03860058
115200,0.05973330
115207,0.04452391
115217,0.00714926
115230,0.05008146
115237,0.01674588
115246,0.01925589
115251,0.01891475
115269,0.12169437
115290,0.08220163
115299,0.05129154
115309,0.27384020
115310,0.07382642
115311,0.01019831
115312,0.01792191
115323,0.01146047
115324,0.03948032
115341,0.14314817
115342,0.02561845
115343,0.00542391
115350,0.07041533
115354,0.06194997
115360,0.19840368
115368,0.02474044
115373,0.02983753
115396,0.36518929
115400,0.03517739
115401,0.01283536
115404,0.01605715
115405,0.08132610
115406,0.02042778
115407,0.00799107
115412,0.00976956
115413,0.02437766
115415,0.04130422
115423,0.01893541
115427,0.08605124
115428,0.00473334
115439,0.03870939
115440,0.18085717
115447,0.01649355
115450,0.02413518
115457,0.05601276
115459,0.05856988
115463,0.04619293
115473,0.14388037
115477,0.01933536
115479,0.01885928
115480,0.12414651
115481,0.04540609
115485,0.08882212
115489,0.03571263
115495,0.01253983
115500,0.02479150
115521,0.06867209
115572,0.00704671
115580,0.01287472
115582,0.01316934
115586,0.01515719
115587,0.07324329
115588,0.01403799
115591,0.17112015
115592,0.01848178
115618,0.00629187
115619,0.02838165
115621,0.24733189
115632,0.14211548
115646,0.05003327
115658,0.07943570
115671,0.03386227
115680,0.05647658
115686,0.03134727
115688,0.01399391
115705,0.07705442
115707,0.02173880
115708,0.02356840
115726,0.33597244
115759,0.04332394
115773,0.02949673
115777,0.00889926
115778,0.19301189
115781,0.00848550
115801,0.38598306
115804,0.04281338
115810,0.06450665
115812,0.07995966
115820,0.16566282
115827,0.06199291
115831,0.05366762
115841,0.12505996
115846,0.09273360
115852,0.00841580
115857,0.03404454
115858,0.07412145
115860,0.02598810
115865,0.02408905
115867,0.12440918
115869,0.05334937
115877,0.07291666
115904,0.05424688
115913,0.06181784
115916,0.01769182
115928,0.03678181
115932,0.02913784
115933,0.02879605
115937,0.35306868
115938,0.01300971
115957,0.02470956
115958,0.03845639
115969,0.00822502
115980,0.03003347
115984,0.01071525
116006,0.11764047
116007,0.13661079
116008,0.05614447
116009,0.13710678
116011,0.01314746
116012,0.07253160
116015,0.34318171
116025,0.16524758
116047,0.00456718
116052,0.08894655
116068,0.01711575
116077,0.07895415
116084,0.02299754
116089,0.01244482
116093,0.02053103
116097,0.11161224
116102,0.12280240
116118,0.02787001
116119,0.01134100
116125,0.02679089
116128,0.03442005
116135,0.02014811
116140,0.16515688
116141,0.00787655
116142,0.07666373
116153,0.04346894
116156,0.01374842
116157,0.03333781
116167,0.01221702
116168,0.03492635
116175,0.01289213
116187,0.02290670
116189,0.06508349
116191,0.08471432
116201,0.14529422
116210,0.09011598
116213,0.06888528
116215,0.11666916
116223,0.03207336
116226,0.01851303
116228,0.01540543
116241,0.01919271
116247,0.01169997
116266,0.02111166
116276,0.32075215
116287,0.00691352
116289,0.06985450
116292,0.04273302
116306,0.01955253
116309,0.02709399
116312,0.00850272
116313,0.03085908
116335,0.02689843
116342,0.04689437
116348,0.00825145
116367,0.04632329
116380,0.02744654
116383,0.10522551
116389,0.07946342
116395,0.14421066
116397,0.04546841
116398,0.07785608
116402,0.05574870
116404,0.01827442
116406,0.01353124
116424,0.11936510
116428,0.00511266
116436,0.03300142
116440,0.01336037
116448,0.05921524
116458,0.01274365
116466,0.01782504
116469,0.01336289
116473,0.03749874
116474,0.06097868
116479,0.03608323
116480,0.02345233
116491,0.01008863
116493,0.02027348
116505,0.02810474
116511,0.02379613
116525,0.01098663
116535,0.08274510
116544,0.01948378
116546,0.01281861
116562,0.01956894
116565,0.03559720
116578,0.01384101
116579,0.01875095
116580,0.12342820
116582,0.00484151
116584,0.01168782
116586,0.08518364
116596,0.01337011
116597,0.04109611
116598,0.01812057
116604,0.17254437
116608,0.00802656
116609,0.01659885
116613,0.02006843
116614,0.07936970
116615,0.04250377
116633,0.09030625
116637,0.01385256
116643,0.02287939
116647,0.09180300
116656,0.04108357
116659,0.06399900
116662,0.07575028
116676,0.03872377
116680,0.04550287
116681,0.03972702
116683,0.23286928
116684,0.03446728
116712,0.02662757
116720,0.03471630
116726,0.06153703
116729,0.01297809
116737,0.23208812
116745,0.01954517
116747,0.03504022
116766,0.00619235
116781,0.01853475
116783,0.03938458
116787,0.02696652
116788,0.20191814
116789,0.00215083
116801,0.01244504
116803,0.02794162
116804,0.05801035
116806,0.02427886
116815,0.04114647
116817,0.01297829
116825,0.03412975
116828,0.00554347
116829,0.05177586
116853,0.05984373
116854,0.17013130
116859,0.05717351
116860,0.12013331
116865,0.04227150
116872,0.19271089
116880,0.28785419
116882,0.04657902
116893,0.05009712
116896,0.08427849
116906,0.00999061
116908,0.04813521
116925,0.01648705
116926,0.20813363
116948,0.06699957
116949,0.11816732
116955,0.08796638
116964,0.03006501
116974,0.07664118
116976,0.21372502
116990,0.02387216
116993,0.05418925
116994,0.13345882
116997,0.09161917
117003,0.01933935
117007,0.04080050
117011,0.02175622
117012,0.02610625
117019,0.00779540
117021,0.00777357
117030,0.07155299
117036,0.02297575
117043,0.14159458
117054,0.03062647
117070,0.12758655
117077,0.15807520
117087,0.03685003
117093,0.04110125
117105,0.04794997
117112,0.08211665
117129,0.31736288
117135,0.14575139
117138,0.21905001
117142,0.02399023
117148,0.15847653
117157,0.13256430
117170,0.01291651
117171,0.01132073
117172,0.07842751
117178,0.08351830
117186,0.07787561
117187,0.06333165
117193,0.20678327
117194,0.06947732
117199,0.02457572
117207,0.02949087
117211,0.04890284
117216,0.41250422
117217,0.01554772
117218,0.03223138
117219,0.04400335
117224,0.02212037
117225,0.02181103
117239,0.04537109
117242,0.03374848
117249,0.25761196
117255,0.03443925
117257,0.16520771
117272,0.00624242
117284,0.22297374
117287,0.02692618
117293,0.01761207
117298,0.31720304
117299,0.02081771
117307,0.00992926
117321,0.02525363
117323,0.03357968
117326,0.12067645
117327,0.18547600
117341,0.01221867
117350,0.09636427
117362,0.15341247
117375,0.02682253
117391,0.08498999
117392,0.04885156
117396,0.19545120
117399,0.05383362
117400,0.03209654
117402,0.03923877
117406,0.07719359
117417,0.34743793
117418,0.07927598
117425,0.07119465
117428,0.03824152
117443,0.02912635
117448,0.02426330
117449,0.02366164
117450,0.24479775
117463,0.07482498
117467,0.02377694
117478,0.04253615
117480,0.16575019
117483,0.20418930
117484,0.03825465
117495,0.05880246
117498,0.00560857
117501,0.07201190
117503,0.05259337
117520,0.48054580
117524,0.06334080
117525,0.10848003
117526,0.10333001
117527,0.07520533
117531,0.01506426
117545,0.04122587
117547,0.31006005
117557,0.07727653
117563,0.04062434
117564,0.04580428
117598,0.21375686
117599,0.03384189
117610,0.01183562
117614,0.03022125
117616,0.28432810
117623,0.01986213
117625,0.36159946
117633,0.00866557
117634,0.09967706
117639,0.22568477
117652,0.04766600
117653,0.11930845
117660,0.03360227
117661,0.01577917
117662,0.06944736
117676,0.05716385
117677,0.12883154
117681,0.02651305
117684,0.14051998
117707,0.05133968
117736,0.18874641
117737,0.14333043
117741,0.04976467
117746,0.13410809
117753,0.14319579
117755,0.04616009
117775,0.04199452
117784,0.12968277
117786,0.05456586
117791,0.03040846
117801,0.05560564
117805,0.02123579
117816,0.01686777
117824,0.10880984
117835,0.20875261
117837,0.02188720
117847,0.04074206
117853,0.04074664
117854,0.03341917
117886,0.03635642
117900,0.01689935
117920,0.51140041
117924,0.03661583
117925,0.10277727
117934,0.03797801
117957,0.06114550
117959,0.16140209
117967,0.14322254
117969,0.10189401
117981,0.01706251
117982,0.04411448
117996,0.10930029
118000,0.11855548
118018,0.08530548
118025,0.14391919
118026,0.38760417
118044,0.05350462
118045,0.05178974
118048,0.02211776
118055,0.07851523
118058,0.00670340
118060,0.46478109
118066,0.00805227
118071,0.07573892
118072,0.12370200
118082,0.02508661
118089,0.11045006
118106,0.03666904
118115,0.02698624
118127,0.40709188
118144,0.09105049
118150,0.02313282
118151,0.01491805
118157,0.40337278
118162,0.02189503
118163,0.00912997
118166,0.05949389
118181,0.03157128
118191,0.01901167
118202,0.16437252
118205,0.06224667
118214,0.02647912
118251,0.17485385
118264,0.18725683
118271,0.41378208
118272,0.08913372
118276,0.17607057
118287,0.26519328
118291,0.01099002
118292,0.06580455
118294,0.02454960
118305,0.03061164
118312,0.06135138
118319,0.01854355
118321,0.00852824
118326,0.69923776
118342,0.27449707
118343,0.02058012
118353,0.14527911
118354,0.03509493
118358,0.02729454
118359,0.08425011
118365,0.10059261
118367,0.01032970
118368,0.01746066
118371,0.05395993
118378,0.01321300
118379,0.03809932
118383,0.00981494
118386,0.05169970
118387,0.02534594
118400,0.04097224
118403,0.02802659
118428,0.13675398
118440,0.08348003
118459,0.02212613
118490,0.02200335
118491,0.06454269
118492,0.05462039
118498,0.10085949
118499,0.10066245
118509,0.10334247
118518,0.02175872
118531,0.09220374
118532,0.02183847
118546,0.00637750
118548,0.05092249
118558,0.04133355
118560,0.07269623
118561,0.01348654
118562,0.23390756
118564,0.04461203
118569,0.15529943
118578,0.03872518
118585,0.03899621
118591,0.01072795
118592,0.04687358
118594,0.04485549
118611,0.01102057
118614,0.07287188
118622,0.01980043
118641,0.03857318
118642,0.01781238
118650,0.04780698
118666,0.05275938
118696,0.15008832
118697,0.01599725
118710,0.00821001
118717,0.10090095
118720,0.01714610
118735,0.01958760
118747,0.01919095
118750,0.04622727
118789,0.02537111
118791,0.02419011
118803,0.08103081
118804,0.05258206
118806,0.22055270
118809,0.07742914
118823,0.15611005
118842,0.03284364
118871,0.34095763
118874,0.06677550
118876,0.03711601
118886,0.10082066
118888,0.13948290
118889,0.00662565
118894,0.04584480
118898,0.01537764
118905,0.13036470
118911,0.01589798
118915,0.01727795
118916,0.12135388
118925,0.02800111
118926,0.04282558
118929,0.03493573
118935,0.03818630
118947,0.07136215
118951,0.00865457
118953,0.01695434
118960,0.09980993
118973,0.02939306
119001,0.06150002
119003,0.23799289
119009,0.11275541
119011,0.02768801
119012,0.11739922
119014,0.03207735
119025,0.01404200
119047,0.08157800
119049,0.01708609
119057,0.06221347
119062,0.00765785
119064,0.01790644
119069,0.04807703
119079,0.00412846
119088,0.00933159
119091,0.30754494
119095,0.21623338
119104,0.02936568
119108,0.14411790
119109,0.05626964
119115,0.04692957
119125,0.01249211
119146,0.02091128
119148,0.05500834
119160,0.21120112
119164,0.37138081
119169,0.03682128
119179,0.14934299
119187,0.02252995
119191,0.01207447
119205,0.00603193
119207,0.06947776
119208,0.01029102
119217,0.05230253
119230,0.05529789
119232,0.05909549
119236,0.21844957
119238,0.04870568
119240,0.06886355
119250,0.15741970
119251,0.06030438
119252,0.02939679
119266,0.02927222
119267,0.03451888
119270,0.10694417
119272,0.09484199
119276,0.13028381
119281,0.00543097
119295,0.05174028
119313,0.11712724
119318,0.02830802
119321,0.03022972
119340,0.04957800
119341,0.00722840
119344,0.08197125
119348,0.02173073
119353,0.02787517
119361,0.07235780
119362,0.62705882
119376,0.11126452
119383,0.05351843
119391,0.13481512
119394,0.04742893
119395,0.02503307
119415,0.03032132
119430,0.17862002
119441,0.02156488
119454,0.06539075
119468,0.02120795
119474,0.29891662
119492,0.01917650
119496,0.11714799
119500,0.14457799
119501,0.14484270
119510,0.02239004
119518,0.02827819
119524,0.15915288
119533,0.12277427
119540,0.12426906
119553,0.01114100
119573,0.04251338
119593,0.06518563
119594,0.02599210
119595,0.31274032
119596,0.03634955
119607,0.25387941
119609,0.07674674
119616,0.03367815
119618,0.10037345
119619,0.20748336
119628,0.05450508
119630,0.02555302
119632,0.02420239
119648,0.48899607
119671,0.03867557
119675,0.06361563
119683,0.03471536
119689,0.01258872
119697,0.03658674
119698,0.32801710
119702,0.21168181
119709,0.03721504
119715,0.00396900
119718,0.00249334
119719,0.26514493
119731,0.11712481
119736,0.08620270
119745,0.07884709
119749,0.00736037
119751,0.03627336
119757,0.10265700
119761,0.02124579
119762,0.22658589
119771,0.10010332
119778,0.02112382
119784,0.06929030
119788,0.01491298
119802,0.00324194
119803,0.19373268
119806,0.07573102
119810,0.02870116
119811,0.19083654
119813,0.24690392
119820,0.15376109
119821,0.52961095
119842,0.05522504
119843,0.02503823
119844,0.02083044
119861,0.00797430
119866,0.04169725
119868,0.04752240
119875,0.10253489
119896,0.69826012
119898,0.00859435
119921,0.02958775
119922,0.02691946
119929,0.04245289
119934,0.02477188
119938,0.02375635
119947,0.01377875
119948,0.26595406
119967,0.05077904
119977,0.08613917
119980,0.05833966
119984,0.04375067
119989,0.26282177
119990,0.05233470
119994,0.02321326
119999,0.09350231
120004,0.02187836
120020,0.08188033
120030,0.01381861
120036,0.03496988
120050,0.34430845
120051,0.26039768
120053,0.08487095
120075,0.02769729
120076,0.02274477
120088,0.02443696
120099,0.03518430
120101,0.03194456
120102,0.01100440
120108,0.00859041
120145,0.05409280
120146,0.21648504
120154,0.06798124
120156,0.05339835
120165,0.02875915
120166,0.03761655
120176,0.04029411
120179,0.09001157
120182,0.01199755
120198,0.01075382
120205,0.11961033
120208,0.08362631
120214,0.01920633
120220,0.19650452
120227,0.12013722
120233,0.08422105
120240,0.04703891
120243,0.02039345
120266,0.03984426
120268,0.12544908
120280,0.14335462
120281,0.07647358
120284,0.01627573
120298,0.01654857
120304,0.04112726
120306,0.04805737
120320,0.15785403
120325,0.02061542
120326,0.05835518
120335,0.22079482
120341,0.02808019
120343,0.02492067
120388,0.01200806
120390,0.03322336
120404,0.01095095
120405,0.02258378
120408,0.15246756
120415,0.12895473
120421,0.26675051
120422,0.04115869
120433,0.05336069
120437,0.23928284
120440,0.02725729
120441,0.04612578
120449,0.11139964
120457,0.06345695
120459,0.01916479
120460,0.01508160
120463,0.14405928
120464,0.03183117
120470,0.07814605
120488,0.25286777
120535,0.02453602
120538,0.01699269
120539,0.20227034
120541,0.08954450
120562,0.01005044
120570,0.02898127
120580,0.12225973
120581,0.04036111
120591,0.35153960
120593,0.07414104
120598,0.02443734
120603,0.00944052
120607,0.15541628
120642,0.02438239
120647,0.01967901
120649,0.00798037
120664,0.01656478
120665,0.00608938
120671,0.07204971
120678,0.01348710
120679,0.02257576
120680,0.04935733
120681,0.03266014
120691,0.06466338
120696,0.01739050
120697,0.15166211
120713,0.09241278
120721,0.13704952
120725,0.04277984
120734,0.12933115
120740,0.22400078
120748,0.14332959
120755,0.02769651
120759,0.02025206
120761,0.06019677
120764,0.05330550
120770,0.06958363
120777,0.02432052
120796,0.01137738
120803,0.09176034
120809,0.03574866
120811,0.02372715
120826,0.08022459
120829,0.04191363
120832,0.04647652
120840,0.12042253
120857,0.03892587
120885,0.04228179
120891,0.01108047
120894,0.02030782
120905,0.12638621
120913,0.01908861
120914,0.01377676
120918,0.01542072
120921,0.03980481
120923,0.04441221
120927,0.12069913
120928,0.18615217
120934,0.25762085
120936,0.02194015
120942,0.02262669
120946,0.03182513
120947,0.02412885
120953,0.02272577
120955,0.02890017
120956,0.13211679
120977,0.08901467
120980,0.32526009
120981,0.04605754
120982,0.00640951
120991,0.21555545
121011,0.02919396
121013,0.01395787
121018,0.11542487
121020,0.01555532
121037,0.00832747
121038,0.07029579
121039,0.02954835
121045,0.09393057
121046,0.00759867
121059,0.19895967
121066,0.26362528
121078,0.17485978
121080,0.14952170
121081,0.05304697
121086,0.05337807
121099,0.05164019
121100,0.07820654
121107,0.15923244
121108,0.07313327
121111,0.01998135
121130,0.10992504
121131,0.07250390
121135,0.22903737
121152,0.01873375
121156,0.00958032
121160,0.07737608
121162,0.10868730
121175,0.10247757
121181,0.01923547
121186,0.03815139
121197,0.00424199
121201,0.34140141
121208,0.05204105
121215,0.03616461
121220,0.20997758
121225,0.29735933
121227,0.02996900
121228,0.28981242
121243,0.08006006
121258,0.08749428
121259,0.01968314
121265,0.02072093
121279,0.02950822
121280,0.06012875
121281,0.16558800
121283,0.00638934
121288,0.02769065
121296,0.01585383
121300,0.03898391
121308,0.16339814
121321,0.04622114
121323,0.01502416
121332,0.01333879
121334,0.01276791
121348,0.01315834
121350,0.00912800
121351,0.11761072
121363,0.01102337
121379,0.11535482
121380,0.06031650
121383,0.05102634
121387,0.09485018
121414,0.05752842
121416,0.02122503
121422,0.08497261
121423,0.02613326
121427,0.06255139
121431,0.00799720
121438,0.03691635
121460,0.13591244
121479,0.00722409
121482,0.04384425
121483,0.13715814
121488,0.06496033
121489,0.18228441
121492,0.09570897
121502,0.03386928
121503,0.01963219
121513,0.05007888
121544,0.01782549
121545,0.01502725
121546,0.01517976
121552,0.16936179
121553,0.04919939
121556,0.11904525
121557,0.03985437
121583,0.08926457
121588,0.01834385
121596,0.08811082
121597,0.01066854
121612,0.01074175
121618,0.02270396
121619,0.00876383
121621,0.06850334
121622,0.03263716
121626,0.05140867
121628,0.03154916
121630,0.15927395
121631,0.03565805
121632,0.13485924
121641,0.05950360
121695,0.05479279
121733,0.23434700
121754,0.05959366
121762,0.09384474
121765,0.00536774
121766,0.00508981
121771,0.01704243
121772,0.65693643
121778,0.18858305
121791,0.03138176
121792,0.04885169
121822,0.12006543
121825,0.19253388
121832,0.00867558
121841,0.04418820
121846,0.02183346
121850,0.04441474
121851,0.05506307
121853,0.29636107
121857,0.05062818
121862,0.01680377
121863,0.01222488
121875,0.00863798
121881,0.04001904
121896,0.11652369
121901,0.00980798
121908,0.03168085
121909,0.14957087
121916,0.06116617
121919,0.06096373
121921,0.02769055
121933,0.04138215
121947,0.03153046
121948,0.25499880
121963,0.27881415
121968,0.02264060
121970,0.01652343
121978,0.05161046
121991,0.07102900
121996,0.02983069
121997,0.57318793
122000,0.08438425
122015,0.12670515
122017,0.05013056
122027,0.06125236
122044,0.00694299
122047,0.07532082
122055,0.16199575
122065,0.04790021
122069,0.02116710
122074,0.09804214
122086,0.05706596
122089,0.07768947
122099,0.00448314
122102,0.01357838
122118,0.07297288
122124,0.01187237
122125,0.01893077
122129,0.01003011
122133,0.10450642
122135,0.04381800
122136,0.04834280
122142,0.06611148
122154,0.02711297
122158,0.14948756
122160,0.06849149
122165,0.01898213
122166,0.06913839
122170,0.03026841
122175,0.01845989
122192,0.04124505
122207,0.01024023
122210,0.10808159
122215,0.03619107
122222,0.01747571
122234,0.36909612
122235,0.01546671
122236,0.02255912
122248,0.23028672
122256,0.01319726
122257,0.00734882
122258,0.04599366
122259,0.03680405
122260,0.14783766
122264,0.02129311
122266,0.14095615
122268,0.08748074
122271,0.13438643
122283,0.05772198
122286,0.01207941
122288,0.00868532
122301,0.03447094
122313,0.02524069
122322,0.05005878
122323,0.02448801
122324,0.03953736
122336,0.03071601
122338,0.20550197
122349,0.01541239
122351,0.06536081
122354,0.03517380
122358,0.02120673
122376,0.20451974
122378,0.04865939
122387,0.02491045
122392,0.19547597
122405,0.25124183
122409,0.09692600
122411,0.17139784
122415,0.04748156
122416,0.06966719
122425,0.19624753
122452,0.07712620
122453,0.06213221
122456,0.05585617
122458,0.38350170
122465,0.04857905
122468,0.01864700
122477,0.01108580
122483,0.03069465
122517,0.23399903
122521,0.40696220
122537,0.02979851
122538,0.06857898
122552,0.03460945
122557,0.08010034
122561,0.02236082
122568,0.06560936
122573,0.18351006
122583,0.09930204
122590,0.08578955
122609,0.01754171
122617,0.00864891
122621,0.04608444
122635,0.13418955
122638,0.19506659
122639,0.09581601
122644,0.02514153
122675,0.04150264
122699,0.08623675
122703,0.02539729
122706,0.08518677
122712,0.07257551
122730,0.04400196
122731,0.01486256
122736,0.05020068
122741,0.02136572
122745,0.01043832
122751,0.19563199
122768,0.02003225
122785,0.15086285
122797,0.02180409
122812,0.07247727
122816,0.01420927
122817,0.05343575
122826,0.05390624
122838,0.04892756
122845,0.01136534
122848,0.06594081
122850,0.01119460
122856,0.01032380
122862,0.11947278
122869,0.19761699
122871,0.07647217
122874,0.28346152
122875,0.04507438
122885,0.08309953
122901,0.04845536
122902,0.03422490
122903,0.15657856
122904,0.02087187
122910,0.03990501
122921,0.03520917
122925,0.05425910
122964,0.00936737
122975,0.03726121
122977,0.05474571
122984,0.28717498
122999,0.02953471
123004,0.28639059
123009,0.12825738
123012,0.07253728
123018,0.02290373
123025,0.06041241
123037,0.01897939
123038,0.05064670
123039,0.01981729
123045,0.11151675
123046,0.01486751
123051,0.03099539
123052,0.06010573
123056,0.11351877
123061,0.07377189
123072,0.11701767
123074,0.02586484
123086,0.05807582
123087,0.02331604
123091,0.21993201
123094,0.01194560
123105,0.04603833
123110,0.03537987
123113,0.02152575
123114,0.18269279
123124,0.03908258
123131,0.03722963
123136,0.34066088
123146,0.02178765
123147,0.03801874
123155,0.06396730
123163,0.02179124
123182,0.03097762
123196,0.03232339
123200,0.05560111
123204,0.03143461
123207,0.04769625
123210,0.01633860
123215,0.13553866
123227,0.01068648
123234,0.02617193
123239,0.25536093
123249,0.16363934
123252,0.10909793
123255,0.01859123
123257,0.00818776
123260,0.06474623
123263,0.05251639
123274,0.02663435
123275,0.03580487
123276,0.01992748
123292,0.03424404
123308,0.01680433
123316,0.02368585
123328,0.01371701
123330,0.05625437
123331,0.06192703
123334,0.21691269
123343,0.00213252
123344,0.02157067
123345,0.03436456
123352,0.14037579
123356,0.01753833
123365,0.09434311
123368,0.02525463
123376,0.01537181
123381,0.04894072
123384,0.03184772
123389,0.01090171
123401,0.19848067
123419,0.01518216
123433,0.10528296
123438,0.07852463
123441,0.16010129
123456,0.10848895
123457,0.05152001
123476,0.00798943
123477,0.08105437
123489,0.08069166
123490,0.04365161
123496,0.16197386
123502,0.05935698
123503,0.13612159
123513,0.06447859
123515,0.05338077
123530,0.04123999
123532,0.04027677
123537,0.01384802
123539,0.04848066
123540,0.02595487
123546,0.03142464
123547,0.16395527
123554,0.06614413
123572,0.01241575
123574,0.11052578
123575,0.12159601
123576,0.01556274
123584,0.07069234
123586,0.06113931
123591,0.08587109
123606,0.01651377
123607,0.10402580
123615,0.01120189
123616,0.25963518
123619,0.12574902
123621,0.03780788
123622,0.01767360
123633,0.03211062
123635,0.13709731
123658,0.09954008
123659,0.03267241
123663,0.10208524
123666,0.05127556
123670,0.04352175
123678,0.02378349
123688,0.06791891
123707,0.01457277
123709,0.14874926
123720,0.23001518
123741,0.04666025
123751,0.09242159
123759,0.01921831
123765,0.17247113
123766,0.09094862
123793,0.16242064
123794,0.02451018
123809,0.04764147
123837,0.01095299
123839,0.02274876
123843,0.06691374
123851,0.06382059
123854,0.08811030
123860,0.02104029
123863,0.13740055
123879,0.08692409
123888,0.05129017
123891,0.02847051
123912,0.01976569
123942,0.04328076
123952,0.10798736
123953,0.02281074
123958,0.16518611
123966,0.00641495
123977,0.02138991
123981,0.04126283
124000,0.01024982
124023,0.03123375
124026,0.01040879
124027,0.03100461
124033,0.25123466
124053,0.03871039
124057,0.01778281
124065,0.25921048
124074,0.01048625
124079,0.09819115
124095,0.01428320
124110,0.06811538
124138,0.01890701
124167,0.21344467
124168,0.16036239
124175,0.00865218
124176,0.13989640
124181,0.06596550
124195,0.03001756
124197,0.03460879
124206,0.00709514
124225,0.04497980
124230,0.06384984
124231,0.12405162
124253,0.06521741
124257,0.07593766
124263,0.03378017
124277,0.07182217
124285,0.02810141
124289,0.00976267
124299,0.29849015
124303,0.02950620
124309,0.12018236
124316,0.07908697
124319,0.15866008
124335,0.21510858
124347,0.21431715
124359,0.10539607
124362,0.00430285
124363,0.20773946
124389,0.02065061
124390,0.02035961
124393,0.13668699
124401,0.46656965
124406,0.02278744
124407,0.01798140
124416,0.11877806
124423,0.05588493
124429,0.03333957
124431,0.09209150
124439,0.01362231
124441,0.01524912
124451,0.06668038
124454,0.01276007
124463,0.34828343
124492,0.03789133
124493,0.17113857
124503,0.02763599
124506,0.05858689
124514,0.07276189
124516,0.01022693
124519,0.00646067
124520,0.07316316
124539,0.05939418
124545,0.15744035
124546,0.04943247
124552,0.05987645
124553,0.16813647
124555,0.02378663
124575,0.01207310
124586,0.04040822
124587,0.01827526
124591,0.43603710
124595,0.03544215
124597,0.08509139
124625,0.12974245
124628,0.03076016
124647,0.04807828
124648,0.01724974
124654,0.11278648
124655,0.03945257
124656,0.02180309
124658,0.05649732
124674,0.15129054
124675,0.01103983
124686,0.09959204
124696,0.12908251
124698,0.01533317
124702,0.04755352
124704,0.12026125
124705,0.02636767
124719,0.01269465
124732,0.01297850
124734,0.05409803
124737,0.01631343
124742,0.09614329
124793,0.04550280
124816,0.34396686
124820,0.00507428
124823,0.25896903
124826,0.01226799
124829,0.01796254
124844,0.02486688
124850,0.01018781
124866,0.05538095
124868,0.02395588
124874,0.06234807
124875,0.06311850
124876,0.00839818
124887,0.03842160
124893,0.10810158
124901,0.00489606
124905,0.29799287
124906,0.17959320
124931,0.05776446
124938,0.03449919
124940,0.23949779
124947,0.05893433
124948,0.08130254
124949,0.03871644
124971,0.15366553
124974,0.01601313
124976,0.06410372
125004,0.15308117
125025,0.07658053
125029,0.04457591
125031,0.03060260
125037,0.05309997
125046,0.00395767
125052,0.01016782
125053,0.00891430
125090,0.13213031
125093,0.03610757
125100,0.02181727
125101,0.04063228
125104,0.10854489
125111,0.11623330
125133,0.03893943
125144,0.02765258
125145,0.05330676
125149,0.01451302
125157,0.07080239
125158,0.34737249
125164,0.03142245
125167,0.00883863
125170,0.04324697
125177,0.03440377
125185,0.12115470
125190,0.07683633
125196,0.08265853
125200,0.04026065
125203,0.08963299
125215,0.01725569
125221,0.05409113
125224,0.00549606
125227,0.09935535
125252,0.03552300
125256,0.01395835
125264,0.02271280
125266,0.04958738
125267,0.02275436
125268,0.50748659
125270,0.01304433
125271,0.02688576
125276,0.02266601
125290,0.01476081
125300,0.04268815
125311,0.02753849
125327,0.04792893
125338,0.01931456
125359,0.01890571
125360,0.01654714
125366,0.00750411
125373,0.14893747
125376,0.46151098
125384,0.01290798
125387,0.21730185
125388,0.05695006
125393,0.05197958
125394,0.29836647
125396,0.00361374
125397,0.00991651
125408,0.08644913
125409,0.09718564
125414,0.23801136
125423,0.05587898
125425,0.05140508
125436,0.08981001
125450,0.10060880
125465,0.05034513
125471,0.28007343
125488,0.03453073
125496,0.13574104
125500,0.20470627
125505,0.02085096
125507,0.03392947
125519,0.02756469
125521,0.14313798
125524,0.05736061
125531,0.31663736
125542,0.04259436
125552,0.01897475
125560,0.02006012
125573,0.00824859
125574,0.07854355
125576,0.06632527
125592,0.00950277
125604,0.16261374
125622,0.09046851
125628,0.01751663
125649,0.02977406
125668,0.09248298
125695,0.02381026
125698,0.03220122
125701,0.08247447
125705,0.06745289
125709,0.04478120
125713,0.00730742
125720,0.19708626
125727,0.18348618
125747,0.09314928
125752,0.04457411
125758,0.06141062
125772,0.06120816
125779,0.53739301
125798,0.04679587
125804,0.03555678
125814,0.01569935
125817,0.00708382
125835,0.01953735
125838,0.04898287
125842,0.04513081
125852,0.11588942
125878,0.00999313
125886,0.05392779
125896,0.20617922
125924,0.01710675
125930,0.03868330
125939,0.01431127
125957,0.03206430
125961,0.06793144
125972,0.05043726
125973,0.09387860
125975,0.02393616
125983,0.01682192
125984,0.30856221
125990,0.03906964
126016,0.04837243
126022,0.04015159
126028,0.08422159
126047,0.25412659
126048,0.07744452
126067,0.02471882
126068,0.00986504
126069,0.07628957
126088,0.12425330
126121,0.00794058
126123,0.01175596
126125,0.02334048
126136,0.13103973
126159,0.02804174
126162,0.05989333
126165,0.07895473
126172,0.12071151
126175,0.16253012
126178,0.02178744
126184,0.00678914
126198,0.05726929
126202,0.16304046
126203,0.01069717
126205,0.00478586
126214,0.04971990
126231,0.38635198
126238,0.04418937
126242,0.09756948
126252,0.01536037
126263,0.08607689
126265,0.10385346
126267,0.03572056
126274,0.02751012
126299,0.07419252
126307,0.04697314
126310,0.06746541
126329,0.03984410
126331,0.07014762
126340,0.00884064
126341,0.11861829
126348,0.02127891
126349,0.00935540
126351,0.01146834
126354,0.01475255
126366,0.01353462
126370,0.01354570
126398,0.02736855
126407,0.02783353
126409,0.12485490
126431,0.00974227
126438,0.38014150
126448,0.02830599
126462,0.02595510
126464,0.03208396
126468,0.01757507
126472,0.09159549
126473,0.02128021
126479,0.04402618
126484,0.07984952
126486,0.02509253
126488,0.01718391
126490,0.04404887
126494,0.05250664
126506,0.04044558
126510,0.04350164
126513,0.03301090
126526,0.13133348
126533,0.03277464
126538,0.05200791
126549,0.11459678
126553,0.10836034
126554,0.01108255
126555,0.06564442
126579,0.07984853
126584,0.02709646
126594,0.01494262
126595,0.00993889
126596,0.13607500
126602,0.03307616
126611,0.01282451
126614,0.05237133
126636,0.04952774
126638,0.05958735
126651,0.07821332
126658,0.07928748
126674,0.01190395
126685,0.01098857
126688,0.06537193
126689,0.00997449
126707,0.29031223
126715,0.04040766
126716,0.00805316
126721,0.18201683
126722,0.03879443
126732,0.04051985
126738,0.05335782
126743,0.10098907
126744,0.03508754
126752,0.09782288
126759,0.04397199
126763,0.22157202
126775,0.03513244
126778,0.14798684
126784,0.02630880
126791,0.02873712
126792,0.02064177
126804,0.15612944
126816,0.12121940
126817,0.02113121
126822,0.00574762
126832,0.03723404
126842,0.03755833
126849,0.01442602
126850,0.02260908
126861,0.03037286
126871,0.01023339
126872,0.23104343
126880,0.04631590
126888,0.06715435
126896,0.04083108
126913,0.02993179
126918,0.02427157
126954,0.01500739
126961,0.01215803
126963,0.01174692
126965,0.26664786
126968,0.23944094
126971,0.00896222
126981,0.03960324
126984,0.10179104
126985,0.14036892
126995,0.23620444
126999,0.10297723
127007,0.04668483
127015,0.02811346
127038,0.04893520
127054,0.02628781
127057,0.01184266
127062,0.04828124
127083,0.05621772
127098,0.01967540
127102,0.00818622
127110,0.01544548
127111,0.03283855
127116,0.02573975
127126,0.04386148
127135,0.00814699
127137,0.01582559
127142,0.03585136
127151,0.04672854
127155,0.01287603
127156,0.00915644
127160,0.04874210
127169,0.14665305
127174,0.11235257
127175,0.03945514
127177,0.04956538
127192,0.00952372
127193,0.03494460
127196,0.02265657
127197,0.11275698
127204,0.02265207
127207,0.03209093
127215,0.01642326
127226,0.08112274
127230,0.07235071
127244,0.03762473
127247,0.02104017
127249,0.05305478
127259,0.21240592
127299,0.07480355
127304,0.02280990
127308,0.26693052
127309,0.04288618
127313,0.05817539
127316,0.07062077
127317,0.03144585
127318,0.01233084
127333,0.02068012
127334,0.00840421
127336,0.00992700
127346,0.09860464
127370,0.01496571
127375,0.09600686
127390,0.06940592
127392,0.09678124
127398,0.05364494
127400,0.02477160
127402,0.04800431
127407,0.10391216
127412,0.01724335
127413,0.01512595
127415,0.02082795
127418,0.25835473
127425,0.10390691
127432,0.02054984
127436,0.01339726
127448,0.01010863
127449,0.06160679
127463,0.08624502
127464,0.07252042
127468,0.02330230
127481,0.01903466
127492,0.21496719
127495,0.02751832
127496,0.04888903
127501,0.06107498
127508,0.02625488
127531,0.01514429
127554,0.03981536
127562,0.01616748
127565,0.01612924
127567,0.02766057
127582,0.03866613
127593,0.03524228
127595,0.01298966
127614,0.03770684
127627,0.02565305
127630,0.03544431
127638,0.16514940
127639,0.02029234
127641,0.02860052
127643,0.03040866
127665,0.05714245
127674,0.00958839
127676,0.09455787
127693,0.10809929
127701,0.01230855
127702,0.10491980
127709,0.16104165
127720,0.02862717
127733,0.05246614
127739,0.08290834
127753,0.02951596
127756,0.01862292
127757,0.14538375
127777,0.14042805
127810,0.15787526
127811,0.06187187
127821,0.05430332
127835,0.01707281
127839,0.02329652
127870,0.14288605
127878,0.14097310
127887,0.16836539
127918,0.11108057
127919,0.22585697
127920,0.02556008
127932,0.02147868
127933,0.08834564
127953,0.01673581
127955,0.03426323
127957,0.01533989
127961,0.05058381
127967,0.15176109
127970,0.14328746
127975,0.05706170
127985,0.01771162
127991,0.01875879
127997,0.02687103
127999,0.01068040
128004,0.01120625
128005,0.07373884
128015,0.06697670
128018,0.04391033
128044,0.10052288
128046,0.03725226
128047,0.07120342
128048,0.18834509
128054,0.06732517
128066,0.05709725
128070,0.00944346
128071,0.09446864
128094,0.08095505
128095,0.02531364
128099,0.08950960
128116,0.00465273
128130,0.04646152
128132,0.07302603
128133,0.32867236
128140,0.01407049
128154,0.08990065
128156,0.20920968
128160,0.01560247
128165,0.25224505
128166,0.01429549
128169,0.01813857
128171,0.01981769
128177,0.05024690
128178,0.01785131
128182,0.00796694
128191,0.18300368
128199,0.11806100
128213,0.05365315
128214,0.02510436
128216,0.02947051
128217,0.16225781
128226,0.05543397
128229,0.04543517
128232,0.07813055
128246,0.01992860
128273,0.05288708
128274,0.05813105
128283,0.03104616
128284,0.08656359
128294,0.15587561
128295,0.07434158
128297,0.09129263
128300,0.02077677
128314,0.02862766
128317,0.01165614
128339,0.03348380
128340,0.00503013
128342,0.04625703
128343,0.05673393
128364,0.11365261
128368,0.29528186
128377,0.02530965
128380,0.01972291
128383,0.02495863
128407,0.01461951
128409,0.03440102
128423,0.02945153
128428,0.01006561
128433,0.07440011
128438,0.15602743
128439,0.08881781
128446,0.05515225
128447,0.04313439
128450,0.15807306
128455,0.16058101
128457,0.16544012
128464,0.04368042
128465,0.05340034
128471,0.02023149
128474,0.04177159
128483,0.02080476
128514,0.03904263
128516,0.02435968
128519,0.04715803
128528,0.01055479
128529,0.13838662
128536,0.04052907
128541,0.01007770
128542,0.05625369
128545,0.00959210
128557,0.01179550
128560,0.08969237
128568,0.03878810
128571,0.03608774
128578,0.00806366
128582,0.09806962
128588,0.07050843
128597,0.08604399
128610,0.11464294
128619,0.20802219
128630,0.11473660
128680,0.03681839
128684,0.05422302
128687,0.01274495
128699,0.14335316
128702,0.04528053
128704,0.04558001
128710,0.15235983
128720,0.06113236
128724,0.04026252
128727,0.07986773
128744,0.04747340
128745,0.03106608
128760,0.05273628
128766,0.33631675
128770,0.05098106
128782,0.14013228
128822,0.01072090
128830,0.16739554
128836,0.09197852
128845,0.02930784
128858,0.01891346
128859,0.01483596
128860,0.05422934
128874,0.08945685
128880,0.10906550
128882,0.11057126
128883,0.05371241
128884,0.01543527
128892,0.10952193
128905,0.03706204
128910,0.08897569
128912,0.06524614
128915,0.02127767
128917,0.07009090
128937,0.01583777
128942,0.15389043
128945,0.01915475
128957,0.03879576
128962,0.02368620
128970,0.02342333
128985,0.07647880
128986,0.01940537
128992,0.00926864
128994,0.04322052
129003,0.03215642
129005,0.05066213
129010,0.01686915
129024,0.08672725
129038,0.04249440
129042,0.05020760
129049,0.01561849
129062,0.18848723
129067,0.05945807
129070,0.01640428
129073,0.00854352
129074,0.05154525
129088,0.02326979
129090,0.06070785
129101,0.30260615
129102,0.05507875
129106,0.07805286
129108,0.08584057
129120,0.05687056
129122,0.03106079
129123,0.32591913
129135,0.04317064
129141,0.12163914
129152,0.09983948
129160,0.07792334
129168,0.04458532
129174,0.04751536
129178,0.04522520
129183,0.07092361
129187,0.01158820
129197,0.06140289
129200,0.03067567
129205,0.10459462
129222,0.10887623
129230,0.01233867
129235,0.00603284
129251,0.01998835
129274,0.03157213
129282,0.01199843
129284,0.09644990
129298,0.03398908
129299,0.07163996
129311,0.04662737
129312,0.01092331
129313,0.01364282
129314,0.03455113
129321,0.09520309
129329,0.03893503
129330,0.11157003
129332,0.01126697
129338,0.03663675
129345,0.00882812
129349,0.07795769
129353,0.00591338
129357,0.01489241
129358,0.14393405
129365,0.04145237
129376,0.01518890
129380,0.01476281
129382,0.04098228
129402,0.05897380
129403,0.00979029
129412,0.02896772
129441,0.33520646
129442,0.03294861
129448,0.10879277
129466,0.03629903
129475,0.02159567
129483,0.02773522
129484,0.02695522
129499,0.02283137
129501,0.03303542
129508,0.01441084
129510,0.23066154
129526,0.04424759
129527,0.20356732
129533,0.03577116
129535,0.06752886
129536,0.22951121
129545,0.03213318
129553,0.05639350
129557,0.06692789
129560,0.01558549
129576,0.06071399
129580,0.22435356
129585,0.03848833
129587,0.01557351
129597,0.06901626
129611,0.02076541
129619,0.02879021
129622,0.09816036
129631,0.04227774
129632,0.01037721
129640,0.00816696
129647,0.04674331
129658,0.01374811
129676,0.01380395
129683,0.02124479
129685,0.01566812
129701,0.09639810
129706,0.24148036
129707,0.03494121
129720,0.01770964
129727,0.29280799
129728,0.02433160
129768,0.03397354
129775,0.02420677
129790,0.00596866
129804,0.02201158
129805,0.10132063
129813,0.01040334
129816,0.01635326
129823,0.08144515
129826,0.33966713
129831,0.00780610
129833,0.00285779
129851,0.04302872
129857,0.25999723
129860,0.03111956
129914,0.05249409
129926,0.03830344
129933,0.05931359
129939,0.04832783
129949,0.01643856
129959,0.09854743
129962,0.18907876
129963,0.12738051
129964,0.01104554
129977,0.01232843
129985,0.02177043
129987,0.02026370
129992,0.05564512
130002,0.22585452
130016,0.07046746
130045,0.04011894
130048,0.04823845
130051,0.09907933
130053,0.10678044
130056,0.02583063
130061,0.01722271
130062,0.18843472
130065,0.05935234
130066,0.04518929
130070,0.12000531
130079,0.03664331
130080,0.10802272
130098,0.05042033
130109,0.08248796
130110,0.06821494
130116,0.00931630
130125,0.28188983
130134,0.20319211
130137,0.04491494
130138,0.04601801
130146,0.03452048
130148,0.06406301
130154,0.00674680
130156,0.02621319
130158,0.22553750
130159,0.02452821
130177,0.01982566
130186,0.37831577
130204,0.22975800
130205,0.11798087
130206,0.04888917
130211,0.01596768
130217,0.01124348
130218,0.02023192
130235,0.04238135
130236,0.39106710
130239,0.01360053
130256,0.08710174
130260,0.01758653
130261,0.08299428
130262,0.00815067
130263,0.05818240
130264,0.00614954
130266,0.11112682
130277,0.11796184
130278,0.02101701
130281,0.10872302
130297,0.03526725
130302,0.08831988
130320,0.06922310
130325,0.09694373
130329,0.01713112
130338,0.22521969
130339,0.03785298
130340,0.12676760
130344,0.04216271
130347,0.03169895
130353,0.03350956
130358,0.00996805
130366,0.01607124
130371,0.02555636
130374,0.06378961
130389,0.02119012
130390,0.10549851
130404,0.02775904
130426,0.02456194
130440,0.03350095
130449,0.47107192
130451,0.00637582
130452,0.14115348
130453,0.06540691
130463,0.01205671
130466,0.01716324
130467,0.02879177
130475,0.02971145
130489,0.05230310
130490,0.01667394
130495,0.06610322
130497,0.05234465
130499,0.00386429
130504,0.10711804
130513,0.04356212
130528,0.02312776
130533,0.18620907
130543,0.02491448
130567,0.12269341
130571,0.04130370
130572,0.02757390
130589,0.05341290
130592,0.13530382
130603,0.11882262
130623,0.02145745
130641,0.04826310
130687,0.02974254
130690,0.08324713
130698,0.01440781
130707,0.12351565
130709,0.24150402
130718,0.18197676
130722,0.06380994
130732,0.01998710
130735,0.08430088
130757,0.03723090
130760,0.03975527
130771,0.02823189
130772,0.00798207
130774,0.06369766
130779,0.04369555
130795,0.06638950
130828,0.05288535
130833,0.01356295
130843,0.01094824
130855,0.10698858
130871,0.01048369
130878,0.11576501
130885,0.05801653
130889,0.25917290
130894,0.02909983
130896,0.14153637
130905,0.02399377
130906,0.02832638
130930,0.03363854
130931,0.08043955
130943,0.18212021
130946,0.00552684
130947,0.12598034
130950,0.00767793
130954,0.01108992
130966,0.03117364
130983,0.11826248
131003,0.00710565
131005,0.00554914
131009,0.04675026
131013,0.05778416
131027,0.01666067
131030,0.25590423
131031,0.00431896
131033,0.01192903
131039,0.02401318
131045,0.10976966
131057,0.08796233
131072,0.00762308
131084,0.12153619
131088,0.02536602
131089,0.04051777
131091,0.02104589
131093,0.03825696
131114,0.25261348
131118,0.00763247
131123,0.04818124
131130,0.06717450
131144,0.02339954
131162,0.08776351
131163,0.00937166
131166,0.10787747
131179,0.16870635
131181,0.01806162
131183,0.42132730
131219,0.02706908
131227,0.02100424
131231,0.04273887
131235,0.07157506
131242,0.07946688
131251,0.02969199
131257,0.05579465
131263,0.05956122
131268,0.12645010
131271,0.01843361
131275,0.02111045
131286,0.10778688
131290,0.07072781
131300,0.02682654
131306,0.02877783
131316,0.19714935
131321,0.18447277
131322,0.01789559
131326,0.00592897
131333,0.13054925
131335,0.07284312
131352,0.01469932
131354,0.00947497
131366,0.09796413
131373,0.06511515
131388,0.08028424
131394,0.02918680
131404,0.16465695
131405,0.04947643
131411,0.00906495
131416,0.07737084
131421,0.07017880
131424,0.02186136
131426,0.14679889
131443,0.31484845
131470,0.11643884
131471,0.11973808
131476,0.02257374
131477,0.03246505
131479,0.28354257
131493,0.24122231
131495,0.11427812
131496,0.10524985
131498,0.16675608
131504,0.07821339
131525,0.21707387
131528,0.03746556
131548,0.01698474
131549,0.02068034
131550,0.07449363
131557,0.23837039
131564,0.03416572
131565,0.00955093
131576,0.06819961
131602,0.26011893
131628,0.11005496
131629,0.06457272
131641,0.05424893
131647,0.02267200
131664,0.03383414
131677,0.05857619
131681,0.05589008
131682,0.05139587
131688,0.22586566
131690,0.07262409
131691,0.01742099
131709,0.06184806
131713,0.02912193
131719,0.11434777
131733,0.01346544
131734,0.10815452
131743,0.19664084
131747,0.03820393
131748,0.16118514
131758,0.01373131
131759,0.26617310
131764,0.02016301
131771,0.00808689
131788,0.02172469
131791,0.09797533
131798,0.04550533
131810,0.07409541
131812,0.02493925
131815,0.05413258
131823,0.15421875
131824,0.01506955
131828,0.07844694
131844,0.03310853
131846,0.02007076
131848,0.00977273
131863,0.01726033
131864,0.02020028
131889,0.02471214
131890,0.07074404
131892,0.12213181
131895,0.03853346
131896,0.02245714
131897,0.02482180
131905,0.05535650
131906,0.05490563
131907,0.14728395
131914,0.02968469
131921,0.01290400
131922,0.03736175
131925,0.01670388
131936,0.02470656
131941,0.06463260
131950,0.01167886
131952,0.08242311
131959,0.39697469
131983,0.02040727
131987,0.06179302
131994,0.02175346
132004,0.03915122
132009,0.03587752
132012,0.01676414
132013,0.03324869
132014,0.35539078
132028,0.27589840
132054,0.03228555
132061,0.03407144
132062,0.14047309
132078,0.13175705
132082,0.01052417
132086,0.03804833
132089,0.03632091
132095,0.10193590
132109,0.03619539
132110,0.06914256
132121,0.00373577
132125,0.01175352
132127,0.12914657
132128,0.00429911
132134,0.04156196
132139,0.02433939
132141,0.03192112
132149,0.22004195
132150,0.05534115
132152,0.01930174
132153,0.07737295
132164,0.01094130
132179,0.40463564
132182,0.08702233
132189,0.02606418
132193,0.02417457
132194,0.01785932
132195,0.03340327
132208,0.34243341
132211,0.07250996
132212,0.17306395
132216,0.01712334
132219,0.01339606
132223,0.09112285
132238,0.06374836
132242,0.01390049
132268,0.02232447
132275,0.02985898
132276,0.07807290
132279,0.01625834
132289,0.22485624
132290,0.01116028
132300,0.18421183
132319,0.05667637
132340,0.00364810
132344,0.07013158
132345,0.01204195
132346,0.13098798
132352,0.06682823
132353,0.02981836
132358,0.74606083
132381,0.08307783
132382,0.02544964
132383,0.04200361
132410,0.03782584
132419,0.01265918
132423,0.03177825
132432,0.13854623
132434,0.01162972
132440,0.13955338
132441,0.02771268
132452,0.01572072
132453,0.00924921
132456,0.07543871
132459,0.01591914
132462,0.01637193
132463,0.02306551
132468,0.31634861
132485,0.20025053
132490,0.02705462
132500,0.06149294
132521,0.13188111
132555,0.04534733
132560,0.00851297
132562,0.04898208
132575,0.02760625
132587,0.03255561
132591,0.05949482
132611,0.02951526
132615,0.02434840
132617,0.16648603
132622,0.46912130
132629,0.00895904
132638,0.04059203
132642,0.03374158
132658,0.03189137
132664,0.07263135
132668,0.01255115
132676,0.16878235
132704,0.08150299
132707,0.18649247
132719,0.02713493
132723,0.53105359
132724,0.15050056
132732,0.04590455
132754,0.10662641
132756,0.02726523
132766,0.04354193
132767,0.03139931
132775,0.02847192
132776,0.16588544
132785,0.06224178
132787,0.01701968
132793,0.09070974
132807,0.00588542
132811,0.00379466
132818,0.01388480
132834,0.01620631
132846,0.01525242
132861,0.02680819
132870,0.11985588
132882,0.00797553
132884,0.02190920
132885,0.24570720
132888,0.05098075
132898,0.08316639
132912,0.02152300
132916,0.13047344
132917,0.04441664
132932,0.10653484
132940,0.01821808
132943,0.01041165
132962,0.06501871
132965,0.13719454
132969,0.00573391
132974,0.06965413
132977,0.02874027
132978,0.03763358
132982,0.02335771
132983,0.01113143
132996,0.03319899
133006,0.00400509
133007,0.02207836
133025,0.05501804
133027,0.04521410
133033,0.01484593
133038,0.01670393
133040,0.01888330
133041,0.00826421
133044,0.04698196
133053,0.02001204
133063,0.05158222
133065,0.01378794
133083,0.01924494
133084,0.00724238
133091,0.04859830
133092,0.02106714
133107,0.08998023
133111,0.03298242
133122,0.01645047
133132,0.02626200
133140,0.06319255
133147,0.02512531
133150,0.00465696
133168,0.02897946
133170,0.01318685
133184,0.04355738
133228,0.00676729
133229,0.05197261
133230,0.01322068
133232,0.04557995
133242,0.04906665
133246,0.10144788
133247,0.02582580
133253,0.04006478
133268,0.10708657
133271,0.16041292
133272,0.02424913
133296,0.24685371
133299,0.16371530
133302,0.06679870
133315,0.08200326
133330,0.04609583
133331,0.04000675
133332,0.02319563
133333,0.03067902
133334,0.47181521
133361,0.34505732
133363,0.07590251
133404,0.00861607
133412,0.49737014
133418,0.03479724
133422,0.13542099
133426,0.19685353
133450,0.01945520
133465,0.08108453
133468,0.05849462
133469,0.02031228
133474,0.02402151
133479,0.02183170
133490,0.12012221
133492,0.01559047
133495,0.01865456
133496,0.02056652
133501,0.21863794
133502,0.11714250
133511,0.03563446
133515,0.03537512
133528,0.07372342
133539,0.01815954
133551,0.02599831
133564,0.05000400
133569,0.04039199
133570,0.02446931
133578,0.06239819
133586,0.01523451
133587,0.21727554
133597,0.03904611
133608,0.01263970
133624,0.07254563
133626,0.07611416
133645,0.07063188
133655,0.01102488
133658,0.06192920
133659,0.01439304
133660,0.03846635
133664,0.01302296
133684,0.13846274
133685,0.01340388
133688,0.10951212
133706,0.05486991
133713,0.04747978
133723,0.01296804
133730,0.02705760
133733,0.01990965
133760,0.03134473
133762,0.22876629
133777,0.01372653
133793,0.01105600
133816,0.06728619
133818,0.05652616
133824,0.05529149
133841,0.02639197
133850,0.02242018
133877,0.27944361
133880,0.07261063
133887,0.02332034
133889,0.17530112
133896,0.19486470
133916,0.09083831
133920,0.01797681
133936,0.06129653
133939,0.01975411
133940,0.01899971
133942,0.04694433
133956,0.14651047
133957,0.03471572
133965,0.06871951
133972,0.08083977
133973,0.02330949
134008,0.03386764
134016,0.48122667
134039,0.07904700
134040,0.01642619
134045,0.04832270
134050,0.16634036
134056,0.17334039
134082,0.21063134
134085,0.17833924
134089,0.03523389
134102,0.15799689
134118,0.01774533
134131,0.01183726
134135,0.07510395
134137,0.04600995
134150,0.04826783
134159,0.02438790
134183,0.00879628
134186,0.13997333
134211,0.02659527
134216,0.01747768
134217,0.02359178
134218,0.02181850
134230,0.03834405
134233,0.08521619
134234,0.01068642
134236,0.23674561
134241,0.02540602
134242,0.01604033
134273,0.01610426
134277,0.01545601
134287,0.06995797
134293,0.02297100
134302,0.02502500
134306,0.15616129
134307,0.03399132
134325,0.02927087
134330,0.12802074
134334,0.07587237
134338,0.14102019
134339,0.01217224
134348,0.02811742
134355,0.00820678
134369,0.15853401
134387,0.03877566
134399,0.09363133
134400,0.01930230
134405,0.04036222
134407,0.01892505
134433,0.02724043
134448,0.00422375
134460,0.03847964
134463,0.12643897
134467,0.03959499
134485,0.01107240
134486,0.14543818
134490,0.27486007
134494,0.26319462
134501,0.33797895
134508,0.00794187
134512,0.14494860
134514,0.00466338
134519,0.03346948
134528,0.04245093
134536,0.02946151
134540,0.07040946
134546,0.00445238
134549,0.05671882
134558,0.08527008
134560,0.14305280
134588,0.05489515
134590,0.04051160
134591,0.06384530
134594,0.01415339
134622,0.02011878
134626,0.01337712
134639,0.01577130
134649,0.04588200
134654,0.08461552
134658,0.01966519
134683,0.04738360
134688,0.24642942
134689,0.37550051
134697,0.03049213
134698,0.19422035
134718,0.04960381
134742,0.03202559
134751,0.07300133
134760,0.02147592
134763,0.01274762
134764,0.12667263
134765,0.04770109
134773,0.01484926
134790,0.01707353
134794,0.02052020
134802,0.02247432
134805,0.01090603
134807,0.03863632
134812,0.02168190
134813,0.02835440
134823,0.07825056
134824,0.12369057
134838,0.10734384
134841,0.01672827
134857,0.01489247
134862,0.24513129
134865,0.02421303
134880,0.22744527
134883,0.11735293
134884,0.12627519
134916,0.00616789
134918,0.04755609
134919,0.16358492
134921,0.00413068
134928,0.05857078
134943,0.07213050
134950,0.05160032
134968,0.01419995
134971,0.09570006
134972,0.01856391
135011,0.04620512
135013,0.29033831
135016,0.01406840
135031,0.12678454
135036,0.02794502
135041,0.02006559
135052,0.03352757
135053,0.07917061
135054,0.11451535
135060,0.01914514
135072,0.04020711
135078,0.04185841
135079,0.02271049
135090,0.14335448
135113,0.07423284
135123,0.03913015
135128,0.09296915
135136,0.25781511
135152,0.01090528
135163,0.01676732
135166,0.01595644
135186,0.07699831
135188,0.04000858
135194,0.01347197
135214,0.02734130
135220,0.02274690
135235,0.01216457
135236,0.00981863
135241,0.06540063
135243,0.09374636
135253,0.02649957
135258,0.09695739
135264,0.01631933
135271,0.01217560
135274,0.09281910
135275,0.10133237
135288,0.06289061
135290,0.03183568
135299,0.08014411
135304,0.11066836
135309,0.01408888
135345,0.40411851
135359,0.06358263
135360,0.18737194
135361,0.05084573
135363,0.18492405
135365,0.05604337
135369,0.12721812
135380,0.00502450
135387,0.05913980
135389,0.03299833
135390,0.21823582
135393,0.01909542
135401,0.05168403
135409,0.25090145
135410,0.02749692
135412,0.01139032
135430,0.03054305
135434,0.00936087
135435,0.03398275
135445,0.31604436
135449,0.26180826
135460,0.05431530
135461,0.01665633
135491,0.03442764
135500,0.09445231
135504,0.02028871
135506,0.12255439
135521,0.22268228
135523,0.35956397
135527,0.03397010
135528,0.05392761
135530,0.41127507
135540,0.06795914
135541,0.47762904
135562,0.07950388
135578,0.01408629
135584,0.16499085
135589,0.20411490
135590,0.01919826
135591,0.18069366
135596,0.02108841
135607,0.00336735
135622,0.01195453
135626,0.09456748
135635,0.04693690
135636,0.05449603
135650,0.03130747
135656,0.01788900
135657,0.39233706
135672,0.40379561
135673,0.01692530
135678,0.08156927
135679,0.00350916
135684,0.08276627
135701,0.00814327
135704,0.04919599
135713,0.05120756
135716,0.09351281
135718,0.00376568
135723,0.02584087
135737,0.06421549
135738,0.01263918
135745,0.02087212
135746,0.13860442
135752,0.10730751
135755,0.02715391
135756,0.01304734
135765,0.01407942
135778,0.04855185
135779,0.04267677
135788,0.00713738
135803,0.03426471
135804,0.05370183
135809,0.01843787
135811,0.18197015
135812,0.02912331
135823,0.12253351
135834,0.02107072
135838,0.01393418
135843,0.02091150
135847,0.02129080
135857,0.52336906
135865,0.01394436
135872,0.02028647
135885,0.11041640
135888,0.01596487
135899,0.04267008
135910,0.04336467
135930,0.12506992
135941,0.26381769
135943,0.05892621
135949,0.08501920
135950,0.06388901
135951,0.05642672
135954,0.11443434
135966,0.24329671
135967,0.03073000
135971,0.04660753
135974,0.09508376
135975,0.07470487
135985,0.00756737
136004,0.02823786
136009,0.08261227
136033,0.11247183
136041,0.04418992
136051,0.00591859
136057,0.09888489
136070,0.19526999
136099,0.00993550
136103,0.01996962
136114,0.13070992
136116,0.05102003
136140,0.03298089
136160,0.00567877
136185,0.06782202
136201,0.01126669
136211,0.11063855
136213,0.14658415
136224,0.24591867
136234,0.05496644
136244,0.03297278
136255,0.01580372
136257,0.06959551
136260,0.02116404
136261,0.06725315
136263,0.04608970
136267,0.02009927
136277,0.07562804
136289,0.02216482
136293,0.12083005
136296,0.01539277
136302,0.03766314
136312,0.01338988
136317,0.08866555
136337,0.21439168
136355,0.02406618
136356,0.54387715
136383,0.02442310
136390,0.03634808
136406,0.01711703
136416,0.02648271
136417,0.01232888
136429,0.37834127
136440,0.05324784
136445,0.22091072
136449,0.01207817
136454,0.13367355
136457,0.00280789
136467,0.15357597
136474,0.07484150
136503,0.10072131
136505,0.19056413
136558,0.01961793
136578,0.14421575
136579,0.01366711
136582,0.05994567
136583,0.01502186
136588,0.02123397
136593,0.02475276
136605,0.18023110
136617,0.09195586
136620,0.02892897
136625,0.02231439
136640,0.02454236
136643,0.09732636
136653,0.08127947
136654,0.18633351
136660,0.01370486
136661,0.00898898
136663,0.03413766
136683,0.18786497
136711,0.09982200
136726,0.25078748
136730,0.08888992
136739,0.08818931
136740,0.18587338
136745,0.00688945
136751,0.06369018
136754,0.05296525
136758,0.08312784
136762,0.13135068
136763,0.00895534
136778,0.00705403
136782,0.02919172
136798,0.04723414
136808,0.19262379
136811,0.04554259
136829,0.03724331
136832,0.01425943
136838,0.04275249
136846,0.08393664
136848,0.06951404
136852,0.02626615
136854,0.05061243
136856,0.00991326
136862,0.33370256
136863,0.04824635
136885,0.02202589
136887,0.07882372
136902,0.12189556
136918,0.02505412
136922,0.03464788
136923,0.00956469
136929,0.36326804
136940,0.06266890
136967,0.17315107
136968,0.24957373
136972,0.05049341
136984,0.02865167
136993,0.12660759
136994,0.01643629
136995,0.02432173
136999,0.01010963
137013,0.04658695
137015,0.04978795
137023,0.15614792
137025,0.05696625
137032,0.01398929
137033,0.22201924
137045,0.10824965
137049,0.01439312
137051,0.05328890
137052,0.03527739
137101,0.16051828
137119,0.12756373
137142,0.12189206
137149,0.08125700
137166,0.00923957
137167,0.01829350
137192,0.01381743
137193,0.26392243
137194,0.05807390
137204,0.14550968
137214,0.03908836
137222,0.09574761
137223,0.07063489
137234,0.01390633
137254,0.01778471
137269,0.01321051
137284,0.02680921
137285,0.21407709
137286,0.23893707
137287,0.02291459
137300,0.06497963
137305,0.04155230
137313,0.04016772
137344,0.18883501
137346,0.21506300
137354,0.15446516
137356,0.08676828
137357,0.13708175
137364,0.10351187
137368,0.00286874
137380,0.03639875
137383,0.02799102
137395,0.03386281
137432,0.01016840
137433,0.08156333
137435,0.03471301
137444,0.01469882
137453,0.04506588
137454,0.02070657
137455,0.06053803
137456,0.01346883
137457,0.18183765
137465,0.11268974
137476,0.04617994
137515,0.05223126
137544,0.15618463
137549,0.02564852
137560,0.14403944
137577,0.29656223
137590,0.01571645
137591,0.01741221
137592,0.06981628
137595,0.02306913
137614,0.02795922
137624,0.02451734
137640,0.00485458
137651,0.12167122
137657,0.01319261
137658,0.13674644
137672,0.05171225
137673,0.07605038
137687,0.15043419
137688,0.06316938
137689,0.03170208
137700,0.28812541
137711,0.04734279
137715,0.07203794
137718,0.02476948
137721,0.01932831
137722,0.21347371
137726,0.05201852
137739,0.18018958
137741,0.01121006
137743,0.06978274
137747,0.04153026
137761,0.01871855
137796,0.00601017
137807,0.04933490
137809,0.05638356
137824,0.05972408
137827,0.06333568
137846,0.05777514
137862,0.02103474
137865,0.01617034
137868,0.07285086
137875,0.00556625
137878,0.02223580
137883,0.04224038
137888,0.04153226
137913,0.04235200
137915,0.00773829
137934,0.03250785
137936,0.19116377
137937,0.11273703
137942,0.05674526
137944,0.15408801
137947,0.00863230
137960,0.03315916
137977,0.07689328
138006,0.09628538
138007,0.03513785
138008,0.09996228
138019,0.14939262
138021,0.01061312
138022,0.05328994
138025,0.21361434
138044,0.01207030
138046,0.05062869
138050,0.02825404
138068,0.05636289
138084,0.06928808
138085,0.03007803
138086,0.01359377
138087,0.00898846
138089,0.07113171
138100,0.02212932
138105,0.01486657
138107,0.03534258
138127,0.03145606
138128,0.04323071
138129,0.01122038
138131,0.01409432
138132,0.01538594
138150,0.00938641
138156,0.02965994
138169,0.07063696
138174,0.08079856
138177,0.02463370
138187,0.07691925
138189,0.02496305
138193,0.09572905
138203,0.01780266
138209,0.02495923
138237,0.04595724
138243,0.01467440
138273,0.01141591
138274,0.05034925
138275,0.01207778
138277,0.04298927
138285,0.01350663
138289,0.20056238
138308,0.02594946
138313,0.05281728
138317,0.02448016
138326,0.06191044
138327,0.08004776
138338,0.01539589
138367,0.03617736
138377,0.17229864
138416,0.02418568
138417,0.03742438
138419,0.02534399
138425,0.09441145
138430,0.06976768
138454,0.06601806
138465,0.02635900
138470,0.01927777
138480,0.01278445
138481,0.39696463
138486,0.04850804
138492,0.03440011
138496,0.13630318
138519,0.06006161
138520,0.06083253
138522,0.06057678
138545,0.00902674
138556,0.06751893
138560,0.00893272
138564,0.02409523
138573,0.03710010
138581,0.18447669
138585,0.06455277
138591,0.05283204
138598,0.03131838
138600,0.00926682
138602,0.03556846
138613,0.06207530
138639,0.02022994
138651,0.01811691
138652,0.11079473
138661,0.15596980
138674,0.01841620
138678,0.52937732
138679,0.00924046
138686,0.01484276
138695,0.10501420
138711,0.01641649
138728,0.09806004
138731,0.01454368
138744,0.07406909
138752,0.23621665
138754,0.13614637
138756,0.14293509
138770,0.02298798
138771,0.17653513
138807,0.00735709
138818,0.02879981
138819,0.09246455
138820,0.06287821
138831,0.02466005
138843,0.01817644
138871,0.11820397
138873,0.03393429
138876,0.02856400
138880,0.10278954
138881,0.03402625
138882,0.02454148
138890,0.02727921
138892,0.00878072
138893,0.09222260
138917,0.02369181
138921,0.01796426
138922,0.23306065
138924,0.01216840
138926,0.01800749
138932,0.11715646
138946,0.08806323
138959,0.16157150
138961,0.00766628
138964,0.01242397
138968,0.14267196
138969,0.20072029
138980,0.17474949
138992,0.09748693
139002,0.10959681
139010,0.11245954
139011,0.02102248
139017,0.31411875
139030,0.02415820
139032,0.04573055
139034,0.12293422
139039,0.06761794
139049,0.11231257
139053,0.00787774
139058,0.08681525
139062,0.05583409
139067,0.31588086
139069,0.29371028
139070,0.45302187
139075,0.03621090
139082,0.07474106
139092,0.16972186
139098,0.05086451
139108,0.14337528
139127,0.20831565
139130,0.10873706
139145,0.03827322
139164,0.08030181
139174,0.02291455
139175,0.09358822
139178,0.00923848
139180,0.00792839
139181,0.55860666
139186,0.02499684
139189,0.07459966
139190,0.02047765
139191,0.00736939
139198,0.03575951
139201,0.02901846
139204,0.08029927
139208,0.00143856
139211,0.04231698
139215,0.06098582
139225,0.10047559
139226,0.00840862
139231,0.04898651
139246,0.20956822
139252,0.04685070
139256,0.01137636
139258,0.01182847
139268,0.03835596
139272,0.01402320
139283,0.02643893
139286,0.02474672
139289,0.08293257
139290,0.25376388
139291,0.05181040
139293,0.01247321
139303,0.01167516
139304,0.04836927
139307,0.28526830
139319,0.01570004
139321,0.10005388
139326,0.03669832
139327,0.04412227
139355,0.12221404
139363,0.02216278
139375,0.03579394
139397,0.05553646
139412,0.04309043
139413,0.00604237
139415,0.10485392
139416,0.11988905
139449,0.12187584
139461,0.01979736
139462,0.32233082
139463,0.16588989
139486,0.00841077
139493,0.13020616
139515,0.08013099
139516,0.06654210
139522,0.04360537
139532,0.03926348
139542,0.06883894
139545,0.04910110
139552,0.20628814
139553,0.06963360
139555,0.05505160
139559,0.12230657
139560,0.05273592
139564,0.03786472
139565,0.02731436
139567,0.01163031
139568,0.03234091
139572,0.03039497
139573,0.02516449
139592,0.02670249
139595,0.12253410
139597,0.06792405
139598,0.10193927
139607,0.06297912
139609,0.05398107
139628,0.03325836
139653,0.02596182
139656,0.53155950
139661,0.03551793
139673,0.03279505
139674,0.06494887
139683,0.00324135
139714,0.07075838
139724,0.02235630
139737,0.28666028
139749,0.07145431
139755,0.00528322
139756,0.08261347
139757,0.02016093
139763,0.12098447
139769,0.10405888
139774,0.33370320
139775,0.02605779
139777,0.04695834
139780,0.04234777
139788,0.22136850
139794,0.11515938
139831,0.12806149
139832,0.02536125
139834,0.02844766
139839,0.01202906
139843,0.16932399
139844,0.01632986
139858,0.17480711
139861,0.21338175
139864,0.24587889
139865,0.17726790
139874,0.04288062
139876,0.00738149
139895,0.01425614
139903,0.09494419
139917,0.03617314
139930,0.03645784
139934,0.03250720
139935,0.01891396
139946,0.02388666
139958,0.03124791
139977,0.02270460
139981,0.05988034
139989,0.00901384
139992,0.05103375
139995,0.02685327
139996,0.06729397
139997,0.02897643
140005,0.09280052
140010,0.23749185
140018,0.04719357
140026,0.04842364
140027,0.13580700
140031,0.04738848
140037,0.01161863
140039,0.00500734
140040,0.04469304
140042,0.01688641
140049,0.26004403
140084,0.04838464
140087,0.04281347
140096,0.06535310
140101,0.46247999
140114,0.02851490
140117,0.08217049
140129,0.07163305
140131,0.43698390
140132,0.01262924
140136,0.06265179
140144,0.01196032
140151,0.04036437
140172,0.01949151
140174,0.00588133
140190,0.05538400
140196,0.02026624
140200,0.02722189
140204,0.04862298
140223,0.04663482
140232,0.01867102
140234,0.03438128
140237,0.08026026
140245,0.23746865
140247,0.06606916
140248,0.08582695
140298,0.00860374
140305,0.30702859
140311,0.02666677
140312,0.13621988
140318,0.08353273
140325,0.09134434
140327,0.39077072
140334,0.10937879
140337,0.03512869
140338,0.00503670
140343,0.02322872
140376,0.03846169
140378,0.15431349
140381,0.02438267
140382,0.04508743
140384,0.07694435
140386,0.21967312
140390,0.02891626
140402,0.01809012
140406,0.00675049
140425,0.02763916
140426,0.10298478
140434,0.00260857
140435,0.02239246
140436,0.14768701
140451,0.08470257
140452,0.01060565
140454,0.13456663
140455,0.02484451
140483,0.10026971
140504,0.03913162
140512,0.05761516
140518,0.00906337
140534,0.12748461
140545,0.00366307
140546,0.04822678
140560,0.03495483
140563,0.01126004
140564,0.18505831
140569,0.01365477
140577,0.07619005
140638,0.02993427
140655,0.02861779
140664,0.16839753
140669,0.01907300
140672,0.28186720
140682,0.01619036
140693,0.06213651
140700,0.00864035
140701,0.05773987
140704,0.03834069
140705,0.02308032
140719,0.02129316
140749,0.17983970
140750,0.02708404
140751,0.14729073
140752,0.03285458
140762,0.13239551
140772,0.05291639
140778,0.20484393
140779,0.02138293
140780,0.02002196
140802,0.01573919
140804,0.09371825
140807,0.05676455
140813,0.03846634
140827,0.07887014
140840,0.01587826
140845,0.04413878
140847,0.22803319
140861,0.01617407
140862,0.07787735
140872,0.01280015
140879,0.03390774
140880,0.17034081
140886,0.05771024
140924,0.01042525
140938,0.00934241
140944,0.06370358
140945,0.22905912
140961,0.00914088
140963,0.02218464
140967,0.03524023
140982,0.09737132
140990,0.01918944
140993,0.01869299
140996,0.34093967
141004,0.06120166
141025,0.66993355
141030,0.01270902
141031,0.02308963
141032,0.06498299
141067,0.01507987
141072,0.06516029
141081,0.03896765
141084,0.13146261
141085,0.09728227
141089,0.01415362
141090,0.02551787
141093,0.06529684
141095,0.19093575
141110,0.01911671
141114,0.04125283
141119,0.25914672
141147,0.06769203
141150,0.28822413
141159,0.03670422
141160,0.19639422
141167,0.00536970
141206,0.09489187
141213,0.02450773
141215,0.62040284
141222,0.01953288
141255,0.01499535
141283,0.01412858
141298,0.06579632
141306,0.02394524
141310,0.16417082
141320,0.01701728
141323,0.16054940
141329,0.10249298
141333,0.02567322
141339,0.01239324
141340,0.07103362
141344,0.06283914
141345,0.01935114
141347,0.06589017
141350,0.02662255
141356,0.01039486
141358,0.05709030
141365,0.02419992
141368,0.00814042
141369,0.02240447
141376,0.13532540
141377,0.03853389
141385,0.02135032
141387,0.02739670
141388,0.18264428
141389,0.06433606
141390,0.03456785
141409,0.02627890
141410,0.12367833
141411,0.10927356
141414,0.08848109
141422,0.06015629
141426,0.10114625
141457,0.02409992
141470,0.02925728
141480,0.02761036
141481,0.01706840
141492,0.00948001
141493,0.02350331
141496,0.05543513
141497,0.01870478
141502,0.02094878
141503,0.07407488
141504,0.18413044
141507,0.06899106
141515,0.01251467
141524,0.20923438
141528,0.02431411
141540,0.00971040
141542,0.04639968
141551,0.23715929
141573,0.15064050
141580,0.02138763
141588,0.21229251
141596,0.17271971
141597,0.02465176
141602,0.11422007
141608,0.02351777
141611,0.01216700
141612,0.15502912
141618,0.04133003
141628,0.02354135
141632,0.12165627
141634,0.05189278
141637,0.04453472
141638,0.11452596
141639,0.01498950
141640,0.21046931
141644,0.05143283
141654,0.05373582
141656,0.02886666
141668,0.05952101
141717,0.14860677
141718,0.01787101
141723,0.22298544
141743,0.04196292
141744,0.01940323
141750,0.03713236
141753,0.02234641
141762,0.24755309
141809,0.01852602
141815,0.03244632
141826,0.02431005
141832,0.03624820
141840,0.02512163
141869,0.05834326
141870,0.09953063
141887,0.27372970
141915,0.02735205
141925,0.00784842
141945,0.77087624
141949,0.00803398
141958,0.01392982
141959,0.02440064
141963,0.02539896
141989,0.03742914
141995,0.05346912
141997,0.10382288
142005,0.04755405
142008,0.06420754
142012,0.06042670
142014,0.01644265
142025,0.16168728
142036,0.02299409
142037,0.04315566
142038,0.00959679
142039,0.11587488
142064,0.04166692
142065,0.14640558
142070,0.04212102
142074,0.05973690
142079,0.05160863
142084,0.14941032
142087,0.06592300
142102,0.01752926
142106,0.01413382
142115,0.03520330
142120,0.00508819
142132,0.01938271
142139,0.03458155
142142,0.01482969
142153,0.05929991
142160,0.07687402
142162,0.01612439
142163,0.02827960
142167,0.01631373
142168,0.04059110
142177,0.03339006
142180,0.34379909
142183,0.00766616
142186,0.05815003
142189,0.09335283
142195,0.02228267
142198,0.01655784
142210,0.02052341
142215,0.23805249
142222,0.00712810
142223,0.19320084
142224,0.01571539
142236,0.02221125
142237,0.01513484
142239,0.02493347
142242,0.06013126
142243,0.04416832
142244,0.03021643
142255,0.00480257
142273,0.01570254
142289,0.08375909
142294,0.00974968
142303,0.11431012
142305,0.05262478
142339,0.04617585
142359,0.35441914
142361,0.01315783
142364,0.01479697
142378,0.25787620
142380,0.10917622
142383,0.04914413
142387,0.06956915
142393,0.05509049
142396,0.20197758
142407,0.08812693
142409,0.07073253
142427,0.00914928
142429,0.54198866
142430,0.05149939
142431,0.04317554
142433,0.05052500
142439,0.24869899
142440,0.01764679
142446,0.02179003
142459,0.01890946
142478,0.00939587
142481,0.06637151
142491,0.06391276
142495,0.02814087
142497,0.03737372
142510,0.06112495
142513,0.13214472
142521,0.02754992
142529,0.22161181
142537,0.03002997
142542,0.24250512
142558,0.03986460
142574,0.01828916
142575,0.02183750
142579,0.04610246
142587,0.03236979
142590,0.50707939
142610,0.02935672
142614,0.01701108
142621,0.00583345
142641,0.04666416
142650,0.02927934
142653,0.05832497
142667,0.09647122
142671,0.15932848
142676,0.12965223
142680,0.05161678
142684,0.04870123
142685,0.01049593
142686,0.06339028
142689,0.05771674
142691,0.17167974
142704,0.01810127
142707,0.03826165
142724,0.00683529
142727,0.06098215
142728,0.01264832
142741,0.01406273
142747,0.20564165
142748,0.09282239
142752,0.02003214
142755,0.01536347
142756,0.05472098
142759,0.02386199
142762,0.01799076
142771,0.04154174
142778,0.03232285
142783,0.02551058
142789,0.16428001
142790,0.03547064
142791,0.10440711
142793,0.16846468
142795,0.16747576
142803,0.31267675
142819,0.01671970
142822,0.09159744
142825,0.06951919
142833,0.02963775
142871,0.06079032
142872,0.02097879
142883,0.14834833
142905,0.01732023
142906,0.05957934
142917,0.06095899
142921,0.17701337
142927,0.07864224
142932,0.01593365
142940,0.02895796
142962,0.21093808
142969,0.02443682
142976,0.00676619
142977,0.09326903
142982,0.15037967
142988,0.01887083
142990,0.04876351
142992,0.01588626
143012,0.04838264
143013,0.07845319
143016,0.08913886
143017,0.01928288
143033,0.09179344
143058,0.03953592
143059,0.03959424
143060,0.02051532
143065,0.03218185
143076,0.03592172
143081,0.27521773
143088,0.02943719
143089,0.04869397
143090,0.02215618
143094,0.01001107
143100,0.02534962
143115,0.02381014
143132,0.03315189
143135,0.00986514
143136,0.11636096
143149,0.13075279
143151,0.06528110
143152,0.01434573
143153,0.12449959
143162,0.06949420
143166,0.02120106
143167,0.02254008
143187,0.09814197
143188,0.01239467
143190,0.05048403
143191,0.01290038
143195,0.13387020
143207,0.06061496
143209,0.07124387
143227,0.04051842
143231,0.02906279
143232,0.03457918
143244,0.02603305
143263,0.10574052
143268,0.13400588
143275,0.15390739
143278,0.12279955
143302,0.19314136
143320,0.03256854
143328,0.16473501
143336,0.07313547
143339,0.01952197
143340,0.09519482
143353,0.02380495
143360,0.02813879
143361,0.09681968
143385,0.36752189
143388,0.10825234
143389,0.06234815
143390,0.01335840
143393,0.11352867
143396,0.13821455
143419,0.03830277
143421,0.01230187
143422,0.02120120
143431,0.03089731
143433,0.07303522
143440,0.21058428
143442,0.01178204
143463,0.02023772
143466,0.00584264
143475,0.09586643
143500,0.06188512
143510,0.05723049
143528,0.01108006
143532,0.00877074
143535,0.13883246
143538,0.03573074
143548,0.02963213
143550,0.06537238
143555,0.03299699
143576,0.20901887
143593,0.10091139
143595,0.08226484
143596,0.00818913
143597,0.03708612
143599,0.02929923
143601,0.01994136
143602,0.01355540
143605,0.01053012
143609,0.06349415
143611,0.10515980
143613,0.01263724
143618,0.05453290
143652,0.02077889
143667,0.01720890
143679,0.06609509
143680,0.02912608
143692,0.14824278
143703,0.09921887
143712,0.06428908
143714,0.05765060
143715,0.01599351
143729,0.05217664
143732,0.01663523
143738,0.02793037
143740,0.03875307
143743,0.06465008
143772,0.05546644
143773,0.05212257
143792,0.08583041
143802,0.01613886
143808,0.01817669
143819,0.00652195
143820,0.18674615
143825,0.01424681
143828,0.00723236
143831,0.21961197
143834,0.00610655
143835,0.00971358
143843,0.01510340
143860,0.01111692
143874,0.04044364
143889,0.27748212
143903,0.04286989
143921,0.05710140
143936,0.02390854
143944,0.04788126
143947,0.08437253
143948,0.01505113
143957,0.25949819
143964,0.32156500
143965,0.00401480
143971,0.04856296
143976,0.09506310
143977,0.21491009
143983,0.08767576
143991,0.04408342
144015,0.04812250
144032,0.03035706
144057,0.02585367
144065,0.03758085
144087,0.02343691
144090,0.03085418
144091,0.18966097
144092,0.02712740
144139,0.05043786
144150,0.02024982
144151,0.04740800
144153,0.08423729
144154,0.31294663
144159,0.24965075
144168,0.04224787
144169,0.03805963
144178,0.07346275
144179,0.01615998
144183,0.01843362
144186,0.03352978
144190,0.16513843
144191,0.02261175
144199,0.10098265
144226,0.05178800
144227,0.01032521
144229,0.08242865
144237,0.05771835
144247,0.00984114
144249,0.05702017
144259,0.06174741
144260,0.02536538
144282,0.02235459
144295,0.13739184
144304,0.01821500
144314,0.02349979
144318,0.04269997
144324,0.21784216
144325,0.01075988
144333,0.05333223
144334,0.03175216
144336,0.00742371
144350,0.03910969
144354,0.01741216
144357,0.04351384
144359,0.04293912
144365,0.02369004
144385,0.04314447
144386,0.03120378
144387,0.11481744
144390,0.02765032
144393,0.04301589
144398,0.04214080
144402,0.01316703
144416,0.04595312
144422,0.00775262
144446,0.08800174
144451,0.09514948
144461,0.00967358
144464,0.10288022
144483,0.06419184
144498,0.15782347
144499,0.04536912
144534,0.01064234
144549,0.05998889
144563,0.01110357
144570,0.40062022
144579,0.03345229
144580,0.01757663
144581,0.00904328
144582,0.03644987
144587,0.03440677
144588,0.03148374
144589,0.02370669
144590,0.02467915
144598,0.11143738
144601,0.01802456
144610,0.01744146
144611,0.03730355
144612,0.01181865
144613,0.01966746
144617,0.03246824
144635,0.23281311
144640,0.06523389
144644,0.03441301
144645,0.02077353
144654,0.02028433
144656,0.07181073
144657,0.06420672
144658,0.05875168
144659,0.08504748
144665,0.02056349
144667,0.03141184
144675,0.01914482
144677,0.13959145
144678,0.02029056
144690,0.03090303
144701,0.17746495
144702,0.08549899
144716,0.04212247
144721,0.00549097
144722,0.18450882
144729,0.08003329
144744,0.02803280
144753,0.00972555
144761,0.02158279
144764,0.30800419
144767,0.02011634
144780,0.21199877
144781,0.02913245
144784,0.11628700
144806,0.02821270
144810,0.12422833
144811,0.03217934
144824,0.03360759
144828,0.08574281
144829,0.02775115
144835,0.23201815
144849,0.05283127
144850,0.00771785
144870,0.02037315
144881,0.04515611
144891,0.02765855
144898,0.13984176
144904,0.02529802
144906,0.01614246
144909,0.01560214
144910,0.06393749
144912,0.15769763
144963,0.07840248
144965,0.13459859
144966,0.01967431
144979,0.08659779
144990,0.05879967
144991,0.02121500
144992,0.36894790
144999,0.04136792
145006,0.01207277
145007,0.08679296
145008,0.00600091
145009,0.04504323
145011,0.00412371
145014,0.14252422
145025,0.01498351
145036,0.02101970
145041,0.02952583
145058,0.13524043
145071,0.06664826
145106,0.04935623
145110,0.02663358
145142,0.10158383
145146,0.09830893
145147,0.00539138
145148,0.03357868
145149,0.01011848
145154,0.03669542
145157,0.04230589
145158,0.01801503
145167,0.00809964
145172,0.10651699
145174,0.01275538
145192,0.00739483
145195,0.03955220
145196,0.10584019
145199,0.01050253
145209,0.14100937
145242,0.00851139
145248,0.00672615
145249,0.02579186
145250,0.05156769
145281,0.08706682
145287,0.03765439
145288,0.15338418
145298,0.09122828
145303,0.00355499
145309,0.08491087
145333,0.07632380
145336,0.06714526
145339,0.07693809
145350,0.05300963
145353,0.02572252
145354,0.02251166
145358,0.02639119
145382,0.26587632
145383,0.28201480
145389,0.05799795
145390,0.07932694
145391,0.05633174
145392,0.08516216
145407,0.00558791
145410,0.03153641
145412,0.21498727
145415,0.06978914
145418,0.02928670
145419,0.02802224
145440,0.00338129
145451,0.13104173
145476,0.11024062
145481,0.01330772
145482,0.00982526
145484,0.00793060
145502,0.02179497
145512,0.04236223
145515,0.01875135
145521,0.01929167
145523,0.01038815
145554,0.01260223
145557,0.02934220
145560,0.26477903
145563,0.10534021
145569,0.01718602
145586,0.20051246
145601,0.13237501
145602,0.02919356
145615,0.12759236
145623,0.05214070
145638,0.01991586
145640,0.02235982
145645,0.02696049
145654,0.04959192
145664,0.04713556
145677,0.01476369
145679,0.01478468
145681,0.02006301
145698,0.04161905
145709,0.00565445
145713,0.04755544
145720,0.03097402
145780,0.04248158
145781,0.07455230
145798,0.15690000
145811,0.04429728
145819,0.01512188
145833,0.09489228
145834,0.06576371
145835,0.13391440
145844,0.03408832
145862,0.01675005
145869,0.12377253
145871,0.03979289
145872,0.00608026
145874,0.55478366
145888,0.01353493
145891,0.04730681
145907,0.11364745
145908,0.03536855
145919,0.01405144
145925,0.02559206
145940,0.09469565
145941,0.06235151
145943,0.03160277
145951,0.00641572
145954,0.06595111
145957,0.02079865
145962,0.11932641
145974,0.01543846
145976,0.05360227
145987,0.01448726
145988,0.26985014
145989,0.02234622
145990,0.02983691
145991,0.09641132
145993,0.11295332
146000,0.25355387
146001,0.02430969
146006,0.01418981
146011,0.01292374
146014,0.03103069
146020,0.01783159
146021,0.00695194
146022,0.10103517
146026,0.08723566
146028,0.11640675
146032,0.03342132
146033,0.09604312
146037,0.27238566
146059,0.02581932
146060,0.31730268
146063,0.14218964
146069,0.11756428
146086,0.02085197
146090,0.68304159
146092,0.02204116
146094,0.19041018
146097,0.01733394
146098,0.11760797
146106,0.03889834
146115,0.01052226
146121,0.17256061
146122,0.03619528
146140,0.02944247
146142,0.01481393
146146,0.11849766
146149,0.04275618
146153,0.01314773
146155,0.00874038
146156,0.03079074
146159,0.01966001
146172,0.05465132
146176,0.05926234
146184,0.06182948
146186,0.04754904
146191,0.03722467
146198,0.02135367
146199,0.01401763
146202,0.01989997
146206,0.19920766
146214,0.01767083
146221,0.06301620
146232,0.02161289
146239,0.06568782
146246,0.09480746
146247,0.01909157
146252,0.01140413
146255,0.00846196
146256,0.00869935
146262,0.13393059
146277,0.06085197
146292,0.18946699
146303,0.01764305
146305,0.08688480
146313,0.07300189
146317,0.01090988
146330,0.03360267
146344,0.03387965
146345,0.04398357
146347,0.12217594
146356,0.01205141
146369,0.06793206
146384,0.09175755
146385,0.00427151
146386,0.05075285
146388,0.01921746
146404,0.01067772
146409,0.17775716
146413,0.03661910
146421,0.05697187
146428,0.03585200
146451,0.11528609
146458,0.00688890
146466,0.00564963
146476,0.03086337
146485,0.00957022
146486,0.04780724
146487,0.02690939
146500,0.03288077
146502,0.04393706
146512,0.15766141
146514,0.02389223
146515,0.04450795
146516,0.03478772
146533,0.07436401
146535,0.04338211
146541,0.07116499
146557,0.06228258
146562,0.21442857
146565,0.01793706
146570,0.03871295
146571,0.02027484
146574,0.04748145
146587,0.02514548
146591,0.02216689
146597,0.10963146
146600,0.01809575
146614,0.62205924
146621,0.08483339
146623,0.02558769
146631,0.12264698
146644,0.01729595
146649,0.01605717
146651,0.01821778
146652,0.05724986
146663,0.13835696
146680,0.02566974
146683,0.03920110
146714,0.15441192
146724,0.06854142
146730,0.03204285
146732,0.19073165
146738,0.04201777
146752,0.06422477
146755,0.08080879
146756,0.04980384
146759,0.06959872
146760,0.14548581
146761,0.03676468
146765,0.01118314
146806,0.03955445
146809,0.14194841
146810,0.04125391
146811,0.02794041
146815,0.03296468
146820,0.19853372
146821,0.01845150
146824,0.07453704
146829,0.03635978
146842,0.05206627
146864,0.02256583
146891,0.19106630
146918,0.03972196
146955,0.03086741
146957,0.12184300
146972,0.05416510
146973,0.02395996
146979,0.05677569
146982,0.03849990
146984,0.01712689
146997,0.11051379
147001,0.01998329
147008,0.19331779
147014,0.00509032
147022,0.05598851
147038,0.03161097
147048,0.05470031
147060,0.00700091
147061,0.02151466
147077,0.09133253
147082,0.03854985
147083,0.02032343
147085,0.05692482
147086,0.03116182
147099,0.03677418
147127,0.01828021
147128,0.04203405
147133,0.03714945
147138,0.01146474
147139,0.00485341
147150,0.02668845
147155,0.16842371
147171,0.01377611
147172,0.01397787
147182,0.02780072
147195,0.01388632
147199,0.01849903
147216,0.09231409
147224,0.00929010
147225,0.03493886
147230,0.19756967
147240,0.09655727
147250,0.03587851
147253,0.01722966
147254,0.33334564
147264,0.01393264
147294,0.12126176
147308,0.02807803
147309,0.13492796
147315,0.07161552
147319,0.05697004
147329,0.01740306
147340,0.05974025
147345,0.20597208
147353,0.01243354
147354,0.15621363
147364,0.35172683
147366,0.06991845
147373,0.02544434
147382,0.00971607
147383,0.10469548
147390,0.02985617
147408,0.14146293
147411,0.00764142
147415,0.12472137
147416,0.08123406
147425,0.01642764
147427,0.02412199
147438,0.08886661
147439,0.01650219
147457,0.02344603
147459,0.01314104
147463,0.03363838
147469,0.10631070
147476,0.28222791
147483,0.01663564
147497,0.04248431
147502,0.24413289
147515,0.09990831
147523,0.14779242
147527,0.02215881
147541,0.10428836
147551,0.03058369
147552,0.04687265
147561,0.00754036
147571,0.02233309
147587,0.01379706
147657,0.08648663
147659,0.04333183
147670,0.00362896
147695,0.06628721
147696,0.14766173
147702,0.16578020
147710,0.53941802
147711,0.02148129
147712,0.02142136
147713,0.09145401
147720,0.01562660
147722,0.08571062
147742,0.01398719
147750,0.06206487
147761,0.27917757
147764,0.08059734
147770,0.01224513
147771,0.10203667
147774,0.15956878
147786,0.01832409
147787,0.51981962
147791,0.02870129
147792,0.06029028
147793,0.15967348
147794,0.02190055
147801,0.03503106
147824,0.00553268
147826,0.02175040
147840,0.04025478
147847,0.00748888
147862,0.08616422
147865,0.05003459
147882,0.10810439
147893,0.18697068
147925,0.05405431
147932,0.16220489
147942,0.07246767
147953,0.01544741
147955,0.10447920
147964,0.26660634
147966,0.03825757
147981,0.04211056
147982,0.23099031
147990,0.08254444
147998,0.02080098
148002,0.13656370
148013,0.12378770
148025,0.12546039
148026,0.11286552
148031,0.15946429
148035,0.04493283
148042,0.02985516
148047,0.01331991
148050,0.02872853
148063,0.08787392
148065,0.19073813
148069,0.13784589
148070,0.10649662
148075,0.17137893
148076,0.02043520
148087,0.00696803
148091,0.07546188
148102,0.09195036
148107,0.14491679
148108,0.04959914
148113,0.07914941
148131,0.05164362
148141,0.10268486
148149,0.07167759
148150,0.05571596
148163,0.25692829
148175,0.01826222
148185,0.14216967
148187,0.06757867
148198,0.39635950
148204,0.17378322
148205,0.01065870
148212,0.11614945
148216,0.18998779
148217,0.01747929
148223,0.02924805
148224,0.20482394
148235,0.15231117
148255,0.10656364
148276,0.02415462
148285,0.02145186
148289,0.02567858
148292,0.12515457
148294,0.09415655
148314,0.01933204
148319,0.02142461
148320,0.03425631
148322,0.05165989
148323,0.04868392
148325,0.05045612
148333,0.08383008
148339,0.02224984
148359,0.08014102
148361,0.16803571
148364,0.04282848
148380,0.01347157
148382,0.02120131
148386,0.17257778
148393,0.12528791
148394,0.05646680
148404,0.07773439
148419,0.06337588
148423,0.03726844
148437,0.28490686
148440,0.05352374
148448,0.02641389
148449,0.00308946
148450,0.02470811
148451,0.04285675
148458,0.10967830
148471,0.03451417
148475,0.01340505
148476,0.06147363
148497,0.08441375
148511,0.05417737
148512,0.04708660
148534,0.09082734
148545,0.11455944
148557,0.03521313
148564,0.02564547
148570,0.02750365
148586,0.02833875
148596,0.05740935
148600,0.03841952
148607,0.02295481
148609,0.08017651
148622,0.01643653
148623,0.02699125
148625,0.11432839
148626,0.00370621
148628,0.04735258
148632,0.02730792
148639,0.02806169
148643,0.03376883
148644,0.20798904
148680,0.01121692
148702,0.10674420
148716,0.12436918
148717,0.06918071
148726,0.21526229
148738,0.16889518
148746,0.07163718
148749,0.02331384
148750,0.04878569
148769,0.05094613
148791,0.03265357
148803,0.02985762
148804,0.02186075
148823,0.00612261
148831,0.02178069
148849,0.01062345
148850,0.02120174
148855,0.03324791
148893,0.01289196
148896,0.02879239
148899,0.06200545
148903,0.11707205
148910,0.04094364
148911,0.01108895
148912,0.28387615
148913,0.02194057
148933,0.08138416
148935,0.00805243
148937,0.01027802
148946,0.19662751
148955,0.04688236
148980,0.02984005
148996,0.11401641
149015,0.24615923
149025,0.00937732
149028,0.19663967
149029,0.01057532
149035,0.02298858
149050,0.03049291
149051,0.02486075
149052,0.11674327
149056,0.00929437
149062,0.01479115
149067,0.21201485
149076,0.15038414
149090,0.43524074
149106,0.09064078
149107,0.03883307
149118,0.33161672
149119,0.01271133
149130,0.17592873
149154,0.04564867
149157,0.05580715
149158,0.01589966
149160,0.05442557
149163,0.10636273
149164,0.06169377
149165,0.01446581
149166,0.03820386
149214,0.02076813
149231,0.12736779
149236,0.02232209
149237,0.06475539
149246,0.01522764
149247,0.04043524
149253,0.06943555
149254,0.00648837
149265,0.17788494
149266,0.10116236
149277,0.10562199
149283,0.13561308
149289,0.08486597
149310,0.02241419
149314,0.02162480
149318,0.05184417
149319,0.01917009
149320,0.03864849
149321,0.20053964
149333,0.03043329
149337,0.12068262
149338,0.02526071
149341,0.04404351
149342,0.03919863
149349,0.01449291
149351,0.16273791
149354,0.02040639
149360,0.00932110
149362,0.05880072
149366,0.01059177
149372,0.29371260
149376,0.05025838
149388,0.06194933
149393,0.01059355
149401,0.01749661
149405,0.10624236
149412,0.09634717
149415,0.01950187
149416,0.02007705
149430,0.08514518
149435,0.02255123
149436,0.01530991
149444,0.06834194
149456,0.05899152
149471,0.00561763
149480,0.00869795
149481,0.03533535
149490,0.04501879
149491,0.02643992
149503,0.02628062
149512,0.01612352
149524,0.00919715
149525,0.01382870
149532,0.04484745
149533,0.07517165
149536,0.26890957
149540,0.04212358
149548,0.03390448
149563,0.10606961
149568,0.13892020
149569,0.12311229
149570,0.08374951
149582,0.00857556
149584,0.03575271
149587,0.10157461
149592,0.04795006
149596,0.08052865
149599,0.04390248
149612,0.04435546
149643,0.06816951
149648,0.25734215
149665,0.01330086
149666,0.19099408
149671,0.03298370
149675,0.00925108
149676,0.07819632
149677,0.01054082
149680,0.23206896
149711,0.09064117
149723,0.02448746
149726,0.03813281
149727,0.01591021
149730,0.00919937
149733,0.08651809
149734,0.33384665
149736,0.12584045
149750,0.00940472
149752,0.41917504
149767,0.03808077
149791,0.05022160
149793,0.01950434
149810,0.02292066
149850,0.04271656
149857,0.07572772
149858,0.01318745
149860,0.15743697
149882,0.00463906
149889,0.01907526
149890,0.20396016
149918,0.00645079
149919,0.03310253
149927,0.00953111
149928,0.01402306
149940,0.24969150
149944,0.03730959
149947,0.05032009
149951,0.12592215
149956,0.05996706
149958,0.15435010
149969,0.03612560
149988,0.11214878
149996,0.05002164
150007,0.01493905
150018,0.03356992
150025,0.03808955
150054,0.07095849
150064,0.15676268
150070,0.03953706
150074,0.03729253
150078,0.01405098
150084,0.02166036
150106,0.05838523
150111,0.29389292
150115,0.01610908
150117,0.16091092
150120,0.19495341
150127,0.06365680
150128,0.03317223
150130,0.08028636
150132,0.08015548
150135,0.01954563
150145,0.02481600
150148,0.01430021
150153,0.06411874
150154,0.02401182
150173,0.01304859
150174,0.17650172
150176,0.20854955
150177,0.12500428
150178,0.06298492
150179,0.17209416
150187,0.01900529
150207,0.04075843
150223,0.08127666
150224,0.02466194
150229,0.01484188
150233,0.07788765
150245,0.04774081
150252,0.01157004
150257,0.12619991
150258,0.02015118
150267,0.02257941
150268,0.15972723
150272,0.24652165
150282,0.04946605
150289,0.14844154
150299,0.00722203
150307,0.06625951
150310,0.03064258
150311,0.03294830
150312,0.01157746
150313,0.02279535
150324,0.11937506
150335,0.02586523
150343,0.04866312
150354,0.01353514
150363,0.02595766
150365,0.05962028
150377,0.04463213
150381,0.09251531
150382,0.00864704
150414,0.05587582
150418,0.08248748
150431,0.01897855
150449,0.03474070
150450,0.24027341
150473,0.00633485
150475,0.03422969
150476,0.09941677
150478,0.14478823
150488,0.07359763
150499,0.17674548
150501,0.27441557
150503,0.04321649
150518,0.02746894
150529,0.03341735
150531,0.01520853
150532,0.03929377
150535,0.07007684
150543,0.23529220
150545,0.10468594
150548,0.03330292
150552,0.02369090
150558,0.08004538
150574,0.13372953
150576,0.29257545
150577,0.01862533
150594,0.10980127
150601,0.01330267
150604,0.01883759
150618,0.02767014
150626,0.12329612
150627,0.10043235
150635,0.20394535
150648,0.04339736
150649,0.17110667
150650,0.16080184
150651,0.04808144
150652,0.02199206
150657,0.08331787
150659,0.02999951
150666,0.09456236
150667,0.12540376
150680,0.00589620
150698,0.47087553
150700,0.44544650
150713,0.03515800
150715,0.04993359
150718,0.00308290
150724,0.14231211
150731,0.02005997
150734,0.01655854
150738,0.01347554
150744,0.02977742
150745,0.11163098
150746,0.13203156
150749,0.02266826
150750,0.07259787
150753,0.01843622
150759,0.02722304
150762,0.00907414
150764,0.01684765
150782,0.03640909
150784,0.01568609
150785,0.03011205
150786,0.03977875
150789,0.06417242
150802,0.05770518
150809,0.02804061
150810,0.07476067
150817,0.03433677
150820,0.02136333
150822,0.06390939
150845,0.01767795
150846,0.07162969
150854,0.03943474
150858,0.34915731
150866,0.04668493
150869,0.00964292
150874,0.05424254
150887,0.00592946
150889,0.01987048
150892,0.16611417
150896,0.01109014
150901,0.31675091
150914,0.37972903
150918,0.03656252
150919,0.03878045
150929,0.11239803
150935,0.02002324
150941,0.01762563
150949,0.01916398
150950,0.06637129
150951,0.00539669
150952,0.01140428
150980,0.19073199
150981,0.02471168
150986,0.14018119
150987,0.05765151
151004,0.04072721
151005,0.06084411
151010,0.04751506
151012,0.03584741
151016,0.01817183
151021,0.12930112
151022,0.02118879
151023,0.18933269
151024,0.39717292
151035,0.19581941
151036,0.03106530
151039,0.03117609
151041,0.06677607
151043,0.07686430
151052,0.26443885
151058,0.22214580
151065,0.15832360
151066,0.04343251
151067,0.21238989
151069,0.04569799
151070,0.02526009
151080,0.05508880
151090,0.02954842
151092,0.69176109
151100,0.01021674
151108,0.08193024
151113,0.03003947
151119,0.01989951
151131,0.01955996
151145,0.02464794
151147,0.14233720
151148,0.01144873
151149,0.05721520
151153,0.03329208
151158,0.03570788
151167,0.02896515
151169,0.03999185
151185,0.01520953
151186,0.13436883
151187,0.09116800
151203,0.04428400
151206,0.00859212
151213,0.23370226
151237,0.04148031
151254,0.03051405
151255,0.02623739
151264,0.08773609
151266,0.04528031
151267,0.04088534
151270,0.01182456
151286,0.01151168
151288,0.07683914
151289,0.05382987
151290,0.05431009
151303,0.02611692
151304,0.12445515
151308,0.02451295
151315,0.01627513
151324,0.03449308
151329,0.02155832
151335,0.01054202
151343,0.01759856
151347,0.17225579
151348,0.06976959
151357,0.11933683
151366,0.07134190
151372,0.01572926
151374,0.01621048
151394,0.01490934
151395,0.07251952
151403,0.04223064
151410,0.02364682
151412,0.06080998
151419,0.04301064
151443,0.01204814
151464,0.01575572
151466,0.12778898
151467,0.01328123
151476,0.03586547
151480,0.04451170
151481,0.25928523
151486,0.02793728
151487,0.10951372
151490,0.14359554
151498,0.02098365
151500,0.01788152
151504,0.00699844
151516,0.01096403
151519,0.08811880
151528,0.09100419
151529,0.05314011
151539,0.40810170
151540,0.05901188
151556,0.34992240
151558,0.01244949
151559,0.02472243
151581,0.01394927
151586,0.09333491
151589,0.16589622
151603,0.16062618
151604,0.03147467
151610,0.00700801
151637,0.07230966
151652,0.27348061
151654,0.02606108
151667,0.06063080
151668,0.22411307
151669,0.01808603
151678,0.01601483
151697,0.05252495
151706,0.04073079
151729,0.01979822
151730,0.03267832
151737,0.03186547
151744,0.08028203
151756,0.12616442
151785,0.01493060
151800,0.03103143
151801,0.01404521
151821,0.04856809
151822,0.10313302
151834,0.05165615
151845,0.07713438
151846,0.02658493
151847,0.07834404
151848,0.11201203
151859,0.04585267
151872,0.09985057
151875,0.08769179
151883,0.02223541
151888,0.03328103
151895,0.01237881
151896,0.01494910
151900,0.10383070
151913,0.01629417
151920,0.03881774
151928,0.12752875
151933,0.03444202
151934,0.03634262
151948,0.08669627
151951,0.02891807
151963,0.02627380
151964,0.00546749
151965,0.00351530
151966,0.06993909
151974,0.03539705
151975,0.21448084
151978,0.02978957
151982,0.04979915
151993,0.03022590
152002,0.01096339
152005,0.05375288
152017,0.04357247
152020,0.08633842
152039,0.05223300
152047,0.23115491
152064,0.05147165
152071,0.08206304
152076,0.09481496
152088,0.00719619
152091,0.01305824
152093,0.05571350
152100,0.04885996
152107,0.02936264
152115,0.01274493
152119,0.00860778
152123,0.01391960
152129,0.06136754
152140,0.65073432
152141,0.02882311
152142,0.04387748
152148,0.03662006
152170,0.01538611
152171,0.03988265
152176,0.01607201
152186,0.08746137
152192,0.15382926
152204,0.14528631
152215,0.00499666
152220,0.03250786
152230,0.00923369
152256,0.05227852
152265,0.07614249
152266,0.23025692
152268,0.02122847
152272,0.05573472
152286,0.01854444
152299,0.02001184
152305,0.03082095
152324,0.02929109
152329,0.12353996
152355,0.02892209
152356,0.00578021
152365,0.05858662
152369,0.15874292
152373,0.04333118
152374,0.06445999
152383,0.12332336
152395,0.13032781
152403,0.17489754
152404,0.04506444
152406,0.01722760
152425,0.01691519
152437,0.01799416
152438,0.04622439
152442,0.17478094
152460,0.06842322
152461,0.04288252
152462,0.01470514
152472,0.05829970
152473,0.09488999
152477,0.02288868
152506,0.02284136
152522,0.03498489
152530,0.02543251
152535,0.00945119
152543,0.01667941
152548,0.05259006
152556,0.03749048
152562,0.05011886
152563,0.06998319
152565,0.03158055
152591,0.02103438
152593,0.05948726
152612,0.08800876
152619,0.02106718
152627,0.02376292
152628,0.02818630
152632,0.33240778
152638,0.08066639
152646,0.04762321
152662,0.18291217
152679,0.09378714
152680,0.03071388
152699,0.08223875
152703,0.04029985
152717,0.12085466
152720,0.21292362
152721,0.03959710
152735,0.02111560
152736,0.02350393
152739,0.09586604
152755,0.02220259
152769,0.01984050
152785,0.16952121
152788,0.01878441
152791,0.02085956
152808,0.04299929
152815,0.02067473
152816,0.15283603
152817,0.03812883
152818,0.01130208
152819,0.24439885
152820,0.02973778
152823,0.07058103
152831,0.02470405
152832,0.22850330
152833,0.15085185
152835,0.05442713
152838,0.01865689
152846,0.00930963
152862,0.26376200
152864,0.01003853
152865,0.02616618
152871,0.00292046
152874,0.01707054
152875,0.00482008
152876,0.45173833
152877,0.58297405
152881,0.08259712
152892,0.01704000
152908,0.14583643
152909,0.06924192
152915,0.01665370
152916,0.11554365
152923,0.01821859
152932,0.01731858
152934,0.01729287
152936,0.01219867
152948,0.02898087
152951,0.04914689
152956,0.05285097
152963,0.05385371
152964,0.53158214
152978,0.13396488
152980,0.07942163
152986,0.15062290
153001,0.11104099
153002,0.04655433
153007,0.04520907
153009,0.01101379
153017,0.02416288
153018,0.23682433
153022,0.14462735
153027,0.28204874
153032,0.03099079
153033,0.06696399
153034,0.02120839
153037,0.07549519
153051,0.39892345
153052,0.02879400
153057,0.00887360
153067,0.09249959
153084,0.04270056
153088,0.16586572
153089,0.01972545
153093,0.01482360
153094,0.05519171
153095,0.14187000
153105,0.15893360
153108,0.12882582
153110,0.04168860
153119,0.06741675
153135,0.01683005
153139,0.02535640
153146,0.03533957
153154,0.04764128
153185,0.01668422
153195,0.29360393
153196,0.03333579
153198,0.04722262
153202,0.00563389
153203,0.02348185
153209,0.02068640
153223,0.04891651
153224,0.04709871
153227,0.06761505
153230,0.06654705
153233,0.02936646
153234,0.01470906
153235,0.12775157
153243,0.07118044
153263,0.07459903
153269,0.05356044
153272,0.00961537
153276,0.17274433
153279,0.01817427
153291,0.14761275
153311,0.07887670
153328,0.35912197
153330,0.06788703
153341,0.30349430
153345,0.02441093
153393,0.01541274
153394,0.06628519
153395,0.01562686
153420,0.04322402
153428,0.04469663
153432,0.13448697
153449,0.02507036
153458,0.37011882
153459,0.02245854
153472,0.06859819
153475,0.00612808
153479,0.09152679
153480,0.04841767
153490,0.04769031
153491,0.02539334
153501,0.03000378
153502,0.02794615
153507,0.12932825
153513,0.10408582
153514,0.04946772
153519,0.22791796
153520,0.00998485
153556,0.05091546
153577,0.12626878
153582,0.32781038
153594,0.09099521
153595,0.04593002
153598,0.12425087
153601,0.01740099
153625,0.03747405
153641,0.00526769
153654,0.02998594
153676,0.05460390
153681,0.00503861
153704,0.05267818
153706,0.03029171
153710,0.09784963
153720,0.08363504
153734,0.16428123
153738,0.04056045
153743,0.02167708
153748,0.05887130
153756,0.06404125
153757,0.01204793
153759,0.01476592
153764,0.18060043
153782,0.00832124
153796,0.05561812
153802,0.18379168
153809,0.62949268
153810,0.00384309
153817,0.20158874
153821,0.01794976
153823,0.02274042
153830,0.03413581
153834,0.05050231
153839,0.01376944
153842,0.11840340
153847,0.13178368
153855,0.02067951
153873,0.00805045
153875,0.06467802
153882,0.02888009
153884,0.00992180
153885,0.15114832
153886,0.06100869
153890,0.05566391
153892,0.00741651
153897,0.03696221
153898,0.02675002
153901,0.09021220
153924,0.02961647
153928,0.04885220
153929,0.23654616
153949,0.00588630
153979,0.02296985
153980,0.00545657
153981,0.04134690
154010,0.17784364
154015,0.03680954
154039,0.06787486
154043,0.00232893
154044,0.06017469
154046,0.04338219
154047,0.03777080
154058,0.01892912
154060,0.04262335
154065,0.34038116
154083,0.02980608
154100,0.04050295
154108,0.07760214
154120,0.12877599
154121,0.03252801
154122,0.06955045
154128,0.07075355
154137,0.05741600
154143,0.24713838
154151,0.12781924
154158,0.04491252
154176,0.02232699
154184,0.09133364
154191,0.07763139
154215,0.09326022
154216,0.05305326
154220,0.01106696
154222,0.17311374
154227,0.04458583
154241,0.00921110
154243,0.05414138
154244,0.04545422
154254,0.02880215
154264,0.02768046
154265,0.11070618
154268,0.08531844
154269,0.00791259
154299,0.02125863
154307,0.05202759
154315,0.06262398
154325,0.07703753
154327,0.08030588
154332,0.14821851
154346,0.01123870
154347,0.00955514
154353,0.24825872
154369,0.02187433
154376,0.01547885
154377,0.20410556
154379,0.03774036
154389,0.01740202
154402,0.04330579
154403,0.03718600
154416,0.00981448
154428,0.06346430
154430,0.01776648
154442,0.41040943
154447,0.01879131
154468,0.00988640
154470,0.02710717
154473,0.08375867
154480,0.02683788
154486,0.02693016
154500,0.12894943
154507,0.14839224
154529,0.00538631
154549,0.00580521
154557,0.00770907
154571,0.08582477
154578,0.04174968
154580,0.01395078
154591,0.03734316
154611,0.33667766
154623,0.00879101
154650,0.04954723
154655,0.05539260
154659,0.03197338
154680,0.10316443
154681,0.02013197
154690,0.21455513
154711,0.02397424
154712,0.03258405
154722,0.01178742
154731,0.01383126
154747,0.21581520
154749,0.09479135
154750,0.07126460
154760,0.10362630
154763,0.03203426
154786,0.19431298
154788,0.05739369
154792,0.07528674
154807,0.33651754
154812,0.01588829
154818,0.26229834
154819,0.07564622
154824,0.06090505
154839,0.10909785
154840,0.00409550
154843,0.01090808
154847,0.24644671
154849,0.15246134
154850,0.00319172
154851,0.06672482
154853,0.03787815
154858,0.03725197
154868,0.42613302
154871,0.02344769
154877,0.02404070
154916,0.02516404
154920,0.00873062
154922,0.07822962
154924,0.02179197
154933,0.09942502
154942,0.29290532
154955,0.02886959
154957,0.41998113
154966,0.06416522
154971,0.02388757
154972,0.03676499
154973,0.02959231
154974,0.01791612
154979,0.01224637
154982,0.03409209
154990,0.14880418
154991,0.01729533
154994,0.10201932
154995,0.05551823
155009,0.01599454
155014,0.01683161
155017,0.00646244
155018,0.00842614
155019,0.01150506
155020,0.02781698
155027,0.06319633
155034,0.06861493
155047,0.01015732
155049,0.12298506
155052,0.19846572
155053,0.01788035
155059,0.03637839
155060,0.18987252
155069,0.00889653
155077,0.13590350
155078,0.03573725
155086,0.05747284
155088,0.04196860
155094,0.01710941
155099,0.01485874
155100,0.01011535
155116,0.06575816
155117,0.19210527
155119,0.02826938
155120,0.00946935
155133,0.10273261
155135,0.50098886
155141,0.21731776
155144,0.00712380
155145,0.02088422
155174,0.05078783
155194,0.11616452
155196,0.02019533
155204,0.07105311
155232,0.22434342
155240,0.05061052
155246,0.06344684
155254,0.01599156
155267,0.02135875
155273,0.06979279
155274,0.04347285
155283,0.07396613
155296,0.28318572
155312,0.02123948
155318,0.01481482
155322,0.06868457
155323,0.07764867
155329,0.16723833
155342,0.01659302
155346,0.22127171
155366,0.20393937
155369,0.04380116
155372,0.06080111
155378,0.07611277
155382,0.19158266
155390,0.03425953
155401,0.14391917
155428,0.03984319
155443,0.06077334
155445,0.02365599
155450,0.03604074
155452,0.09847002
155453,0.00926431
155480,0.21769731
155482,0.00839281
155484,0.08010405
155485,0.02879368
155496,0.10161863
155497,0.17969420
155531,0.02688016
155541,0.00626308
155547,0.13997306
155550,0.08294662
155551,0.06387041
155565,0.10822242
155567,0.02633478
155569,0.17547215
155573,0.02121884
155575,0.04678945
155581,0.01137421
155591,0.02954343
155593,0.13519267
155594,0.00962124
155610,0.33688911
155623,0.04214210
155624,0.08557238
155629,0.02350811
155638,0.07973657
155650,0.04098359
155652,0.03902083
155687,0.10408747
155697,0.34319576
155715,0.26814959
155718,0.02192619
155719,0.01249500
155723,0.11567280
155730,0.08808103
155731,0.01739352
155737,0.10687832
155738,0.07496665
155740,0.04054173
155742,0.02042142
155755,0.01664555
155766,0.04642974
155768,0.01149980
155771,0.12676497
155803,0.03502848
155808,0.01381759
155809,0.05819490
155812,0.01724053
155820,0.07802380
155832,0.10636386
155841,0.06893110
155847,0.24524386
155848,0.02967285
155855,0.16350972
155886,0.02510207
155893,0.11226518
155905,0.05414510
155910,0.21796429
155912,0.00748486
155919,0.36513460
155921,0.01619277
155937,0.04542477
155939,0.11106846
155950,0.07805942
155987,0.10209291
155988,0.01797542
156005,0.01726176
156006,0.00798834
156010,0.06369355
156018,0.03808256
156021,0.16129752
156026,0.05163316
156030,0.03074101
156033,0.00885164
156038,0.05197959
156041,0.10202673
156049,0.01480512
156050,0.00883743
156068,0.06622511
156069,0.24098282
156087,0.01187728
156088,0.09280657
156095,0.05855074
156104,0.17533857
156107,0.01677835
156108,0.12165890
156111,0.05044207
156119,0.01438759
156123,0.04839086
156140,0.42782014
156149,0.02554459
156161,0.01924581
156180,0.30994235
156186,0.09271143
156189,0.14591498
156194,0.02082673
156200,0.01658696
156213,0.34416053
156214,0.03341408
156228,0.01454908
156234,0.01566598
156236,0.08842100
156243,0.03246854
156256,0.02618212
156268,0.03327599
156269,0.00699870
156270,0.03393928
156274,0.11419228
156290,0.01692156
156291,0.03773854
156292,0.06713199
156298,0.03854536
156301,0.13017284
156302,0.20522063
156309,0.02532955
156355,0.01886563
156365,0.01117281
156367,0.35140372
156372,0.01237736
156376,0.05410796
156377,0.03960368
156389,0.03622748
156400,0.06246883
156404,0.15480580
156405,0.02521219
156426,0.09773994
156427,0.01876958
156429,0.05831711
156430,0.01941117
156431,0.05732889
156432,0.05930503
156449,0.07774168
156463,0.01768593
156464,0.07332972
156478,0.02429535
156492,0.16786761
156508,0.13395291
156509,0.09177982
156517,0.06750780
156526,0.22370558
156527,0.00835303
156538,0.29577000
156542,0.03847633
156543,0.04313076
156555,0.01563470
156556,0.12298545
156561,0.03913877
156563,0.01596491
156564,0.04789062
156567,0.00965624
156570,0.03988173
156581,0.04260510
156594,0.04397396
156597,0.03382255
156600,0.06396948
156601,0.02085924
156627,0.06563712
156629,0.15918867
156642,0.00595139
156644,0.02530215
156663,0.01681425
156674,0.01615854
156688,0.00493989
156696,0.14136434
156707,0.00586095
156723,0.05008257
156728,0.05785970
156731,0.06186928
156732,0.05059418
156733,0.07397669
156768,0.04589798
156773,0.07979417
156782,0.09907111
156815,0.06741582
156837,0.02141999
156854,0.04355063
156861,0.08424663
156862,0.00968445
156878,0.29624544
156903,0.17970222
156910,0.01794565
156925,0.06234697
156933,0.06262701
156952,0.02395689
156953,0.05330953
156963,0.27708890
156965,0.24525419
156989,0.02255784
156994,0.03006317
156996,0.01413087
157005,0.03433593
157011,0.00596340
157046,0.05335020
157058,0.03140526
157061,0.19980515
157065,0.02212099
157066,0.06160019
157067,0.08594458
157090,0.05343344
157091,0.08106058
157096,0.02752294
157101,0.37473307
157104,0.02883895
157109,0.03047608
157116,0.04572886
157120,0.37199929
157121,0.01895063
157124,0.18758398
157125,0.01663452
157132,0.18972914
157153,0.07149409
157157,0.26211191
157159,0.22691724
157168,0.03808069
157189,0.06484601
157195,0.03746340
157203,0.03189375
157210,0.11163980
157212,0.04262977
157220,0.02411984
157239,0.09842205
157241,0.03413749
157246,0.02282811
157247,0.08369138
157252,0.01645787
157253,0.44482372
157265,0.01895718
157291,0.08555143
157292,0.02211129
157301,0.06830928
157306,0.15530349
157312,0.65506011
157314,0.05101117
157332,0.01614516
157333,0.04042966
157337,0.09285878
157345,0.04755267
157347,0.04756029
157363,0.06681358
157376,0.02406321
157382,0.03835801
157397,0.01471449
157409,0.01254048
157411,0.01899085
157422,0.02682871
157428,0.03275422
157434,0.15173408
157442,0.02327941
157446,0.01796511
157456,0.01945519
157465,0.03046440
157469,0.01065949
157482,0.02096909
157497,0.02207207
157507,0.00478689
157510,0.05607960
157515,0.01236131
157529,0.03558055
157530,0.15897972
157541,0.17006131
157546,0.25269405
157553,0.03988849
157554,0.02971549
157562,0.08216761
157565,0.13527003
157566,0.03506481
157571,0.01030397
157572,0.01227384
157574,0.01640783
157575,0.03943373
157581,0.28679073
157590,0.40484987
157604,0.01779822
157611,0.22981367
157617,0.12390372
157620,0.04761592
157623,0.03351072
157651,0.09527354
157653,0.02125670
157664,0.06848830
157690,0.03020348
157704,0.06556484
157712,0.15607552
157722,0.32832598
157727,0.04036592
157764,0.02144778
157765,0.21213808
157775,0.01564333
157777,0.09046246
157789,0.04274600
157802,0.20942759
157803,0.01585392
157804,0.01697540
157805,0.12747010
157822,0.06050401
157823,0.02293915
157827,0.03407762
157836,0.08115878
157839,0.07977512
157847,0.02362664
157859,0.05059011
157864,0.01015020
157866,0.27595583
157877,0.33120249
157886,0.04867363
157892,0.04072021
157903,0.03493418
157913,0.15096008
157919,0.00887024
157920,0.11331458
157923,0.03142882
157926,0.03012960
157927,0.13796248
157948,0.01392130
157949,0.02758618
157952,0.01404734
157955,0.39636855
157958,0.10933873
157960,0.03745140
157966,0.03415386
157970,0.01904460
157979,0.02396160
157980,0.05644269
157985,0.00798763
157997,0.08587456
157998,0.12154699
158002,0.06253526
158004,0.04513668
158005,0.10947751
158007,0.01664708
158008,0.01655335
158015,0.02621384
158033,0.09002412
158036,0.01786253
158041,0.07278884
158044,0.01208177
158049,0.20990069
158061,0.02523540
158078,0.02819693
158099,0.01388571
158100,0.04404049
158102,0.11133790
158107,0.04470218
158114,0.04654173
158127,0.14214484
158128,0.07630934
158142,0.05672311
158145,0.17210785
158146,0.06534763
158167,0.00506924
158176,0.07411073
158184,0.01292948
158197,0.02404207
158201,0.06139897
158202,0.11208313
158205,0.03307706
158208,0.26014777
158211,0.08097613
158215,0.03678744
158218,0.06539498
158221,0.42133464
158223,0.09987917
158230,0.00635321
158234,0.03449296
158235,0.03706533
158245,0.05826432
158254,0.11437044
158267,0.05265706
158277,0.01341213
158283,0.06956629
158289,0.19421832
158290,0.03218192
158298,0.02003413
158307,0.02023865
158332,0.03061336
158336,0.00808618
158342,0.03779804
158344,0.04528517
158347,0.12760338
158352,0.00753086
158354,0.08382611
158355,0.02585780
158357,0.00884514
158365,0.01047970
158366,0.00224057
158367,0.03626393
158368,0.44141390
158384,0.09054849
158388,0.00720862
158395,0.07445765
158413,0.06445359
158425,0.06031484
158426,0.07385405
158432,0.01054516
158444,0.10173865
158453,0.01030360
158454,0.10971400
158459,0.01334555
158462,0.03677964
158468,0.08979300
158469,0.04488091
158470,0.02321739
158483,0.08968414
158485,0.02681882
158490,0.13655929
158494,0.03153036
158500,0.06220596
158503,0.02664498
158504,0.00728207
158519,0.06670894
158523,0.03067241
158527,0.02970599
158533,0.00738715
158535,0.01400881
158539,0.03672195
158544,0.20985786
158547,0.01680586
158551,0.09760171
158552,0.00490802
158560,0.02413248
158616,0.20799635
158638,0.01081848
158642,0.01299094
158651,0.00770152
158653,0.02311911
158677,0.01514591
158683,0.03329676
158687,0.02601233
158693,0.02164927
158700,0.01747258
158703,0.04920621
158705,0.45992602
158706,0.04324818
158708,0.01783482
158712,0.01857080
158714,0.08489299
158715,0.03382972
158752,0.02752702
158753,0.04197075
158763,0.01043816
158764,0.04535606
158767,0.11917098
158770,0.00993693
158781,0.02042531
158789,0.06501744
158790,0.01241239
158791,0.43892621
158795,0.13469219
158796,0.04344386
158800,0.03531730
158806,0.04437170
158807,0.30529089
158815,0.22879050
158824,0.04777117
158828,0.15663221
158831,0.17104861
158840,0.02023319
158841,0.02301627
158847,0.04429707
158856,0.02916360
158858,0.08250206
158884,0.09217936
158885,0.02383922
158891,0.07443681
158898,0.03059712
158911,0.02303144
158913,0.00866967
158918,0.01848560
158926,0.02107190
158929,0.12723566
158939,0.05797656
158940,0.09251165
158952,0.06063941
158963,0.03379388
158973,0.01382851
158977,0.13226203
158988,0.15926940
159013,0.12279625
159016,0.05995945
159018,0.00508687
159024,0.25903164
159034,0.08528175
159035,0.08893235
159039,0.12279007
159049,0.08105991
159056,0.10350795
159068,0.02539143
159078,0.10189429
159099,0.04212999
159103,0.09068003
159106,0.16523343
159113,0.01351199
159117,0.03306293
159124,0.44335324
159132,0.02659378
159139,0.02413200
159142,0.06799276
159145,0.08011250
159147,0.02260589
159174,0.01568632
159201,0.06921042
159203,0.03008372
159212,0.25238927
159214,0.07485886
159221,0.02753829
159240,0.03846129
159241,0.05579690
159242,0.03420269
159244,0.08951833
159250,0.05362602
159275,0.02952801
159284,0.08350844
159293,0.08801332
159295,0.03913169
159301,0.01221640
159310,0.09037218
159314,0.03216667
159318,0.00916438
159333,0.02512360
159334,0.02296999
159335,0.06511664
159337,0.18759572
159338,0.12160194
159340,0.10531426
159361,0.01338585
159384,0.08094387
159402,0.05092093
159421,0.03503086
159424,0.12872730
159425,0.00888820
159426,0.06365148
159439,0.11226985
159445,0.03650721
159449,0.01643405
159460,0.47255098
159475,0.05474712
159481,0.04176328
159483,0.07641553
159494,0.02496256
159504,0.02045887
159512,0.08778523
159522,0.29149884
159524,0.03837614
159526,0.02055291
159528,0.03613292
159547,0.39180051
159555,0.00818869
159562,0.02797307
159563,0.01975036
159565,0.15736252
159569,0.04901971
159578,0.01823073
159579,0.07662443
159581,0.00817873
159594,0.06917947
159598,0.01344868
159604,0.03946289
159605,0.01538929
159620,0.11100449
159631,0.05843805
159633,0.01917025
159659,0.06538812
159661,0.09057103
159667,0.02057135
159669,0.02032188
159682,0.04147293
159683,0.02096664
159693,0.03807869
159698,0.02337421
159702,0.04576521
159703,0.03062157
159707,0.01430022
159716,0.02486412
159732,0.05392974
159734,0.05580773
159740,0.02459210
159748,0.08119304
159751,0.05113921
159756,0.16719097
159758,0.23268203
159767,0.02372539
159769,0.30728238
159775,0.04170596
159802,0.03366746
159804,0.03516032
159817,0.02927396
159818,0.00322730
159824,0.01547603
159837,0.00435974
159840,0.03225248
159842,0.24092364
159851,0.01092621
159865,0.44668237
159866,0.08250301
159872,0.03830031
159874,0.03459946
159879,0.02525611
159883,0.04964658
159884,0.02810500
159898,0.14815919
159903,0.05112717
159906,0.06148198
159914,0.15083639
159915,0.16166949
159917,0.01908469
159929,0.05929821
159949,0.19332128
159951,0.02322279
159953,0.02952852
159957,0.06155956
159968,0.03788451
159972,0.04418203
159973,0.06415009
159993,0.06778620
160008,0.22429730
160011,0.02581308
160013,0.04736526
160015,0.03564786
160017,0.01154691
160023,0.08029363
160028,0.14255571
160035,0.06353724
160074,0.14095943
160076,0.04783683
160077,0.05425007
160080,0.06784517
160084,0.10092468
160089,0.40167538
160094,0.00440772
160101,0.02080074
160103,0.02760111
160111,0.07397847
160114,0.03547143
160116,0.02312086
160119,0.04813555
160123,0.02126726
160141,0.03325016
160147,0.01927272
160151,0.03535678
160172,0.39063254
160173,0.01189634
160177,0.08877722
160178,0.02293799
160180,0.01731701
160181,0.02356018
160188,0.01524909
160189,0.00872804
160193,0.01471988
160205,0.02281497
160214,0.11276410
160215,0.06782148
160217,0.00961645
160262,0.01419535
160263,0.02731567
160273,0.06097199
160282,0.22369656
160295,0.34234153
160297,0.05481579
160303,0.00757621
160305,0.02869910
160309,0.02531218
160324,0.02413583
160338,0.21057065
160366,0.06440634
160375,0.01928676
160381,0.02038038
160398,0.02240044
160400,0.04289628
160406,0.08085007
160410,0.02500555
160411,0.00383126
160418,0.03233063
160440,0.00541604
160441,0.05345896
160450,0.24841615
160465,0.01138320
160470,0.04568996
160471,0.09474850
160472,0.32510499
160479,0.07158266
160490,0.02868846
160500,0.18806004
160503,0.01693019
160504,0.07152564
160515,0.06757257
160541,0.11520793
160545,0.04495239
160562,0.03827553
160589,0.04318277
160594,0.02750046
160595,0.00871409
160598,0.05774135
160601,0.01386721
160605,0.32046510
160606,0.01120298
160607,0.01746383
160608,0.12084777
160610,0.04012816
160614,0.08286143
160615,0.01230528
160626,0.01494735
160634,0.00451542
160656,0.01563700
160660,0.02319022
160666,0.06529759
160672,0.02163880
160673,0.02165568
160674,0.03359999
160681,0.02583489
160683,0.04799714
160694,0.01983776
160710,0.09095522
160715,0.13034035
160719,0.07018010
160732,0.02890534
160734,0.00492006
160737,0.18831133
160742,0.04078786
160747,0.00872834
160749,0.14976220
160753,0.03339595
160756,0.09493050
160757,0.06913694
160763,0.00694849
160782,0.01530814
160789,0.03558933
160804,0.04555463
160805,0.08441172
160813,0.01929237
160815,0.00695764
160819,0.02617996
160820,0.09566999
160822,0.01644273
160823,0.11190975
160837,0.06014691
160841,0.01759355
160847,0.07513628
160861,0.05587193
160886,0.02167215
160891,0.03950803
160897,0.03503129
160914,0.07564770
160915,0.15360475
160929,0.17335870
160930,0.00793252
160931,0.00843570
160935,0.08097115
160939,0.04861027
160953,0.01334657
160954,0.03775173
160962,0.05746371
160966,0.01075675
160982,0.03633646
160983,0.02395285
160991,0.01801795
160998,0.02198311
161009,0.10428919
161014,0.01751442
161017,0.04921283
161021,0.02153007
161023,0.02123927
161027,0.01971181
161028,0.05482197
161030,0.30449601
161031,0.01269708
161033,0.07985715
161050,0.06615353
161053,0.03914671
161054,0.04744483
161055,0.00753716
161059,0.03097469
161061,0.08291750
161065,0.05941612
161069,0.04759049
161072,0.02736993
161073,0.05308445
161080,0.06192777
161083,0.05316588
161104,0.03500853
161111,0.17506988
161139,0.08342384
161149,0.02409414
161158,0.12243759
161171,0.07527829
161175,0.05309806
161201,0.10778092
161202,0.11184348
161205,0.06883799
161228,0.01377111
161233,0.04441221
161234,0.05092132
161237,0.04587396
161238,0.06415795
161250,0.15225599
161251,0.02029295
161253,0.01123367
161254,0.02202665
161283,0.02123688
161291,0.04157186
161297,0.02237384
161300,0.02883822
161314,0.13695746
161315,0.04405364
161336,0.02441544
161341,0.24629096
161343,0.06822689
161351,0.15966121
161352,0.05409522
161353,0.05113028
161361,0.07705211
161366,0.04110992
161368,0.26693521
161378,0.05261526
161379,0.07530055
161380,0.01989817
161398,0.12506440
161408,0.00594083
161432,0.01207395
161439,0.09021120
161461,0.07868641
161467,0.10828356
161468,0.05711612
161471,0.04277304
161477,0.15430030
161503,0.02364299
161514,0.00647443
161524,0.28676108
161527,0.04258170
161528,0.02210674
161531,0.27709274
161536,0.02194098
161537,0.04708964
161548,0.03082475
161558,0.01908070
161572,0.00615499
161586,0.01115049
161605,0.05811697
161606,0.03870612
161607,0.05809161
161618,0.06361811
161640,0.06793806
161658,0.08072760
161660,0.01637412
161661,0.07780382
161662,0.26606638
161677,0.10270186
161681,0.08014860
161682,0.01239265
161683,0.09143768
161685,0.01075897
161686,0.02588723
161687,0.02953935
161691,0.02280440
161701,0.07594128
161707,0.03668606
161709,0.01802891
161710,0.01333373
161711,0.07360902
161714,0.12508133
161742,0.04990073
161751,0.01131858
161764,0.06119217
161771,0.13064954
161781,0.04318161
161782,0.03070965
161800,0.02344480
161810,0.08606573
161812,0.07107811
161813,0.00936088
161816,0.00636552
161838,0.12898554
161841,0.03309371
161845,0.02637949
161871,0.20079924
161877,0.11789953
161882,0.03666753
161885,0.07490884
161886,0.01729528
161895,0.02612381
161897,0.07902945
161914,0.05318126
161921,0.05972514
161922,0.05352353
161927,0.38274113
161946,0.00544097
161952,0.03459711
161954,0.15665186
161955,0.11967808
161961,0.04749269
161977,0.16549989
161980,0.04182995
161989,0.11643917
161993,0.19505696
162002,0.03165756
162011,0.02681666
162012,0.00847264
162015,0.02854589
162016,0.02039001
162019,0.01451101
162021,0.06951849
162022,0.20915910
162023,0.05503781
162025,0.01395356
162028,0.00366608
162029,0.01505366
162030,0.01163158
162031,0.36083741
162033,0.14085143
162037,0.00652517
162044,0.07236637
162071,0.06181844
162093,0.06578760
162094,0.02626787
162100,0.00449084
162102,0.06533381
162105,0.07575887
162109,0.06548715
162116,0.06598308
162117,0.00801946
162118,0.14476318
162120,0.14726617
162125,0.05766867
162128,0.22940828
162131,0.21023940
162133,0.07803933
162135,0.05683078
162156,0.01566668
162157,0.02007960
162165,0.10363995
162166,0.03044778
162170,0.07224903
162201,0.02930466
162202,0.04002395
162206,0.00591081
162211,0.05994050
162227,0.01626984
162232,0.01915386
162235,0.02911584
162237,0.30376558
162248,0.04338948
162261,0.04318319
162262,0.02494811
162280,0.01899008
162282,0.02815700
162284,0.04753194
162287,0.20068121
162305,0.03290352
162308,0.01792288
162309,0.02447872
162312,0.01706476
162313,0.00603711
162316,0.04405426
162324,0.04902398
162325,0.09869872
162333,0.01898916
162334,0.09844675
162337,0.03245396
162340,0.06230070
162344,0.09152285
162347,0.04745730
162350,0.02198273
162351,0.13361560
162365,0.04004470
162368,0.02139045
162379,0.09594146
162383,0.01881993
162392,0.04024598
162393,0.03415043
162397,0.07053523
162398,0.08553233
162406,0.09066553
162410,0.06618057
162418,0.00499492
162420,0.05700738
162424,0.08272847
162425,0.01091797
162438,0.01849137
162442,0.00968868
162462,0.03008779
162476,0.00692990
162477,0.01695248
162480,0.03454583
162491,0.05211638
162493,0.02793602
162503,0.02438765
162504,0.04405247
162513,0.05338345
162516,0.22890133
162517,0.03007701
162522,0.08786402
162523,0.06624419
162542,0.08146247
162584,0.13960860
162586,0.05306596
162589,0.06896302
162594,0.03839792
162616,0.02048304
162630,0.06757456
162637,0.03737425
162652,0.01175774
162659,0.29996159
162668,0.01352468
162674,0.03722298
162680,0.08032531
162685,0.24975963
162689,0.14436880
162711,0.02511117
162714,0.02021218
162732,0.01029258
162741,0.02575790
162758,0.10231171
162759,0.03276623
162775,0.05650725
162776,0.05963197
162777,0.02260436
162782,0.02083563
162786,0.01245862
162794,0.07193688
162799,0.01175984
162801,0.12882829
162802,0.10843244
162807,0.02257732
162820,0.01889864
162827,0.01127990
162833,0.02144551
162837,0.02459803
162844,0.02048229
162860,0.04719288
162862,0.01736237
162864,0.09279290
162868,0.06494730
162880,0.03617750
162895,0.31539838
162898,0.07343457
162918,0.06581716
162924,0.11611773
162931,0.11719529
162936,0.06601792
162978,0.06936897
162979,0.02215901
162988,0.04500033
162989,0.08449238
163013,0.09862131
163014,0.03648615
163021,0.04598983
163024,0.01161031
163027,0.00870755
163030,0.01572220
163031,0.01689061
163032,0.01455026
163039,0.09427398
163042,0.01991183
163048,0.04835544
163049,0.01605383
163068,0.07153333
163071,0.01567187
163074,0.05048872
163079,0.04353295
163080,0.01240492
163085,0.04010238
163093,0.06058826
163094,0.12065764
163109,0.06348260
163116,0.02619846
163117,0.03139957
163118,0.05806811
163119,0.34001464
163121,0.02018111
163131,0.03579097
163132,0.06617481
163133,0.23081778
163182,0.04091583
163187,0.01842994
163188,0.35124318
163195,0.01622150
163197,0.01800516
163200,0.00283557
163206,0.25508450
163207,0.04396438
163214,0.11536335
163222,0.01364721
163224,0.02608009
163226,0.17498278
163235,0.06277958
163240,0.06792717
163258,0.13318773
163263,0.01786296
163264,0.17828279
163265,0.04241072
163266,0.05902841
163268,0.08920157
163272,0.02094584
163273,0.38673712
163278,0.17947501
163288,0.00367535
163299,0.16563768
163302,0.09881004
163307,0.02055374
163321,0.09284815
163349,0.05307090
163352,0.21003796
163353,0.05470014
163357,0.17543235
163362,0.02280430
163375,0.01244361
163385,0.01487812
163386,0.13608707
163390,0.08855922
163408,0.18708099
163423,0.02453766
163426,0.23768480
163437,0.23875274
163452,0.03057608
163472,0.04547085
163473,0.01269365
163479,0.01222494
163480,0.01514133
163487,0.05040436
163492,0.22545511
163493,0.05273052
163523,0.33852616
163524,0.03156499
163527,0.05823842
163528,0.19222109
163531,0.00768530
163538,0.06677610
163556,0.01957834
163563,0.54823034
163566,0.05169542
163570,0.02252635
163571,0.02459838
163574,0.04358121
163578,0.03644554
163580,0.05679397
163597,0.09691652
163601,0.07675593
163604,0.10523191
163609,0.02726614
163618,0.05893393
163634,0.17289739
163647,0.06740368
163660,0.46195409
163661,0.03224771
163666,0.01554142
163667,0.11523175
163669,0.05437304
163676,0.01584559
163681,0.01902115
163682,0.04403077
163684,0.04546716
163714,0.15453291
163724,0.02217907
163728,0.21220681
163729,0.01195579
163738,0.00762859
163742,0.05892981
163743,0.27272087
163748,0.04704992
163759,0.03216848
163782,0.01831894
163793,0.01222518
163800,0.02100614
163801,0.04666962
163802,0.02847722
163814,0.03627237
163820,0.03894170
163821,0.01309758
163848,0.00780854
163852,0.11233483
163854,0.02407088
163855,0.30694506
163882,0.00825175
163895,0.03942751
163900,0.28136595
163907,0.06401771
163915,0.01188321
163926,0.07127524
163929,0.02561706
163934,0.23474492
163940,0.05731324
163943,0.04937853
163944,0.03856833
163949,0.00873762
163951,0.01197715
163952,0.05123981
163965,0.13172235
163970,0.02694229
163980,0.04618142
163981,0.03323627
163988,0.20226018
163989,0.09558370
163991,0.00932314
164015,0.06276338
164028,0.04126942
164030,0.07145994
164031,0.14148434
164037,0.01040055
164049,0.07214372
164052,0.02134224
164059,0.01586522
164083,0.19970603
164095,0.03712785
164106,0.39874792
164116,0.04529776
164117,0.34339773
164119,0.02135552
164133,0.15106990
164134,0.06432677
164142,0.02119643
164143,0.01186738
164147,0.02243567
164148,0.10741622
164150,0.20623884
164152,0.03765500
164156,0.26818260
164157,0.04024478
164158,0.02698717
164166,0.16201532
164191,0.02500313
164194,0.03484998
164198,0.00936278
164201,0.04040206
164202,0.02625606
164207,0.45640773
164228,0.02131377
164240,0.05274109
164241,0.02800684
164244,0.01126930
164256,0.16552317
164262,0.03702572
164269,0.01579826
164276,0.01388266
164281,0.16714295
164290,0.01680026
164300,0.32727278
164305,0.16352863
164307,0.02286527
164308,0.01322856
164309,0.00806605
164314,0.12200272
164319,0.03328155
164331,0.03607731
164332,0.01443974
164343,0.05166141
164349,0.08606884
164363,0.05145540
164373,0.07922336
164410,0.13377943
164417,0.05942583
164436,0.01460497
164438,0.01336940
164441,0.05527864
164445,0.01824769
164451,0.04453416
164452,0.00628019
164502,0.08144406
164513,0.07593759
164526,0.44830319
164527,0.00944825
164528,0.08084302
164530,0.01795183
164537,0.13264672
164542,0.07178998
164546,0.04477629
164555,0.36812689
164556,0.01039770
164568,0.23002168
164571,0.15359849
164572,0.24186870
164574,0.04198940
164580,0.03906921
164597,0.01226463
164601,0.00712297
164619,0.05091585
164633,0.01992097
164642,0.03673263
164652,0.12358774
164676,0.01895818
164682,0.02015279
164685,0.06064824
164691,0.13055946
164696,0.02662564
164708,0.04661199
164711,0.11560081
164712,0.09255565
164717,0.03273017
164721,0.04932369
164740,0.01777148
164746,0.00910272
164755,0.01784929
164761,0.03735192
164764,0.01561351
164766,0.70518468
164776,0.42950168
164777,0.01405019
164783,0.03581185
164786,0.00808773
164799,0.05311518
164808,0.09793166
164812,0.05197326
164815,0.08334608
164816,0.01715268
164817,0.10603296
164818,0.12545275
164819,0.32642723
164821,0.03979268
164822,0.02036424
164825,0.01312959
164834,0.06586562
164841,0.00539124
164842,0.12979346
164853,0.02852906
164855,0.06616072
164856,0.01175592
164878,0.01359913
164883,0.03002892
164887,0.03409688
164888,0.02362949
164889,0.06666535
164891,0.35954158
164892,0.00610446
164922,0.02997925
164924,0.07696440
164933,0.17456267
164938,0.02550884
164939,0.10311646
164949,0.01671405
164950,0.00842655
164957,0.47462325
164961,0.11853987
164963,0.02346759
164972,0.03101190
164980,0.01338428
164981,0.03744598
165020,0.02843111
165027,0.03699705
165046,0.06922370
165048,0.14066468
165049,0.06040116
165058,0.02676487
165065,0.04395949
165081,0.02396427
165082,0.09528970
165090,0.02275926
165107,0.01495271
165131,0.07891276
165133,0.10144990
165137,0.01754088
165140,0.08593119
165142,0.03442124
165143,0.08414233
165152,0.08437317
165154,0.01994273
165158,0.18990311
165166,0.01221402
165168,0.07677001
165171,0.01349119
165175,0.08339468
165182,0.02304177
165188,0.23305778
165190,0.01335798
165199,0.01677419
165202,0.16081823
165203,0.06825758
165204,0.04952991
165208,0.03074436
165221,0.15502186
165243,0.01048743
165283,0.10045021
165300,0.02012325
165302,0.09314707
165304,0.01843068
165313,0.03569229
165336,0.15096048
165339,0.06543904
165363,0.22233303
165376,0.13194481
165380,0.21492389
165385,0.01039036
165386,0.02384972
165410,0.00659203
165422,0.00725496
165426,0.02610797
165428,0.03871766
165445,0.13013873
165452,0.08733039
165454,0.03175326
165455,0.01638115
165462,0.01811831
165465,0.06001267
165466,0.10083575
165467,0.16098499
165476,0.04548039
165477,0.03624227
165478,0.51321244
165497,0.11742496
165500,0.03250852
165511,0.03971108
165513,0.14906892
165515,0.30039772
165521,0.01389947
165522,0.06319555
165523,0.06586008
165530,0.05993319
165537,0.03651884
165538,0.01980352
165539,0.06593029
165545,0.01424857
165550,0.04285669
165551,0.06343730
165552,0.05822012
165557,0.03140587
165558,0.03853814
165560,0.02614400
165574,0.10624216
165576,0.38891906
165587,0.03112908
165601,0.01051270
165605,0.01093476
165606,0.01022125
165607,0.03069752
165624,0.05357356
165632,0.04806283
165633,0.08457939
165634,0.11477806
165646,0.04480522
165649,0.01440880
165651,0.10378174
165661,0.02326375
165666,0.03519838
165669,0.06077995
165674,0.01381641
165685,0.17634940
165687,0.04216166
165692,0.06610067
165721,0.25598482
165726,0.07717410
165748,0.03289637
165749,0.08096889
165752,0.04033405
165755,0.02760126
165758,0.02299104
165761,0.01942159
165762,0.04509378
165780,0.02550279
165781,0.02685704
165789,0.15159291
165802,0.00545584
165806,0.03642005
165817,0.03835434
165822,0.37002755
165837,0.01172103
165840,0.12775761
165846,0.00980272
165853,0.02093360
165864,0.34276757
165865,0.02641104
165868,0.17721943
165869,0.03285249
165871,0.03793192
165880,0.05185774
165887,0.08571358
165904,0.07134645
165907,0.02044981
165910,0.03682631
165915,0.08424020
165917,0.02632261
165918,0.51963042
165919,0.03269625
165923,0.09469686
165931,0.00954907
165932,0.02886459
165934,0.43394949
165939,0.06856168
165944,0.10126457
165951,0.41431519
165955,0.00916454
165959,0.13078041
165966,0.13833307
165970,0.06188761
165975,0.01850020
165977,0.00944100
165990,0.21425428
165997,0.02865502
166003,0.06424634
166008,0.02465852
166020,0.04070429
166025,0.02308789
166033,0.02512798
166038,0.04355880
166042,0.04242254
166049,0.01057329
166071,0.00453179
166091,0.15893343
166093,0.24383732
166095,0.03352838
166104,0.01380406
166107,0.02664284
166108,0.02876948
166110,0.01756436
166112,0.11469859
166135,0.04657767
166136,0.02237825
166138,0.13283197
166153,0.22724353
166155,0.06110962
166158,0.03889437
166164,0.10273636
166186,0.06998591
166191,0.10720100
166196,0.00735488
166197,0.18363962
166202,0.03642775
166215,0.01271624
166230,0.02845324
166243,0.32030966
166244,0.05418051
166255,0.01660166
166258,0.08223103
166263,0.15693485
166271,0.06735657
166283,0.07278012
166286,0.02826611
166291,0.02572503
166294,0.06922399
166303,0.13286179
166306,0.05707982
166309,0.02383133
166316,0.14853659
166317,0.02183732
166321,0.09950617
166331,0.03159873
166349,0.02002521
166374,0.00278226
166387,0.00705892
166393,0.02719288
166400,0.01539388
166420,0.00472530
166446,0.01829934
166449,0.03500263
166452,0.04252110
166495,0.02294753
166501,0.03552660
166514,0.10846852
166515,0.06108513
166521,0.03486376
166525,0.02736907
166529,0.01693501
166536,0.10836137
166542,0.03096754
166543,0.13353477
166545,0.03934655
166550,0.03765016
166560,0.02288485
166567,0.04240218
166570,0.10005583
166573,0.05865242
166582,0.15051379
166583,0.16182016
166590,0.01092097
166594,0.09440270
166618,0.36108861
166623,0.12793681
166626,0.08032363
166641,0.20077178
166654,0.01289111
166682,0.09814247
166685,0.09123033
166688,0.04316733
166692,0.04398602
166701,0.02411076
166702,0.10736784
166705,0.01502094
166713,0.08778525
166733,0.01336913
166734,0.04045910
166738,0.03899483
166739,0.02243614
166740,0.02686606
166755,0.03537245
166761,0.19170463
166764,0.03251550
166773,0.01546026
166774,0.05169974
166814,0.02880525
166819,0.12321400
166834,0.10900738
166841,0.18604200
166848,0.16560914
166857,0.06503582
166858,0.00972758
166873,0.02021127
166889,0.01263702
166890,0.00806992
166891,0.08481988
166902,0.14129774
166908,0.04884946
166916,0.06989809
166920,0.05665856
166922,0.04817910
166926,0.02784447
166928,0.04099656
166930,0.15990118
166931,0.01436488
166932,0.01466652
166937,0.01060250
166941,0.01604432
166944,0.01731706
166960,0.07101747
166972,0.01999633
166973,0.04915563
166978,0.02378416
166984,0.14847321
166994,0.04554483
166995,0.08191116
166996,0.01107197
167001,0.02867979
167006,0.06726879
167007,0.04615147
167037,0.25017874
167041,0.01339729
167051,0.13285298
167052,0.08827154
167054,0.03066827
167057,0.03975902
167058,0.04736370
167059,0.01207666
167060,0.03185933
167066,0.00836007
167077,0.04212882
167078,0.03746625
167080,0.08506504
167089,0.07780602
167090,0.05597360
167091,0.04348080
167096,0.02388945
167105,0.05729292
167121,0.04246300
167128,0.06028782
167131,0.24552589
167139,0.03270827
167140,0.26536397
167149,0.10185443
167152,0.41415091
167153,0.12894349
167163,0.17176482
167167,0.15465440
167171,0.02770867
167178,0.02309538
167179,0.04229136
167182,0.01217112
167187,0.02918928
167192,0.14643915
167208,0.02127135
167212,0.19281488
167217,0.05002355
167230,0.12737934
167236,0.00501489
167238,0.06261830
167239,0.02937261
167257,0.12748714
167260,0.10101510
167264,0.11030357
167271,0.03287653
167273,0.17841494
167276,0.13775122
167283,0.18117622
167295,0.04725104
167296,0.28230726
167299,0.21821159
167310,0.00415731
167313,0.17399710
167323,0.01769586
167328,0.05003962
167329,0.04062062
167333,0.03017315
167349,0.04199847
167351,0.03019856
167359,0.02913129
167363,0.02725002
167371,0.00926540
167384,0.09354894
167387,0.03695459
167389,0.03906268
167393,0.01627389
167401,0.03030184
167427,0.01947299
167428,0.01111960
167433,0.04911355
167434,0.04505274
167437,0.07890411
167438,0.02334935
167454,0.04453124
167475,0.00718108
167480,0.02670530
167491,0.02962365
167494,0.08141375
167495,0.06681225
167503,0.02329006
167521,0.06456399
167529,0.05279459
167530,0.01415687
167550,0.03217000
167554,0.04352282
167557,0.09680361
167562,0.03055840
167566,0.06370076
167572,0.45272821
167573,0.16587211
167578,0.08230233
167592,0.18004861
167597,0.04428116
167621,0.06063396
167622,0.01039122
167631,0.40604787
167637,0.53611355
167638,0.03174415
167645,0.08074158
167648,0.36540347
167697,0.12951070
167698,0.00953783
167701,0.05692730
167708,0.00817438
167714,0.00671226
167717,0.35274466
167727,0.01959527
167737,0.02134695
167746,0.17779211
167751,0.06286215
167753,0.06349189
167755,0.02110921
167771,0.03997222
167805,0.06468725
167811,0.03741637
167815,0.03029989
167829,0.01974788
167830,0.04650657
167834,0.04273069
167841,0.11441918
167846,0.01573182
167851,0.37594781
167871,0.00859015
167890,0.06440876
167898,0.00578957
167901,0.00559636
167902,0.03546205
167907,0.15628085
167911,0.02345622
167912,0.03030861
167916,0.08330833
167917,0.01691701
167928,0.08129635
167940,0.03558297
167947,0.04561924
167948,0.11192138
167953,0.01682150
167957,0.14317360
167958,0.01023494
167968,0.00739818
167970,0.04855117
167977,0.01454122
167980,0.02642310
167993,0.11227550
167994,0.09675522
167998,0.03721863
168000,0.11031506
168006,0.07140088
168011,0.05514949
168012,0.01333198
168013,0.03143559
168022,0.01306733
168026,0.06782841
168032,0.00579146
168046,0.13117230
168054,0.09368809
168071,0.04959412
168078,0.26459157
168092,0.06089568
168093,0.11572398
168097,0.01391572
168105,0.16642069
168107,0.10466257
168108,0.12242837
168115,0.27222798
168127,0.05310336
168133,0.14941867
168135,0.02062965
168162,0.01364326
168163,0.01673864
168165,0.19544637
168169,0.03678734
168171,0.10057852
168174,0.02662252
168175,0.28860582
168186,0.01985891
168202,0.03047122
168204,0.01425541
168208,0.04949658
168229,0.03637188
168239,0.03091201
168245,0.02810705
168276,0.01428428
168309,0.15477549
168313,0.15552801
168322,0.01480455
168323,0.00204665
168326,0.12613740
168331,0.07689436
168349,0.04282112
168384,0.02877377
168398,0.01148217
168403,0.01019075
168405,0.06903269
168416,0.00571662
168418,0.08175783
168420,0.03288240
168422,0.02058715
168436,0.12647668
168438,0.01927451
168443,0.01705576
168444,0.02223989
168446,0.00764078
168454,0.03568109
168459,0.10594810
168462,0.05816998
168472,0.03350597
168485,0.00726223
168496,0.12499431
168503,0.01772498
168515,0.02900746
168516,0.03245850
168520,0.23987739
168521,0.04880001
168531,0.00582532
168542,0.09296961
168548,0.03271338
168551,0.02772138
168575,0.01194940
168580,0.02579309
168588,0.05090741
168593,0.02876851
168614,0.05830919
168615,0.02244790
168622,0.01682622
168623,0.03072909
168634,0.01600831
168645,0.22798474
168651,0.09113174
168683,0.02328033
168691,0.14188336
168708,0.08638659
168716,0.11685160
168718,0.02292041
168720,0.08017472
168722,0.20234700
168731,0.09533141
168736,0.06927135
168738,0.04849541
168747,0.02706597
168751,0.14616133
168752,0.09758175
168753,0.01901625
168774,0.15890527
168782,0.03250960
168788,0.00787599
168790,0.07531791
168791,0.17301568
168793,0.16643908
168796,0.04988151
168802,0.07708747
168803,0.01704157
168810,0.21578871
168817,0.00697577
168820,0.16308485
168823,0.05820749
168827,0.04541020
168828,0.04634109
168831,0.02461381
168842,0.07349206
168845,0.04566676
168855,0.08190747
168856,0.10225502
168861,0.02793950
168876,0.01373459
168897,0.17444738
168899,0.01207031
168913,0.16266680
168915,0.03284965
168916,0.04019626
168929,0.12058859
168930,0.01965668
168933,0.17863933
168954,0.01777524
168957,0.13825213
168959,0.01538883
168960,0.05662646
168961,0.09939551
168968,0.08196217
168969,0.08591464
168994,0.04581344
168995,0.12126417
169003,0.01371386
169004,0.24984813
169008,0.03807936
169009,0.06304892
169014,0.01445120
169030,0.01344059
169048,0.03137253
169061,0.13376193
169070,0.13402994
169092,0.00521111
169117,0.19173981
169118,0.35552787
169121,0.02457518
169123,0.04050818
169124,0.30531843
169137,0.05535556
169138,0.00869038
169143,0.00352594
169165,0.06774373
169166,0.05435463
169167,0.11095391
169168,0.07572230
169175,0.00628662
169184,0.05524977
169195,0.03177067
169196,0.00559240
169197,0.09807543
169202,0.39534250
169204,0.04444097
169212,0.04976525
169214,0.12512099
169218,0.29009118
169239,0.02135320
169248,0.03533154
169252,0.02867192
169254,0.20331373
169257,0.04623203
169264,0.22612449
169267,0.02579694
169269,0.25506612
169278,0.03458856
169297,0.03218112
169299,0.15959998
169301,0.20444507
169306,0.00862535
169323,0.04912258
169328,0.20611071
169330,0.07467577
169331,0.01379165
169346,0.05580717
169348,0.05653594
169350,0.13151157
169353,0.01006135
169355,0.12369185
169364,0.35350968
169365,0.02595458
169367,0.00663666
169370,0.01769510
169378,0.11744951
169385,0.00252994
169387,0.06968135
169389,0.03813023
169395,0.12983792
169412,0.03085425
169426,0.39580437
169427,0.08880452
169432,0.05540295
169436,0.21574850
169453,0.01705485
169455,0.13800571
169457,0.07739691
169458,0.00415355
169461,0.05629908
169467,0.01792143
169470,0.03192676
169477,0.02792399
169481,0.01179727
169483,0.16301525
169490,0.12540540
169491,0.01594864
169495,0.03167558
169504,0.05748998
169514,0.04179256
169517,0.17841111
169523,0.02255467
169528,0.37241556
169534,0.05380950
169535,0.02972020
169537,0.06119324
169541,0.13447992
169546,0.01229767
169549,0.00795195
169554,0.33728661
169561,0.01783885
169571,0.00622541
169580,0.31300119
169597,0.00947021
169598,0.02138224
169625,0.14483038
169626,0.11233916
169627,0.07847772
169628,0.02820280
169629,0.07108980
169658,0.06847373
169659,0.01737921
169668,0.01211913
169669,0.08875783
169673,0.01257692
169674,0.02027670
169676,0.13279805
169677,0.14916504
169678,0.05140475
169680,0.05074139
169695,0.15697254
169698,0.12758206
169710,0.21998833
169719,0.01388100
169720,0.08309694
169722,0.01265108
169735,0.09081633
169745,0.03487305
169749,0.05362866
169754,0.01407543
169760,0.07364369
169772,0.02574532
169773,0.01231171
169780,0.01664123
169788,0.00667331
169793,0.04610538
169809,0.10285701
169810,0.02924855
169824,0.00850476
169831,0.08003915
169833,0.09997726
169836,0.00422489
169859,0.05384196
169864,0.61427418
169872,0.01526083
169895,0.17008109
169911,0.01225483
169914,0.02255652
169960,0.07133979
169961,0.19533414
169964,0.01829172
169974,0.00789551
169988,0.00966070
169989,0.00488426
169995,0.01453531
170007,0.02669550
170026,0.05879025
170030,0.38974898
170033,0.18277658
170041,0.10369528
170043,0.00852019
170048,0.02305114
170050,0.02951171
170051,0.02940267
170056,0.07334363
170072,0.20607051
170076,0.01680992
170080,0.14478292
170101,0.02499334
170102,0.03136855
170107,0.23686730
170115,0.04612885
170119,0.00815476
170128,0.04024801
170129,0.00989644
170134,0.29175411
170136,0.18762358
170139,0.01997635
170140,0.06625742
170143,0.20435383
170148,0.57547062
170159,0.02904784
170163,0.10897130
170164,0.15482871
170173,0.01867745
170178,0.05724374
170179,0.02216593
170199,0.12111924
170203,0.01292408
170207,0.09263651
170211,0.07389889
170217,0.00957943
170224,0.01369220
170225,0.04669585
170255,0.11991207
170258,0.01768758
170259,0.03151270
170262,0.02390100
170278,0.03426063
170284,0.07015296
170285,0.26251093
170292,0.01650518
170293,0.09496056
170301,0.05228997
170302,0.31096605
170305,0.16621058
170309,0.06777822
170310,0.01806493
170326,0.09531885
170327,0.01340415
170328,0.11112105
170329,0.03695853
170330,0.02792801
170331,0.02730281
170337,0.01390411
170340,0.13745419
170341,0.03226736
170343,0.12903878
170361,0.02943304
170366,0.02510430
170376,0.09402920
170382,0.21030045
170396,0.01318402
170400,0.15423634
170403,0.15102757
170409,0.20501299
170410,0.00786584
170421,0.07033779
170425,0.02385202
170427,0.01530045
170428,0.02997026
170435,0.00853422
170438,0.02115857
170442,0.12108368
170446,0.14990242
170461,0.00567144
170473,0.27036113
170477,0.06272669
170516,0.00877691
170517,0.01740498
170522,0.05768367
170523,0.03002510
170534,0.02700836
170535,0.07713347
170538,0.10837709
170549,0.07124583
170556,0.01820774
170563,0.03031572
170570,0.12578423
170580,0.06923999
170582,0.02599045
170584,0.21193779
170585,0.01490199
170587,0.05260902
170590,0.06651509
170598,0.05620013
170599,0.06249657
170601,0.01957467
170612,0.36489986
170617,0.01610087
170620,0.10957454
170629,0.02089172
170647,0.10749363
170651,0.01973021
170654,0.06930723
170657,0.16489644
170662,0.01941997
170707,0.03961499
170719,0.19633923
170722,0.04238130
170723,0.11539040
170731,0.23131161
170735,0.02446734
170750,0.04355321
170769,0.02528110
170770,0.06279300
170776,0.15064273
170783,0.02636911
170789,0.31123866
170800,0.09703052
170809,0.11470052
170810,0.04392181
170811,0.03644009
170827,0.00637495
170842,0.01087449
170854,0.07152726
170857,0.20090524
170865,0.15059256
170867,0.01160564
170869,0.06114101
170870,0.11692091
170878,0.03663448
170881,0.08440282
170910,0.08932042
170913,0.07795532
170919,0.05844177
170932,0.06764019
170939,0.14963132
170947,0.03953406
170950,0.10818838
170953,0.06826299
170954,0.07396661
170970,0.03883269
170972,0.02398947
170973,0.14244075
170980,0.01074305
170981,0.08923919
170983,0.10271279
170998,0.13172412
171001,0.12924990
171004,0.04736654
171020,0.04055147
171023,0.01054904
171026,0.04436753
171060,0.13183937
171061,0.07893442
171065,0.02306293
171077,0.04719762
171081,0.00993633
171103,0.27443257
171110,0.05217851
171114,0.02090030
171118,0.01599630
171119,0.10551200
171120,0.23056141
171137,0.20358163
171147,0.02141824
171153,0.15296692
171156,0.17933074
171158,0.05743228
171163,0.04358266
171169,0.02404621
171170,0.04567695
171172,0.01989103
171173,0.03611090
171176,0.02604120
171181,0.04970239
171182,0.13796624
171191,0.02770584
171193,0.17313395
171195,0.21606265
171198,0.01404946
171205,0.01689351
171212,0.34306873
171237,0.09698927
171241,0.02819884
171262,0.04331059
171263,0.02073165
171266,0.03105770
171274,0.02360256
171290,0.07235448
171291,0.24758100
171297,0.02267330
171307,0.01625859
171311,0.30733201
171320,0.04057476
171322,0.00941222
171328,0.01627969
171337,0.02214419
171346,0.01967268
171348,0.10251800
171354,0.04299053
171358,0.03474718
171359,0.00336543
171360,0.12052440
171369,0.05044705
171379,0.03486102
171384,0.03937598
171388,0.09671536
171390,0.06260978
171394,0.00552871
171395,0.04896752
171399,0.21075709
171403,0.01655888
171422,0.01411819
171423,0.01089609
171469,0.06128870
171480,0.06291754
171487,0.00860763
171497,0.06679377
171502,0.15228286
171503,0.01483309
171506,0.05578548
171521,0.02235752
171530,0.06966371
171540,0.06416841
171541,0.12966291
171544,0.05126456
171551,0.16577230
171582,0.16595160
171587,0.02321190
171597,0.17413588
171603,0.03388687
171610,0.05612950
171614,0.01669005
171619,0.01294368
171621,0.01593824
171625,0.02407241
171626,0.01997150
171638,0.01311026
171642,0.03029177
171658,0.04303833
171674,0.08025495
171677,0.05668071
171684,0.04376144
171685,0.32033514
171686,0.04381760
171695,0.01103077
171702,0.01639602
171703,0.00870450
171704,0.03695471
171705,0.01020597
171706,0.04528694
171709,0.00792122
171712,0.04310099
171716,0.00957879
171730,0.06711358
171748,0.00560742
171757,0.08860000
171767,0.01566572
171768,0.29665627
171771,0.05607148
171775,0.01704473
171778,0.14388362
171780,0.47133605
171781,0.01946946
171785,0.02651554
171786,0.18629416
171789,0.02660320
171802,0.00559789
171803,0.02679967
171812,0.12844284
171862,0.02133816
171864,0.15024096
171891,0.23289175
171892,0.03357407
171913,0.03319639
171914,0.34703829
171922,0.11906377
171927,0.04921676
171933,0.04307795
171934,0.01043324
171943,0.08976779
171945,0.12277963
171960,0.08171555
171964,0.01821413
171975,0.04673688
171994,0.08210733
171996,0.13148864
171997,0.00675693
172000,0.03338654
172029,0.00788075
172038,0.04097199
172039,0.02814229
172043,0.05546735
172046,0.02047390
172048,0.03457332
172049,0.07017013
172053,0.05792325
172054,0.18774856
172058,0.06202042
172060,0.01120422
172061,0.00469359
172067,0.05463399
172072,0.03986925
172073,0.05816027
172098,0.03198867
172100,0.05659621
172101,0.05772694
172113,0.35098561
172144,0.05894333
172147,0.02369020
172149,0.05939367
172168,0.04176263
172169,0.02139623
172175,0.03352506
172197,0.04151059
172200,0.13911450
172205,0.18585200
172207,0.04902530
172210,0.03002528
172261,0.05246037
172279,0.02312337
172294,0.01928901
172300,0.00476346
172301,0.08411620
172310,0.04877454
172351,0.01495749
172353,0.01051173
172358,0.00416555
172374,0.07379144
172380,0.06328744
172384,0.01061889
172400,0.03885674
172403,0.02554510
172408,0.07790035
172411,0.01459994
172420,0.01345870
172426,0.24981703
172433,0.02617736
172434,0.04877206
172442,0.08700305
172443,0.12334294
172452,0.07731656
172454,0.04643225
172456,0.16858666
172460,0.03626349
172470,0.00991349
172479,0.14351876
172481,0.02333010
172483,0.01354995
172484,0.08171148
172485,0.02643485
172486,0.09047089
172493,0.03637940
172494,0.08211269
172497,0.14896672
172504,0.01571076
172518,0.14397672
172523,0.06403596
172527,0.06532488
172533,0.02958303
172536,0.01410615
172540,0.06815689
172541,0.05671785
172543,0.03663038
172545,0.16239765
172547,0.02155347
172551,0.02599157
172556,0.13594003
172562,0.02309061
172570,0.03562347
172574,0.03121565
172575,0.07881366
172599,0.00452227
172611,0.10868876
172612,0.01576101
172616,0.03044361
172623,0.14306544
172627,0.02366755
172635,0.13862114
172643,0.02968816
172644,0.00678960
172652,0.08411460
172656,0.01908609
172661,0.00862144
172664,0.03371361
172672,0.02115064
172678,0.05497382
172680,0.03626053
172683,0.02452986
172684,0.06623420
172690,0.01064515
172695,0.03038737
172696,0.01782349
172701,0.01373641
172713,0.10186761
172714,0.01283756
172731,0.01956961
172738,0.02399133
172761,0.02268279
172767,0.12191679
172770,0.27963315
172771,0.02476426
172799,0.01312412
172800,0.07603348
172804,0.14680371
172805,0.02440808
172820,0.04328710
172829,0.18141638
172831,0.04865006
172833,0.04531340
172843,0.02283857
172853,0.05235633
172855,0.02586778
172856,0.11427111
172857,0.01190594
172863,0.00457370
172877,0.06747371
172881,0.07696838
172895,0.03006648
172896,0.01319813
172910,0.00843177
172922,0.00768819
172939,0.12362597
172942,0.06850423
172945,0.05631412
172948,0.01856460
172949,0.22563254
172953,0.00990856
172967,0.22098480
172993,0.04743995
172995,0.07615941
172996,0.36985021
172997,0.02532804
172998,0.15170690
172999,0.06925689
173004,0.02057462
173006,0.28681688
173007,0.13070097
173013,0.08625133
173016,0.06256834
173020,0.14721884
173030,0.06481786
173048,0.03403357
173056,0.01354427
173066,0.03519054
173079,0.05469709
173107,0.04432976
173109,0.02508846
173127,0.01536327
173128,0.04863551
173130,0.03232236
173137,0.07250350
173157,0.03150597
173160,0.03582657
173168,0.01325020
173193,0.00738704
173197,0.33696260
173215,0.00476883
173216,0.08530075
173227,0.01653963
173236,0.09991666
173237,0.06724994
173247,0.03758391
173250,0.20831330
173259,0.06884580
173277,0.14086372
173285,0.16278381
173286,0.02202021
173299,0.05177552
173310,0.23291476
173312,0.03713089
173313,0.02909264
173320,0.05873586
173330,0.05016501
173333,0.04898732
173351,0.03476232
173370,0.19248042
173372,0.01337290
173381,0.22708943
173386,0.00610617
173387,0.19819888
173388,0.11327934
173393,0.00978432
173394,0.14501022
173403,0.01337676
173467,0.01758133
173469,0.12629931
173475,0.10850880
173476,0.03574701
173477,0.00584207
173484,0.04417465
173485,0.05149858
173488,0.10424812
173491,0.02894948
173520,0.00958140
173522,0.38126432
173535,0.03960867
173539,0.04500605
173549,0.00559710
173552,0.01594300
173565,0.06671799
173586,0.01895384
173587,0.02935319
173588,0.01414225
173595,0.04459052
173606,0.23433062
173620,0.19635030
173623,0.03517569
173629,0.01782182
173647,0.01914946
173649,0.01830385
173650,0.01475086
173652,0.01114360
173654,0.14725340
173665,0.04568191
173667,0.28100621
173685,0.04642723
173710,0.13399472
173711,0.15767678
173713,0.08644038
173718,0.08868526
173743,0.01094667
173744,0.09638465
173762,0.16374407
173768,0.06519727
173769,0.50281594
173770,0.05758925
173773,0.13531545
173779,0.07094976
173780,0.01760451
173781,0.13495860
173783,0.04917370
173795,0.02624356
173800,0.28575860
173812,0.00508262
173823,0.07775500
173834,0.07542565
173874,0.01250657
173891,0.05135984
173904,0.18805657
173909,0.02493006
173925,0.01728618
173941,0.03674551
173942,0.01308899
173944,0.05563331
173955,0.01969170
173959,0.03379343
174000,0.03828417
174004,0.02150966
174006,0.02810825
174008,0.04982840
174012,0.04488061
174017,0.08302021
174020,0.01337733
174044,0.01813618
174051,0.02282634
174052,0.02848719
174059,0.04132046
174060,0.02519451
174061,0.03218422
174063,0.06939142
174068,0.04239955
174069,0.06368226
174072,0.06402259
174074,0.03923979
174091,0.02314732
174092,0.06057202
174098,0.31765557
174105,0.06311485
174107,0.01822156
174110,0.01444630
174121,0.01477290
174126,0.04348851
174153,0.01806999
174156,0.02126933
174160,0.02732126
174173,0.00766227
174183,0.00994075
174185,0.01608210
174188,0.14309005
174198,0.01051528
174206,0.01592979
174207,0.01568596
174211,0.05305324
174239,0.04843825
174260,0.18976699
174261,0.01785761
174262,0.24580938
174264,0.02189386
174271,0.22395691
174275,0.21624343
174277,0.06044985
174286,0.00663150
174301,0.01240175
174312,0.22923893
174314,0.04291368
174322,0.13610135
174323,0.11922496
174325,0.09474354
174326,0.04962745
174327,0.03097624
174334,0.25527036
174360,0.01675981
174362,0.12729820
174367,0.02333234
174371,0.03899312
174372,0.03108789
174384,0.01006027
174390,0.03454464
174391,0.02666925
174396,0.00862560
174412,0.08367244
174423,0.21307886
174428,0.06734101
174429,0.32746617
174438,0.03128933
174481,0.03889651
174483,0.09144709
174484,0.00650227
174485,0.25483432
174488,0.05146121
174497,0.01365414
174509,0.16675407
174513,0.03438143
174514,0.16084465
174520,0.03886111
174526,0.05308127
174532,0.00769296
174536,0.08300723
174537,0.03037037
174538,0.17990828
174539,0.15639444
174540,0.01370782
174549,0.01591342
174551,0.03340502
174563,0.10594197
174574,0.24864127
174575,0.22488697
174586,0.00395538
174590,0.04923410
174606,0.06284586
174607,0.15105517
174609,0.02317950
174610,0.08209763
174630,0.07212289
174631,0.02129562
174661,0.03662643
174665,0.01479205
174666,0.01580973
174677,0.01302210
174690,0.03127830
174700,0.02255872
174702,0.01600244
174703,0.01502434
174713,0.02362901
174721,0.05790857
174726,0.02080727
174729,0.04416585
174741,0.01438450
174742,0.20941442
174754,0.01317860
174757,0.01149813
174782,0.40911967
174795,0.03902479
174805,0.01167123
174806,0.04610089
174809,0.07464967
174810,0.03954798
174829,0.00851223
174830,0.23322015
174832,0.04304161
174836,0.06453449
174839,0.01403570
174843,0.02048533
174854,0.02678921
174861,0.05832971
174863,0.04451199
174867,0.04196092
174871,0.05101798
174887,0.01871330
174890,0.11630308
174897,0.00791329
174901,0.14751037
174903,0.01533755
174912,0.00831971
174913,0.03320340
174920,0.40187184
174922,0.39270462
174924,0.05840593
174925,0.01581349
174928,0.03820304
174938,0.06175174
174939,0.00954662
174943,0.02922209
174950,0.06957385
174954,0.05647548
174955,0.01311571
174957,0.04983117
174965,0.03894818
174966,0.03562652
174967,0.13434452
174977,0.14880333
174983,0.03658463
174986,0.14803845
174987,0.05857217
175012,0.25181307
175015,0.05757384
175025,0.03649794
175027,0.14303051
175029,0.01092133
175056,0.08644501
175075,0.02835066
175081,0.07903551
175097,0.22343438
175128,0.06718112
175129,0.01351251
175138,0.07304492
175169,0.13002964
175183,0.11347941
175211,0.01802017
175212,0.06833531
175215,0.01545750
175223,0.02823205
175225,0.01147750
175233,0.05430338
175250,0.01480949
175253,0.01411020
175257,0.01395015
175260,0.01877241
175261,0.02329934
175264,0.01100304
175284,0.20641381
175288,0.01315860
175295,0.03860872
175309,0.02709858
175310,0.02740896
175313,0.09316905
175334,0.01503381
175337,0.01727581
175346,0.02051105
175347,0.04290756
175349,0.04259415
175350,0.10484663
175351,0.06594296
175367,0.20136527
175369,0.07035668
175371,0.07380782
175372,0.01469929
175392,0.15760428
175400,0.00652850
175402,0.01444923
175403,0.13832114
175407,0.06593352
175408,0.01346959
175414,0.17213631
175431,0.02473259
175435,0.04066839
175442,0.01154677
175454,0.01900706
175456,0.01696311
175457,0.03420877
175464,0.04923481
175465,0.04590219
175477,0.02656825
175488,0.02628636
175495,0.03035050
175499,0.09060512
175500,0.04270544
175515,0.06471451
175519,0.01519790
175520,0.04849921
175531,0.01595146
175534,0.01186312
175543,0.17046930
175566,0.01835480
175568,0.01209724
175573,0.03392282
175574,0.06191717
175576,0.04966007
175591,0.05361738
175593,0.01708883
175605,0.19129895
175609,0.07271918
175617,0.00764252
175624,0.29210424
175629,0.02326937
175633,0.01938786
175645,0.17351461
175649,0.00606216
175650,0.02678368
175653,0.04738314
175659,0.00577488
175660,0.00694933
175661,0.03191369
175664,0.02510489
175665,0.01714669
175677,0.01499231
175682,0.18923587
175684,0.15527938
175687,0.03365452
175690,0.19829559
175706,0.02449436
175722,0.07617892
175724,0.04248679
175730,0.16512539
175731,0.00638096
175737,0.03809613
175743,0.08795079
175745,0.09986632
175758,0.07960891
175768,0.04640545
175769,0.03848659
175773,0.01057224
175775,0.05642329
175794,0.01550479
175798,0.10357966
175809,0.13025036
175818,0.02734517
175830,0.00448783
175835,0.01295773
175840,0.19043539
175864,0.02662662
175875,0.03143778
175890,0.01800404
175892,0.01540890
175914,0.03103215
175930,0.22166858
175935,0.01898368
175955,0.01025877
175958,0.05706476
175959,0.01303164
175960,0.12527859
175964,0.01035007
175968,0.00894364
175986,0.10734232
175987,0.10852036
175997,0.02468350
175998,0.11965494
176003,0.01970149
176004,0.08048152
176021,0.04833139
176034,0.04313063
176035,0.09290527
176043,0.35998462
176045,0.04927546
176051,0.05403507
176052,0.02259065
176059,0.01063852
176067,0.03007450
176073,0.21045417
176076,0.00806653
176077,0.01123867
176085,0.00776393
176088,0.04334826
176095,0.02430042
176118,0.07094762
176129,0.04481943
176177,0.03178239
176183,0.03163667
176206,0.15305736
176218,0.01597699
176240,0.04182122
176253,0.00733949
176260,0.14877526
176275,0.04765857
176285,0.04661506
176288,0.02899649
176289,0.07763818
176290,0.12854239
176297,0.04708323
176300,0.23206892
176301,0.12588863
176319,0.03326106
176322,0.03690632
176337,0.01216524
176346,0.08238361
176347,0.04537985
176352,0.06051372
176358,0.01434406
176359,0.11257833
176365,0.07905836
176371,0.03064433
176403,0.06746463
176419,0.06191665
176428,0.01754838
176429,0.18712944
176430,0.03794124
176432,0.06714675
176437,0.07740463
176440,0.02761666
176441,0.15409924
176450,0.02040616
176454,0.05484887
176459,0.03114891
176460,0.07552385
176467,0.05036119
176472,0.42859204
176482,0.13101777
176483,0.70078827
176486,0.06781300
176487,0.02127908
176494,0.02421223
176497,0.05724511
176500,0.04112669
176509,0.12854447
176511,0.08261294
176512,0.01039837
176522,0.03721643
176525,0.06075308
176526,0.15150398
176537,0.02671817
176538,0.05691876
176572,0.03585093
176573,0.05089498
176574,0.21467323
176579,0.10483172
176580,0.04954768
176592,0.23137885
176601,0.01925931
176603,0.08319635
176605,0.07944885
176606,0.02320966
176615,0.06454632
176620,0.08077223
176634,0.03352858
176635,0.02590112
176638,0.00996310
176639,0.03154047
176641,0.05604932
176661,0.02584631
176668,0.10062429
176669,0.05046801
176683,0.08952319
176688,0.00990083
176700,0.10149127
176702,0.02433061
176705,0.03600799
176709,0.01801376
176710,0.15054929
176720,0.11206855
176726,0.00462564
176731,0.06481343
176732,0.10293579
176733,0.05585650
176734,0.02069409
176736,0.04978636
176741,0.01856385
176756,0.01844674
176785,0.01287261
176790,0.01039877
176793,0.04225111
176820,0.15268875
176827,0.04921597
176828,0.01988949
176839,0.12326436
176848,0.01103637
176850,0.02675308
176853,0.01114161
176866,0.00311003
176867,0.04975373
176875,0.06219886
176883,0.26953532
176888,0.22126463
176890,0.11570621
176898,0.15689594
176917,0.06319286
176925,0.03551098
176929,0.04818022
176934,0.11767706
176938,0.09585718
176953,0.03710851
176957,0.12526077
176970,0.01693172
176997,0.07870183
177029,0.11386401
177030,0.00889718
177031,0.04584676
177032,0.18444597
177047,0.02340252
177048,0.01156201
177051,0.05706685
177055,0.01379739
177060,0.02850622
177064,0.26407262
177065,0.00592919
177069,0.17869378
177076,0.07908268
177085,0.05895869
177087,0.04181312
177105,0.06409900
177126,0.02628276
177133,0.01829676
177141,0.02332335
177146,0.04060572
177156,0.05603795
177179,0.03368789
177187,0.37229383
177192,0.42903043
177203,0.05943063
177228,0.15857492
177229,0.04664542
177249,0.02942771
177250,0.16737423
177253,0.07554047
177260,0.10224117
177262,0.06086435
177270,0.04725762
177275,0.10410064
177284,0.07161348
177285,0.17644123
177314,0.09589014
177319,0.07287051
177325,0.00756255
177327,0.06994682
177339,0.04291637
177344,0.05867115
177378,0.10182913
177384,0.02988691
177385,0.01270853
177386,0.01323570
177387,0.02491310
177405,0.01718151
177423,0.09812532
177424,0.00165787
177425,0.02898713
177430,0.15622680
177435,0.02096305
177447,0.02970514
177448,0.03129438
177449,0.01943752
177451,0.08491994
177460,0.22886829
177479,0.02197603
177489,0.01816265
177504,0.00512251
177505,0.09658542
177511,0.20157069
177524,0.02641478
177526,0.01091425
177535,0.01673678
177558,0.01487797
177562,0.13179775
177569,0.02428907
177579,0.02504471
177580,0.04303778
177583,0.01014601
177584,0.16045789
177585,0.10415864
177605,0.13078904
177606,0.02108218
177618,0.09119138
177639,0.36642008
177649,0.00818129
177656,0.03033188
177657,0.01290483
177661,0.09130349
177665,0.02301549
177669,0.02465224
177680,0.14643025
177688,0.30231402
177689,0.02617113
177694,0.01544781
177696,0.09711561
177700,0.02373580
177705,0.02785584
177710,0.06160745
177720,0.01273442
177728,0.02649097
177729,0.08742757
177731,0.07367958
177733,0.06186067
177749,0.06506562
177751,0.11395755
177767,0.09982919
177776,0.02387142
177780,0.15881595
177783,0.01454968
177785,0.12114920
177791,0.03961192
177797,0.03942301
177798,0.08714110
177799,0.01872058
177802,0.03749096
177803,0.02812097
177805,0.01069035
177820,0.01283683
177824,0.03121275
177825,0.03090849
177829,0.01487945
177839,0.13757134
177861,0.01624585
177865,0.05383167
177867,0.02073255
177875,0.08368174
177876,0.31427562
177878,0.05594528
177883,0.01029439
177886,0.01799530
177891,0.10844722
177892,0.04981032
177902,0.02006150
177904,0.08684378
177931,0.03887560
177939,0.01420355
177944,0.09297150
177946,0.04412143
177959,0.18080157
177977,0.03487958
177992,0.19985332
177993,0.09585453
178005,0.15809247
178008,0.02376619
178009,0.03532582
178012,0.19366533
178015,0.00986749
178018,0.02621554
178037,0.11899732
178050,0.01891145
178058,0.10133395
178060,0.02145758
178064,0.36218724
178074,0.04245410
178077,0.05040545
178094,0.05695661
178095,0.08489356
178096,0.08793931
178107,0.04510612
178117,0.03552224
178146,0.03083303
178154,0.06666604
178160,0.06310414
178164,0.01606049
178172,0.00890028
178174,0.11211686
178182,0.43332796
178184,0.08933689
178196,0.08127934
178223,0.07705616
178225,0.04348813
178226,0.04813019
178240,0.20487526
178242,0.03597202
178250,0.07862486
178268,0.02799332
178282,0.03599574
178285,0.13235633
178288,0.06913102
178290,0.00192781
178295,0.01940166
178312,0.01865966
178317,0.01045483
178342,0.20129432
178343,0.03804991
178344,0.06395231
178346,0.02566875
178353,0.11490842
178356,0.27433193
178358,0.02129614
178359,0.04007884
178362,0.14938390
178380,0.01538636
178387,0.02053703
178391,0.14048579
178395,0.11114374
178408,0.11830580
178415,0.01455310
178421,0.01535464
178424,0.08448535
178428,0.06517089
178432,0.01536498
178433,0.04999167
178436,0.05577802
178442,0.04411570
178453,0.02729926
178459,0.01966372
178467,0.06722472
178472,0.12335932
178491,0.00777500
178499,0.03361730
178504,0.15167012
178506,0.16738382
178509,0.01578266
178517,0.02165413
178525,0.01599113
178530,0.04312180
178531,0.15575786
178537,0.02964173
178553,0.07658459
178557,0.02688619
178565,0.02997236
178566,0.04366179
178579,0.03206921
178586,0.06021345
178589,0.11785606
178592,0.04619545
178610,0.00810962
178620,0.09003116
178621,0.01194575
178622,0.16375669
178643,0.01610397
178665,0.03242995
178671,0.03601936
178675,0.00888366
178692,0.04206969
178722,0.02251468
178723,0.04879184
178726,0.14688984
178731,0.25336648
178737,0.04139606
178739,0.04006339
178745,0.00843901
178766,0.01888225
178771,0.04986073
178775,0.01245041
178785,0.02351283
178789,0.02977511
178790,0.04135448
178792,0.07955505
178804,0.01168230
178817,0.03967414
178821,0.02215605
178825,0.04211856
178830,0.04617453
178831,0.12087654
178832,0.30887574
178847,0.05893311
178853,0.07273197
178856,0.11159818
178867,0.04173243
178868,0.01209193
178881,0.01522579
178887,0.01979676
178888,0.06015683
178908,0.02586840
178909,0.12512683
178942,0.01912378
178943,0.39430165
178946,0.01597352
178947,0.30926700
178950,0.08848248
178958,0.07053332
178976,0.02484404
178986,0.01023178
178989,0.00763746
178995,0.13263648
178996,0.09647861
179006,0.04502496
179025,0.10351939
179034,0.05613825
179038,0.19897597
179043,0.01472199
179050,0.03625813
179051,0.10216527
179076,0.26511800
179077,0.04904626
179091,0.07449547
179092,0.06047187
179111,0.03325407
179128,0.06714775
179132,0.12978855
179137,0.04859657
179138,0.15448975
179146,0.05478288
179148,0.05916243
179149,0.02946226
179150,0.02492485
179155,0.01419967
179164,0.01791328
179177,0.01073036
179178,0.03834623
179182,0.08103026
179184,0.00917554
179186,0.33431996
179191,0.46145281
179194,0.04367120
179201,0.07600354
179210,0.00450556
179211,0.01771059
179212,0.04769957
179216,0.06734876
179229,0.02620757
179235,0.02829882
179236,0.06193782
179241,0.02680902
179244,0.05080194
179249,0.06118662
179256,0.48722756
179260,0.15397435
179262,0.13779435
179264,0.06695767
179268,0.05641009
179272,0.01350176
179280,0.03980822
179287,0.01658653
179288,0.03660071
179290,0.00823364
179295,0.00821873
179298,0.03096926
179306,0.03611793
179307,0.01696478
179310,0.47098986
179314,0.01162717
179317,0.03810130
179319,0.13614338
179327,0.01190954
179336,0.05543210
179342,0.01152413
179344,0.44971664
179347,0.00974073
179357,0.02980404
179368,0.10448049
179413,0.03789340
179425,0.02979131
179435,0.03631772
179447,0.01453660
179449,0.02012022
179458,0.01952673
179460,0.02474662
179475,0.09755366
179486,0.10126767
179493,0.01380846
179499,0.05733168
179501,0.02711291
179508,0.05351252
179511,0.00845258
179513,0.04586709
179519,0.08719857
179537,0.02559376
179550,0.01083337
179559,0.04999063
179560,0.03007814
179578,0.06156623
179583,0.02524495
179590,0.00743169
179597,0.00897524
179599,0.02121577
179602,0.09000591
179609,0.00431242
179621,0.07426258
179624,0.08802001
179625,0.01426640
179630,0.01699642
179640,0.05806875
179641,0.01890963
179644,0.00947618
179649,0.02841332
179650,0.11394243
179652,0.03758022
179653,0.14800360
179660,0.08407581
179662,0.02015100
179673,0.18261058
179678,0.03656487
179679,0.02948140
179686,0.00531506
179721,0.02482331
179733,0.14800479
179736,0.08276354
179737,0.00758197
179748,0.09818456
179750,0.29182610
179751,0.05640930
179752,0.14266127
179753,0.02948283
179765,0.01436170
179768,0.05879361
179798,0.00827385
179827,0.01122483
179837,0.01068598
179838,0.04310088
179851,0.05185256
179868,0.19768928
179875,0.05647934
179876,0.02077178
179882,0.05635943
179883,0.01458126
179894,0.01184561
179905,0.08593625
179907,0.16500671
179919,0.02375279
179926,0.02611322
179936,0.02437701
179941,0.05570453
179945,0.03662288
179951,0.13682447
179960,0.03757917
179967,0.01898795
179980,0.08580367
179985,0.17176408
179997,0.03936192
180001,0.05608641
180007,0.02748416
180011,0.22926218
180017,0.04333717
180027,0.04198958
180033,0.04310495
180036,0.29084956
180037,0.02686831
180041,0.20141034
180042,0.35917001
180050,0.20633657
180059,0.01229075
180066,0.05971294
180067,0.02207488
180085,0.03554653
180092,0.01458270
180099,0.02874871
180101,0.17301190
180115,0.05280427
180122,0.05336831
180126,0.01967976
180127,0.03518785
180140,0.08012125
180141,0.01079198
180158,0.02072151
180163,0.17905045
180178,0.00966809
180189,0.01913558
180198,0.06425296
180201,0.14354718
180202,0.09248096
180209,0.08031932
180239,0.07246121
180244,0.04295309
180270,0.01280775
180271,0.02027914
180286,0.04848217
180287,0.02217248
180291,0.01505490
180293,0.02388848
180296,0.06712237
180297,0.02794179
180305,0.01583788
180318,0.06327921
180319,0.04614092
180322,0.01285641
180323,0.02890879
180331,0.02727173
180365,0.02352946
180368,0.06418831
180369,0.03543046
180382,0.06285316
180387,0.01565161
180388,0.41959384
180389,0.05619454
180398,0.03219865
180399,0.01556814
180402,0.06531346
180406,0.02149300
180407,0.01873913
180408,0.09289792
180413,0.04533382
180416,0.03001385
180420,0.01962666
180429,0.33539024
180430,0.42821876
180431,0.02435822
180438,0.02642668
180441,0.01276902
180448,0.08202213
180453,0.01239049
180478,0.20991819
180480,0.05087068
180510,0.02649754
180524,0.04753248
180534,0.00622789
180537,0.68328489
180545,0.01984405
180550,0.03658452
180559,0.01269059
180583,0.08050615
180587,0.01376922
180594,0.13306797
180597,0.07777237
180598,0.09492789
180599,0.06790570
180601,0.13984952
180624,0.03933441
180625,0.36705906
180634,0.05973738
180647,0.00954591
180652,0.04717467
180656,0.17853373
180664,0.07140099
180666,0.22044935
180674,0.04848714
180679,0.04363075
180685,0.08021345
180692,0.07015464
180698,0.01857475
180699,0.01181006
180700,0.00881852
180702,0.02115037
180710,0.02460573
180736,0.02092140
180739,0.12068920
180741,0.03827248
180743,0.12401758
180747,0.00591992
180754,0.08875418
180755,0.02547789
180756,0.01252853
180768,0.02422670
180773,0.03243388
180775,0.03436036
180784,0.11502245
180787,0.02507721
180795,0.05566025
180796,0.03423997
180799,0.00469866
180811,0.04248041
180813,0.04405677
180827,0.03022395
180828,0.03262087
180833,0.08907188
180834,0.05980289
180847,0.01722565
180852,0.16417080
180853,0.03031310
180854,0.01012034
180855,0.12178239
180856,0.04480391
180858,0.01650570
180859,0.22620982
180867,0.05690760
180868,0.03748105
180872,0.04627616
180873,0.04853288
180874,0.22187637
180875,0.03304045
180878,0.05460502
180888,0.02997996
180889,0.01661414
180891,0.01784022
180902,0.03894231
180907,0.12562275
180913,0.03420071
180916,0.02835296
180954,0.03015792
180962,0.05075965
180963,0.01551033
180967,0.06949081
180971,0.15451174
180975,0.05053658
180985,0.06114937
180991,0.01639063
181009,0.03038384
181012,0.01179311
181015,0.03803039
181034,0.09371979
181064,0.08149634
181071,0.05562947
181083,0.07662852
181084,0.01575915
181085,0.01228215
181088,0.03562370
181098,0.07149922
181110,0.19674961
181111,0.09574754
181112,0.00377020
181114,0.13415181
181117,0.11071275
181157,0.01028937
181160,0.04203251
181161,0.05362184
181165,0.03934596
181179,0.29859070
181186,0.06806392
181196,0.07813452
181197,0.20598312
181204,0.03611119
181213,0.12360783
181214,0.50175440
181221,0.09293622
181224,0.02618748
181226,0.01988660
181236,0.16410221
181256,0.59394769
181257,0.05632707
181279,0.04695475
181282,0.02878019
181285,0.07975011
181288,0.03809076
181289,0.10997233
181290,0.01189308
181298,0.01868944
181299,0.06651166
181307,0.04098972
181312,0.29301293
181318,0.02751664
181322,0.04600311
181338,0.07209530
181340,0.02023878
181342,0.01038844
181344,0.06696022
181350,0.03370457
181373,0.03517198
181374,0.07072049
181375,0.01552417
181379,0.04440458
181381,0.01879284
181385,0.11373742
181388,0.01407158
181392,0.04544108
181393,0.07590310
181425,0.00936996
181465,0.01335353
181481,0.03892639
181484,0.03182288
181494,0.01491102
181501,0.02474811
181507,0.01453041
181521,0.02569045
181524,0.01048327
181538,0.29088582
181540,0.02548001
181547,0.11006602
181551,0.04014320
181555,0.08658880
181561,0.06373415
181564,0.02281817
181567,0.07441987
181599,0.04178631
181602,0.30009434
181612,0.09035074
181613,0.02909032
181615,0.06695312
181621,0.01966140
181622,0.03712089
181629,0.03308122
181630,0.01454111
181633,0.03520716
181635,0.08097439
181641,0.03172818
181643,0.16231519
181644,0.10862617
181649,0.01566055
181659,0.02500580
181660,0.00720871
181665,0.16851400
181666,0.04461502
181672,0.05468046
181682,0.08169175
181693,0.12853487
181697,0.03801051
181703,0.01835284
181704,0.02500100
181720,0.02657393
181722,0.05517648
181732,0.06635703
181733,0.06871544
181736,0.02321285
181737,0.01406302
181747,0.02815359
181758,0.14435854
181764,0.04509832
181770,0.10689449
181774,0.12497553
181783,0.21899987
181788,0.03269421
181789,0.05074492
181804,0.05592412
181809,0.04386708
181821,0.13327417
181836,0.01392052
181863,0.05453614
181867,0.05856610
181868,0.15360231
181871,0.02967937
181904,0.32039200
181931,0.01511021
181932,0.03701860
181941,0.05113262
181944,0.23297952
181958,0.07753191
181971,0.01206979
181986,0.02630328
182002,0.02121316
182007,0.02628357
182012,0.01629747
182022,0.01035178
182031,0.05839722
182050,0.09083929
182053,0.03928524
182071,0.05129405
182072,0.08920969
182073,0.07856851
182102,0.03161176
182106,0.03073569
182116,0.02247861
182117,0.07928515
182118,0.00527721
182124,0.04565961
182125,0.11314237
182145,0.03523896
182150,0.08121666
182154,0.01547429
182167,0.01799706
182179,0.17232668
182181,0.01293401
182183,0.01800184
182218,0.02109419
182225,0.00796102
182226,0.14793799
182266,0.08918493
182272,0.07597294
182275,0.19633537
182295,0.21718048
182305,0.00500511
182312,0.06587543
182313,0.02558129
182327,0.00936842
182337,0.02328088
182340,0.00887503
182341,0.06326818
182342,0.02628780
182345,0.03729727
182353,0.01264224
182355,0.02098613
182371,0.00752764
182376,0.01026794
182381,0.01679516
182382,0.00659247
182384,0.03572273
182387,0.07552782
182412,0.01373139
182419,0.04527125
182432,0.19826445
182438,0.03144663
182448,0.22191134
182450,0.04462854
182465,0.01002104
182468,0.01253116
182474,0.04827147
182483,0.02533860
182484,0.10217063
182485,0.02230545
182486,0.03285907
182489,0.19052158
182500,0.01752454
182501,0.04276307
182504,0.27790385
182514,0.01735068
182524,0.04375736
182525,0.04077613
182533,0.03011988
182536,0.15238700
182539,0.03943587
182550,0.03924642
182553,0.06056852
182568,0.01311931
182571,0.02331792
182573,0.02567172
182580,0.03743670
182615,0.04753474
182618,0.01517030
182624,0.01474566
182644,0.05137593
182686,0.28415162
182687,0.13740992
182695,0.41498968
182718,0.05513165
182726,0.07380784
182735,0.02239438
182742,0.04308449
182747,0.05644350
182748,0.01841209
182752,0.02461673
182761,0.13738232
182800,0.02439110
182802,0.08157957
182807,0.04972496
182816,0.10126919
182818,0.01854152
182826,0.10622017
182836,0.01114770
182840,0.21415284
182841,0.17322123
182846,0.03759368
182862,0.06287982
182864,0.06121886
182871,0.10050199
182878,0.04174300
182880,0.05418713
182885,0.01079630
182893,0.01867116
182894,0.14172272
182895,0.02006495
182901,0.09722528
182907,0.10366961
182921,0.14568177
182952,0.01077699
182964,0.09795352
182966,0.22037193
182980,0.02059240
182985,0.27388106
182989,0.06090963
182994,0.03549481
183035,0.39828073
183037,0.30457275
183042,0.04209084
183049,0.01843623
183050,0.00793965
183051,0.02214618
183062,0.01220058
183063,0.01775929
183064,0.04562068
183076,0.02772293
183078,0.10960754
183086,0.03610390
183089,0.04734148
183091,0.02550854
183097,0.07075158
183104,0.00927778
183118,0.18400974
183119,0.08323038
183134,0.06796509
183142,0.14241432
183157,0.01917871
183162,0.01365966
183180,0.01912154
183193,0.14364066
183213,0.01838505
183216,0.09485998
183223,0.01501835
183226,0.03134928
183264,0.00782823
183273,0.11652304
183278,0.03522389
183282,0.02757154
183283,0.05257773
183286,0.01351418
183288,0.02446481
183299,0.03750082
183310,0.01613511
183315,0.05378547
183332,0.02467554
183336,0.03319843
183341,0.03911181
183342,0.02893234
183345,0.01460964
183347,0.03846912
183360,0.05097555
183362,0.01072633
183370,0.03157551
183379,0.00680383
183386,0.08898265
183410,0.13457441
183417,0.02219470
183419,0.07357279
183421,0.07587923
183425,0.17737680
183427,0.07234570
183433,0.07719504
183434,0.07699794
183438,0.01277552
183439,0.02644154
183440,0.09353201
183450,0.10540860
183451,0.12437018
183453,0.00653564
183454,0.04008880
183455,0.19686377
183457,0.00826165
183463,0.22799752
183475,0.01038543
183478,0.19512913
183480,0.12596764
183490,0.01189743
183494,0.11142182
183503,0.02256222
183512,0.13917941
183517,0.13857584
183530,0.06357680
183532,0.01141189
183533,0.01192425
183536,0.00904587
183545,0.02774794
183549,0.01251658
183550,0.01232869
183551,0.20715348
183555,0.09209012
183560,0.03369873
183585,0.01256207
183591,0.01673306
183592,0.01518989
183603,0.30764056
183610,0.02171617
183628,0.15899002
183644,0.05552423
183646,0.25073441
183649,0.01684959
183656,0.05723577
183658,0.33193494
183688,0.01317992
183690,0.02667540
183691,0.07512884
183697,0.10886326
183709,0.15350481
183711,0.04462707
183714,0.09471691
183725,0.10070624
183736,0.07024123
183742,0.01150065
183772,0.06399969
183776,0.11695953
183787,0.02394868
183792,0.26229464
183793,0.10147498
183799,0.28575950
183816,0.02115203
183818,0.11272350
183832,0.03030318
183836,0.02130956
183839,0.01520125
183840,0.02357180
183855,0.00786885
183857,0.02325212
183863,0.05632616
183866,0.04691512
183876,0.05514734
183878,0.16379775
183897,0.00565958
183902,0.03333838
183915,0.01433289
183925,0.26643367
183936,0.02434244
183939,0.06034966
183951,0.00790130
183956,0.03355594
183957,0.03426046
183974,0.00850875
183982,0.07724762
183994,0.01683352
184008,0.05343679
184013,0.13854504
184016,0.01057290
184019,0.01030274
184024,0.03637348
184025,0.10926633
184038,0.00509318
184045,0.03488862
184056,0.04449885
184060,0.09928551
184071,0.02344587
184073,0.05392550
184074,0.03554230
184077,0.03509863
184105,0.05800556
184106,0.11974437
184133,0.11890242
184154,0.44729410
184163,0.02943909
184165,0.15411485
184193,0.22620942
184194,0.06892129
184195,0.00500714
184202,0.11609185
184226,0.61284331
184230,0.02167827
184231,0.10999595
184234,0.05738947
184238,0.00405039
184248,0.01905381
184257,0.02202375
184268,0.05173789
184282,0.01242549
184291,0.03809780
184294,0.02216341
184295,0.25788729
184304,0.01611894
184309,0.02674860
184318,0.04547155
184325,0.03428954
184329,0.03281898
184330,0.00674244
184333,0.16057825
184337,0.00551481
184338,0.18801159
184340,0.00900151
184341,0.02771032
184347,0.06629597
184354,0.04693003
184355,0.03220109
184372,0.01574395
184384,0.03360981
184385,0.04292898
184386,0.00637160
184389,0.11755909
184401,0.00834147
184405,0.03810759
184431,0.28153571
184450,0.02698536
184453,0.47239501
184470,0.03908448
184471,0.01746445
184486,0.10123037
184488,0.00743949
184489,0.02006127
184497,0.03942305
184508,0.00933749
184509,0.02218122
184516,0.05776764
184525,0.05607730
184526,0.01774243
184531,0.03779258
184557,0.02120928
184576,0.00737357
184589,0.00666228
184605,0.01326170
184613,0.10627882
184630,0.02191876
184635,0.02668549
184636,0.01408373
184643,0.00751872
184645,0.02402339
184653,0.03180187
184655,0.03850428
184656,0.04786111
184660,0.04620584
184716,0.02413235
184736,0.01431986
184758,0.04392927
184767,0.10768387
184770,0.11890704
184773,0.02102335
184776,0.05472550
184792,0.04543512
184812,0.07207160
184820,0.04702502
184829,0.01152223
184831,0.11361695
184832,0.03278760
184834,0.01016290
184847,0.07750984
184848,0.03421178
184858,0.02050141
184866,0.02873331
184869,0.04254345
184870,0.04192025
184873,0.00666014
184874,0.01325263
184876,0.07245320
184879,0.19069340
184880,0.04954783
184885,0.01156771
184896,0.03176515
184916,0.23416357
184918,0.01595201
184919,0.06300046
184921,0.06765257
184936,0.02546197
184944,0.12015669
184956,0.16289168
184963,0.10503851
184964,0.00744449
184965,0.05811994
184972,0.07358004
184977,0.12221470
184982,0.01567370
184988,0.21381156
184992,0.04471652
184994,0.02093115
184998,0.12328539
185017,0.00884487
185024,0.03607868
185032,0.10493826
185037,0.03058252
185040,0.00836787
185043,0.02479890
185048,0.02244641
185059,0.11745789
185076,0.11478348
185083,0.01713479
185090,0.17628341
185099,0.05748159
185101,0.00999205
185106,0.01912873
185121,0.14797335
185125,0.15789045
185126,0.21281923
185127,0.07908945
185153,0.05657161
185167,0.18901198
185171,0.06215739
185178,0.04700538
185180,0.01531624
185181,0.00619753
185183,0.04976281
185186,0.05368751
185187,0.04856462
185188,0.02096904
185189,0.03405384
185194,0.19191255
185207,0.04111033
185209,0.01381870
185210,0.15117052
185212,0.01468870
185220,0.08056015
185221,0.10066613
185230,0.15270055
185231,0.02189887
185245,0.01202969
185249,0.07312320
185262,0.00845084
185285,0.14735893
185286,0.11195671
185288,0.02231539
185296,0.02218948
185298,0.32489900
185299,0.01067028
185308,0.04307156
185311,0.01399395
185313,0.02638979
185314,0.02521431
185332,0.08934211
185337,0.01636539
185338,0.01039571
185339,0.03696082
185341,0.03568219
185342,0.01907863
185344,0.04560876
185349,0.18218406
185362,0.05678150
185363,0.08361412
185394,0.00536911
185410,0.06226497
185418,0.01316736
185423,0.08333963
185428,0.02815174
185442,0.24874297
185447,0.12942790
185450,0.01532357
185454,0.00791554
185475,0.19877046
185481,0.09187826
185483,0.01977291
185485,0.06683217
185496,0.00790307
185504,0.00753132
185505,0.00725787
185512,0.06450568
185515,0.01050173
185534,0.05599475
185536,0.01493214
185538,0.06795110
185552,0.01321841
185569,0.01757789
185576,0.02016395
185578,0.05905503
185581,0.05606068
185584,0.01834059
185585,0.01498335
185586,0.11721299
185592,0.04714188
185604,0.02536200
185606,0.00476033
185607,0.05582066
185618,0.11027997
185622,0.05568645
185628,0.06726675
185629,0.01707822
185634,0.03905144
185637,0.09447825
185638,0.00668916
185640,0.12838409
185641,0.01112210
185645,0.03068864
185646,0.07523923
185647,0.02092734
185662,0.03345390
185669,0.08480339
185675,0.00588589
185687,0.02578498
185688,0.08305374
185689,0.04915756
185690,0.02763566
185697,0.01489957
185710,0.13933043
185733,0.01209086
185740,0.08274982
185806,0.03540017
185812,0.26199753
185824,0.02503915
185825,0.01928075
185826,0.19621019
185827,0.24622374
185828,0.00917877
185837,0.03329868
185859,0.03529410
185861,0.01455004
185872,0.01918303
185874,0.02742864
185891,0.05474346
185893,0.03575262
185897,0.08233765
185900,0.03696249
185910,0.02948831
185919,0.01962880
185932,0.02707009
185937,0.07564042
185939,0.05028770
185965,0.05194298
185968,0.07973551
185971,0.02979984
185978,0.08479559
185980,0.01189782
185981,0.04766119
185982,0.03663859
185991,0.01930396
185997,0.02287544
185998,0.04143081
186014,0.02212232
186021,0.01941435
186025,0.10035352
186034,0.03461551
186054,0.02043912
186061,0.11670758
186065,0.03566789
186066,0.01353076
186070,0.18544389
186080,0.02233424
186085,0.02654938
186094,0.22112312
186110,0.12434558
186113,0.01323816
186116,0.04309701
186127,0.00838010
186129,0.04636655
186135,0.02852202
186139,0.22116252
186151,0.01824667
186153,0.10490956
186156,0.00559067
186158,0.01830871
186159,0.01449171
186166,0.05766386
186168,0.01504680
186169,0.04274497
186170,0.01255340
186179,0.00653452
186188,0.02775665
186210,0.00306895
186227,0.01377548
186229,0.04030096
186230,0.04355244
186249,0.00856172
186254,0.03503734
186264,0.01164452
186265,0.22184539
186273,0.01843087
186276,0.02501206
186289,0.03411555
186296,0.26110519
186308,0.01239697
186309,0.02916036
186310,0.03599686
186316,0.01304137
186321,0.01592380
186333,0.03166851
186346,0.06412289
186391,0.03487607
186398,0.06366821
186407,0.01942718
186411,0.03373523
186415,0.03107820
186426,0.26640021
186444,0.00992920
186448,0.13372416
186453,0.19294111
186456,0.01031567
186460,0.01725921
186461,0.07034061
186473,0.05446342
186489,0.28588184
186490,0.12860297
186491,0.04154750
186492,0.01749235
186493,0.06537194
186503,0.04855440
186505,0.20887292
186506,0.01221594
186508,0.00685622
186524,0.11578140
186526,0.03033640
186536,0.00869663
186539,0.03971673
186543,0.02962894
186558,0.21557514
186568,0.18181664
186573,0.05776599
186587,0.06951470
186599,0.02696688
186609,0.31373984
186610,0.01696608
186612,0.04465536
186632,0.06609278
186634,0.02335438
186649,0.02777949
186652,0.11770728
186660,0.06517540
186668,0.15940261
186674,0.08243445
186675,0.01867746
186679,0.02165055
186682,0.01995284
186683,0.03007262
186695,0.32182516
186696,0.02482039
186704,0.04118985
186709,0.11596243
186714,0.19930964
186723,0.01185219
186726,0.33426391
186728,0.11087907
186729,0.01712961
186731,0.11156120
186737,0.05926230
186742,0.01354135
186743,0.00526297
186745,0.07656056
186747,0.03011942
186750,0.03468572
186769,0.06007145
186771,0.11476797
186787,0.03528721
186796,0.08209639
186802,0.24345797
186811,0.01335925
186812,0.03970564
186815,0.01909700
186840,0.07047164
186842,0.34842735
186853,0.19415955
186859,0.06082622
186878,0.01879324
186885,0.04458081
186890,0.01881784
186906,0.26004516
186916,0.02536138
186927,0.02470371
186928,0.03589264
186931,0.13611633
186934,0.02716150
186938,0.11416421
186943,0.11078198
186944,0.08588716
186945,0.12118896
186947,0.02495507
186952,0.03939048
186953,0.00901096
186960,0.12136320
186962,0.04422980
186991,0.03779302
187001,0.28444806
187017,0.05576139
187019,0.07757290
187024,0.01256345
187035,0.00347284
187037,0.11576008
187056,0.00816947
187057,0.01920841
187058,0.19595700
187065,0.03174458
187066,0.18531658
187069,0.01711645
187070,0.06217647
187074,0.03670361
187085,0.01480461
187087,0.04538957
187100,0.06612496
187117,0.07410081
187158,0.15093823
187159,0.02141476
187162,0.07122434
187164,0.03793530
187167,0.06779297
187168,0.02239871
187171,0.04110121
187184,0.12610710
187194,0.09594214
187208,0.08982725
187211,0.14571189
187220,0.02665865
187224,0.05179299
187242,0.06619340
187259,0.01764583
187260,0.03725328
187267,0.12290758
187280,0.39201505
187287,0.00926361
187291,0.02384684
187296,0.02138921
187301,0.09479960
187315,0.07077742
187319,0.01685079
187326,0.11793640
187328,0.09720384
187329,0.03236551
187330,0.03001118
187335,0.02567821
187339,0.03306598
187340,0.10271873
187353,0.07344776
187356,0.03419354
187367,0.09108018
187383,0.02460380
187388,0.01999068
187401,0.12859992
187415,0.02006271
187422,0.01584373
187439,0.14310824
187440,0.08302049
187442,0.45090584
187447,0.03457010
187448,0.03065574
187451,0.09718702
187468,0.00916699
187475,0.07300640
187477,0.09980392
187480,0.03995026
187498,0.04397090
187499,0.01755747
187516,0.00165257
187524,0.01166591
187534,0.01859187
187552,0.02887944
187577,0.07704979
187584,0.01416563
187585,0.03081521
187603,0.04331272
187608,0.01594072
187625,0.00983757
187637,0.10572163
187639,0.12727995
187641,0.02333854
187652,0.01986234
187684,0.02196900
187689,0.01353910
187698,0.03437026
187708,0.01941192
187716,0.03190035
187717,0.04295925
187719,0.01218062
187720,0.17478756
187743,0.04938758
187749,0.08618893
187762,0.13051309
187763,0.04737046
187772,0.05279649
187786,0.01434525
187787,0.01281763
187809,0.05298631
187826,0.12309490
187828,0.01367405
187829,0.01489475
187833,0.00986818
187847,0.04536580
187852,0.03006292
187862,0.11268304
187867,0.05452864
187868,0.09016210
187870,0.07732849
187871,0.03317187
187879,0.11077397
187894,0.06637090
187895,0.03198766
187899,0.04048345
187903,0.21000499
187915,0.01573002
187919,0.10550051
187941,0.02358753
187942,0.09370869
187944,0.00865258
187947,0.06396558
187949,0.30071885
187950,0.02928824
187952,0.03427770
187964,0.22581729
187967,0.04290748
187977,0.01907346
187983,0.02625141
187987,0.05080361
187988,0.04891181
187990,0.04593897
187991,0.20395830
187998,0.11250611
188014,0.13159009
188017,0.02499889
188021,0.10719497
188032,0.01454221
188039,0.03905797
188040,0.01418807
188044,0.05296446
188045,0.00996199
188054,0.04735851
188069,0.02355916
188070,0.05221212
188081,0.03761882
188092,0.11518557
188106,0.03992687
188108,0.04543633
188117,0.01040270
188120,0.00936339
188130,0.02155359
188133,0.02592252
188136,0.03116249
188151,0.00861410
188153,0.03215188
188158,0.00847040
188171,0.04200431
188175,0.04690879
188192,0.11703480
188194,0.04599584
188198,0.11541369
188199,0.10459132
188228,0.09641839
188232,0.02366970
188233,0.01740927
188234,0.00837753
188245,0.03820729
188248,0.03012773
188254,0.05288329
188261,0.03467640
188262,0.06700315
188267,0.02642910
188276,0.01388636
188281,0.25747805
188282,0.10016662
188295,0.00767338
188309,0.01773368
188313,0.13846701
188324,0.05682749
188327,0.04708080
188328,0.02090606
188329,0.23028320
188336,0.07351169
188337,0.06218669
188350,0.05210341
188389,0.14774020
188399,0.00706575
188413,0.02584601
188415,0.07148465
188421,0.01371035
188438,0.02154320
188449,0.28746076
188466,0.04539308
188470,0.00400110
188486,0.04145306
188492,0.07970560
188507,0.02880315
188511,0.01592568
188521,0.07736178
188540,0.17265478
188542,0.06580117
188551,0.40083973
188557,0.02465606
188558,0.02437984
188561,0.04325842
188563,0.19104193
188565,0.03327180
188577,0.05309147
188586,0.09006062
188591,0.04083212
188594,0.04419015
188614,0.09544761
188622,0.01742564
188626,0.04660204
188632,0.12213753
188635,0.10564608
188639,0.08440005
188645,0.12979841
188646,0.22246255
188647,0.02623933
188653,0.02366841
188659,0.06857853
188677,0.10643328
188694,0.08289826
188695,0.00298011
188696,0.00868643
188707,0.01114074
188714,0.02219760
188715,0.12934307
188722,0.15849723
188724,0.02144377
188729,0.04286915
188734,0.03007280
188739,0.68156558
188746,0.05580954
188747,0.07157952
188768,0.01772242
188770,0.06903046
188772,0.01867811
188787,0.01406026
188792,0.02224319
188793,0.01708459
188808,0.03961147
188828,0.07687765
188848,0.03015412
188851,0.10098804
188856,0.05317097
188862,0.09705531
188875,0.24641196
188876,0.20823252
188878,0.02701467
188880,0.00906078
188890,0.09877131
188900,0.03671611
188914,0.03608893
188928,0.12882613
188936,0.01078016
188946,0.00684043
188947,0.01482341
188948,0.02740828
188949,0.00496763
188950,0.04748750
188980,0.01353025
188982,0.11219529
188988,0.20716500
188990,0.05763616
188992,0.03450200
188993,0.01064176
188994,0.05538493
188997,0.03540266
188998,0.14823740
189009,0.02494803
189018,0.03117729
189022,0.01624181
189034,0.01598854
189045,0.01366610
189059,0.15887815
189062,0.01322096
189075,0.30246851
189086,0.01591756
189087,0.05688931
189107,0.05014545
189113,0.01460610
189144,0.06200795
189148,0.01659847
189199,0.05244623
189201,0.07565955
189202,0.00879780
189207,0.22043637
189213,0.05077105
189214,0.07130943
189224,0.04089456
189230,0.05922280
189251,0.01876297
189252,0.03033002
189255,0.03968387
189256,0.02073205
189257,0.04583812
189260,0.00432031
189261,0.26825270
189262,0.02056422
189263,0.01521298
189272,0.03273444
189282,0.00441042
189284,0.20143481
189294,0.02228303
189304,0.09792005
189314,0.06286002
189317,0.14407625
189333,0.01540679
189337,0.06020326
189347,0.01502944
189355,0.03834003
189357,0.03739171
189366,0.06266425
189374,0.11990707
189379,0.02303638
189388,0.05488510
189397,0.02054585
189418,0.05712130
189453,0.02038601
189458,0.04209599
189460,0.04985926
189481,0.02312687
189482,0.11651174
189483,0.11594378
189490,0.03124007
189491,0.00875374
189492,0.05977183
189511,0.02277334
189512,0.05251519
189518,0.03261006
189519,0.13936913
189531,0.06328787
189541,0.29581026
189550,0.03474058
189551,0.06716063
189559,0.15984126
189564,0.01159417
189573,0.03384790
189585,0.03929446
189587,0.13394975
189605,0.01862045
189612,0.01182011
189633,0.02263292
189640,0.02663377
189641,0.14998379
189643,0.02968636
189650,0.04278195
189652,0.03821304
189656,0.04483017
189661,0.10917264
189663,0.07360796
189684,0.04002903
189688,0.04602642
189711,0.07751462
189729,0.11411089
189747,0.14329377
189761,0.04342858
189773,0.02786965
189774,0.01529803
189779,0.10184930
189780,0.02455372
189796,0.01000926
189799,0.10141870
189800,0.04154237
189807,0.03286878
189808,0.02755132
189826,0.05333641
189836,0.01948600
189843,0.04492773
189845,0.04613782
189852,0.13276541
189853,0.12695271
189855,0.01342813
189866,0.02819042
189886,0.06915685
189888,0.02415531
189902,0.10121476
189907,0.23225117
189910,0.01973714
189922,0.00539943
189924,0.03978577
189933,0.03101564
189935,0.03802695
189939,0.01590500
189951,0.49816966
189965,0.06518477
189966,0.07567820
189977,0.05573024
189989,0.01732690
189990,0.05042637
190002,0.04506779
190006,0.35772442
190008,0.01262830
190009,0.11253539
190021,0.01528564
190058,0.03644823
190061,0.02744209
190069,0.05104724
190072,0.02824224
190078,0.04124496
190109,0.11467170
190112,0.32788183
190117,0.07186325
190132,0.01191730
190133,0.23845767
190153,0.07841585
190164,0.01469816
190167,0.00620781
190169,0.16588649
190179,0.34988667
190184,0.04389516
190188,0.01033001
190199,0.01902530
190200,0.19827598
190201,0.02636999
190227,0.12361385
190229,0.02426054
190245,0.01584239
190272,0.06412755
190274,0.02244100
190281,0.05895453
190282,0.15355874
190290,0.10232028
190299,0.14832801
190301,0.13167153
190304,0.02677262
190306,0.01473501
190311,0.09838849
190341,0.04256579
190354,0.03275327
190364,0.01237140
190368,0.05096613
190375,0.12191641
190383,0.05462082
190384,0.04234347
190387,0.03282391
190388,0.12789454
190392,0.13101278
190394,0.30223940
190405,0.12899948
190406,0.05194971
190412,0.02943870
190413,0.26318739
190431,0.07409331
190452,0.03623590
190454,0.03569187
190461,0.04826196
190475,0.02546661
190489,0.21873946
190507,0.04955296
190513,0.01799444
190515,0.21060555
190516,0.00926416
190522,0.01540925
190523,0.14632373
190526,0.06890568
190533,0.00740800
190537,0.07762405
190542,0.01456114
190545,0.09974730
190548,0.01630481
190555,0.17902724
190561,0.03765640
190562,0.02969877
190566,0.00896504
190581,0.03816737
190590,0.00587072
190591,0.15740811
190593,0.02780410
190612,0.03259524
190617,0.03291115
190618,0.05829911
190619,0.04982322
190643,0.07171752
190647,0.03016887
190663,0.03062048
190664,0.02250976
190678,0.02977343
190691,0.00583510
190697,0.02489651
190698,0.02354625
190701,0.14321575
190702,0.26785664
190713,0.04712919
190739,0.03068981
190744,0.04770537
190756,0.04687660
190767,0.16653948
190777,0.04627955
190808,0.03236187
190825,0.03936602
190830,0.05909971
190844,0.15736773
190855,0.06904832
190860,0.08103585
190861,0.04174286
190865,0.01439332
190884,0.14378241
190886,0.04367650
190887,0.10898223
190893,0.14092013
190899,0.04820516
190900,0.01563139
190901,0.04033120
190903,0.00981964
190909,0.05277723
190911,0.29631015
190916,0.01528969
190922,0.02979634
190926,0.00416151
190927,0.03302976
190929,0.05601789
190931,0.07272634
190948,0.02634640
190954,0.00520728
190957,0.01000805
190965,0.01327492
190978,0.12442041
190986,0.13189777
190990,0.02799812
190993,0.07926012
190998,0.04096509
190999,0.01888900
191028,0.04949083
191033,0.01648581
191042,0.28365273
191076,0.00545608
191114,0.07913775
191137,0.31295323
191138,0.13846457
191140,0.02763279
191141,0.00807322
191143,0.13860071
191145,0.19549625
191161,0.15375818
191167,0.04368128
191192,0.02714858
191199,0.05747180
191200,0.01915457
191205,0.01614293
191206,0.03610770
191214,0.03363663
191217,0.00983264
191222,0.03580832
191224,0.01424448
191232,0.29559068
191238,0.02513418
191243,0.02282614
191247,0.02165976
191250,0.01787521
191266,0.04449990
191278,0.01671778
191279,0.01721893
191282,0.12371689
191287,0.05731350
191290,0.05456429
191291,0.11610005
191296,0.11289379
191301,0.03248169
191304,0.03080323
191305,0.02379599
191306,0.12077122
191324,0.11995867
191359,0.05893660
191360,0.07685175
191362,0.02984768
191371,0.11202515
191379,0.16409434
191394,0.01747275
191413,0.12630654
191430,0.00709108
191435,0.01918572
191449,0.02485505
191452,0.01976188
191464,0.08341394
191465,0.00845507
191466,0.03540844
191469,0.16161856
191490,0.29017005
191494,0.19940814
191498,0.16215104
191506,0.13041379
191508,0.02730537
191509,0.02530329
191515,0.36984170
191524,0.02168102
191548,0.04935997
191562,0.00732436
191568,0.09039510
191596,0.13793786
191609,0.03047394
191619,0.01942464
191624,0.08547536
191628,0.00536742
191630,0.10369454
191648,0.14194782
191649,0.08647939
191654,0.03264119
191655,0.01317149
191659,0.03515563
191674,0.16771512
191675,0.00435307
191680,0.09000684
191681,0.01489493
191684,0.04407170
191686,0.00594408
191721,0.29791418
191722,0.01435197
191726,0.08636427
191727,0.02202633
191732,0.07974039
191735,0.02101997
191738,0.27120556
191745,0.17243131
191746,0.08107538
191751,0.02827473
191761,0.17271544
191772,0.01422386
191785,0.04645361
191794,0.00975837
191799,0.04022077
191806,0.13242519
191807,0.00996769
191809,0.17301149
191824,0.12944644
191826,0.01562454
191834,0.08079635
191837,0.03152939
191841,0.03432490
191845,0.00736885
191847,0.11816157
191850,0.05456889
191869,0.07305414
191873,0.02698243
191876,0.02746818
191878,0.22449785
191880,0.01334030
191881,0.02690366
191883,0.08649958
191898,0.10307224
191907,0.02359029
191910,0.02440984
191918,0.01797860
191920,0.10749089
191923,0.06037741
191942,0.08746996
191943,0.13509068
191951,0.06818571
191952,0.01406226
191958,0.06829312
191963,0.31025225
191971,0.11293099
191992,0.28718580
192000,0.29108029
192001,0.06115774
192008,0.03697389
192018,0.00986953
192029,0.00563752
192030,0.03771245
192031,0.01851118
192043,0.04896478
192045,0.10295577
192052,0.06857748
192056,0.01501381
192071,0.08730840
192082,0.03781797
192088,0.02045230
192103,0.01317019
192105,0.07489624
192119,0.00776697
192144,0.08595786
192151,0.02377843
192158,0.03255393
192163,0.01450330
192172,0.10973040
192176,0.02655571
192177,0.04972466
192212,0.04287206
192221,0.33221900
192223,0.38493565
192224,0.05917980
192238,0.06804447
192239,0.08916800
192252,0.30862645
192259,0.03244433
192268,0.01485477
192274,0.05310007
192276,0.03191343
192277,0.06767615
192289,0.01558678
192296,0.07486014
192308,0.05907097
192309,0.00858251
192315,0.03238760
192322,0.14661322
192324,0.03499342
192343,0.12612510
192345,0.01409031
192367,0.06178963
192375,0.01596166
192382,0.11724338
192389,0.01955121
192390,0.08818865
192391,0.14241331
192423,0.02194457
192427,0.02812817
192431,0.08651287
192433,0.01810942
192451,0.03460409
192453,0.06323737
192455,0.01944579
192468,0.04706591
192469,0.01445371
192474,0.01183391
192481,0.03656012
192482,0.02556872
192483,0.01313166
192486,0.09096579
192490,0.05904002
192491,0.13614713
192494,0.05324131
192507,0.00786869
192508,0.01343011
192509,0.19146870
192525,0.13368562
192526,0.05943756
192528,0.03682515
192535,0.03203392
192545,0.30988653
192548,0.12832530
192572,0.26359371
192594,0.05855189
192607,0.01855039
192625,0.08068377
192626,0.02952677
192631,0.01626604
192632,0.09471485
192636,0.02557982
192637,0.02366012
192655,0.01993691
192657,0.00579427
192674,0.14127463
192675,0.01827009
192680,0.13655492
192682,0.11384350
192686,0.07443668
192698,0.10154817
192703,0.01693116
192705,0.01186823
192717,0.04243968
192720,0.01442419
192721,0.09116825
192722,0.04602464
192728,0.00364121
192734,0.01757722
192739,0.03009768
192740,0.06764534
192752,0.01168450
192761,0.00776973
192770,0.01861248
192780,0.03064543
192782,0.04798755
192783,0.15266161
192789,0.07662331
192796,0.01312902
192800,0.03819468
192802,0.04654181
192811,0.05003359
192812,0.04240316
192815,0.00675366
192838,0.11561086
192861,0.03462435
192868,0.03288263
192872,0.06341826
192876,0.01640210
192877,0.03043006
192897,0.26015588
192898,0.01372948
192903,0.10089260
192904,0.05689332
192905,0.00814698
192911,0.46842954
192920,0.04919242
192921,0.03423722
192922,0.09430974
192942,0.08653898
192946,0.23200046
192963,0.02217615
192978,0.06590126
192979,0.23399657
192981,0.18333869
192991,0.07530677
192995,0.05493699
192998,0.11174904
193019,0.03304382
193027,0.01944645
193028,0.01819044
193032,0.01313239
193036,0.04957942
193044,0.01219306
193046,0.01209585
193049,0.01669107
193050,0.03792458
193054,0.04082389
193057,0.01881737
193060,0.26419005
193075,0.01866641
193088,0.00982288
193091,0.05465832
193112,0.01257032
193122,0.01556598
193123,0.10891687
193128,0.05143804
193133,0.02009483
193143,0.06094013
193150,0.16860550
193151,0.00773055
193160,0.37906932
193180,0.20558707
193198,0.03381011
193204,0.11494256
193207,0.02075470
193210,0.16429279
193225,0.04555627
193232,0.15336564
193248,0.06230796
193249,0.33397734
193262,0.02278714
193270,0.09434757
193273,0.07215460
193275,0.00784718
193286,0.00763358
193289,0.29865039
193290,0.01397615
193311,0.43484363
193321,0.04560038
193322,0.02406066
193340,0.06492283
193349,0.02666678
193368,0.12351296
193369,0.04849023
193375,0.01382077
193385,0.10390556
193389,0.01422667
193394,0.03463446
193396,0.02691456
193398,0.01035107
193402,0.08885279
193409,0.00532957
193421,0.04863218
193426,0.00744341
193430,0.01461571
193436,0.14287653
193437,0.02768614
193440,0.01784275
193441,0.19249176
193449,0.05126586
193462,0.01025853
193464,0.03576076
193468,0.01610886
193474,0.00952950
193475,0.01759088
193479,0.20779320
193484,0.05147522
193488,0.03783986
193496,0.03044583
193507,0.02315222
193510,0.08178938
193512,0.01322461
193514,0.02790061
193515,0.12480121
193516,0.10746351
193520,0.01032499
193522,0.13525640
193541,0.02152992
193545,0.01328260
193549,0.06710130
193554,0.07644877
193558,0.28466822
193568,0.01590716
193569,0.13596242
193579,0.02817599
193587,0.01893397
193589,0.02034121
193613,0.02878489
193642,0.12619867
193643,0.04504876
193647,0.01906262
193648,0.01796028
193663,0.06597010
193664,0.10810541
193665,0.01624918
193672,0.03279973
193675,0.10826793
193686,0.19016604
193692,0.03344298
193706,0.01907964
193725,0.01826092
193726,0.09558565
193727,0.03392221
193733,0.05057344
193738,0.36264630
193739,0.01057422
193745,0.16128973
193759,0.01206347
193767,0.03284338
193774,0.18439693
193776,0.01083856
193777,0.34097280
193787,0.30128955
193789,0.04619179
193793,0.03563046
193805,0.00431469
193808,0.00762606
193816,0.03151300
193817,0.06447865
193821,0.09139252
193831,0.11278062
193832,0.00966305
193874,0.05375124
193879,0.03301514
193882,0.04488842
193910,0.01977645
193915,0.05953575
193916,0.08807847
193921,0.07296133
193924,0.08859555
193926,0.00520016
193927,0.14645680
193949,0.01019678
193954,0.13465262
193966,0.22577658
193970,0.05477760
193971,0.04130488
193975,0.02497906
193980,0.02869425
193982,0.28453955
193983,0.06995823
193987,0.02816261
193997,0.02250175
194000,0.20421732
194013,0.01585896
194014,0.18513782
194026,0.03327590
194039,0.02202343
194042,0.01916117
194054,0.05466024
194057,0.07881946
194058,0.00946405
194068,0.02423781
194071,0.04497550
194073,0.02964390
194075,0.05818900
194093,0.01511966
194098,0.15367587
194105,0.02080930
194106,0.22525961
194110,0.05344772
194128,0.04976794
194137,0.01966316
194149,0.02225944
194150,0.07346505
194155,0.07775692
194157,0.05181610
194158,0.03903598
194164,0.01065737
194165,0.04649695
194166,0.01272841
194170,0.02875300
194171,0.01756920
194177,0.03448441
194187,0.04030285
194188,0.00968005
194213,0.05151429
194229,0.24301344
194230,0.04462377
194241,0.00264877
194243,0.05136610
194244,0.06042129
194276,0.01159976
194279,0.01099018
194280,0.02661948
194281,0.04107552
194291,0.01243041
194293,0.33677333
194306,0.00782104
194307,0.07366435
194308,0.02416464
194310,0.15447201
194314,0.08877403
194326,0.15397870
194330,0.09293555
194338,0.03065596
194366,0.10992891
194370,0.00969017
194371,0.01078629
194379,0.01954292
194382,0.04717023
194383,0.14609769
194395,0.18566227
194402,0.02344042
194406,0.03417414
194408,0.24351114
194413,0.04920944
194414,0.05142665
194419,0.04836179
194423,0.14434133
194424,0.12645860
194429,0.02785720
194436,0.17175498
194468,0.04747280
194469,0.01292045
194478,0.02614862
194480,0.15655897
194484,0.10765043
194505,0.09965120
194514,0.04848009
194516,0.02095483
194523,0.16041751
194526,0.00794570
194533,0.01595922
194534,0.04374599
194536,0.06378148
194548,0.05364807
194552,0.14567044
194558,0.04512122
194561,0.07997126
194563,0.01518392
194569,0.07099594
194581,0.41461243
194586,0.02320858
194590,0.02138098
194598,0.05795626
194600,0.01206743
194603,0.01413606
194604,0.00976731
194605,0.05140198
194607,0.13233267
194610,0.09265696
194620,0.02250058
194627,0.15775366
194650,0.25519740
194652,0.03176655
194659,0.02212459
194660,0.07747195
194662,0.01783775
194665,0.06018651
194675,0.08133216
194677,0.04909517
194679,0.01737381
194691,0.32185473
194696,0.02239919
194713,0.11184774
194716,0.03023970
194717,0.04405119
194725,0.04746877
194732,0.02137165
194737,0.11951085
194738,0.23057618
194769,0.03149675
194791,0.02416976
194802,0.04819811
194806,0.05567792
194810,0.00915676
194812,0.04306764
194813,0.02746580
194816,0.01667660
194827,0.01964247
194844,0.01064885
194856,0.02986876
194860,0.00878939
194866,0.01404793
194867,0.01946949
194877,0.12782213
194879,0.16897641
194880,0.01120534
194881,0.02095443
194887,0.03180298
194900,0.01045296
194906,0.02974935
194907,0.09466217
194908,0.11076613
194914,0.13008852
194934,0.21566720
194955,0.09987590
194956,0.05157704
194965,0.02030350
194966,0.03503281
194980,0.02964325
194985,0.09021164
194986,0.06283750
194995,0.04949347
194999,0.01770106
195000,0.08168287
195010,0.05737310
195013,0.09944665
195044,0.03829125
195048,0.04341363
195050,0.62603068
195051,0.09373952
195055,0.12414631
195070,0.02012334
195074,0.31029491
195075,0.04491468
195077,0.28791198
195081,0.03468944
195088,0.02343696
195089,0.01061973
195091,0.01517541
195096,0.32781519
195100,0.09649357
195103,0.09545014
195116,0.02191287
195117,0.04607490
195129,0.13134695
195151,0.00862445
195158,0.04827015
195164,0.06002406
195176,0.10564430
195186,0.08484124
195187,0.35261370
195198,0.03689109
195201,0.02386485
195207,0.05794807
195214,0.06793725
195215,0.06524037
195234,0.04139990
195235,0.01011256
195239,0.04703860
195240,0.06455771
195253,0.10228547
195255,0.01258985
195280,0.02923112
195291,0.01712892
195293,0.05512312
195300,0.02705278
195306,0.02893739
195307,0.06857741
195322,0.03758681
195326,0.09326092
195330,0.00438386
195341,0.16201069
195343,0.05614754
195367,0.02802306
195369,0.03871199
195371,0.01130385
195372,0.01519408
195389,0.07015561
195415,0.00834054
195435,0.05847520
195439,0.02370573
195440,0.05359330
195444,0.04023834
195447,0.01972261
195450,0.01399590
195451,0.02588592
195456,0.04522129
195457,0.07672518
195461,0.14005378
195462,0.08910673
195463,0.00940341
195466,0.03897897
195468,0.00754691
195469,0.05671355
195489,0.01423984
195495,0.05663757
195496,0.12720550
195504,0.16354104
195505,0.12870392
195506,0.08157672
195511,0.02386643
195518,0.01993166
195519,0.14496412
195529,0.01514018
195531,0.03744836
195546,0.02018567
195547,0.01849415
195552,0.04507366
195577,0.03732332
195579,0.01991074
195588,0.04224512
195597,0.05587843
195607,0.00496270
195617,0.02890367
195626,0.07055630
195632,0.25988126
195634,0.24663101
195635,0.00935719
195645,0.03162674
195648,0.04758819
195674,0.14605347
195691,0.01685603
195695,0.21807626
195703,0.11625684
195710,0.05288029
195711,0.02691869
195727,0.12186215
195729,0.02032482
195734,0.02648121
195739,0.06303832
195740,0.01455045
195746,0.30793194
195750,0.14910314
195769,0.15212919
195772,0.03410617
195785,0.01124336
195789,0.19437981
195793,0.06354886
195801,0.02332845
195803,0.02641516
195810,0.15305986
195818,0.02216369
195819,0.34598931
195823,0.07025768
195828,0.09523404
195836,0.04293886
195843,0.04554271
195858,0.07331754
195876,0.08439195
195890,0.06825536
195891,0.04584875
195900,0.03346272
195905,0.05209774
195910,0.10798427
195911,0.07253116
195912,0.04069812
195917,0.10146205
195918,0.15061678
195923,0.41656832
195937,0.28759578
195940,0.49200312
195945,0.02074510
195946,0.02914844
195948,0.06648473
195955,0.02332425
195957,0.24755892
195958,0.01775639
195959,0.28063003
195970,0.00951204
195974,0.00972894
195979,0.12353656
195990,0.05682365
196004,0.06953880
196007,0.21633264
196012,0.15124238
196019,0.05279970
196029,0.09999571
196034,0.07762006
196042,0.05018937
196066,0.33350935
196067,0.06173179
196071,0.02295471
196074,0.16886839
196075,0.03054808
196079,0.00841615
196080,0.32278198
196082,0.02175055
196083,0.02347805
196085,0.23006184
196115,0.09164641
196118,0.18787865
196128,0.03054144
196149,0.04191114
196150,0.01708888
196162,0.09855808
196194,0.25649247
196198,0.01033026
196204,0.01254553
196206,0.04889904
196210,0.27064873
196220,0.08638716
196221,0.01096525
196230,0.00800406
196236,0.09356181
196242,0.04365512
196256,0.14918514
196261,0.36629952
196274,0.01166268
196281,0.01632054
196303,0.00898553
196305,0.23693165
196322,0.03862013
196343,0.00553204
196346,0.04853018
196354,0.06667085
196357,0.02709141
196359,0.02687466
196360,0.21062955
196361,0.00984312
196364,0.27561858
196371,0.00928200
196375,0.01608784
196377,0.01442650
196378,0.03275914
196381,0.01771908
196384,0.00979913
196385,0.08622619
196388,0.14066444
196394,0.23346961
196400,0.33130284
196401,0.06122779
196404,0.11673165
196411,0.06161461
196436,0.11002711
196443,0.05963142
196444,0.12132509
196446,0.17727938
196475,0.13779700
196476,0.11862503
196486,0.01407189
196489,0.17289468
196492,0.06700816
196498,0.11894594
196500,0.00526218
196505,0.17241777
196507,0.01666261
196510,0.02918254
196514,0.01855970
196530,0.02320518
196544,0.00557783
196551,0.04827665
196578,0.01204588
196585,0.20768461
196587,0.01400901
196588,0.15076400
196594,0.07188770
196598,0.07625058
196605,0.01010283
196618,0.02288329
196619,0.04360624
196623,0.09726392
196624,0.06450196
196643,0.06175624
196649,0.01863478
196650,0.00713985
196656,0.01315697
196663,0.33107034
196667,0.13679399
196669,0.11124490
196681,0.34786585
196717,0.03376233
196726,0.07151555
196728,0.00593915
196729,0.03354041
196731,0.05017556
196736,0.03179959
196738,0.02063593
196745,0.21115612
196747,0.01347534
196748,0.02746653
196753,0.01711837
196757,0.01735526
196760,0.12702192
196777,0.34564498
196788,0.03475803
196799,0.04312042
196808,0.02398934
196819,0.01280281
196825,0.02348287
196826,0.12605707
196834,0.03220874
196841,0.21298104
196847,0.06083886
196849,0.05447387
196851,0.06770168
196867,0.01885463
196884,0.01580267
196889,0.18767339
196898,0.05513858
196901,0.00710249
196917,0.05788658
196930,0.08351343
196936,0.08292077
196956,0.00940542
196959,0.00471624
196962,0.04677683
196963,0.10651820
196971,0.15853452
196972,0.08725726
196977,0.03108304
196984,0.02438525
196985,0.13974058
197010,0.17392117
197029,0.14001516
197040,0.02080331
197058,0.07570580
197060,0.01288756
197064,0.17149416
197075,0.02937415
197083,0.11154772
197102,0.20301510
197103,0.16425293
197107,0.03855881
197129,0.02524963
197135,0.01217087
197140,0.01189333
197150,0.05413048
197152,0.04269412
197153,0.03057690
197154,0.01330547
197156,0.21186684
197166,0.01058870
197167,0.00740826
197177,0.03152871
197178,0.03480470
197187,0.04670282
197191,0.01960258
197205,0.14377330
197206,0.15489074
197219,0.06331064
197224,0.00390614
197245,0.05861800
197246,0.05709828
197273,0.14519071
197275,0.03467111
197278,0.08474707
197288,0.06238768
197290,0.06653304
197294,0.04466389
197295,0.04038525
197311,0.02931163
197314,0.06960629
197320,0.21749818
197321,0.19487458
197324,0.20415478
197327,0.03555219
197332,0.07457739
197333,0.13341281
197335,0.01789937
197348,0.00715800
197362,0.08349169
197363,0.18126534
197368,0.02465517
197378,0.14820638
197381,0.13202688
197384,0.04254851
197386,0.05955301
197393,0.03824468
197396,0.04684679
197400,0.01335540
197408,0.01071438
197412,0.04403894
197413,0.10601522
197415,0.01730951
197418,0.14997796
197427,0.00825419
197443,0.17038043
197448,0.08574548
197449,0.02613383
197470,0.07129451
197478,0.07362286
197482,0.05145651
197488,0.04843536
197491,0.04055027
197495,0.09520096
197498,0.14663717
197502,0.10856919
197507,0.08895838
197509,0.18411635
197510,0.08911956
197512,0.07291828
197513,0.02767332
197524,0.04026980
197525,0.04625902
197529,0.45394535
197533,0.01310219
197534,0.19365548
197540,0.09355811
197541,0.01112294
197559,0.00996718
197566,0.01874803
197582,0.03430614
197585,0.04202702
197587,0.11335015
197595,0.08494725
197598,0.02002801
197601,0.01763139
197603,0.04619252
197607,0.08366780
197611,0.10020161
197625,0.08434044
197631,0.03184727
197633,0.03410432
197638,0.10857299
197640,0.08662138
197644,0.00453124
197645,0.01164172
197646,0.15557417
197650,0.01896606
197657,0.06045015
197664,0.04375576
197668,0.03346696
197681,0.03690379
197682,0.03986723
197693,0.03751412
197695,0.12680404
197699,0.15014641
197709,0.01740212
197711,0.09165575
197715,0.01327894
197716,0.14327279
197722,0.16395261
197728,0.09762869
197729,0.05172272
197730,0.09928798
197744,0.04308815
197768,0.07657062
197770,0.02653457
197775,0.25940004
197788,0.02118220
197795,0.03365161
197806,0.14686004
197808,0.08711468
197812,0.06272140
197813,0.01131806
197822,0.01031730
197827,0.01932272
197828,0.01393385
197836,0.04601525
197857,0.02123303
197862,0.13629662
197872,0.02672337
197892,0.01404829
197903,0.05954503
197907,0.12899533
197908,0.06188776
197916,0.06133273
197921,0.04578199
197924,0.02934980
197930,0.09174166
197934,0.24461871
197942,0.03783482
197945,0.22618789
197958,0.01725254
197959,0.01512920
197967,0.05521724
197969,0.31046499
197978,0.21496231
197999,0.02900357
198001,0.27442360
198004,0.01125908
198007,0.01989958
198019,0.12283005
198020,0.03350513
198024,0.06462618
198026,0.12196808
198038,0.03801205
198044,0.01134197
198050,0.17505469
198054,0.19255050
198055,0.01828056
198082,0.03186230
198094,0.01943151
198095,0.02534673
198099,0.07075435
198101,0.10472305
198102,0.01470416
198114,0.13379178
198125,0.04300634
198127,0.03756535
198128,0.01118780
198137,0.01538337
198141,0.01290309
198142,0.06940814
198155,0.05287529
198179,0.04144400
198181,0.22440970
198184,0.04059660
198185,0.02978103
198186,0.06374444
198187,0.05122941
198193,0.01402361
198197,0.02247646
198209,0.01662352
198221,0.08701248
198225,0.06044801
198229,0.15974954
198237,0.23330650
198239,0.38948018
198247,0.01046172
198253,0.06755439
198272,0.00811686
198279,0.01295801
198282,0.01858574
198284,0.01060410
198285,0.02453251
198287,0.07246230
198294,0.06156579
198309,0.02194407
198312,0.16097360
198315,0.04913700
198323,0.07418984
198331,0.07742362
198333,0.25168973
198359,0.02091835
198370,0.13637757
198378,0.04500512
198379,0.09068010
198381,0.01903391
198383,0.02426752
198384,0.09336551
198385,0.08286781
198420,0.09145726
198421,0.11198725
198425,0.06717485
198427,0.14200272
198429,0.02769635
198437,0.03086259
198445,0.01572186
198452,0.01358319
198454,0.01593482
198487,0.01544067
198523,0.22233659
198528,0.07279057
198530,0.13698693
198539,0.01056649
198540,0.01822798
198547,0.04273429
198566,0.03615993
198568,0.01471032
198569,0.05011782
198595,0.00743890
198600,0.03737886
198614,0.04401130
198617,0.02968121
198619,0.48566053
198627,0.10234406
198640,0.00644285
198655,0.15490612
198664,0.10679114
198665,0.00725338
198666,0.20064254
198670,0.03781620
198673,0.26276373
198680,0.07312443
198689,0.02058159
198690,0.06610501
198702,0.02202918
198703,0.01415356
198704,0.14428007
198714,0.16676820
198715,0.12462676
198717,0.00811273
198718,0.02027663
198720,0.12055022
198721,0.01450956
198730,0.03022762
198739,0.06032834
198754,0.01315367
198761,0.02587227
198772,0.02241668
198774,0.01456768
198775,0.06453497
198779,0.03944053
198783,0.01872456
198790,0.04841365
198794,0.16297180
198798,0.25760194
198799,0.03717397
198802,0.18915101
198806,0.04219169
198847,0.03480317
198854,0.19160092
198858,0.02997799
198859,0.12968209
198865,0.15064747
198872,0.03716052
198874,0.02535070
198878,0.03434576
198883,0.04161967
198884,0.03918120
198891,0.04321369
198899,0.06899801
198907,0.08218539
198916,0.06562594
198917,0.16903112
198934,0.01397525
198937,0.01003937
198938,0.00660845
198941,0.06203844
198957,0.01893035
198966,0.04351066
198984,0.01632098
198997,0.00313596
199001,0.07240349
199003,0.08084540
199009,0.03336218
199011,0.01321569
199013,0.03015638
199015,0.00883993
199024,0.04682624
199026,0.04486347
199027,0.30386235
199029,0.03031806
199030,0.07062889
199041,0.01219567
199048,0.17386336
199057,0.02373705
199058,0.01115848
199062,0.01054234
199067,0.01916824
199070,0.05159387
199075,0.01592122
199076,0.00476904
199092,0.04850271
199096,0.00675114
199104,0.11613104
199114,0.02720626
199115,0.00614763
199117,0.02704741
199126,0.15829284
199131,0.04867834
199141,0.02941234
199145,0.02614281
199150,0.18090745
199151,0.01915063
199153,0.00550180
199166,0.01254043
199167,0.08390060
199177,0.17586466
199182,0.02358838
199183,0.13931512
199185,0.00519233
199212,0.01362486
199213,0.12109979
199222,0.20863340
199229,0.03238475
199230,0.02251814
199242,0.49073780
199243,0.00460240
199246,0.04445450
199247,0.08316813
199249,0.03605997
199262,0.09791303
199263,0.01799842
199275,0.00677547
199276,0.08331725
199287,0.03770010
199298,0.02655029
199304,0.05726921
199307,0.01929098
199311,0.09325965
199316,0.00472856
199320,0.16691177
199321,0.08146058
199325,0.04022221
199326,0.12990071
199327,0.11892959
199334,0.02733720
199344,0.20558566
199345,0.05050282
199352,0.12139478
199364,0.14952147
199378,0.02423581
199379,0.03925339
199387,0.01778555
199405,0.10500979
199418,0.16359438
199424,0.05313573
199425,0.01235197
199432,0.01568024
199433,0.06376852
199442,0.15206059
199446,0.04151606
199457,0.02837102
199458,0.03168755
199477,0.04041516
199522,0.04839259
199525,0.13390059
199533,0.13321362
199536,0.03670508
199537,0.00821897
199550,0.10090203
199560,0.02921757
199564,0.27018245
199575,0.05593989
199580,0.01140276
199586,0.02691657
199597,0.04391792
199598,0.07738168
199604,0.01284313
199608,0.07483453
199609,0.11511187
199616,0.01479433
199625,0.09923141
199648,0.33011747
199650,0.03020163
199655,0.00592828
199663,0.01520574
199670,0.01207742
199673,0.05102805
199685,0.03443275
199696,0.05117445
199703,0.04979819
199704,0.03218138
199706,0.02305788
199727,0.04842634
199740,0.13363215
199746,0.23562530
199764,0.23348128
199766,0.12893963
199785,0.01340004
199786,0.01384304
199795,0.03973473
199797,0.03751480
199803,0.31829191
199804,0.13622414
199810,0.11504812
199815,0.02498620
199822,0.02479281
199824,0.02351149
199828,0.06138326
199833,0.10690199
199840,0.07821668
199844,0.03711545
199846,0.05433336
199858,0.07580554
199862,0.04909347
199865,0.11391068
199866,0.04431588
199869,0.06224414
199870,0.02589989
199871,0.03020323
199878,0.01798637
199889,0.05250642
199891,0.05677948
199898,0.00761387
199903,0.00724629
199904,0.00721649
199924,0.09801683
199950,0.00809890
199954,0.07717419
199956,0.01311506
199962,0.15962141
199965,0.37808466
199971,0.00858425
199972,0.09143364
199988,0.19307569
199995,0.22181031
199997,0.09024845
199998,0.03850951
199999,0.02346647
200011,0.06102191
200012,0.00994801
200016,0.01153792
200019,0.00416074
200030,0.03299398
200031,0.04296491
200032,0.02725106
200038,0.07410646
200043,0.01965627
200044,0.05158830
200045,0.11819450
200053,0.21875206
200057,0.03197977
200061,0.01439323
200064,0.05624796
200071,0.27700124
200084,0.18940804
200085,0.00874674
200086,0.11870675
200093,0.08537112
200095,0.09706941
200105,0.02783875
200111,0.03033683
200116,0.14343120
200125,0.19907806
200126,0.05255805
200157,0.04838257
200173,0.22977457
200181,0.07492595
200185,0.03132619
200187,0.01463032
200193,0.02821602
200200,0.10886145
200202,0.01710170
200206,0.25408598
200207,0.00543338
200216,0.00338919
200229,0.06164730
200234,0.00339746
200241,0.08551082
200244,0.01716129
200258,0.05441209
200262,0.07316761
200268,0.30350093
200277,0.07505677
200286,0.00622415
200293,0.07143269
200299,0.48514507
200306,0.03454110
200335,0.02435983
200358,0.05886674
200366,0.02352848
200367,0.00555267
200370,0.01199916
200373,0.21193457
200374,0.02405104
200383,0.03769672
200387,0.04462986
200390,0.20169834
200391,0.08289997
200421,0.27584551
200437,0.03994763
200442,0.01271843
200447,0.00761360
200460,0.02844457
200463,0.08196078
200467,0.24828868
200487,0.04658789
200488,0.03220366
200490,0.08265550
200493,0.04833914
200494,0.04924981
200501,0.08447039
200506,0.06609754
200516,0.01740913
200518,0.07055966
200520,0.09438839
200523,0.05856862
200524,0.04808188
200525,0.01432632
200534,0.03346255
200538,0.05204982
200552,0.02304196
200556,0.01224681
200557,0.08723877
200567,0.02391214
200568,0.02438503
200570,0.02342552
200572,0.14206129
200576,0.02975396
200585,0.06676924
200587,0.12388922
200588,0.14498709
200593,0.10247305
200594,0.03058299
200595,0.05876251
200603,0.36442027
200615,0.04899268
200624,0.08994428
200631,0.27952656
200632,0.00713230
200636,0.01486624
200638,0.01850202
200641,0.02424619
200650,0.03868086
200653,0.01409732
200657,0.08231872
200668,0.11848098
200669,0.02319871
200670,0.01798872
200676,0.13099209
200697,0.00665747
200710,0.07324214
200720,0.02691145
200729,0.00312152
200749,0.04398282
200753,0.11501995
200755,0.05202906
200756,0.03399271
200757,0.08255321
200768,0.02821740
200776,0.01251803
200799,0.15382014
200801,0.01206349
200810,0.09975489
200823,0.04980022
200832,0.49975868
200836,0.02895143
200838,0.00837569
200864,0.19042043
200867,0.03057092
200869,0.02336567
200873,0.11344322
200876,0.02517903
200881,0.02133142
200883,0.00842377
200890,0.05966179
200895,0.02631741
200897,0.02320023
200899,0.04781403
200900,0.03694266
200907,0.11178025
200912,0.02380005
200926,0.07487044
200930,0.09655421
200971,0.00407981
200974,0.01960770
200979,0.01614242
200998,0.10246793
201008,0.16683475
201018,0.09996155
201026,0.01033145
201043,0.02892164
201049,0.01129152
201050,0.07374461
201061,0.04778849
201062,0.00727038
201072,0.01111961
201076,0.08669323
201077,0.07229119
201081,0.12937813
201084,0.21782170
201089,0.05944323
201092,0.00879714
201109,0.03351645
201110,0.11500791
201116,0.01326847
201122,0.14022417
201135,0.10620923
201143,0.00504864
201153,0.02317447
201159,0.05056531
201165,0.00991671
201187,0.11274321
201197,0.03109696
201218,0.09073189
201219,0.10222928
201231,0.01408977
201234,0.01502158
201243,0.01057282
201246,0.11893003
201254,0.02764701
201256,0.01690786
201262,0.47240507
201263,0.04859713
201272,0.29965068
201273,0.01644805
201281,0.13073547
201290,0.01947975
201294,0.04238760
201296,0.00499869
201320,0.00870926
201332,0.03959779
201342,0.06478141
201343,0.01596400
201347,0.08819308
201350,0.01998080
201351,0.16129556
201362,0.15719826
201363,0.05429670
201368,0.10434290
201373,0.03186185
201375,0.01118138
201378,0.04526808
201386,0.04236593
201387,0.00849546
201390,0.34066976
201393,0.10438882
201409,0.01949826
201442,0.03393403
201444,0.07678722
201447,0.13272364
201451,0.01663173
201474,0.05773910
201481,0.04764669
201491,0.01465338
201498,0.04266175
201499,0.18289548
201501,0.06462325
201502,0.02873938
201516,0.03614515
201517,0.01996547
201524,0.03194636
201526,0.56368810
201528,0.00627123
201532,0.02948292
201543,0.44572680
201544,0.02649631
201546,0.14742363
201552,0.02267499
201554,0.08514091
201556,0.04058284
201557,0.01896984
201559,0.13904970
201575,0.08153003
201592,0.14272746
201593,0.08653807
201600,0.04180236
201630,0.07894894
201631,0.05835383
201635,0.01197774
201638,0.05670547
201642,0.02138053
201645,0.00508680
201660,0.01016862
201663,0.03566508
201665,0.00813680
201674,0.01489224
201675,0.01684359
201677,0.06897699
201688,0.28430670
201698,0.04134551
201706,0.01045853
201709,0.01026901
201710,0.15306700
201718,0.04910105
201720,0.08468496
201727,0.08756955
201730,0.03676763
201732,0.07707845
201733,0.01747581
201736,0.08648521
201738,0.06003934
201744,0.12919950
201747,0.12377866
201751,0.13414201
201766,0.16445284
201777,0.01260197
201778,0.02908933
201785,0.28331557
201804,0.01649014
201808,0.09296300
201813,0.29032405
201815,0.00875892
201820,0.05648728
201825,0.03874455
201830,0.02114661
201838,0.00369577
201839,0.11517582
201845,0.08107853
201849,0.00456561
201850,0.01398109
201853,0.00996217
201856,0.05005582
201873,0.06201562
201875,0.01189117
201906,0.08632510
201907,0.04646848
201908,0.05007993
201909,0.07310580
201911,0.11668266
201927,0.01644898
201928,0.02296470
201937,0.02254108
201943,0.04444624
201946,0.02492166
201948,0.01447209
201949,0.06325662
201955,0.00569713
201962,0.02042076
201977,0.01379828
201996,0.01987279
201997,0.17728543
202004,0.06664573
202005,0.01989462
202006,0.04532146
202010,0.01207093
202020,0.04077005
202029,0.25224116
202033,0.04567903
202034,0.06592360
202040,0.26951135
202045,0.00716201
202048,0.01662187
202055,0.02262921
202058,0.02880441
202062,0.02537385
202073,0.26772188
202078,0.01365357
202079,0.16721695
202080,0.05210957
202085,0.05489632
202090,0.02813734
202092,0.08842085
202114,0.01915381
202124,0.00846570
202133,0.04238264
202136,0.10019198
202150,0.01474914
202156,0.00814765
202159,0.02829672
202165,0.01262409
202167,0.13096149
202168,0.03207585
202169,0.05756744
202170,0.12911279
202204,0.02356480
202209,0.01830724
202216,0.05941463
202220,0.05011141
202228,0.02879649
202229,0.05538938
202231,0.08649106
202232,0.00725376
202234,0.24807319
202252,0.13917173
202253,0.11704088
202272,0.02039944
202273,0.03286896
202292,0.01612605
202300,0.01733304
202302,0.02724577
202311,0.00347697
202316,0.02679989
202318,0.07124212
202324,0.05753138
202343,0.13580614
202344,0.16237351
202349,0.01311507
202351,0.12189038
202355,0.00317926
202379,0.09360339
202407,0.00891416
202409,0.14725469
202410,0.01909389
202422,0.07459745
202423,0.08938437
202435,0.03477202
202437,0.21133152
202438,0.10076921
202439,0.13722233
202441,0.05954520
202444,0.00732606
202446,0.17128156
202450,0.06436995
202455,0.04669024
202457,0.01159186
202461,0.05258608
202463,0.15374025
202473,0.02269089
202478,0.05019441
202484,0.32846772
202490,0.03930920
202491,0.00886370
202492,0.17274436
202497,0.15450698
202508,0.04457348
202509,0.05547849
202510,0.01205201
202511,0.07174065
202514,0.00753115
202524,0.04278313
202527,0.11708613
202547,0.09932737
202554,0.01507235
202557,0.07732532
202568,0.31003270
202573,0.01689230
202587,0.01002956
202599,0.04052048
202610,0.06752943
202613,0.04083609
202618,0.22844559
202621,0.01976203
202645,0.04288981
202646,0.00534234
202649,0.05388854
202653,0.03121638
202655,0.05861143
202656,0.05803473
202659,0.15986530
202661,0.06402783
202681,0.03944630
202688,0.05413518
202691,0.00841367
202692,0.01095035
202697,0.32729574
202698,0.13626178
202717,0.07525702
202720,0.13149453
202724,0.06679947
202725,0.11548163
202734,0.11762737
202740,0.01360014
202743,0.01938253
202746,0.00694389
202760,0.02585781
202761,0.02473879
202765,0.02532847
202769,0.06793765
202785,0.05215763
202793,0.08455004
202796,0.05534205
202805,0.00267832
202816,0.06312677
202823,0.11718469
202825,0.04426991
202829,0.00972075
202830,0.13519415
202848,0.04922206
202861,0.10339782
202862,0.11677585
202863,0.01650092
202879,0.06761283
202889,0.01101744
202894,0.13398649
202895,0.04455576
202897,0.01828337
202899,0.03660356
202900,0.07189657
202907,0.01777784
202927,0.04869512
202945,0.01843486
202951,0.04149540
202955,0.03353210
202960,0.01853716
202967,0.04900857
202972,0.04174476
202982,0.08287566
202993,0.01083727
202996,0.02523820
202998,0.02134505
203008,0.01524777
203026,0.09756220
203038,0.11173203
203044,0.02265970
203054,0.01204983
203070,0.19561663
203075,0.02771945
203082,0.03812465
203089,0.04504938
203090,0.01982454
203098,0.17879321
203108,0.04279848
203109,0.01333463
203113,0.03210060
203123,0.02711068
203124,0.00722426
203128,0.08048589
203129,0.39415382
203131,0.23149507
203142,0.05843257
203154,0.05350432
203175,0.03951557
203176,0.20690631
203183,0.02589746
203185,0.01562847
203195,0.06917278
203201,0.04085492
203205,0.11935396
203218,0.02704766
203241,0.01883232
203244,0.14945415
203245,0.02405947
203253,0.34015618
203259,0.03241474
203264,0.50950462
203276,0.04007044
203283,0.06219698
203286,0.00749299
203288,0.02291501
203290,0.02145712
203298,0.08676168
203300,0.06791924
203312,0.05516690
203318,0.02379005
203331,0.08220517
203337,0.00467522
203339,0.03066909
203344,0.01214439
203348,0.06497642
203349,0.00808306
203350,0.03121846
203358,0.23690665
203366,0.03874699
203371,0.02408498
203377,0.12191223
203399,0.04849546
203402,0.02338499
203407,0.16512720
203410,0.06076614
203421,0.09979830
203428,0.03447047
203431,0.12901446
203433,0.22394394
203459,0.01215040
203460,0.29143828
203462,0.15734956
203470,0.01672298
203475,0.24533634
203476,0.03199107
203496,0.23694332
203518,0.00979820
203547,0.03325123
203549,0.02665353
203550,0.01377075
203552,0.00688615
203561,0.05630118
203564,0.05554145
203567,0.04606845
203575,0.04484190
203590,0.04646857
203591,0.00967293
203605,0.02774217
203606,0.02935850
203640,0.05359101
203643,0.63587233
203647,0.15112970
203648,0.01582349
203669,0.02194683
203671,0.00591693
203692,0.01281145
203695,0.11019680
203706,0.02478845
203713,0.04842856
203730,0.01441029
203736,0.02033165
203745,0.22733776
203751,0.06376563
203753,0.01823851
203755,0.02307192
203762,0.09019173
203769,0.01046150
203774,0.02183574
203796,0.01689369
203799,0.03038565
203806,0.01081788
203807,0.09360960
203810,0.03088813
203816,0.11182251
203821,0.39633139
203822,0.02897973
203850,0.05646594
203854,0.01542641
203862,0.03725687
203868,0.02397479
203869,0.03193973
203870,0.01793396
203876,0.02492472
203878,0.03822333
203889,0.01624929
203897,0.01305989
203905,0.27176484
203914,0.07983138
203915,0.03245616
203950,0.08009129
203956,0.03030882
203957,0.03313122
203973,0.08858166
203975,0.01538117
203980,0.04763667
203997,0.04344685
204001,0.05381698
204008,0.04754175
204017,0.03362308
204020,0.06290013
204021,0.05106540
204026,0.04991585
204027,0.01137200
204043,0.01304987
204047,0.04974587
204055,0.02680182
204059,0.02290551
204060,0.09657389
204061,0.01899140
204073,0.03728034
204076,0.18593069
204086,0.12584453
204088,0.01463292
204102,0.15897098
204116,0.11943131
204117,0.07286423
204121,0.08690854
204129,0.00725930
204139,0.24337021
204148,0.01409457
204149,0.05202701
204175,0.01117973
204181,0.21553869
204183,0.00930766
204187,0.03851792
204193,0.11971753
204194,0.05965969
204195,0.01781790
204196,0.11048352
204202,0.03078789
204206,0.01224501
204207,0.15724868
204214,0.02864906
204222,0.04964412
204226,0.00747298
204227,0.08863326
204228,0.09545724
204231,0.17708743
204232,0.29584477
204235,0.39743814
204237,0.00489469
204239,0.01200745
204242,0.03908659
204254,0.03473435
204255,0.08795825
204259,0.04360838
204268,0.02884170
204280,0.04249826
204282,0.05798379
204307,0.01123948
204314,0.04241084
204318,0.02430100
204321,0.04472543
204330,0.02265941
204335,0.07682529
204339,0.28640088
204344,0.02258711
204350,0.18947633
204371,0.00705216
204372,0.03591857
204374,0.07752972
204383,0.03838478
204392,0.20241494
204403,0.00510447
204409,0.00998122
204416,0.04668514
204417,0.02860688
204437,0.09758120
204440,0.00958904
204445,0.00595428
204446,0.08917461
204449,0.31324176
204468,0.03276605
204504,0.03204492
204506,0.01121925
204536,0.01505410
204539,0.16958166
204601,0.01347559
204614,0.10337381
204616,0.14864092
204618,0.09685178
204623,0.04790215
204630,0.07556684
204636,0.11302558
204639,0.00874790
204642,0.03375761
204644,0.01645491
204648,0.01361500
204662,0.02490360
204673,0.01379497
204674,0.05664155
204681,0.00395881
204682,0.01299338
204683,0.20745397
204689,0.08330007
204690,0.07081812
204707,0.04557964
204728,0.05035753
204736,0.28572882
204740,0.02051093
204749,0.03634924
204756,0.03624232
204771,0.00935067
204778,0.02565427
204808,0.01834948
204822,0.16406517
204827,0.13733864
204831,0.10731893
204836,0.02564204
204837,0.00314598
204843,0.03197784
204846,0.01342140
204847,0.00878887
204850,0.04052046
204852,0.00835891
204854,0.04863693
204856,0.24328326
204857,0.13310181
204863,0.03105731
204870,0.01108283
204885,0.11504067
204895,0.07697998
204905,0.04103653
204911,0.06022344
204927,0.08062007
204929,0.06584815
204941,0.07126722
204959,0.08426559
204962,0.08893555
204965,0.34569786
204970,0.21758341
204971,0.01954808
204972,0.08132522
205000,0.05862395
205011,0.03115570
205013,0.01120427
205014,0.36459415
205019,0.01544276
205043,0.04253049
205045,0.04908602
205054,0.01602252
205066,0.04661545
205069,0.13546169
205070,0.01706953
205071,0.08992583
205073,0.03715939
205077,0.04088632
205078,0.01950295
205088,0.01683467
205104,0.05496793
205107,0.00760297
205117,0.01766339
205118,0.01104439
205128,0.10521206
205134,0.01337580
205140,0.01571289
205141,0.25282722
205142,0.00498528
205153,0.33145405
205158,0.02528235
205169,0.00967214
205170,0.07067479
205183,0.03933743
205184,0.01587610
205197,0.01650669
205199,0.05241326
205204,0.00435429
205208,0.03395468
205209,0.00720801
205210,0.07510880
205216,0.03818154
205219,0.14108597
205222,0.06679229
205225,0.01324553
205235,0.04450846
205236,0.03396249
205241,0.00437594
205244,0.02029400
205251,0.21724559
205252,0.14862076
205258,0.01719953
205262,0.05359075
205264,0.01051521
205274,0.37556881
205277,0.04947863
205281,0.01130678
205306,0.01623500
205307,0.05224910
205323,0.02388582
205336,0.27216481
205337,0.25328164
205360,0.18990400
205363,0.02754727
205365,0.01050061
205367,0.15788002
205368,0.01470064
205375,0.00943069
205403,0.03650864
205411,0.02949518
205415,0.02820300
205429,0.05969988
205434,0.07264405
205445,0.02713738
205463,0.12020028
205471,0.02742204
205472,0.13863329
205479,0.13264372
205480,0.03384395
205493,0.10854509
205503,0.11582831
205508,0.03276389
205524,0.15691448
205525,0.03768723
205526,0.01007448
205533,0.01856664
205542,0.00868493
205545,0.03158201
205552,0.01479442
205561,0.04187217
205563,0.01721698
205564,0.10670216
205565,0.01281751
205566,0.01564766
205569,0.02833410
205579,0.03046775
205585,0.10812112
205587,0.00733082
205588,0.02777423
205591,0.02457850
205594,0.20376601
205600,0.09906144
205608,0.02911320
205613,0.03198770
205618,0.06289788
205619,0.00643656
205623,0.00347182
205627,0.25348107
205628,0.17124523
205635,0.00615015
205638,0.02056685
205640,0.10765902
205641,0.24265759
205642,0.28916569
205643,0.01067933
205646,0.07202559
205655,0.03998748
205672,0.03076736
205678,0.03308113
205681,0.04864619
205682,0.02506560
205690,0.00671910
205693,0.02935607
205695,0.03748953
205724,0.01294744
205738,0.01795315
205741,0.03652336
205744,0.01681889
205750,0.01942093
205751,0.08266301
205752,0.01296401
205766,0.02516569
205773,0.08282392
205775,0.07173379
205776,0.01438130
205789,0.27770163
205793,0.04435550
205797,0.00914592
205798,0.02993494
205802,0.00618383
205806,0.05407324
205807,0.00895506
205815,0.02372385
205819,0.01958785
205821,0.03035375
205822,0.06440659
205831,0.10161118
205832,0.03080694
205836,0.01064827
205843,0.07333642
205862,0.02410292
205863,0.02866918
205866,0.07057106
205873,0.04616916
205877,0.05670148
205879,0.05530440
205880,0.01153794
205886,0.07009454
205898,0.03948761
205903,0.02414877
205907,0.05562021
205908,0.05409855
205909,0.02057194
205930,0.00540359
205931,0.01209834
205932,0.03530323
205951,0.00982732
205957,0.58048250
205960,0.02104777
205987,0.05152433
205994,0.26623048
205995,0.03329848
206006,0.01542616
206007,0.02730406
206013,0.01317718
206020,0.01022558
206030,0.00912367
206035,0.00465241
206038,0.00501432
206039,0.07672212
206061,0.02024826
206066,0.04402359
206068,0.09252455
206071,0.19878180
206076,0.03760602
206077,0.05088956
206091,0.07754835
206097,0.05143251
206101,0.03046818
206145,0.11059813
206147,0.02018903
206163,0.02454688
206171,0.01761567
206173,0.16195942
206174,0.36494122
206197,0.03582874
206198,0.07892556
206209,0.08431951
206211,0.08680780
206213,0.02622238
206246,0.19313977
206252,0.05377981
206253,0.14097429
206254,0.06540372
206257,0.06062378
206270,0.03671696
206283,0.00757020
206290,0.02439073
206291,0.03053010
206292,0.25245743
206307,0.07220021
206315,0.02449454
206319,0.15784699
206324,0.18482807
206326,0.15407449
206338,0.05592965
206339,0.02364653
206354,0.01439866
206359,0.01880063
206374,0.14953463
206377,0.01262266
206395,0.18978417
206403,0.02620481
206410,0.13143267
206413,0.03266173
206414,0.01383674
206418,0.10974969
206424,0.07490603
206427,0.04556977
206428,0.05499734
206429,0.06767481
206430,0.01429116
206447,0.01660907
206451,0.03930403
206465,0.18065882
206477,0.16128798
206484,0.03127510
206497,0.00489231
206517,0.03844482
206533,0.02983278
206542,0.07674212
206557,0.06764292
206563,0.01682445
206564,0.08451710
206565,0.01632258
206582,0.08045810
206593,0.21215399
206605,0.27734053
206606,0.02740011
206621,0.03484310
206639,0.01382510
206640,0.04814630
206641,0.01223668
206645,0.03951330
206656,0.10220337
206666,0.06352053
206679,0.06986006
206681,0.01339147
206684,0.10329409
206686,0.01317773
206687,0.01555700
206697,0.03323842
206700,0.05156029
206702,0.07801643
206703,0.01580198
206708,0.01042692
206710,0.04036602
206721,0.05841229
206723,0.04125194
206735,0.07371164
206739,0.12102816
206742,0.03244310
206744,0.19703049
206747,0.19207270
206752,0.00917164
206774,0.03531791
206776,0.22756113
206792,0.01088649
206799,0.10879306
206805,0.03471865
206806,0.14032410
206809,0.07756265
206812,0.05209829
206814,0.01115214
206830,0.01994937
206831,0.00577344
206878,0.17962631
206905,0.02732420
206908,0.09238904
206910,0.02312505
206917,0.02263221
206920,0.10182347
206927,0.04645711
206933,0.05430322
206945,0.03868305
206968,0.01941662
206987,0.05481632
206989,0.00467493
207017,0.26541891
207027,0.01233493
207029,0.08695304
207030,0.15835449
207035,0.05285241
207040,0.10501548
207043,0.14656418
207054,0.13829995
207055,0.01251870
207059,0.02301748
207060,0.00537276
207062,0.00975469
207071,0.07170351
207073,0.22466991
207079,0.04086658
207100,0.02831700
207107,0.02833825
207129,0.04379924
207132,0.13807189
207139,0.04588666
207148,0.05809031
207153,0.02589045
207163,0.07090604
207164,0.00859488
207168,0.02546081
207171,0.00420208
207173,0.13803331
207174,0.01574870
207181,0.02419019
207182,0.07539141
207198,0.09105782
207201,0.01500871
207213,0.07391350
207234,0.04744143
207238,0.03008788
207256,0.02432712
207257,0.15883937
207264,0.22180755
207268,0.22878573
207275,0.04441439
207291,0.05289322
207296,0.02008168
207304,0.08390681
207308,0.01275891
207314,0.07505316
207324,0.09717262
207332,0.02857227
207333,0.13681380
207339,0.03954404
207349,0.00632156
207351,0.07454230
207359,0.07783270
207361,0.00914829
207365,0.01115426
207369,0.01129620
207372,0.01974065
207377,0.05411590
207380,0.00917248
207394,0.02502473
207412,0.09822044
207423,0.02839660
207426,0.01680668
207427,0.16657224
207428,0.08318626
207430,0.40153185
207437,0.04028207
207440,0.10464594
207455,0.01564931
207456,0.02597486
207471,0.03568504
207476,0.01619061
207483,0.01418759
207497,0.03217463
207506,0.02710220
207515,0.19369815
207529,0.04362164
207533,0.03750203
207534,0.00998328
207541,0.08008134
207560,0.01490281
207561,0.14402961
207570,0.03063579
207600,0.01920476
207630,0.16492518
207633,0.37525858
207634,0.00361728
207635,0.01561199
207660,0.01302417
207682,0.01161761
207684,0.17122574
207687,0.03737314
207706,0.12010503
207708,0.03417822
207713,0.04742265
207714,0.02820113
207718,0.00716533
207721,0.01659827
207724,0.06858479
207727,0.02870039
207731,0.01975354
207732,0.04565651
207734,0.02920135
207739,0.04259895
207744,0.12495781
207787,0.12069179
207792,0.05791271
207801,0.02867317
207811,0.11633597
207817,0.16238067
207818,0.09423099
207819,0.03872052
207830,0.03895654
207834,0.04128626
207841,0.19450359
207844,0.18551825
207849,0.13944909
207856,0.00824330
207865,0.01146483
207867,0.11808376
207873,0.15719274
207882,0.08336432
207887,0.01917907
207888,0.03228972
207889,0.01192803
207907,0.01436849
207921,0.24917151
207922,0.02058559
207928,0.08846466
207930,0.09165842
207940,0.00837888
207941,0.05654243
207956,0.04371563
207960,0.01135708
207961,0.08802687
207968,0.02877011
207971,0.05940311
207972,0.12208017
207975,0.03791482
207976,0.03624159
207979,0.15165471
207997,0.05265417
207999,0.27511936
208008,0.03227930
208027,0.21371775
208030,0.01297656
208033,0.46422444
208035,0.08075997
208040,0.01910494
208052,0.02952051
208067,0.00795888
208090,0.03917857
208100,0.01947916
208102,0.01199532
208110,0.05628300
208117,0.01242270
208119,0.03349165
208123,0.11106668
208127,0.64544797
208136,0.01633401
208139,0.00391341
208140,0.03922384
208144,0.10195814
208149,0.01319317
208156,0.11376075
208166,0.08038624
208168,0.02472874
208170,0.21997128
208172,0.12072254
208178,0.03129011
208193,0.03138591
208195,0.01263147
208211,0.02074064
208213,0.03767083
208229,0.05186865
208231,0.09193030
208235,0.00424501
208238,0.11073583
208240,0.06715754
208249,0.00934418
208262,0.07704271
208263,0.07405735
208270,0.04274794
208288,0.01642100
208292,0.05068577
208302,0.01365314
208303,0.16434301
208312,0.00813393
208317,0.01189346
208322,0.09617345
208331,0.03545103
208336,0.06026526
208337,0.12303329
208339,0.09073712
208346,0.20705999
208353,0.05097880
208358,0.01308482
208359,0.05095571
208360,0.01955300
208370,0.06027856
208373,0.00685430
208390,0.01936367
208391,0.13679480
208394,0.04693166
208396,0.03739921
208397,0.02343325
208398,0.15092047
208400,0.04500375
208410,0.02623259
208420,0.01598828
208421,0.23540789
208431,0.17298412
208450,0.07626305
208451,0.26433172
208455,0.08319861
208478,0.05647933
208479,0.02206108
208482,0.02217283
208502,0.13545130
208516,0.01743911
208518,0.01027520
208534,0.07644767
208550,0.00860063
208551,0.01211477
208566,0.03636227
208567,0.02635380
208575,0.06573890
208576,0.00975767
208588,0.02053919
208590,0.13749807
208595,0.00735138
208619,0.02346952
208620,0.04443328
208627,0.20763952
208629,0.03893675
208642,0.01247703
208645,0.01914891
208661,0.00761546
208662,0.00291979
208679,0.01015607
208681,0.02528627
208689,0.12987378
208696,0.03532011
208701,0.02405054
208707,0.08525551
208719,0.02431354
208720,0.09728882
208730,0.05148520
208748,0.00973527
208753,0.09885320
208755,0.05780607
208769,0.02200872
208775,0.06224433
208785,0.01294909
208796,0.01536344
208806,0.02213025
208815,0.11291444
208830,0.03922109
208833,0.10772415
208837,0.02128265
208842,0.01277720
208860,0.01577659
208874,0.06406876
208886,0.02048910
208897,0.02704439
208898,0.09118214
208905,0.12471280
208907,0.02359442
208924,0.06775260
208925,0.09175883
208933,0.03236520
208941,0.03746598
208948,0.00951547
208960,0.01186725
208962,0.03461832
208963,0.02495396
208965,0.01740585
208973,0.01264105
208974,0.03324137
208986,0.02244644
208992,0.01334099
208995,0.10875438
209001,0.01489589
209006,0.08141824
209012,0.01930008
209022,0.06776637
209055,0.14782040
209056,0.09471021
209057,0.04107947
209060,0.02667042
209067,0.01213980
209071,0.07831254
209078,0.02267076
209080,0.02628388
209094,0.02587481
209097,0.00749509
209098,0.11732016
209101,0.02770757
209108,0.01865181
209109,0.01753881
209111,0.00822286
209116,0.21340777
209117,0.50915290
209121,0.01422291
209126,0.00851546
209127,0.02407526
209141,0.02266410
209142,0.05376021
209159,0.01550670
209164,0.15186909
209168,0.35730605
209177,0.13097534
209197,0.08399980
209202,0.13919690
209209,0.01024844
209211,0.03769147
209233,0.03820546
209234,0.02639004
209253,0.03192645
209260,0.03932466
209263,0.03336677
209268,0.06255285
209275,0.04949113
209288,0.16466884
209298,0.19344402
209305,0.10571412
209326,0.10133856
209340,0.06003415
209352,0.38206130
209362,0.03765097
209367,0.04393300
209369,0.02055159
209377,0.02005533
209387,0.03361065
209392,0.03763723
209393,0.01135260
209420,0.00958077
209423,0.17490405
209457,0.05085924
209458,0.15555719
209470,0.06086231
209479,0.10799288
209483,0.09332771
209488,0.23733718
209489,0.02003262
209497,0.01652514
209504,0.02656533
209510,0.05153215
209513,0.02084979
209547,0.01765097
209549,0.01959379
209556,0.02618609
209561,0.20843557
209565,0.24518093
209591,0.08566516
209595,0.07638891
209596,0.21808220
209608,0.07272900
209628,0.04062714
209643,0.09159484
209645,0.61848725
209651,0.03388238
209659,0.06821255
209660,0.03359530
209661,0.18514583
209665,0.06196091
209682,0.01048825
209687,0.08679212
209689,0.02437538
209699,0.04382576
209705,0.08476070
209707,0.02664770
209713,0.05681246
209717,0.04648487
209718,0.09671044
209723,0.16585736
209727,0.01028566
209729,0.03081521
209739,0.01036694
209741,0.10967646
209744,0.12789934
209748,0.21607933
209749,0.03309522
209758,0.01092303
209761,0.04562815
209764,0.09131322
209772,0.02694830
209773,0.22365791
209794,0.02363049
209795,0.09583122
209814,0.02982185
209828,0.06489277
209838,0.01682326
209839,0.11887804
209845,0.47607897
209855,0.01328223
209862,0.03753894
209869,0.11204150
209872,0.04646459
209879,0.24979736
209881,0.04891669
209882,0.39118924
209893,0.24548397
209913,0.06605268
209918,0.05945864
209920,0.27836812
209921,0.02625878
209929,0.18562516
209943,0.11241294
209957,0.01515726
209960,0.05462111
209962,0.03139586
209969,0.05604524
209980,0.03920610
209986,0.02223299
209989,0.09374551
209990,0.03179233
209991,0.01308643
210007,0.05790738
210016,0.04802691
210018,0.04920970
210019,0.01764429
210020,0.00589551
210036,0.01043708
210050,0.05285158
210080,0.01104457
210084,0.01874978
210089,0.20829535
210104,0.11924893
210129,0.04024763
210135,0.01724827
210137,0.04511976
210140,0.09744166
210145,0.00924290
210146,0.02739730
210147,0.04276031
210152,0.00796577
210157,0.03115854
210158,0.02174337
210164,0.04107906
210170,0.04120495
210171,0.02911643
210173,0.22664563
210174,0.10242801
210176,0.15371367
210190,0.01197151
210191,0.22066626
210195,0.20880318
210196,0.04153952
210201,0.01052428
210211,0.08486317
210231,0.01675045
210239,0.13322366
210241,0.06549358
210242,0.02718129
210255,0.10000994
210278,0.04152096
210283,0.00569794
210284,0.04517751
210304,0.01324755
210307,0.02476801
210330,0.08843327
210332,0.05205265
210350,0.25038011
210379,0.00831675
210385,0.03732247
210401,0.03076174
210405,0.03532162
210413,0.15831178
210414,0.11184756
210415,0.13471580
210419,0.09006195
210429,0.02499122
210467,0.15050781
210481,0.02345280
210482,0.01016897
210492,0.02034476
210502,0.29212542
210523,0.02165711
210525,0.07480004
210529,0.10117784
210538,0.00555999
210543,0.01542365
210549,0.09021745
210551,0.07235017
210555,0.15945098
210558,0.08102455
210591,0.07148862
210597,0.18095180
210599,0.03119831
210610,0.02273129
210616,0.19544827
210618,0.02862966
210622,0.30380941
210639,0.03998582
210645,0.01897109
210650,0.01615393
210672,0.00748450
210676,0.03068883
210683,0.07597922
210697,0.37727620
210701,0.03372852
210706,0.06899921
210712,0.06179590
210717,0.03512846
210728,0.15677603
210729,0.03081092
210730,0.11908248
210731,0.04662310
210733,0.09573891
210735,0.04228035
210742,0.02341169
210748,0.00795332
210749,0.04245955
210758,0.06288952
210767,0.14957174
210769,0.06645993
210777,0.11973268
210789,0.00641433
210791,0.02374489
210794,0.00766956
210811,0.08072093
210814,0.00894589
210821,0.04594009
210833,0.03889619
210835,0.00946996
210859,0.01696299
210862,0.04938100
210870,0.03372864
210886,0.00889377
210893,0.05708550
210901,0.01506065
210906,0.11133988
210913,0.06565659
210953,0.04323208
210961,0.01888409
210962,0.24731227
210966,0.03157062
210983,0.10158077
211000,0.21017870
211025,0.06852607
211036,0.01827861
211043,0.11469316
211062,0.19666390
211076,0.02898260
211085,0.04488106
211096,0.02444859
211097,0.15047170
211098,0.23408690
211103,0.01058550
211108,0.08809229
211131,0.01807149
211135,0.11956933
211139,0.02159219
211146,0.01466586
211150,0.00410678
211158,0.03558893
211170,0.18508948
211177,0.06372742
211183,0.17758211
211187,0.10922482
211191,0.01567991
211194,0.16061023
211196,0.04627976
211203,0.01066034
211209,0.19529012
211210,0.15515023
211211,0.09187236
211232,0.05925620
211244,0.19648794
211263,0.01547876
211264,0.08008613
211270,0.02088725
211278,0.00449686
211292,0.01027831
211293,0.05516347
211295,0.03195268
211296,0.16346237
211308,0.05187182
211310,0.05013692
211312,0.08907741
211325,0.02268415
211326,0.03953395
211330,0.06957884
211333,0.01413744
211341,0.03514891
211342,0.00364872
211350,0.03172760
211355,0.17446326
211357,0.15759016
211358,0.13540224
211362,0.02087519
211377,0.01306821
211378,0.43945891
211379,0.08426487
211384,0.05817316
211395,0.21159912
211398,0.01293145
211399,0.01160754
211417,0.06015508
211419,0.30945205
211420,0.02443198
211439,0.09981778
211442,0.01199750
211451,0.01560987
211457,0.05987415
211469,0.06522811
211483,0.02386955
211505,0.11490665
211508,0.04640815
211509,0.11378736
211510,0.09897783
211526,0.07663670
211547,0.02713965
211548,0.02148629
211550,0.01295703
211551,0.02480490
211553,0.42813227
211562,0.09215931
211563,0.04144187
211564,0.18658633
211565,0.09118750
211571,0.60139156
211572,0.45224562
211577,0.07527110
211580,0.06420943
211609,0.01444276
211625,0.03864129
211635,0.32161814
211646,0.04998498
211660,0.03696827
211670,0.08697432
211672,0.02722792
211688,0.04525488
211694,0.00670244
211696,0.04512451
211711,0.14247371
211718,0.03451173
211732,0.01666724
211735,0.01635330
211736,0.07456828
211740,0.04719288
211741,0.05489948
211746,0.01235903
211751,0.01382882
211754,0.14236627
211770,0.02250348
211771,0.06718795
211787,0.54437614
211788,0.05638006
211802,0.05779732
211804,0.01587490
211810,0.09169452
211832,0.07344637
211839,0.08652307
211860,0.02644542
211863,0.20616402
211866,0.00679267
211869,0.05085879
211872,0.02428117
211894,0.04417179
211901,0.04354414
211902,0.25796896
211903,0.15318896
211946,0.02437046
211950,0.05609487
211959,0.07288851
211964,0.07242163
211965,0.01945116
211979,0.01308605
211983,0.16730446
211986,0.03853882
211987,0.01661792
211988,0.04076374
211999,0.01211959
212002,0.02283082
212004,0.02952480
212009,0.08428952
212015,0.04617119
212023,0.02136167
212048,0.04894422
212055,0.03645599
212067,0.00967811
212079,0.00610274
212080,0.04401344
212083,0.02207508
212085,0.12188827
212088,0.04864779
212089,0.08489682
212092,0.02096083
212097,0.06023936
212124,0.02981781
212132,0.01127757
212136,0.05415770
212144,0.02913347
212145,0.06285876
212167,0.03270138
212174,0.28057930
212175,0.01945990
212187,0.23637316
212191,0.09556039
212194,0.13064986
212238,0.03323473
212242,0.02486741
212245,0.10555885
212258,0.01995207
212262,0.02145574
212277,0.00634377
212283,0.02551789
212287,0.04099020
212288,0.08394725
212289,0.06344079
212293,0.05399229
212296,0.20063171
212300,0.18052908
212303,0.22777467
212326,0.05015923
212327,0.04863133
212328,0.00577978
212329,0.04240835
212339,0.05646119
212340,0.04926007
212343,0.00965461
212360,0.01578128
212389,0.03301278
212401,0.09153742
212407,0.00637681
212409,0.08591122
212422,0.05003334
212424,0.21367273
212440,0.01871521
212441,0.18468067
212443,0.01881777
212448,0.03027862
212472,0.16546052
212478,0.03666341
212481,0.03408337
212493,0.18341480
212508,0.06322710
212511,0.00968080
212525,0.02794817
212531,0.08581041
212533,0.00481657
212555,0.01420418
212592,0.05306073
212610,0.03810891
212621,0.09558751
212629,0.11335259
212635,0.04074315
212636,0.01104343
212637,0.02865684
212643,0.03923863
212648,0.02393663
212654,0.31551454
212655,0.22525499
212660,0.03078770
212661,0.06205541
212664,0.08019547
212669,0.01256294
212670,0.03163250
212674,0.22281806
212676,0.44960881
212690,0.04423541
212691,0.04543231
212696,0.01873421
212710,0.21827216
212712,0.00457851
212716,0.04108889
212718,0.03452008
212720,0.05375305
212723,0.01461040
212730,0.01585268
212740,0.02008251
212747,0.04218792
212763,0.02574582
212773,0.00845350
212775,0.03679055
212776,0.06841307
212777,0.19166481
212781,0.12626055
212782,0.28215276
212785,0.00768799
212786,0.08038456
212795,0.00804436
212800,0.07554329
212818,0.05726240
212834,0.08487030
212837,0.04657679
212841,0.02646812
212842,0.01990186
212847,0.10869821
212848,0.01746931
212851,0.04206621
212865,0.00552174
212866,0.00864380
212874,0.05904061
212880,0.04693559
212894,0.04697989
212897,0.04300724
212912,0.09339201
212913,0.01194934
212916,0.01967407
212917,0.01601889
212933,0.04738285
212935,0.02299494
212936,0.02833338
212950,0.14089451
212957,0.02795002
212958,0.04657398
212961,0.04925415
212962,0.01057060
212963,0.12232764
212964,0.20767602
212968,0.12471520
212969,0.05064026
212976,0.02246611
212978,0.03707875
212983,0.06140537
212993,0.10030157
213004,0.01039084
213008,0.00963165
213014,0.00759334
213018,0.03806607
213021,0.03835471
213024,0.03563550
213045,0.03226771
213054,0.01359241
213059,0.17436574
213076,0.03255456
213095,0.06405959
213096,0.05260149
213100,0.00780976
213101,0.12226475
213109,0.03168816
213111,0.00831465
213116,0.00638906
213133,0.21224489
213140,0.09185151
213141,0.04130301
213143,0.22171935
213150,0.00812325
213152,0.02119172
213158,0.02008057
213159,0.02172265
213166,0.03400494
213167,0.37749243
213170,0.20906586
213178,0.14411141
213179,0.00870539
213189,0.08963457
213196,0.06184096
213201,0.00603647
213203,0.02684630
213204,0.02872039
213205,0.02693354
213206,0.05271702
213207,0.11697269
213208,0.01822413
213212,0.01187312
213214,0.01125893
213220,0.01491547
213240,0.02189192
213244,0.01568023
213263,0.25028610
213264,0.02972047
213265,0.02189698
213270,0.02755804
213283,0.04563590
213287,0.03925002
213292,0.09993782
213295,0.09647849
213299,0.23266024
213303,0.07787613
213307,0.05390031
213308,0.03006180
213312,0.05733963
213313,0.02681729
213316,0.01325020
213317,0.05858812
213338,0.05227502
213357,0.06360108
213368,0.25078832
213374,0.05274434
213375,0.03326748
213386,0.11799935
213390,0.02393902
213393,0.01607174
213401,0.02139467
213423,0.07198300
213430,0.00914340
213431,0.05488522
213447,0.01548033
213465,0.06585267
213468,0.03649424
213473,0.13990813
213475,0.03390470
213476,0.02081462
213482,0.00907247
213493,0.05175802
213531,0.07038952
213534,0.02715899
213542,0.06228490
213546,0.04207114
213569,0.05992578
213570,0.06015245
213588,0.01215193
213591,0.03091783
213595,0.02527365
213597,0.02251135
213598,0.02752381
213604,0.03889764
213622,0.03062920
213623,0.34551548
213633,0.02432498
213639,0.00937145
213641,0.01299319
213649,0.04497308
213671,0.05453023
213675,0.02425267
213679,0.06585883
213680,0.03777493
213684,0.11246105
213685,0.00916572
213689,0.00964081
213691,0.22247988
213693,0.03140004
213712,0.01483137
213717,0.01529344
213734,0.15791381
213739,0.22934125
213765,0.08551975
213775,0.04762055
213776,0.22672789
213804,0.43223853
213808,0.02881504
213818,0.16707932
213821,0.03593054
213829,0.02324493
213836,0.06121765
213838,0.04189172
213843,0.01939381
213854,0.04288315
213859,0.19553372
213862,0.47136694
213874,0.10660810
213878,0.20478005
213886,0.00532607
213888,0.02253153
213892,0.03232061
213910,0.01884485
213921,0.08264570
213926,0.07176290
213928,0.01703906
213935,0.01343999
213949,0.04885877
213957,0.14526669
213959,0.01961082
213967,0.05067173
213974,0.01501966
213975,0.04060227
213983,0.06423090
213984,0.00385907
213998,0.06096739
214004,0.02587247
214006,0.02697312
214008,0.02798613
214014,0.01106295
214015,0.04685482
214034,0.01640996
214059,0.06083086
214067,0.01088334
214077,0.02269310
214078,0.03271237
214079,0.07450541
214085,0.05268622
214088,0.16534407
214099,0.04070455
214138,0.01799400
214141,0.01303856
214152,0.02659684
214154,0.02493802
214155,0.02987283
214177,0.04349395
214188,0.03400673
214192,0.05671752
214207,0.06198821
214217,0.04824207
214219,0.04499516
214228,0.08861315
214229,0.24604875
214233,0.06050711
214236,0.08266500
214242,0.01182091
214249,0.00594007
214263,0.02357326
214264,0.01392852
214265,0.09809013
214268,0.02152416
214281,0.01872575
214282,0.02864078
214295,0.03674536
214311,0.02885047
214315,0.04728426
214325,0.05225274
214334,0.07947811
214336,0.02967715
214337,0.02182960
214342,0.17875439
214344,0.03660617
214349,0.02989263
214355,0.01839306
214356,0.03360344
214358,0.02420668
214363,0.03144077
214364,0.00984943
214371,0.06426993
214377,0.39308894
214379,0.06175554
214383,0.06670291
214406,0.00337456
214407,0.05315951
214411,0.06246026
214415,0.07662678
214418,0.14299927
214419,0.03757686
214421,0.00599402
214430,0.01370265
214436,0.02544235
214463,0.09444945
214472,0.08437880
214474,0.18023749
214476,0.04808570
214478,0.02562705
214481,0.09120533
214484,0.01362588
214488,0.07795872
214491,0.07863119
214505,0.03556953
214507,0.04327414
214510,0.13251384
214518,0.05673441
214523,0.24899350
214539,0.03468816
214542,0.03463612
214544,0.04873334
214553,0.03649212
214554,0.07670809
214561,0.03813521
214563,0.04512541
214566,0.01030642
214581,0.01570182
214587,0.01085490
214588,0.03754806
214589,0.08099354
214593,0.06163646
214620,0.10596393
214630,0.03356222
214643,0.05051618
214644,0.10028962
214647,0.02064065
214654,0.01615057
214657,0.03162952
214658,0.02360147
214662,0.02807038
214666,0.06978130
214680,0.02096120
214685,0.04390517
214693,0.01091198
214701,0.03932909
214705,0.01917149
214706,0.07539802
214719,0.04188418
214721,0.44690267
214724,0.02785498
214741,0.09360007
214769,0.09062897
214777,0.00475282
214780,0.02791715
214786,0.01794955
214789,0.02760794
214797,0.06169430
214804,0.04488733
214808,0.26576215
214810,0.37366551
214828,0.09143983
214830,0.01857673
214835,0.09462288
214844,0.03687043
214859,0.36585490
214861,0.02768856
214863,0.02694004
214887,0.01379160
214898,0.01381652
214906,0.01672595
214913,0.02338984
214915,0.04716243
214937,0.01488577
214944,0.17871972
214948,0.11367902
214970,0.09116521
214976,0.06395569
214999,0.11099179
215000,0.26624137
215016,0.00970416
215024,0.00382939
215029,0.46315831
215033,0.49434596
215037,0.21468555
215054,0.02135869
215057,0.20790698
215064,0.05174791
215074,0.02644498
215077,0.06326549
215082,0.01106379
215096,0.02071942
215101,0.01544659
215103,0.01366965
215109,0.10707766
215124,0.08382640
215142,0.17717904
215143,0.01571581
215145,0.02082288
215157,0.01622222
215159,0.00549309
215161,0.19493007
215166,0.04053792
215177,0.07396752
215186,0.02611460
215194,0.14746033
215196,0.06292740
215204,0.13085505
215211,0.03122538
215230,0.12605860
215241,0.00703535
215256,0.14023603
215257,0.05043629
215266,0.11374144
215267,0.01026110
215268,0.00550170
215278,0.08225603
215280,0.38253786
215318,0.18013371
215326,0.02421354
215331,0.07419000
215337,0.01403300
215344,0.03245017
215346,0.04435612
215348,0.11481141
215351,0.00903609
215358,0.07616649
215360,0.11178572
215367,0.02053803
215369,0.07671847
215383,0.01667519
215395,0.15349927
215407,0.08898932
215408,0.05569036
215412,0.01994177
215433,0.01835629
215454,0.06027371
215463,0.28226701
215488,0.00245261
215508,0.04490173
215512,0.00535898
215516,0.09675109
215525,0.12762738
215531,0.04638299
215534,0.10266411
215537,0.01313537
215539,0.00972727
215548,0.00699333
215554,0.05648541
215556,0.00947992
215559,0.22802994
215560,0.03446537
215563,0.05659567
215564,0.00745720
215569,0.09435239
215574,0.27809160
215586,0.07357577
215594,0.08444910
215608,0.03975404
215614,0.04294271
215623,0.19783687
215628,0.07610846
215637,0.27558486
215638,0.10708080
215649,0.02075885
215651,0.01959893
215653,0.02862376
215678,0.08221773
215708,0.02010290
215711,0.05587853
215733,0.05661374
215739,0.00441040
215742,0.01606653
215756,0.09187720
215772,0.06738351
215775,0.13519775
215791,0.01662844
215796,0.16890173
215803,0.03269565
215805,0.01635646
215807,0.02907136
215829,0.03196554
215855,0.02449535
215856,0.09908797
215860,0.04326819
215861,0.07224617
215877,0.01903444
215883,0.05720460
215889,0.04971980
215897,0.02047001
215898,0.00838844
215901,0.02308904
215908,0.05716534
215910,0.66428925
215911,0.00799358
215923,0.01829468
215928,0.03952226
215934,0.06442043
215936,0.05877451
215947,0.00642463
215951,0.01672558
215958,0.00731403
215959,0.02686631
215963,0.10599199
215968,0.10565613
215972,0.02714559
215976,0.07493514
215978,0.07238114
215981,0.01993263
215999,0.02060176
216001,0.23222444
216012,0.03388652
216020,0.06377804
216035,0.01857141
216038,0.28269452
216041,0.09130232
216049,0.06348993
216065,0.02900989
216096,0.32994318
216110,0.00940433
216115,0.08270905
216121,0.02652315
216122,0.29459187
216129,0.01213975
216131,0.15420611
216138,0.11689547
216142,0.09224280
216143,0.04698041
216150,0.01285813
216180,0.02607537
216184,0.02160105
216189,0.01170612
216190,0.29433785
216197,0.01754454
216218,0.24259448
216219,0.07357861
216221,0.09032496
216231,0.00786724
216240,0.16507010
216272,0.03402019
216281,0.05837045
216284,0.03079613
216290,0.11033485
216297,0.03479675
216305,0.01500481
216306,0.02229804
216317,0.01665130
216333,0.00966268
216338,0.05410466
216339,0.13551336
216346,0.07808006
216349,0.20292056
216350,0.30795233
216351,0.03405015
216353,0.02156882
216355,0.02279337
216364,0.15657985
216387,0.06513211
216392,0.02030966
216393,0.40326776
216399,0.00894702
216416,0.01738588
216433,0.02093862
216435,0.00572022
216442,0.06856277
216458,0.05480101
216461,0.31268585
216468,0.06198426
216469,0.03921086
216471,0.03126838
216473,0.07557761
216475,0.01950866
216496,0.06520768
216510,0.08630590
216511,0.05073208
216515,0.02421176
216516,0.09513635
216521,0.00905548
216532,0.01563727
216548,0.01676883
216551,0.13880411
216560,0.12123998
216562,0.07958243
216563,0.03028420
216565,0.02516935
216582,0.01104092
216587,0.07743105
216589,0.03243637
216597,0.05197827
216606,0.01804882
216607,0.02039763
216608,0.14140047
216621,0.00985740
216622,0.01303621
216627,0.09667118
216636,0.09342978
216647,0.01736002
216655,0.13732709
216659,0.04124109
216666,0.19433665
216676,0.03816483
216677,0.05828308
216679,0.08003871
216681,0.03253618
216686,0.01201040
216687,0.06938090
216694,0.05804483
216697,0.01916896
216714,0.04269959
216719,0.04405138
216720,0.02629283
216721,0.04300998
216723,0.07906975
216740,0.08002182
216746,0.02973310
216747,0.04264137
216751,0.02051130
216758,0.08295822
216768,0.01553732
216778,0.06868818
216786,0.15041198
216801,0.17057486
216802,0.06085113
216807,0.01456636
216808,0.02300022
216810,0.01690113
216818,0.02300826
216823,0.04441126
216826,0.01627072
216827,0.00420631
216828,0.03474660
216840,0.34158191
216844,0.04564684
216845,0.09506531
216851,0.25629292
216857,0.04821012
216858,0.04361270
216862,0.01507010
216874,0.03044761
216880,0.01510077
216900,0.02675612
216902,0.03073060
216903,0.02622405
216904,0.02582936
216931,0.02197165
216936,0.09183130
216938,0.13012375
216952,0.12463391
216954,0.04885932
216955,0.01748232
216961,0.05160336
216981,0.26326661
216985,0.02930062
216992,0.18388237
216995,0.01574470
216997,0.00787432
216998,0.02138743
216999,0.03246758
217022,0.04470691
217034,0.05848288
217038,0.02290278
217050,0.04851559
217055,0.03086780
217064,0.11657014
217071,0.01109153
217078,0.07037640
217083,0.10911753
217084,0.01504580
217086,0.04291963
217096,0.13169620
217101,0.27428204
217109,0.14099585
217118,0.02176678
217121,0.03983785
217125,0.09993973
217130,0.31707611
217136,0.02723606
217137,0.06339446
217143,0.00824711
217148,0.09269484
217155,0.02133250
217162,0.01233763
217172,0.07036790
217174,0.04738757
217175,0.07855512
217177,0.03443089
217178,0.10075800
217192,0.03555209
217220,0.00665501
217221,0.02849669
217223,0.01839705
217232,0.06241231
217243,0.03162596
217248,0.09818337
217250,0.04117688
217271,0.16648016
217283,0.01255445
217297,0.13879157
217323,0.05895450
217326,0.03299818
217334,0.02848295
217338,0.01985689
217341,0.31476230
217342,0.16496666
217355,0.00686848
217362,0.06831961
217366,0.12793117
217367,0.04019184
217371,0.03597425
217383,0.16403336
217401,0.14448695
217404,0.15233141
217419,0.03411628
217422,0.19413895
217423,0.00775278
217427,0.05030610
217429,0.01822392
217430,0.02972254
217441,0.06993021
217444,0.01086728
217465,0.01519479
217471,0.02960216
217488,0.04977391
217493,0.02044846
217509,0.13012568
217510,0.01765429
217511,0.28017219
217519,0.03651640
217522,0.14982957
217562,0.01959135
217574,0.04362602
217577,0.00781249
217579,0.20666847
217596,0.00375676
217602,0.01549519
217612,0.03827180
217632,0.04582941
217635,0.01461242
217636,0.21719167
217638,0.09608698
217639,0.14617756
217651,0.04521147
217652,0.00613204
217663,0.35385979
217669,0.02085086
217686,0.13691153
217699,0.07264478
217700,0.12517956
217703,0.02112860
217706,0.14631669
217714,0.09649030
217732,0.01782630
217736,0.03295788
217749,0.25932300
217763,0.00665541
217770,0.02951794
217771,0.03433743
217772,0.03377475
217776,0.03058264
217777,0.05330641
217778,0.21071496
217782,0.01455849
217790,0.07062431
217792,0.01377545
217793,0.08165999
217795,0.24533764
217796,0.02098750
217800,0.03449464
217804,0.02318767
217807,0.00695062
217846,0.07213929
217847,0.10144621
217853,0.01224318
217856,0.01622475
217864,0.00612859
217867,0.05453090
217868,0.25873564
217885,0.12995342
217887,0.01681458
217889,0.04264057
217900,0.01183887
217903,0.01123478
217905,0.08415693
217909,0.02027466
217913,0.00901826
217944,0.05981500
217946,0.05883139
217954,0.04165816
217956,0.04502103
217957,0.01733957
217961,0.18780701
217962,0.02261005
217976,0.06127536
217980,0.03619298
217981,0.02249607
218006,0.02382088
218009,0.03908594
218032,0.12958516
218049,0.02278639
218053,0.02816323
218078,0.04046187
218080,0.13852737
218081,0.02102568
218094,0.10988865
218098,0.03596175
218099,0.03724733
218100,0.10475326
218113,0.05047079
218117,0.02219756
218118,0.02795498
218119,0.03114564
218125,0.01009955
218133,0.04866414
218153,0.07642757
218165,0.08424770
218166,0.00822599
218177,0.02068125
218178,0.02307719
218202,0.02112755
218203,0.03175854
218207,0.12753612
218209,0.13482644
218236,0.04740618
218244,0.01177336
218247,0.12495423
218250,0.03278104
218266,0.03605190
218275,0.15055409
218276,0.06443336
218287,0.07433297
218292,0.00826035
218298,0.19293725
218300,0.01245472
218320,0.04325264
218321,0.17463055
218333,0.01072002
218347,0.02476197
218353,0.01031866
218366,0.03824496
218368,0.02905532
218369,0.02824856
218372,0.09823077
218376,0.03132046
218378,0.02981565
218403,0.09167527
218413,0.08182577
218418,0.04465003
218449,0.12531324
218450,0.07930524
218458,0.01260451
218464,0.02972959
218475,0.06870410
218476,0.15091903
218478,0.02548098
218515,0.02548324
218517,0.04628040
218518,0.08968162
218538,0.01157029
218539,0.14655603
218550,0.23418875
218551,0.05140644
218565,0.13218796
218580,0.02170686
218591,0.05324634
218598,0.00636169
218600,0.08547305
218602,0.03799393
218607,0.32245719
218651,0.04459108
218652,0.00920390
218656,0.30198947
218658,0.03558549
218669,0.10587645
218670,0.05455947
218671,0.02189404
218677,0.06948656
218680,0.02356046
218685,0.00599634
218686,0.19394249
218692,0.02645733
218693,0.04974964
218699,0.39682033
218709,0.02866315
218729,0.04939936
218734,0.05640451
218742,0.01345164
218743,0.01587238
218756,0.04211649
218772,0.09903825
218782,0.06795540
218786,0.03121231
218788,0.04670468
218796,0.03535610
218801,0.10049168
218812,0.02702193
218832,0.08144673
218834,0.10232303
218846,0.30894461
218847,0.09701354
218848,0.00646640
218853,0.19561869
218865,0.03073509
218870,0.02544053
218873,0.01064513
218884,0.01129273
218893,0.15752598
218898,0.00594294
218911,0.11740490
218933,0.05017466
218934,0.03092169
218939,0.01031531
218948,0.03039261
218957,0.09884865
218962,0.05473529
218973,0.01081351
218975,0.01379130
219000,0.00243685
219001,0.02690101
219006,0.01466647
219027,0.07533209
219036,0.02053967
219043,0.13261148
219047,0.08632554
219057,0.01007916
219059,0.10452127
219062,0.00987835
219074,0.01330015
219085,0.00764009
219087,0.03823842
219095,0.03904108
219114,0.01241155
219115,0.02084125
219119,0.02704345
219140,0.03434768
219147,0.01615180
219170,0.01065625
219171,0.38281672
219174,0.03734090
219177,0.02340137
219180,0.01015142
219195,0.00762889
219203,0.01192942
219207,0.06228404
219223,0.07431222
219229,0.09075318
219236,0.02792050
219238,0.13898145
219243,0.05606499
219245,0.06483139
219247,0.30546702
219273,0.01455204
219278,0.16268061
219279,0.21433785
219284,0.03114712
219319,0.00852887
219326,0.08174362
219336,0.02437933
219344,0.19915456
219359,0.12540466
219360,0.00859198
219364,0.00904260
219368,0.08832608
219376,0.03752336
219382,0.00771903
219388,0.03838019
219396,0.14448814
219398,0.11050519
219403,0.07515835
219405,0.02045219
219406,0.04118631
219410,0.06840899
219424,0.08475341
219446,0.00882431
219450,0.00952760
219451,0.10509880
219464,0.02522472
219465,0.02283011
219469,0.01830398
219472,0.15111074
219482,0.08500159
219506,0.02702118
219507,0.13046970
219516,0.08176785
219521,0.15835608
219564,0.21788128
219565,0.01478089
219568,0.01223371
219570,0.00600562
219578,0.01956960
219579,0.23146091
219588,0.08960779
219593,0.10694722
219594,0.01083474
219601,0.02736842
219608,0.00967054
219616,0.04170017
219620,0.04362574
219621,0.01088975
219628,0.05418887
219632,0.09540528
219637,0.08884101
219670,0.05664214
219688,0.00458451
219704,0.03839331
219717,0.08474635
219723,0.13080725
219741,0.05393280
219772,0.09239637
219774,0.03839617
219775,0.03313474
219778,0.02848663
219787,0.07874834
219788,0.13563181
219806,0.07982676
219811,0.03178373
219815,0.02188494
219817,0.03234023
219835,0.03128188
219845,0.01389695
219848,0.00917197
219864,0.06395230
219866,0.01552837
219868,0.05664530
219870,0.06937618
219886,0.04453541
219908,0.02084781
219910,0.09264616
219914,0.01961961
219925,0.12710531
219935,0.42357316
219940,0.05382088
219959,0.03197060
219962,0.04928479
219975,0.01348266
219981,0.13584048
219998,0.03473582
219999,0.09449820
220006,0.03750651
220010,0.56522930
220012,0.01133559
220014,0.01929977
220018,0.03934990
220019,0.13425035
220021,0.11211683
220058,0.01935454
220060,0.15569698
220061,0.01756272
220063,0.02105920
220066,0.11800618
220070,0.02559898
220071,0.13944723
220082,0.03504147
220094,0.07389062
220107,0.03879203
220114,0.07150313
220120,0.01907059
220126,0.03241214
220143,0.01472638
220147,0.19034345
220157,0.05747771
220160,0.05545275
220169,0.02013875
220177,0.02998935
220181,0.01551115
220186,0.04820412
220189,0.02537837
220206,0.25270012
220221,0.06561325
220227,0.07393305
220228,0.11336699
220248,0.03961469
220277,0.12755553
220304,0.07524615
220311,0.04242626
220315,0.08985507
220316,0.10871014
220323,0.01146367
220325,0.02655883
220358,0.01994607
220363,0.03952937
220369,0.04754467
220370,0.00897479
220380,0.04055809
220386,0.21668542
220387,0.01526790
220393,0.01356674
220394,0.05289489
220412,0.11692102
220415,0.00886788
220416,0.35327089
220417,0.16565122
220418,0.02191893
220422,0.00956844
220431,0.07176561
220439,0.24081973
220456,0.01093850
220458,0.02006439
220468,0.00906120
220474,0.02772363
220479,0.09090444
220494,0.04867727
220501,0.06367052
220503,0.03069457
220511,0.01170013
220514,0.07060422
220516,0.20820478
220521,0.10233101
220530,0.04028000
220562,0.00913690
220565,0.01671478
220582,0.04433231
220594,0.01276041
220600,0.26038900
220614,0.03167372
220621,0.11681891
220624,0.22717663
220629,0.07079731
220632,0.10947334
220639,0.01000941
220655,0.01014675
220664,0.03618362
220670,0.01869943
220686,0.00773070
220699,0.11972435
220714,0.01033106
220729,0.10745377
220732,0.16559072
220733,0.00639198
220735,0.01994171
220740,0.01575360
220741,0.01914388
220747,0.12806680
220748,0.01966329
220749,0.05955556
220755,0.07986881
220764,0.01515747
220767,0.11917146
220772,0.06197409
220779,0.05425121
220781,0.05524174
220790,0.03065202
220806,0.09195244
220811,0.01852387
220816,0.05162330
220822,0.02688744
220827,0.30329695
220828,0.03906007
220829,0.05006399
220832,0.03405861
220833,0.07112586
220841,0.20910132
220842,0.09219649
220856,0.06325170
220874,0.14592996
220881,0.10158135
220882,0.01853950
220887,0.00750599
220893,0.02680677
220909,0.00903287
220916,0.03357967
220917,0.29654532
220918,0.09086568
220924,0.02472020
220931,0.06103074
220932,0.03869351
220949,0.02630830
220950,0.10097784
220956,0.02561830
220972,0.01020578
220994,0.02628593
221004,0.28070993
221008,0.14727022
221011,0.02912165
221030,0.00938987
221032,0.02080658
221035,0.01647402
221058,0.15624423
221059,0.02841415
221075,0.02488589
221079,0.01440084
221080,0.02175117
221107,0.04633104
221116,0.19399688
221129,0.12854416
221148,0.05753022
221158,0.00741922
221165,0.02344575
221169,0.04453136
221171,0.08824697
221198,0.11688896
221202,0.04650814
221205,0.21076284
221223,0.09349371
221227,0.03368133
221228,0.00512297
221234,0.08273953
221242,0.04065715
221252,0.17474682
221256,0.07971820
221260,0.10507098
221261,0.07068431
221264,0.04513003
221267,0.04944425
221272,0.04542013
221284,0.22760570
221292,0.12449110
221311,0.02736457
221322,0.06751385
221327,0.05757665
221339,0.02332567
221371,0.02373816
221372,0.06677043
221404,0.03583626
221411,0.02541875
221438,0.03651538
221451,0.02438032
221465,0.08721078
221477,0.08322102
221483,0.04940026
221493,0.06659612
221495,0.01984834
221498,0.04310036
221500,0.10304630
221506,0.06607413
221513,0.12732416
221523,0.07496214
221528,0.03280017
221529,0.10841363
221530,0.02672004
221531,0.05520968
221549,0.03116602
221550,0.01915304
221565,0.17003169
221570,0.15242289
221573,0.00630443
221575,0.02894782
221576,0.08507349
221604,0.09027216
221615,0.05393451
221626,0.02000693
221629,0.15737970
221630,0.02170085
221636,0.05485301
221656,0.02447411
221659,0.01724936
221663,0.06734042
221665,0.01759588
221675,0.12598692
221676,0.02013773
221677,0.11763543
221679,0.01753715
221707,0.04065818
221712,0.07163775
221717,0.05638541
221725,0.04094536
221733,0.06671025
221741,0.02149987
221747,0.01208350
221762,0.05137607
221763,0.01137700
221770,0.06272037
221771,0.02523075
221787,0.00829913
221793,0.00999630
221804,0.01604112
221805,0.01151853
221825,0.05476386
221827,0.06417829
221828,0.10577273
221829,0.01295424
221845,0.19569518
221859,0.04646027
221860,0.03582981
221867,0.26317840
221868,0.04709947
221870,0.21793751
221876,0.03595702
221884,0.09199480
221895,0.07643535
221911,0.03101589
221921,0.14718486
221931,0.10311271
221935,0.02941685
221955,0.06095968
221959,0.00688115
221966,0.03046102
221974,0.02953304
221981,0.04569706
222002,0.48657159
222010,0.00702327
222012,0.21943693
222013,0.17263062
222023,0.06106724
222034,0.08740385
222048,0.04785415
222052,0.24885898
222059,0.05392904
222060,0.07236295
222061,0.16384713
222067,0.01389808
222076,0.16186148
222081,0.15214689
222120,0.05067978
222121,0.07874726
222133,0.11581766
222149,0.10298863
222150,0.01346964
222153,0.06073950
222154,0.01950088
222159,0.02892972
222165,0.06057405
222167,0.02577305
222170,0.12186431
222178,0.18281899
222179,0.03289003
222188,0.06393355
222189,0.05049723
222195,0.10775401
222198,0.05628218
222224,0.02145582
222234,0.01752263
222254,0.03750398
222256,0.03686469
222264,0.01855820
222281,0.03607857
222296,0.59666625
222303,0.15845908
222309,0.02717207
222310,0.01633635
222313,0.13273110
222321,0.07541392
222322,0.02374993
222328,0.10337821
222333,0.03201678
222334,0.05659503
222338,0.01084081
222347,0.10997431
222349,0.02280121
222351,0.01617150
222352,0.05690610
222357,0.01542544
222362,0.00326701
222381,0.04989411
222392,0.02509311
222401,0.06356362
222413,0.02858519
222422,0.01985245
222423,0.01709123
222430,0.04882053
222432,0.01075869
222452,0.02260455
222459,0.08964643
222473,0.02145778
222475,0.08982156
222481,0.08670376
222482,0.04746129
222489,0.01266765
222496,0.02611618
222505,0.07797126
222516,0.04681598
222537,0.04098489
222555,0.01807107
222566,0.06184891
222572,0.05362497
222577,0.06292977
222618,0.02196330
222619,0.01162546
222624,0.01158716
222625,0.05101974
222626,0.01441872
222629,0.03409900
222634,0.01391844
222636,0.21661996
222637,0.00992106
222641,0.01049331
222646,0.03880722
222648,0.10896537
222659,0.00256390
222663,0.01329145
222665,0.01250612
222671,0.07032030
222674,0.06555747
222675,0.02307546
222707,0.02630925
222709,0.02466996
222711,0.05989418
222717,0.06782109
222728,0.26016144
222752,0.03403824
222753,0.02155706
222755,0.01835131
222765,0.01617068
222768,0.23110956
222769,0.31251001
222783,0.12970898
222799,0.03754694
222821,0.02109697
222825,0.12811576
222837,0.25426498
222862,0.16248170
222863,0.05679216
222869,0.05132806
222876,0.05440723
222892,0.04176290
222898,0.02393600
222912,0.00323403
222920,0.03437276
222926,0.02606415
222934,0.09774412
222938,0.02256897
222945,0.11403769
222947,0.01211365
222966,0.25304617
222971,0.04649211
222994,0.02281179
223008,0.22423654
223019,0.01120960
223040,0.08724318
223042,0.13070684
223049,0.01396011
223051,0.00737329
223056,0.04179519
223058,0.06780963
223064,0.05742606
223067,0.01222819
223073,0.22550491
223075,0.02676791
223078,0.06339676
223079,0.03635554
223082,0.10043792
223098,0.30025728
223112,0.03602774
223116,0.03846386
223121,0.10017938
223128,0.10563189
223135,0.06732530
223136,0.07108129
223144,0.01222180
223151,0.04905957
223157,0.08504488
223181,0.05679537
223190,0.03218551
223197,0.12115178
223205,0.02485123
223209,0.03363829
223221,0.40780422
223235,0.25332652
223238,0.01002521
223244,0.01753357
223258,0.02511413
223262,0.18359279
223272,0.06054428
223288,0.12931840
223298,0.03078780
223310,0.05898401
223320,0.02170397
223357,0.37153208
223365,0.00783755
223369,0.03367259
223375,0.18838710
223384,0.01077713
223393,0.00826894
223412,0.02028375
223428,0.03521136
223440,0.30551390
223456,0.41505844
223470,0.02030051
223471,0.03062042
223484,0.01555699
223488,0.11038169
223489,0.02378723
223490,0.01937976
223492,0.02087195
223496,0.03870149
223503,0.00964240
223507,0.08160742
223518,0.04404603
223519,0.07474758
223521,0.01293977
223524,0.00679176
223526,0.01594660
223527,0.10022060
223529,0.02986317
223534,0.01440039
223538,0.11742374
223547,0.01646251
223549,0.01649077
223551,0.15170815
223552,0.07386269
223567,0.03150901
223571,0.14647475
223582,0.02996925
223584,0.01644351
223585,0.13390605
223586,0.01986627
223588,0.00685704
223592,0.01467105
223594,0.03741740
223607,0.11194392
223608,0.01474059
223609,0.19729008
223610,0.01361511
223611,0.02944913
223635,0.07776785
223636,0.02450876
223638,0.09140390
223649,0.00698595
223670,0.07992951
223688,0.02053946
223698,0.03997559
223699,0.21508261
223716,0.06055997
223718,0.02411409
223720,0.02057660
223727,0.01540290
223729,0.00331557
223739,0.05008602
223740,0.04633604
223741,0.02849166
223750,0.04027313
223752,0.03695411
223764,0.09142014
223781,0.01682277
223783,0.14539782
223794,0.06528196
223808,0.01239691
223810,0.16420208
223814,0.04905501
223817,0.04647431
223830,0.15301953
223839,0.03753983
223849,0.18058530
223851,0.26343479
223854,0.06294881
223888,0.16411300
223914,0.05821517
223923,0.04058856
223925,0.01131495
223939,0.01626520
223949,0.04705854
223951,0.21135166
223952,0.09946143
223967,0.04604609
223971,0.45005938
223974,0.01956534
223978,0.06927234
223991,0.08326307
224008,0.00931249
224016,0.02577750
224024,0.05303424
224039,0.02139029
224040,0.07121091
224044,0.14992169
224047,0.08185815
224055,0.00972863
224061,0.04530769
224065,0.01747787
224079,0.04445379
224080,0.02120745
224089,0.03480653
224094,0.17570598
224095,0.20301517
224109,0.12125986
224111,0.02784596
224112,0.08286031
224134,0.10614785
224135,0.00743679
224138,0.04710191
224139,0.03108376
224158,0.02624073
224161,0.10241488
224171,0.03430020
224182,0.23288723
224191,0.07996578
224194,0.04464586
224195,0.07032697
224205,0.08250511
224206,0.14114434
224211,0.01800355
224213,0.01624078
224214,0.09070699
224236,0.07095914
224239,0.19785719
224241,0.27553489
224251,0.07919673
224259,0.17160280
224262,0.04350639
224263,0.02638917
224268,0.05499171
224270,0.02204198
224282,0.06745877
224300,0.00844580
224315,0.02499597
224319,0.01722939
224325,0.01540758
224337,0.01931073
224339,0.13957828
224343,0.00766529
224344,0.06043745
224347,0.21257548
224353,0.11470434
224363,0.02066066
224370,0.07987749
224379,0.03163744
224380,0.19125575
224393,0.00929918
224395,0.06207718
224407,0.07151948
224408,0.00915438
224426,0.01997066
224427,0.03901134
224428,0.00709534
224437,0.19254326
224444,0.00976165
224445,0.11685102
224459,0.01445461
224473,0.42268568
224488,0.08686729
224490,0.17776295
224493,0.19785999
224494,0.12223658
224495,0.07817901
224499,0.04122941
224524,0.05232082
224528,0.02349020
224538,0.44809173
224553,0.04829755
224554,0.01792103
224575,0.00611067
224586,0.03122536
224593,0.04667578
224599,0.02749852
224614,0.00813222
224625,0.02386077
224626,0.03307377
224627,0.07284683
224628,0.04124537
224631,0.00422323
224651,0.16482282
224658,0.04526591
224664,0.01058298
224668,0.01017654
224673,0.05812922
224674,0.03806354
224683,0.09407884
224708,0.08999924
224748,0.04445405
224756,0.03064523
224757,0.06167566
224760,0.00745890
224771,0.11994749
224772,0.02717343
224797,0.06189360
224823,0.13352386
224831,0.07378504
224841,0.01810942
224843,0.08110274
224844,0.23189165
224849,0.01498197
224855,0.15027271
224856,0.03533205
224864,0.02037376
224871,0.02284570
224876,0.04523601
224889,0.13289921
224896,0.08471178
224899,0.04357730
224912,0.01630923
224916,0.06289138
224918,0.12476291
224925,0.06671957
224929,0.05907952
224934,0.03472061
224950,0.16935236
224953,0.03182714
224956,0.11669264
224958,0.02941284
224960,0.07697644
224971,0.15433764
224975,0.04146648
224978,0.05937483
224986,0.03461472
224987,0.10895726
224990,0.04558319
225010,0.03701118
225041,0.01783624
225044,0.01734773
225045,0.02724241
225048,0.04764286
225053,0.07250955
225058,0.02947081
225075,0.07295696
225085,0.01781233
225103,0.01882381
225107,0.01496116
225114,0.06892302
225122,0.07499238
225130,0.01023863
225131,0.21415812
225132,0.03199834
225134,0.01736401
225136,0.02574909
225141,0.02663383
225145,0.03219521
225146,0.00466763
225156,0.01541627
225158,0.07121198
225165,0.10118040
225185,0.13644861
225194,0.02683587
225195,0.00621748
225223,0.08239119
225224,0.11442863
225231,0.05420140
225233,0.05563171
225246,0.10725299
225281,0.02570353
225286,0.04635668
225301,0.10794263
225302,0.01942541
225336,0.07702203
225347,0.06562188
225351,0.03851322
225362,0.05320681
225363,0.00723396
225364,0.02454074
225370,0.02136638
225374,0.00633969
225375,0.05088555
225380,0.04521376
225381,0.00980939
225382,0.06837823
225392,0.03894226
225410,0.03145811
225425,0.04983300
225431,0.02424182
225456,0.01110589
225460,0.06713909
225475,0.03768975
225478,0.01265587
225483,0.11159212
225499,0.11361499
225514,0.37276582
225517,0.03299559
225524,0.29590632
225532,0.03396727
225545,0.10801735
225546,0.11058156
225550,0.01667033
225580,0.09792543
225581,0.09514764
225582,0.04958026
225585,0.07245164
225601,0.07351866
225612,0.23941590
225621,0.08910606
225636,0.06456313
225639,0.05832667
225650,0.00930444
225654,0.01725162
225664,0.02544093
225665,0.37381508
225666,0.00782447
225686,0.03587869
225689,0.02600604
225691,0.02140145
225721,0.00564976
225733,0.04238202
225739,0.03920944
225741,0.20716968
225766,0.00960335
225776,0.24913829
225788,0.02128646
225792,0.02546750
225803,0.11723756
225804,0.03946652
225805,0.49300631
225808,0.02191136
225819,0.03533554
225826,0.05004367
225832,0.08618484
225850,0.03968719
225851,0.23601948
225854,0.07085137
225858,0.04383288
225875,0.02018763
225884,0.02858708
225890,0.01608253
225906,0.05354612
225908,0.03002649
225910,0.06862872
225920,0.34676037
225950,0.12265834
225990,0.03853856
225991,0.01256392
226010,0.01738229
226011,0.01195130
226018,0.04925281
226029,0.05825160
226030,0.02087750
226041,0.02861430
226044,0.00781144
226051,0.02675431
226054,0.02634999
226085,0.14084761
226105,0.17546085
226116,0.35519850
226130,0.13457510
226131,0.03352395
226170,0.02494182
226171,0.02882660
226176,0.10373379
226177,0.05522124
226183,0.01071736
226187,0.04937258
226188,0.21500972
226190,0.12490547
226206,0.02494172
226213,0.08888856
226214,0.17369328
226226,0.02562525
226244,0.09966021
226245,0.00949546
226251,0.12290320
226258,0.01507256
226259,0.02477947
226265,0.06104563
226291,0.31275287
226294,0.03048804
226299,0.02664688
226300,0.05943878
226301,0.11164199
226302,0.04720662
226308,0.02889728
226309,0.05869502
226318,0.01766174
226319,0.06966311
226320,0.03654103
226325,0.04638809
226334,0.02303834
226337,0.10874006
226348,0.05711750
226353,0.00681817
226361,0.01772723
226387,0.26711537
226395,0.02437605
226413,0.02412881
226416,0.04465162
226427,0.01391515
226433,0.08227311
226447,0.15023730
226487,0.10349554
226495,0.04431297
226496,0.01983477
226499,0.00806763
226501,0.09521526
226505,0.02835608
226506,0.05244964
226507,0.04148345
226516,0.01309330
226523,0.06516485
226527,0.07922018
226533,0.02973168
226537,0.04682771
226539,0.00866867
226551,0.19251070
226556,0.01320033
226557,0.04295577
226561,0.20001848
226565,0.03441747
226567,0.02550684
226590,0.03534845
226599,0.22051238
226639,0.06272475
226654,0.20205374
226664,0.03882681
226668,0.11983859
226677,0.08451598
226682,0.06520689
226689,0.05835781
226691,0.02137514
226698,0.05719336
226713,0.01648178
226720,0.05670713
226734,0.05110508
226735,0.04952767
226738,0.04937532
226742,0.00530300
226763,0.00454133
226766,0.03450910
226772,0.00972178
226779,0.05452001
226780,0.07224252
226787,0.28649151
226790,0.23125443
226792,0.09484703
226797,0.02789486
226803,0.04431301
226807,0.07115723
226827,0.00952133
226828,0.04704997
226836,0.06369784
226837,0.00708263
226838,0.10715756
226847,0.05674466
226881,0.30063737
226882,0.05305847
226884,0.06376889
226917,0.02815326
226921,0.09991962
226933,0.02993355
226938,0.12026073
226948,0.02649551
226952,0.03249573
226954,0.09567556
226965,0.00960057
226970,0.01435408
226977,0.35396216
226986,0.04202139
227005,0.02370838
227009,0.07160376
227010,0.03132103
227013,0.07500843
227019,0.02257638
227025,0.04376999
227026,0.03200015
227027,0.06305830
227029,0.02378533
227049,0.14795024
227053,0.05340546
227054,0.11472929
227058,0.01074200
227074,0.00739433
227099,0.02873719
227100,0.01850037
227109,0.00541504
227111,0.05639046
227112,0.02523436
227125,0.15039953
227145,0.06142290
227148,0.09879432
227151,0.06026468
227160,0.14641792
227165,0.09562965
227200,0.13437656
227210,0.03950063
227213,0.15206240
227235,0.03220273
227242,0.07792434
227245,0.09725657
227246,0.00803377
227248,0.05507391
227251,0.05451240
227252,0.02304802
227258,0.03628873
227264,0.06140573
227270,0.05702736
227272,0.01933621
227274,0.00796815
227281,0.01519265
227290,0.07917678
227293,0.10475983
227299,0.08427009
227306,0.02619520
227323,0.02529064
227325,0.09241518
227326,0.04532527
227332,0.07493231
227336,0.04169146
227343,0.01226226
227344,0.00932022
227345,0.04601955
227348,0.19813872
227360,0.01882355
227376,0.02480083
227386,0.11598783
227392,0.09494300
227393,0.08893729
227401,0.03159283
227404,0.11658848
227413,0.03401214
227420,0.19828310
227459,0.02131562
227460,0.00484440
227462,0.03950787
227463,0.09022197
227481,0.07181215
227482,0.01145915
227485,0.15166910
227486,0.02462779
227493,0.02558468
227500,0.04129358
227501,0.01685521
227502,0.03197987
227506,0.11961778
227523,0.11845251
227525,0.03937996
227531,0.03863734
227532,0.23040320
227535,0.03571584
227542,0.04876742
227545,0.01786140
227566,0.09698866
227578,0.01922587
227585,0.19604962
227586,0.01725675
227587,0.02567814
227590,0.03712759
227595,0.26222168
227596,0.01806889
227597,0.13814543
227600,0.10647168
227621,0.11317617
227637,0.08625782
227640,0.10740082
227649,0.34232336
227653,0.00970468
227674,0.04370145
227675,0.09843993
227680,0.05582241
227696,0.01597735
227701,0.33520555
227707,0.02817423
227713,0.03416085
227715,0.03321176
227728,0.07107588
227730,0.02171068
227731,0.00992361
227732,0.02759534
227736,0.04990031
227739,0.07729100
227740,0.31704303
227741,0.15087500
227742,0.31498040
227745,0.02396276
227749,0.23007770
227752,0.01146149
227756,0.24790209
227769,0.04259709
227779,0.04083177
227783,0.08536389
227799,0.03337552
227803,0.01253288
227818,0.09749781
227822,0.04776005
227823,0.00795494
227824,0.01543162
227825,0.03052433
227826,0.16773953
227833,0.01954276
227834,0.12794398
227837,0.04717270
227839,0.03141467
227856,0.03480305
227872,0.02114611
227876,0.02732326
227905,0.27911260
227908,0.16787331
227909,0.29543758
227912,0.08733899
227917,0.07128143
227931,0.06545236
227936,0.12551137
227939,0.03335605
227941,0.01441001
227942,0.01945541
227944,0.06297066
227945,0.21307064
227952,0.10704383
227954,0.05087669
227968,0.00592595
227975,0.02640835
227989,0.04742555
227992,0.05049276
227993,0.03413059
227996,0.03453935
227997,0.02857853
227998,0.01351926
228040,0.03013902
228044,0.02821812
228045,0.01889667
228046,0.02682556
228051,0.05102002
228052,0.12268323
228053,0.03324109
228059,0.02887909
228062,0.04279282
228070,0.01839051
228074,0.04553424
228077,0.04923336
228078,0.07653598
228097,0.03843934
228099,0.04675853
228100,0.01905126
228102,0.33745815
228103,0.05597024
228104,0.10570801
228107,0.03380915
228117,0.03976245
228123,0.01627495
228125,0.01507453
228130,0.00747735
228134,0.04140691
228141,0.03750408
228153,0.10433680
228163,0.01915267
228164,0.02691032
228166,0.09885924
228168,0.12172606
228169,0.04938955
228183,0.14459686
228198,0.02910541
228199,0.08886738
228201,0.02243562
228207,0.04863674
228209,0.06023627
228219,0.03149856
228239,0.01063764
228248,0.01591206
228260,0.05705613
228268,0.46133337
228280,0.03490105
228282,0.03039086
228288,0.01188697
228289,0.09594592
228295,0.02524458
228296,0.11057184
228297,0.08293118
228298,0.02058132
228299,0.09214082
228301,0.00364989
228322,0.10054553
228324,0.05298535
228332,0.02740693
228334,0.06426927
228342,0.16726562
228351,0.01769954
228354,0.02082616
228355,0.00589139
228362,0.00943476
228375,0.02496158
228383,0.14437935
228389,0.04170247
228392,0.17355342
228411,0.03969712
228414,0.02626945
228420,0.04362463
228424,0.01885381
228426,0.20791766
228429,0.01212960
228447,0.30823180
228455,0.01500263
228458,0.04803172
228467,0.17453401
228472,0.06925396
228479,0.01155332
228482,0.07515693
228488,0.05584621
228489,0.34869857
228499,0.02896848
228501,0.00439981
228502,0.02223709
228503,0.25842738
228509,0.00700168
228512,0.07793350
228514,0.02824093
228519,0.16430165
228530,0.02022627
228534,0.35032839
228536,0.00507693
228537,0.01864235
228538,0.04780981
228539,0.01878508
228557,0.15070978
228591,0.06680989
228592,0.01624272
228608,0.08203875
228609,0.06136832
228636,0.10428711
228647,0.04356778
228656,0.09375306
228657,0.03169217
228661,0.13377080
228663,0.06650661
228671,0.02605818
228682,0.17682169
228697,0.15872118
228698,0.04207440
228712,0.03354803
228713,0.02036437
228729,0.02230302
228730,0.05835344
228737,0.05454483
228744,0.02028299
228752,0.02409322
228761,0.37013530
228763,0.11014671
228764,0.00870961
228770,0.01815712
228774,0.00743915
228781,0.01610497
228792,0.03642721
228794,0.23024277
228796,0.01056739
228799,0.03897201
228808,0.12253171
228809,0.05068039
228810,0.03344537
228813,0.01839479
228821,0.50639702
228826,0.03144285
228830,0.01864896
228831,0.03769786
228835,0.07803364
228854,0.02011675
228855,0.05959104
228863,0.19706412
228869,0.09796321
228872,0.11451745
228885,0.13017900
228888,0.03414919
228889,0.12008184
228890,0.07796779
228891,0.02206553
228894,0.18072580
228902,0.02242753
228907,0.01551590
228915,0.06969325
228918,0.09797043
228919,0.01442987
228933,0.00817205
228946,0.01284384
228947,0.04837759
228954,0.02860316
228956,0.09327786
228958,0.01798071
228969,0.23373937
228973,0.10413036
228978,0.00685616
228979,0.44784919
228988,0.03485639
228995,0.08538272
229019,0.04217262
229037,0.01655413
229041,0.01738574
229042,0.01592448
229046,0.02036505
229048,0.01572122
229053,0.01842131
229064,0.23017941
229073,0.05060183
229074,0.02356594
229077,0.06872675
229095,0.17259918
229100,0.11448837
229103,0.02943223
229104,0.02992987
229105,0.00939606
229107,0.01400564
229115,0.01658412
229117,0.08548776
229118,0.03127731
229124,0.21293692
229125,0.00381401
229130,0.18257542
229157,0.01455349
229162,0.00756707
229185,0.11745093
229195,0.01263947
229201,0.26912144
229202,0.02059838
229219,0.03711593
229220,0.01977990
229223,0.12156462
229224,0.03522161
229229,0.09603434
229233,0.01910399
229255,0.02481301
229261,0.13067259
229262,0.05770967
229271,0.05403459
229276,0.09486802
229277,0.04451251
229278,0.07619379
229280,0.03023279
229298,0.00543142
229301,0.07222566
229316,0.08564181
229325,0.02761493
229329,0.06514138
229334,0.02588630
229336,0.20621779
229337,0.06803656
229342,0.00880241
229349,0.05100639
229357,0.03539450
229369,0.20479010
229374,0.06938743
229402,0.04973267
229427,0.05919264
229452,0.05666322
229455,0.08753713
229459,0.25340052
229462,0.02161515
229482,0.02897475
229488,0.00714521
229496,0.06248515
229507,0.06236657
229508,0.01115270
229531,0.02355114
229576,0.01859428
229595,0.07247127
229602,0.09376218
229609,0.05562304
229610,0.30686383
229614,0.07007208
229615,0.17395531
229631,0.06046504
229632,0.02223166
229638,0.02268318
229647,0.02578400
229651,0.00722995
229659,0.10574261
229663,0.05942301
229671,0.10848536
229672,0.03749035
229675,0.03409868
229684,0.01758144
229687,0.12205682
229705,0.03396563
229711,0.02095424
229713,0.15979887
229714,0.02646928
229731,0.17987909
229738,0.09617357
229742,0.09274235
229745,0.03102028
229746,0.01327115
229749,0.16210710
229765,0.11960979
229767,0.01089982
229779,0.17643422
229782,0.02194879
229802,0.07596253
229805,0.04004538
229810,0.37806430
229816,0.02828535
229828,0.01942566
229838,0.02734755
229850,0.17421557
229858,0.05395668
229860,0.02302132
229877,0.01260428
229888,0.01808033
229894,0.01624808
229898,0.08054515
229905,0.03038496
229912,0.22685887
229913,0.02283888
229921,0.17253392
229923,0.01176276
229930,0.01414477
229962,0.01415984
229963,0.17356550
229977,0.02508397
229984,0.01760904
229998,0.00952295
230012,0.02347110
230016,0.09515623
230020,0.06029997
230024,0.42222780
230037,0.03374100
230038,0.21391599
230040,0.03154807
230042,0.00664022
230044,0.04863992
230050,0.09077874
230056,0.01172435
230067,0.03689305
230076,0.04378826
230077,0.11250346
230084,0.10741636
230098,0.07860894
230107,0.07900923
230116,0.02945032
230119,0.03147155
230121,0.03960749
230122,0.11189997
230135,0.26836182
230139,0.02922501
230179,0.01205546
230180,0.10978769
230185,0.00413100
230192,0.02816621
230203,0.22306133
230216,0.03195523
230226,0.07271031
230260,0.23046359
230268,0.16001597
230289,0.22681241
230296,0.01867300
230317,0.01857599
230328,0.16054168
230329,0.27100684
230330,0.02543531
230332,0.01733190
230338,0.02083001
230343,0.05785006
230344,0.05524387
230349,0.01995768
230369,0.01307853
230379,0.09700835
230391,0.03335292
230393,0.46971303
230394,0.02160007
230402,0.02803190
230404,0.22387661
230416,0.02924538
230417,0.12903493
230423,0.19783402
230427,0.04659310
230448,0.13158159
230449,0.05678376
230451,0.01037692
230453,0.03008186
230454,0.00784516
230457,0.06922881
230458,0.08220459
230459,0.11034803
230461,0.01559694
230464,0.03941214
230494,0.02130101
230517,0.01538297
230520,0.04575318
230521,0.09966146
230534,0.06375489
230553,0.03400467
230581,0.09668277
230585,0.08082621
230590,0.02169132
230592,0.05232672
230605,0.01635613
230610,0.01272685
230623,0.05010993
230628,0.11262135
230629,0.07194531
230640,0.03885409
230641,0.01246359
230642,0.00434749
230655,0.02099345
230656,0.02081433
230662,0.02770204
230675,0.08179493
230677,0.07597506
230688,0.00863084
230709,0.23346133
230716,0.01339227
230742,0.01569241
230748,0.08431364
230763,0.16135079
230779,0.05391492
230780,0.01783866
230781,0.14557860
230783,0.01921720
230788,0.09082273
230789,0.02419506
230792,0.00978027
230817,0.04716067
230820,0.01458174
230827,0.02987159
230828,0.02432073
230860,0.02045439
230864,0.09965855
230875,0.04395129
230878,0.00702625
230880,0.07341389
230929,0.03661602
230931,0.11857658
230934,0.14511543
230939,0.03239878
230940,0.05067831
230941,0.02127638
230942,0.33472394
230982,0.04424163
231028,0.01931502
231031,0.05762746
231039,0.06969238
231048,0.02627140
231065,0.08747968
231076,0.01582636
231079,0.02726740
231082,0.05576686
231086,0.01777110
231107,0.14862136
231118,0.10143128
231127,0.00890067
231134,0.01676075
231136,0.03297447
231137,0.11577092
231156,0.14591509
231160,0.59065577
231175,0.05332214
231177,0.02762810
231189,0.00845692
231191,0.21556975
231194,0.08820743
231198,0.07112258
231203,0.05912689
231211,0.06161791
231226,0.06437915
231245,0.04232069
231257,0.05048226
231268,0.05175441
231279,0.09277713
231290,0.08968786
231298,0.03227130
231299,0.02431922
231301,0.05149485
231306,0.00788443
231312,0.01508496
231314,0.12872292
231326,0.37806689
231343,0.05059437
231353,0.12732760
231359,0.14097534
231364,0.01412082
231387,0.13597978
231392,0.04806948
231409,0.02689085
231423,0.04786476
231427,0.00730464
231429,0.07244804
231433,0.02115207
231437,0.01829993
231448,0.02148342
231454,0.53621463
231460,0.03973695
231480,0.01573297
231496,0.00776585
231504,0.12134682
231513,0.02751587
231516,0.01568234
231523,0.02066062
231529,0.00967410
231532,0.03275534
231533,0.06328468
231542,0.02699873
231546,0.02588190
231554,0.01387282
231556,0.20092167
231561,0.02256463
231562,0.11806593
231563,0.01021634
231568,0.10995317
231589,0.01359823
231598,0.26418642
231616,0.02922871
231628,0.02135569
231637,0.04031463
231641,0.07764597
231656,0.22001041
231679,0.29283561
231682,0.25829685
231689,0.04304411
231690,0.08208984
231713,0.21994301
231716,0.01407768
231726,0.01798084
231734,0.12781115
231736,0.04885080
231742,0.02101786
231754,0.09207775
231757,0.01184070
231758,0.01827635
231761,0.02754160
231771,0.03365050
231773,0.02205179
231782,0.08981650
231785,0.23198469
231786,0.01369228
231789,0.01233339
231790,0.01254060
231791,0.11664941
231804,0.06640987
231835,0.02419950
231837,0.03512228
231840,0.17482768
231845,0.11068666
231863,0.20113042
231867,0.10655364
231874,0.22947447
231877,0.02747712
231887,0.01223588
231892,0.03156506
231899,0.03688223
231912,0.38391002
231914,0.06595669
231924,0.06723515
231927,0.04415526
231935,0.03149486
231938,0.23205244
231940,0.34358606
231947,0.02822137
231954,0.02130922
231955,0.08167115
231956,0.00710444
231969,0.01674897
231982,0.00561424
231983,0.03059856
231984,0.02243384
231987,0.02515494
232006,0.00893043
232012,0.00471244
232022,0.02141860
232023,0.08104349
232028,0.03322273
232034,0.04418434
232047,0.06700607
232050,0.02327772
232054,0.03798810
232063,0.06283075
232066,0.01248103
232081,0.11895894
232083,0.15653079
232094,0.08738089
232103,0.01752140
232108,0.01044819
232110,0.02758034
232122,0.05418088
232123,0.02339120
232132,0.00413323
232148,0.22113107
232149,0.02812908
232152,0.14369824
232157,0.11606562
232164,0.05786903
232170,0.07441778
232172,0.04233012
232174,0.04553408
232177,0.06104797
232227,0.05575678
232228,0.03442703
232237,0.00537318
232256,0.16081140
232275,0.06244783
232278,0.01633268
232279,0.02438223
232282,0.02322455
232285,0.09830966
232288,0.01159662
232301,0.05485624
232303,0.02076741
232309,0.02070963
232325,0.05800595
232329,0.04079217
232331,0.00863372
232335,0.01874512
232370,0.15335373
232371,0.02172944
232372,0.02109086
232390,0.39679546
232391,0.00580680
232392,0.09272310
232410,0.01092470
232423,0.00362717
232426,0.27405369
232428,0.48032399
232450,0.02076661
232466,0.13595949
232478,0.06699686
232493,0.16054363
232506,0.06933197
232516,0.20480324
232518,0.11103907
232530,0.03834674
232534,0.02510588
232535,0.03614391
232541,0.01901475
232547,0.03269333
232552,0.01620510
232558,0.04780665
232559,0.00451374
232560,0.01886950
232566,0.07166860
232570,0.01265004
232575,0.06495220
232578,0.01251957
232590,0.02921439
232615,0.03801082
232640,0.21949002
232643,0.01627302
232664,0.15203687
232676,0.01994003
232699,0.03273816
232702,0.02418268
232720,0.02496865
232733,0.01357980
232736,0.01731413
232738,0.01558346
232752,0.00817375
232758,0.04083768
232779,0.06815074
232784,0.20547961
232790,0.02713486
232799,0.05681341
232823,0.01813306
232824,0.02932652
232842,0.00766828
232849,0.02599739
232853,0.04842784
232859,0.07292200
232862,0.13770502
232864,0.00874019
232866,0.06056857
232869,0.04390542
232871,0.01374293
232876,0.04604019
232881,0.04571120
232898,0.06734806
232899,0.04117773
232914,0.07371269
232917,0.06528150
232923,0.04319001
232925,0.00778639
232942,0.24416778
232943,0.06647063
232965,0.01426906
232968,0.20466698
232972,0.01223067
232980,0.09446917
232999,0.00628962
233013,0.05217806
233021,0.37646911
233022,0.02232176
233054,0.05847787
233059,0.03439659
233065,0.02855714
233071,0.08801093
233074,0.00725580
233093,0.00359966
233095,0.22473369
233102,0.02007002
233104,0.11363175
233107,0.00957841
233108,0.04027682
233109,0.31016722
233112,0.19018099
233113,0.01327640
233122,0.07967278
233125,0.07322219
233126,0.03842696
233170,0.02134903
233171,0.09126249
233172,0.19267599
233175,0.04430912
233179,0.04596720
233189,0.04388058
233223,0.04926486
233224,0.00975896
233228,0.03629252
233247,0.11768406
233249,0.04386508
233263,0.01597590
233271,0.03405773
233273,0.08385559
233301,0.01179018
233305,0.04870840
233310,0.09364063
233311,0.03429076
233312,0.05632229
233324,0.01722285
233326,0.06348844
233327,0.02374960
233335,0.12649872
233349,0.03716357
233352,0.16125862
233362,0.04565087
233373,0.01613343
233390,0.28237551
233393,0.16663479
233400,0.05591729
233401,0.19390423
233404,0.09346729
233405,0.05489808
233406,0.07118761
233411,0.02860521
233421,0.02297915
233423,0.02508356
233424,0.05022192
233427,0.03101327
233429,0.19760999
233431,0.03705208
233432,0.01178747
233438,0.02632716
233448,0.05178013
233450,0.07746532
233451,0.02719772
233453,0.07821321
233480,0.10393523
233482,0.04146187
233483,0.01422061
233489,0.24185039
233490,0.07142245
233496,0.21049381
233497,0.05328981
233508,0.15645204
233509,0.19536496
233512,0.01971280
233517,0.06873907
233526,0.16170159
233528,0.03693140
233544,0.02446668
233554,0.16639720
233566,0.09431907
233572,0.01385163
233575,0.01182841
233578,0.00886835
233582,0.36946560
233583,0.05250987
233589,0.05041410
233594,0.15195863
233603,0.08241565
233627,0.02148423
233632,0.07701346
233639,0.01786632
233651,0.09642604
233652,0.12009325
233658,0.01142741
233675,0.04195988
233677,0.02643521
233682,0.02857510
233688,0.12449294
233689,0.18075085
233692,0.03306732
233697,0.20100749
233704,0.09828610
233709,0.07248721
233711,0.09267947
233721,0.02451930
233729,0.00609037
233734,0.03514040
233744,0.01326112
233764,0.13132039
233775,0.10352995
233783,0.21536269
233792,0.04890001
233796,0.08723064
233797,0.04182148
233798,0.06589748
233810,0.01892207
233818,0.03605625
233819,0.05237295
233830,0.01647653
233831,0.01947869
233838,0.02376502
233852,0.02856091
233854,0.01545425
233856,0.02474526
233858,0.02192218
233883,0.01291283
233888,0.02752012
233889,0.01275617
233892,0.01669170
233893,0.00947780
233894,0.08364815
233895,0.21269803
233901,0.00928403
233927,0.20262028
233928,0.06724651
233929,0.10992693
233960,0.04674260
233965,0.05640491
233970,0.02081158
233975,0.07204281
233981,0.08452466
233991,0.21385682
234012,0.06025534
234016,0.01319530
234024,0.02154481
234025,0.00924455
234027,0.14931558
234034,0.08632064
234035,0.01444777
234048,0.02639000
234069,0.03727167
234077,0.01149143
234086,0.11369204
234103,0.04168989
234110,0.03178271
234115,0.02635756
234126,0.02070739
234135,0.28017116
234136,0.03270786
234147,0.02877713
234151,0.03504295
234159,0.01093752
234163,0.05068273
234174,0.01197550
234186,0.00961037
234187,0.11437288
234192,0.03160304
234198,0.02663192
234205,0.04468600
234215,0.06462762
234220,0.04137096
234225,0.02009595
234227,0.01449196
234228,0.01221915
234231,0.12330696
234232,0.10582362
234236,0.04641093
234239,0.00593060
234240,0.07815863
234242,0.02455342
234262,0.03213092
234267,0.16627130
234283,0.03207757
234284,0.04057667
234286,0.02975671
234291,0.06955381
234302,0.08426090
234303,0.12662533
234308,0.02669768
234320,0.03303254
234326,0.07657692
234336,0.04994956
234340,0.11078884
234362,0.00499332
234365,0.01990442
234371,0.02437920
234373,0.05887374
234395,0.00543380
234400,0.05652518
234404,0.08043382
234412,0.05378467
234431,0.03514605
234433,0.27454022
234440,0.16590002
234453,0.15596575
234454,0.04852354
234460,0.02370620
234470,0.09709919
234473,0.02047656
234502,0.07833374
234503,0.03312099
234507,0.21807647
234529,0.15712745
234531,0.01807895
234543,0.00997338
234550,0.26238492
234556,0.01675614
234560,0.04831707
234567,0.00203860
234580,0.07324910
234582,0.35510203
234594,0.01219209
234599,0.11602077
234604,0.02201592
234605,0.10876176
234611,0.02118153
234617,0.03088580
234648,0.03315205
234660,0.00870240
234661,0.09656849
234663,0.04150421
234664,0.00630679
234670,0.01086624
234671,0.09545315
234673,0.05854200
234687,0.10545453
234688,0.03421811
234690,0.05959388
234694,0.02285180
234695,0.00145314
234704,0.16955590
234705,0.03171449
234710,0.07872592
234718,0.12613068
234719,0.03098800
234732,0.03435269
234739,0.04072998
234755,0.13775691
234760,0.01224882
234778,0.01571639
234781,0.06370322
234786,0.12358051
234788,0.08193670
234789,0.01977307
234802,0.02619989
234809,0.68707788
234814,0.06065842
234823,0.02009137
234825,0.02351234
234829,0.02579564
234838,0.10450027
234847,0.05971403
234876,0.01316919
234908,0.24223927
234914,0.01994328
234917,0.02639826
234935,0.12045349
234936,0.02802734
234941,0.02930181
234942,0.22488465
234943,0.08104405
234946,0.01677011
234947,0.02167512
234960,0.04729694
234967,0.03271484
234980,0.10537944
234990,0.46124183
234996,0.03390507
234999,0.02304363
235002,0.05367375
235021,0.04455452
235025,0.21301655
235034,0.01829348
235037,0.03892707
235046,0.02562053
235051,0.06222812
235052,0.01520013
235054,0.01718301
235061,0.04724120
235066,0.01816857
235076,0.02262350
235087,0.00745463
235089,0.21065509
235091,0.09430863
235107,0.03162901
235118,0.03689735
235123,0.03725391
235134,0.03324485
235137,0.06460524
235146,0.01004542
235147,0.03370218
235153,0.02400004
235166,0.18632152
235168,0.05817324
235183,0.01789351
235187,0.03552046
235189,0.00888794
235202,0.14164001
235214,0.02870534
235215,0.00397056
235216,0.38805196
235219,0.09977091
235223,0.02727642
235231,0.05558918
235240,0.02835808
235252,0.01582045
235253,0.00533655
235254,0.02745569
235259,0.04517153
235270,0.05241670
235275,0.01772302
235283,0.14832145
235291,0.00728674
235306,0.00888169
235327,0.01633094
235337,0.08850345
235342,0.00621609
235356,0.01048823
235357,0.01530751
235372,0.02118199
235378,0.19809030
235386,0.01868450
235401,0.00504589
235403,0.01806136
235423,0.02487509
235424,0.01946236
235434,0.01318167
235435,0.02395841
235438,0.06701291
235451,0.04770872
235452,0.01046415
235454,0.11257035
235456,0.00598896
235459,0.03974582
235460,0.02038132
235463,0.07610612
235491,0.19045182
235492,0.12473007
235501,0.03563218
235505,0.14229951
235512,0.35261662
235519,0.07950209
235549,0.05732928
235592,0.02334935
235597,0.05003967
235601,0.04636746
235602,0.07888572
235612,0.02869688
235617,0.05044974
235622,0.01374314
235636,0.01209169
235641,0.03416348
235644,0.03307098
235645,0.01898526
235651,0.10854571
235664,0.02307650
235668,0.34933642
235677,0.01631618
235692,0.02941912
235693,0.01502547
235698,0.08180974
235722,0.19252720
235741,0.01758200
235743,0.11169212
235752,0.00513447
235757,0.06895683
235766,0.00768826
235768,0.04217866
235769,0.03056709
235775,0.02190064
235778,0.07757552
235782,0.28822897
235791,0.14675822
235792,0.04834113
235796,0.05371746
235797,0.10827173
235799,0.25679096
235803,0.05095516
235804,0.17874006
235809,0.04606108
235811,0.03645804
235812,0.01783964
235827,0.09950175
235837,0.02143268
235839,0.01504733
235850,0.43398258
235852,0.00821914
235854,0.07562824
235860,0.01432163
235862,0.06074354
235869,0.05111648
235877,0.01948507
235889,0.07781077
235890,0.28725722
235891,0.04367569
235893,0.03604027
235900,0.02277558
235901,0.03185871
235914,0.01446891
235915,0.30283752
235924,0.09322243
235950,0.06961196
235968,0.02298532
235977,0.09047597
235978,0.03723055
235980,0.08045869
235990,0.04432019
235999,0.01637394
236002,0.17651222
236022,0.06059829
236033,0.03247469
236034,0.03476408
236037,0.34435857
236038,0.11624902
236039,0.02598940
236040,0.01169193
236053,0.25644337
236064,0.06467480
236068,0.02953514
236069,0.04900010
236094,0.01644685
236107,0.13961174
236123,0.07632973
236143,0.02732174
236214,0.01561287
236215,0.00936594
236221,0.26338972
236229,0.04939533
236234,0.03069911
236236,0.03045249
236237,0.02466003
236239,0.04117324
236266,0.42058147
236271,0.00946258
236283,0.03415571
236286,0.00685446
236287,0.40167250
236289,0.00671704
236293,0.02577133
236302,0.04344312
236303,0.05446433
236313,0.03609606
236324,0.05207257
236330,0.05403828
236332,0.08816112
236345,0.13508302
236350,0.10365019
236352,0.18338844
236359,0.01514635
236362,0.04429798
236373,0.02763228
236378,0.04809157
236391,0.02524823
236395,0.07480075
236412,0.05237848
236418,0.01033306
236421,0.02287660
236451,0.03937789
236454,0.00696402
236457,0.01155363
236463,0.05864830
236469,0.01366201
236476,0.11526707
236485,0.09886110
236508,0.04436561
236509,0.08942399
236525,0.03950696
236527,0.10430001
236529,0.03370866
236555,0.08254225
236562,0.21140454
236568,0.14160550
236569,0.10163374
236580,0.03270017
236581,0.00888533
236583,0.04343549
236586,0.04669470
236594,0.06838419
236631,0.00612138
236632,0.07647198
236634,0.02760813
236638,0.02230489
236643,0.12003103
236648,0.07221956
236655,0.23145405
236656,0.02405851
236657,0.05085420
236663,0.04059617
236681,0.00991478
236683,0.03448442
236691,0.00862291
236698,0.06168401
236713,0.02758117
236727,0.22354737
236732,0.03342392
236733,0.00951339
236735,0.03697834
236737,0.00351835
236749,0.03743306
236750,0.01579618
236752,0.02973093
236765,0.03620529
236766,0.03611661
236769,0.04930165
236771,0.11657479
236774,0.17314702
236775,0.02879993
236790,0.17937221
236793,0.02018050
236797,0.29518205
236798,0.02089375
236809,0.05771422
236821,0.07041169
236831,0.06303024
236836,0.02031236
236838,0.02429653
236849,0.05062615
236852,0.06414364
236860,0.08998714
236862,0.02314486
236865,0.02784127
236873,0.03041888
236885,0.05763243
236891,0.00640480
236894,0.02593772
236904,0.03627620
236905,0.02114137
236911,0.02158100
236939,0.02422113
236948,0.03012603
236950,0.00785468
236957,0.01773655
236965,0.04729336
236974,0.01918309
236975,0.02460405
236981,0.05482411
236985,0.01894304
236995,0.12046092
237023,0.06687180
237025,0.00933857
237038,0.02116909
237058,0.02217295
237060,0.03835915
237078,0.08288952
237079,0.04160816
237080,0.16204196
237084,0.03888017
237086,0.01353752
237087,0.01204661
237091,0.15967906
237092,0.01531674
237093,0.02656851
237094,0.08580265
237103,0.00437607
237116,0.05519132
237118,0.02075889
237126,0.08045417
237136,0.01928342
237144,0.15495520
237149,0.05720352
237150,0.18223328
237157,0.01113967
237158,0.00749838
237170,0.03249809
237171,0.02069122
237193,0.00533624
237196,0.02865031
237200,0.01225990
237248,0.08451855
237254,0.09749758
237256,0.02500321
237257,0.01678396
237267,0.03142887
237268,0.02198682
237269,0.01342864
237271,0.02024659
237280,0.03237475
237301,0.03585866
237304,0.14225964
237308,0.00645199
237311,0.09050494
237334,0.02428777
237338,0.23865999
237344,0.06149472
237361,0.01035683
237362,0.05899897
237368,0.21292902
237369,0.10192619
237371,0.14566420
237373,0.07995883
237377,0.02318794
237378,0.01017675
237383,0.05699101
237386,0.00780864
237392,0.03045804
237399,0.04267569
237408,0.02552142
237411,0.03536469
237414,0.03740755
237417,0.04683771
237424,0.06935587
237439,0.01442760
237457,0.03345608
237458,0.04645361
237459,0.02197165
237471,0.02588674
237474,0.09594533
237475,0.04186250
237476,0.06249346
237490,0.03668925
237491,0.04336662
237495,0.08592610
237501,0.03596064
237512,0.08682586
237516,0.01052567
237518,0.03610285
237528,0.06599777
237529,0.11728736
237537,0.24547959
237543,0.03278357
237547,0.03690180
237552,0.02180126
237563,0.06539517
237585,0.06614132
237598,0.03283287
237606,0.02155377
237624,0.11063927
237632,0.01881494
237635,0.03457781
237640,0.03550580
237642,0.04513125
237647,0.04909358
237648,0.08009668
237651,0.17434800
237657,0.03849825
237663,0.13071951
237692,0.07267376
237701,0.08603881
237715,0.02551151
237726,0.02501065
237728,0.10839719
237731,0.00456164
237732,0.07834534
237746,0.03359322
237759,0.01719385
237768,0.01838200
237772,0.30228615
237780,0.26450793
237787,0.13505539
237792,0.17403934
237804,0.16427374
237812,0.01364813
237815,0.03572965
237821,0.01811174
237827,0.02139901
237845,0.10178851
237862,0.00974989
237869,0.01834002
237872,0.06593322
237900,0.45368105
237909,0.02400327
237917,0.02919515
237921,0.00798982
237951,0.14270055
237952,0.08171450
237957,0.00455951
237960,0.08788245
237963,0.04565214
237973,0.00794772
237984,0.03712932
237990,0.07346452
237997,0.04222305
237998,0.14425483
238025,0.09593040
238027,0.00987312
238052,0.00992539
238053,0.03437672
238054,0.23625536
238065,0.01179404
238066,0.02167748
238075,0.27833214
238082,0.08093267
238087,0.04778725
238114,0.01328557
238117,0.07674732
238127,0.04746775
238129,0.06956191
238133,0.04835175
238135,0.01210465
238152,0.02410409
238157,0.03630415
238163,0.00816443
238170,0.02371829
238176,0.02864225
238180,0.09008138
238195,0.03698749
238198,0.04414930
238199,0.01454755
238206,0.20149988
238218,0.04250300
238219,0.03935341
238222,0.02490358
238224,0.03794553
238230,0.06446834
238237,0.02804210
238238,0.03808198
238247,0.03504249
238254,0.05787835
238256,0.00665576
238257,0.01188133
238270,0.14013110
238278,0.02163224
238279,0.05254103
238282,0.02227051
238286,0.01705775
238293,0.20571140
238298,0.01463877
238299,0.00608493
238306,0.21582354
238307,0.00706614
238308,0.04616039
238322,0.01488873
238327,0.05223459
238328,0.15828985
238330,0.00775306
238335,0.04484734
238347,0.07824581
238355,0.22287865
238356,0.16750019
238361,0.03804774
238367,0.05298533
238377,0.04022259
238413,0.01069267
238419,0.04541932
238436,0.02873102
238437,0.03436582
238443,0.01570813
238450,0.00540181
238452,0.02267131
238453,0.14288383
238454,0.23868810
238457,0.03422333
238467,0.04805367
238469,0.01791741
238470,0.01678398
238474,0.22588997
238478,0.16557610
238480,0.08113948
238492,0.00970269
238496,0.07499714
238500,0.01950509
238508,0.46737450
238512,0.02808071
238520,0.01391972
238540,0.04508628
238548,0.03564704
238549,0.01970498
238550,0.02197457
238563,0.01118973
238586,0.01725035
238607,0.05343279
238608,0.06006745
238615,0.04289079
238623,0.07289346
238627,0.01244123
238630,0.06043121
238635,0.05290516
238638,0.04413351
238642,0.01034744
238646,0.09240713
238656,0.04013878
238665,0.03237370
238674,0.02332810
238687,0.02378648
238702,0.05522678
238703,0.02684523
238705,0.04963036
238712,0.41983746
238716,0.03250535
238717,0.04983939
238718,0.03935210
238747,0.04965152
238754,0.13832477
238767,0.05447544
238793,0.01658888
238794,0.23020253
238796,0.18407392
238806,0.03326425
238832,0.13349614
238833,0.02244610
238840,0.19520200
238850,0.00731748
238853,0.01687940
238855,0.02196005
238858,0.01088560
238867,0.33728062
238868,0.03909384
238869,0.19220570
238873,0.04030261
238879,0.06854238
238893,0.31875969
238903,0.02434431
238904,0.02356302
238906,0.17032256
238928,0.02628439
238933,0.07971391
238941,0.06650543
238945,0.03066431
238947,0.01417346
238954,0.01377829
238963,0.04005336
238986,0.14285505
239003,0.22913396
239018,0.01657409
239019,0.18354135
239020,0.17179986
239021,0.05275378
239031,0.05461439
239042,0.02577516
239051,0.02647919
239056,0.07750353
239058,0.02726631
239075,0.05341915
239078,0.01810603
239079,0.01706702
239081,0.00682086
239082,0.18435628
239085,0.05331812
239100,0.03825953
239104,0.03462136
239120,0.06347097
239123,0.01617267
239140,0.25239822
239144,0.02216265
239145,0.07657973
239146,0.03510908
239153,0.01601713
239155,0.01242386
239161,0.06251977
239168,0.06512341
239177,0.04476933
239180,0.04983880
239193,0.01443806
239199,0.02829453
239206,0.04095327
239207,0.04302836
239209,0.03474757
239221,0.08205025
239225,0.02913139
239227,0.05435086
239237,0.02817247
239249,0.01509376
239273,0.54440795
239282,0.01362427
239290,0.27028042
239298,0.01446041
239302,0.12172447
239307,0.25569243
239309,0.11781418
239314,0.10396521
239319,0.07793863
239328,0.04295267
239334,0.00858192
239343,0.02907613
239344,0.02184278
239356,0.02446295
239357,0.17637758
239428,0.02140151
239429,0.03119222
239453,0.00729111
239471,0.21343185
239479,0.02839593
239480,0.09342442
239485,0.04330727
239489,0.11355889
239518,0.19486586
239522,0.01959139
239525,0.07766229
239540,0.18633823
239567,0.02621476
239573,0.09247469
239574,0.04034400
239578,0.07372762
239587,0.04967959
239588,0.10850263
239597,0.04832476
239603,0.02403440
239612,0.07500572
239616,0.64424957
239617,0.05736808
239618,0.28549215
239631,0.25423259
239639,0.10720875
239644,0.06340285
239672,0.04916458
239680,0.10343655
239685,0.01089031
239687,0.00774765
239715,0.09701564
239722,0.05124326
239733,0.01396376
239746,0.00917060
239748,0.00495595
239760,0.23690678
239765,0.03257860
239766,0.12479406
239774,0.01938514
239775,0.01348820
239788,0.24251781
239795,0.08144384
239796,0.02192595
239801,0.03830725
239808,0.02431214
239816,0.00439897
239819,0.00358594
239825,0.05340823
239832,0.20775769
239840,0.05164371
239845,0.01468838
239853,0.01455934
239862,0.07744236
239867,0.07513745
239873,0.04095370
239884,0.04542643
239920,0.01804318
239924,0.08894646
239937,0.04232239
239938,0.02737803
239948,0.05789228
239951,0.02938483
239952,0.01711985
239996,0.02534689
239998,0.08908638
240013,0.02157367
240027,0.01653846
240028,0.01576709
240036,0.11331452
240041,0.10729076
240046,0.02153918
240063,0.02723210
240076,0.02056055
240082,0.11223235
240086,0.03341145
240087,0.02139902
240089,0.13798464
240090,0.02365670
240093,0.41972305
240110,0.14826830
240111,0.05385342
240113,0.00762727
240117,0.02957643
240118,0.10755145
240120,0.01800280
240125,0.21161859
240130,0.09809476
240131,0.22661966
240133,0.02640377
240138,0.30346874
240149,0.11071737
240161,0.02312381
240177,0.24387648
240188,0.02878364
240197,0.06054585
240204,0.19416161
240215,0.05659343
240257,0.01800023
240266,0.02486193
240284,0.04310084
240296,0.05478495
240300,0.04085309
240312,0.00861001
240314,0.06080677
240320,0.02500785
240321,0.12772633
240337,0.05193393
240339,0.08800080
240341,0.06702815
240342,0.07685563
240346,0.00991483
240348,0.07987680
240364,0.01713292
240378,0.02941974
240382,0.08731504
240387,0.02694541
240404,0.01439747
240409,0.02110140
240412,0.02243308
240413,0.16977674
240414,0.02808495
240415,0.02745018
240416,0.05635042
240427,0.03096411
240428,0.09547034
240438,0.12715044
240447,0.00584983
240489,0.27249034
240494,0.42640580
240495,0.02792684
240507,0.04509625
240526,0.13429085
240530,0.16475504
240531,0.21700411
240554,0.02924305
240559,0.14202444
240561,0.01969777
240577,0.03468954
240578,0.06822791
240585,0.08403841
240587,0.06053903
240594,0.05241487
240603,0.01430750
240615,0.01121451
240629,0.01918042
240631,0.01004768
240637,0.00892185
240646,0.21234322
240649,0.03607377
240657,0.03529957
240664,0.16051733
240665,0.48496345
240668,0.02261578
240670,0.20470564
240685,0.19444288
240689,0.13829790
240702,0.02083316
240707,0.03161191
240709,0.08543299
240712,0.08411540
240716,0.03246001
240717,0.02930187
240725,0.00760331
240733,0.01541305
240742,0.24814944
240744,0.01383401
240819,0.03393532
240820,0.01084461
240826,0.04628956
240836,0.20488575
240839,0.00598900
240847,0.29467509
240859,0.15827375
240866,0.26704178
240868,0.02270915
240875,0.06795006
240878,0.04647308
240888,0.00633799
240896,0.10474566
240897,0.02218158
240898,0.19476080
240899,0.16366945
240900,0.04490270
240901,0.10134066
240902,0.02235376
240903,0.06896513
240904,0.06391490
240910,0.03073220
240916,0.03397790
240921,0.06359744
240923,0.04250693
240929,0.06181757
240930,0.03997695
240931,0.00907812
240932,0.06718881
240938,0.05014709
240943,0.02373499
240948,0.01331364
240954,0.02173501
240972,0.03907014
240992,0.02848100
240993,0.13658103
240994,0.07671729
241018,0.02966571
241026,0.01060831
241031,0.10102173
241052,0.02089434
241060,0.02533639
241076,0.15871094
241113,0.02153045
241116,0.15352216
241118,0.03865918
241121,0.06898040
241130,0.12306711
241142,0.01260658
241146,0.03399191
241159,0.02962006
241160,0.01859000
241161,0.15193270
241163,0.17876908
241176,0.03629019
241187,0.03128436
241188,0.09535793
241191,0.12678933
241192,0.14395929
241198,0.21995656
241208,0.17806933
241210,0.02675876
241226,0.07665108
241244,0.02068254
241252,0.09120811
241254,0.02155718
241256,0.12456116
241264,0.11739473
241266,0.08162454
241267,0.15780995
241274,0.06609175
241279,0.03238043
241281,0.24426246
241284,0.02057495
241293,0.01427556
241330,0.04609889
241333,0.01136993
241344,0.10335220
241348,0.13893809
241359,0.03202022
241362,0.10166736
241372,0.01176745
241377,0.00847066
241381,0.17743803
241390,0.01164547
241395,0.00562613
241397,0.00749029
241401,0.03877375
241402,0.24691778
241415,0.05542644
241417,0.06810476
241426,0.28637964
241432,0.01923207
241436,0.00788408
241444,0.00902058
241447,0.17854291
241456,0.03695636
241457,0.02273889
241464,0.03446457
241465,0.14074778
241469,0.03067296
241479,0.02835015
241482,0.06351419
241488,0.16469204
241489,0.03244877
241507,0.04050726
241509,0.02747866
241511,0.01007337
241520,0.01189597
241523,0.01294764
241536,0.04557786
241545,0.21970194
241574,0.03578745
241577,0.23044789
241599,0.12445121
241608,0.02746881
241627,0.01094325
241631,0.01936213
241640,0.05620287
241642,0.02300092
241645,0.04081711
241647,0.00812757
241649,0.18619465
241654,0.58171210
241655,0.03545498
241657,0.06640893
241665,0.03363249
241671,0.06571495
241678,0.11228966
241683,0.02603069
241686,0.01951329
241699,0.02139321
241704,0.18833871
241706,0.04479562
241709,0.01275974
241718,0.02649145
241723,0.07803428
241729,0.02447593
241739,0.11779911
241741,0.06693080
241752,0.05887148
241756,0.02421793
241763,0.02933225
241779,0.08195074
241793,0.00615924
241797,0.02434515
241804,0.02487280
241813,0.01158311
241816,0.09336704
241817,0.13135924
241821,0.00566203
241838,0.10647380
241839,0.05265819
241855,0.05819925
241857,0.02249364
241887,0.00606189
241888,0.00905055
241899,0.14595849
241903,0.03210549
241908,0.11004663
241914,0.01875927
241919,0.02207246
241933,0.15010468
241943,0.00704897
241947,0.16777662
241957,0.10208661
241960,0.09683211
241961,0.03565648
241965,0.09309714
241971,0.03683746
241982,0.03914226
241990,0.02168365
242011,0.02397734
242022,0.01832590
242023,0.01933154
242025,0.19349423
242035,0.06254971
242037,0.11411660
242043,0.03111586
242067,0.02195466
242075,0.02224604
242077,0.00385995
242088,0.09338475
242103,0.03388836
242125,0.01275226
242134,0.24828646
242143,0.07338431
242144,0.03244002
242148,0.04945237
242155,0.01587003
242163,0.01027776
242171,0.07158964
242182,0.04992375
242185,0.04939217
242188,0.06809523
242201,0.07702460
242203,0.01056150
242204,0.02285606
242208,0.15324044
242210,0.04873835
242217,0.09975108
242219,0.08654329
242222,0.04016194
242224,0.22461871
242229,0.05525356
242231,0.51572757
242236,0.32895368
242256,0.08386179
242264,0.02077292
242269,0.02336947
242280,0.18522903
242281,0.01645540
242285,0.11512679
242295,0.02633616
242302,0.16623865
242314,0.04572309
242319,0.08082857
242332,0.04605194
242338,0.01587233
242342,0.09710373
242343,0.08471197
242345,0.01499690
242354,0.03561206
242361,0.05520180
242365,0.06582488
242373,0.02216659
242378,0.04412427
242383,0.07897737
242385,0.06451632
242389,0.01823124
242397,0.19634221
242404,0.18438233
242406,0.09454399
242410,0.13352993
242436,0.02541237
242439,0.00887328
242440,0.32025319
242444,0.03591476
242445,0.11843983
242455,0.06071993
242477,0.06523488
242479,0.10985018
242484,0.11706926
242491,0.06572176
242492,0.02339407
242497,0.04625906
242498,0.01707975
242499,0.31671913
242500,0.13523212
242501,0.03435498
242502,0.06945908
242516,0.06514222
242518,0.03231516
242523,0.03618654
242525,0.01760455
242537,0.03419660
242549,0.01644702
242550,0.04190051
242553,0.00508941
242554,0.00979787
242561,0.02146307
242566,0.24394525
242567,0.14444207
242587,0.04433514
242598,0.05999517
242609,0.35735653
242611,0.04507343
242614,0.05636996
242617,0.17553394
242622,0.21372353
242623,0.03664663
242629,0.02561415
242633,0.02451617
242636,0.07735610
242637,0.13111371
242642,0.11968880
242651,0.03896003
242655,0.02451168
242667,0.02777512
242668,0.01777014
242670,0.01257471
242681,0.01983600
242689,0.02597823
242690,0.43667513
242692,0.11693791
242693,0.01326854
242699,0.04080562
242706,0.01966276
242712,0.16054800
242714,0.04314677
242715,0.00949610
242721,0.03395451
242725,0.01244765
242728,0.06877386
242740,0.00371371
242741,0.02117953
242762,0.10912039
242766,0.06930732
242772,0.02851480
242779,0.02986956
242782,0.04800487
242795,0.12112591
242796,0.01033000
242800,0.01466183
242810,0.02412997
242816,0.03596901
242824,0.07948161
242829,0.16299558
242833,0.00642670
242837,0.06593865
242851,0.03425201
242857,0.08210816
242858,0.05339841
242860,0.03734270
242874,0.03219605
242876,0.04509254
242877,0.01136190
242879,0.01204710
242890,0.11188162
242897,0.01805593
242898,0.02042204
242904,0.01015109
242916,0.00854936
242920,0.08583208
242924,0.07885040
242930,0.07011496
242936,0.11021167
242938,0.01291693
242951,0.05822429
242952,0.14613414
242956,0.02008559
242970,0.17210970
242972,0.00912611
242973,0.01569903
242975,0.01032407
242979,0.09440115
242985,0.01906477
242989,0.01239834
242994,0.30993706
242996,0.21416647
243004,0.15040704
243013,0.01073210
243015,0.01567287
243017,0.02559372
243022,0.01558488
243075,0.34251671
243077,0.00944758
243089,0.00870180
243096,0.03527334
243099,0.01705931
243109,0.02233707
243110,0.04886414
243111,0.01282067
243112,0.05172571
243114,0.03974229
243124,0.23928614
243128,0.39048121
243136,0.02946707
243143,0.03269686
243148,0.12194232
243151,0.02181346
243152,0.05427503
243163,0.04715936
243170,0.03362608
243173,0.01454422
243184,0.03261302
243187,0.08366820
243193,0.18145034
243206,0.11868838
243208,0.00580857
243236,0.01030309
243237,0.03961020
243241,0.03045973
243244,0.01943320
243251,0.08536646
243256,0.03039942
243257,0.02894221
243263,0.03590150
243265,0.05794327
243276,0.04964492
243283,0.06549951
243287,0.00934851
243289,0.28410714
243291,0.00656598
243294,0.02640753
243299,0.25999635
243301,0.16033997
243302,0.13071483
243310,0.12695379
243313,0.14503986
243334,0.23363616
243335,0.05285577
243345,0.01165111
243353,0.00752675
243369,0.03400622
243371,0.08366451
243375,0.08639671
243383,0.31713565
243387,0.00516057
243390,0.20737393
243398,0.00927297
243399,0.06739424
243401,0.00662393
243412,0.01018422
243430,0.01965879
243433,0.02174377
243440,0.05133082
243445,0.27104040
243475,0.11269050
243481,0.02610266
243501,0.24926091
243518,0.19196288
243528,0.00922760
243544,0.01762488
243550,0.02694650
243555,0.01730135
243558,0.10930169
243559,0.09155118
243569,0.09368811
243580,0.01290963
243581,0.00958835
243590,0.01454766
243611,0.02857375
243619,0.01146286
243643,0.09539270
243659,0.08131152
243664,0.01421618
243665,0.27935836
243679,0.03309832
243680,0.07588039
243681,0.05608327
243689,0.05851926
243699,0.10460578
243700,0.13597376
243703,0.03704228
243714,0.38545429
243734,0.01820415
243741,0.24457322
243747,0.06361380
243757,0.09901367
243764,0.25092351
243766,0.07255637
243770,0.02514035
243774,0.12406986
243777,0.01581080
243778,0.02748657
243783,0.08328731
243788,0.13771331
243801,0.06616843
243802,0.00922500
243805,0.35453875
243821,0.08171842
243828,0.02301086
243831,0.09867371
243838,0.32397546
243850,0.00809948
243861,0.02323265
243871,0.17965189
243873,0.08943927
243874,0.05136623
243875,0.01764816
243891,0.02953063
243893,0.10292611
243900,0.03802553
243907,0.21781993
243908,0.31292074
243916,0.08458180
243921,0.03182796
243943,0.02594714
243958,0.23811764
243963,0.22744549
243965,0.06939393
243968,0.02777275
243978,0.08239437
243993,0.01885884
243996,0.04644193
244004,0.32368004
244006,0.12715295
244045,0.03796119
244046,0.01735386
244047,0.05642030
244049,0.01535875
244051,0.08332958
244058,0.06090938
244093,0.03869586
244100,0.06131999
244102,0.06791050
244104,0.04115612
244108,0.02636496
244112,0.10112691
244114,0.03216041
244134,0.04814852
244136,0.02620133
244140,0.00939872
244151,0.00705840
244152,0.06827249
244164,0.15478605
244168,0.02578523
244173,0.01735909
244176,0.02654702
244179,0.00589173
244189,0.11393170
244201,0.04608209
244205,0.12362317
244212,0.06207641
244216,0.01120368
244226,0.09499292
244228,0.04740159
244238,0.03782052
244246,0.02045282
244252,0.03771724
244257,0.02911317
244266,0.15634178
244268,0.11680985
244280,0.07188673
244290,0.03821955
244294,0.23919305
244295,0.18851591
244296,0.13693557
244298,0.12581501
244307,0.08754162
244321,0.01268211
244322,0.04416600
244324,0.02219726
244335,0.01865080
244346,0.09833376
244364,0.02517317
244372,0.23897547
244377,0.15238589
244387,0.26098394
244388,0.12005625
244395,0.13811133
244396,0.00727513
244403,0.02170436
244416,0.04396389
244417,0.01781208
244420,0.05160149
244421,0.07270489
244428,0.03568312
244429,0.13008467
244432,0.16714079
244456,0.09030319
244460,0.05883921
244461,0.13043122
244464,0.01192535
244470,0.00965289
244475,0.07330005
244484,0.18331992
244487,0.01693933
244489,0.03566342
244498,0.09559497
244526,0.10456835
244529,0.20753780
244534,0.04112023
244536,0.04619653
244543,0.34448691
244545,0.03897139
244555,0.04148098
244560,0.13688141
244562,0.01655070
244570,0.15594873
244572,0.10167391
244574,0.04775480
244605,0.09383229
244612,0.06339546
244624,0.03897937
244631,0.00574600
244632,0.13716616
244643,0.00720089
244652,0.03920276
244666,0.00989431
244671,0.03293545
244672,0.01872360
244683,0.01400850
244690,0.06197295
244696,0.01439579
244703,0.02335479
244710,0.04733391
244713,0.03579241
244719,0.01849845
244724,0.07314639
244736,0.04515408
244763,0.09839409
244764,0.11307183
244765,0.25628326
244767,0.11818480
244772,0.06259265
244786,0.05251402
244789,0.02066337
244794,0.04085101
244799,0.01131001
244810,0.00863339
244815,0.02250591
244830,0.02270408
244848,0.07054627
244852,0.00769055
244866,0.02188470
244867,0.12947771
244874,0.16006605
244887,0.02545904
244891,0.05794465
244897,0.24674832
244898,0.00919802
244909,0.10545181
244910,0.16820916
244913,0.13127901
244925,0.04973960
244928,0.10297666
244932,0.02622374
244942,0.02585890
244943,0.07334916
244949,0.06662630
244954,0.01482227
244971,0.02361700
244973,0.36737712
244989,0.31274575
245001,0.03673883
245012,0.07776885
245026,0.40736496
245030,0.03363672
245036,0.03270410
245049,0.23113421
245057,0.03205348
245062,0.13598939
245063,0.04511720
245074,0.01593762
245076,0.02537440
245105,0.06699806
245106,0.02005217
245121,0.01139447
245124,0.03757749
245129,0.00900668
245133,0.04976665
245138,0.04027020
245150,0.08378856
245156,0.12476353
245157,0.06117855
245168,0.09388632
245170,0.02326519
245177,0.04096150
245178,0.02897683
245182,0.01707283
245208,0.06236159
245219,0.15828338
245221,0.01649183
245222,0.02188549
245224,0.03261670
245225,0.01831329
245233,0.10026088
245234,0.02525457
245244,0.06551529
245253,0.45545219
245260,0.03176554
245272,0.04477460
245281,0.01468299
245296,0.39919943
245297,0.22061777
245303,0.00531524
245309,0.10551886
245313,0.01656184
245316,0.03599482
245328,0.01516490
245344,0.04197563
245351,0.04715088
245357,0.03609898
245367,0.01954601
245369,0.25208321
245376,0.07277892
245381,0.02489714
245411,0.06602908
245426,0.03651296
245428,0.00260778
245430,0.12320892
245437,0.33100728
245443,0.01738232
245450,0.00540454
245452,0.05384284
245468,0.03253527
245481,0.01631668
245486,0.01935633
245496,0.04456498
245501,0.13381659
245502,0.06188456
245503,0.01134655
245564,0.24290531
245567,0.18373657
245568,0.13958644
245576,0.30075972
245577,0.02467611
245578,0.02533414
245595,0.02544899
245598,0.03408276
245604,0.01961169
245611,0.01305732
245615,0.10498222
245617,0.01424610
245627,0.09545393
245659,0.02262675
245661,0.04892572
245681,0.03113841
245687,0.04559455
245697,0.06539406
245708,0.02253612
245713,0.02116836
245717,0.01443463
245720,0.02686934
245721,0.14702493
245724,0.01856154
245728,0.08319387
245738,0.03218097
245746,0.04719256
245747,0.05877745
245748,0.09238794
245766,0.02907288
245767,0.15570870
245784,0.04691401
245792,0.06863547
245802,0.19274710
245804,0.01474992
245815,0.02945399
245820,0.06524183
245830,0.04556692
245834,0.02703737
245836,0.03075618
245844,0.07746752
245853,0.01515325
245862,0.02489406
245863,0.05880736
245882,0.19234966
245892,0.01417199
245906,0.02838276
245913,0.02720672
245926,0.00673872
245932,0.02550239
245933,0.01390901
245934,0.05034414
245939,0.12861858
245948,0.12232661
245955,0.02493226
245957,0.00589315
245967,0.04627100
245979,0.03732046
245980,0.10391991
245989,0.05676147
245992,0.02083587
245994,0.16507987
246006,0.02277892
246010,0.01980464
246017,0.10960229
246041,0.02821218
246045,0.03536622
246053,0.05956470
246057,0.02007787
246059,0.04101170
246061,0.04626173
246079,0.00687624
246082,0.02126786
246089,0.01187403
246091,0.01783906
246102,0.01554945
246127,0.25875702
246134,0.01700501
246135,0.05270557
246138,0.42895611
246143,0.04668051
246146,0.05199507
246148,0.02054863
246152,0.17744911
246155,0.03367187
246164,0.02383995
246171,0.10726028
246185,0.00780827
246192,0.13713090
246200,0.09311797
246208,0.01649032
246210,0.03474572
246213,0.05768361
246214,0.07433774
246229,0.02091087
246242,0.02361874
246250,0.13242960
246258,0.00993564
246267,0.17591184
246273,0.02750235
246287,0.01920892
246289,0.02186576
246290,0.08128516
246302,0.02670459
246303,0.02785285
246304,0.02848789
246312,0.08035115
246319,0.38027712
246321,0.06941613
246335,0.07315770
246337,0.02837117
246348,0.01496937
246358,0.04361698
246362,0.10122891
246369,0.00883982
246374,0.03403165
246382,0.13007019
246384,0.04857427
246386,0.27771408
246390,0.04640412
246396,0.01222397
246400,0.04543702
246401,0.01238705
246405,0.05695606
246415,0.14289580
246416,0.09695477
246418,0.12622480
246422,0.01385110
246423,0.02685787
246426,0.30804100
246429,0.17559303
246432,0.05654290
246444,0.03869487
246448,0.08885179
246455,0.13009723
246469,0.09523489
246482,0.01376430
246488,0.02817827
246489,0.06285602
246491,0.01725172
246502,0.00843423
246516,0.03045653
246524,0.13570614
246525,0.07516955
246543,0.10918306
246550,0.18762096
246554,0.03681621
246558,0.00489919
246559,0.05874677
246560,0.08148441
246561,0.01805376
246562,0.03187153
246564,0.01821739
246585,0.21370628
246615,0.16446323
246618,0.01843960
246619,0.01288534
246621,0.09771144
246624,0.02550056
246625,0.01122564
246627,0.12553758
246628,0.03464915
246631,0.05599998
246633,0.07557068
246654,0.02677645
246660,0.03046773
246665,0.20982755
246669,0.07434238
246681,0.02083893
246700,0.18858849
246705,0.01974044
246708,0.07579090
246711,0.12530515
246724,0.05466635
246740,0.01556276
246744,0.06723161
246745,0.30707706
246746,0.02354806
246748,0.01260471
246752,0.13955742
246758,0.07726835
246762,0.02028720
246765,0.07263981
246786,0.04051667
246798,0.01806340
246807,0.09082714
246816,0.16809728
246820,0.01607200
246833,0.05281609
246835,0.52533077
246836,0.06358831
246845,0.03858293
246849,0.06316541
246857,0.16100759
246861,0.02170704
246871,0.01250761
246872,0.14042655
246877,0.01275119
246879,0.00663103
246894,0.32621604
246896,0.01788665
246905,0.04225953
246907,0.07014479
246928,0.01241341
246935,0.00815116
246939,0.03261610
246947,0.02788592
246951,0.03397215
246956,0.03432231
246972,0.08134495
246979,0.03769413
247003,0.01086387
247005,0.09229760
247006,0.07321702
247008,0.00789071
247014,0.09500983
247027,0.01853482
247032,0.07645964
247036,0.07883870
247080,0.06848522
247083,0.03539597
247086,0.08562793
247092,0.06028664
247098,0.08339450
247103,0.17575677
247105,0.02537965
247108,0.03897994
247118,0.22889082
247123,0.03094394
247129,0.03785023
247139,0.12567231
247147,0.05912624
247153,0.11466581
247157,0.03845417
247179,0.01243368
247190,0.05977465
247213,0.01967406
247220,0.02432610
247234,0.00987087
247260,0.01563382
247265,0.05162463
247269,0.32449240
247272,0.01311862
247277,0.02859402
247278,0.19392298
247280,0.03787445
247290,0.05725079
247296,0.03572969
247314,0.10049413
247316,0.07150043
247328,0.06135292
247332,0.02315193
247336,0.19262964
247340,0.09045791
247342,0.03951674
247347,0.04126428
247350,0.10951497
247351,0.01551759
247353,0.06651792
247354,0.02502570
247360,0.02300416
247371,0.04643383
247378,0.00878241
247394,0.08526431
247402,0.02191413
247406,0.03920163
247409,0.01870854
247446,0.04015215
247453,0.02198084
247455,0.14530860
247463,0.01371545
247484,0.01567032
247485,0.04515143
247492,0.09972903
247497,0.07350503
247510,0.02679153
247521,0.05592010
247527,0.06585778
247534,0.11718638
247537,0.04718180
247558,0.10245225
247559,0.02883680
247560,0.07613544
247567,0.10156354
247572,0.05810673
247582,0.01694337
247583,0.28062064
247594,0.04938864
247595,0.01485279
247597,0.06196881
247598,0.01734941
247607,0.10613957
247619,0.19388057
247632,0.10039430
247638,0.07140477
247639,0.07538811
247646,0.03766710
247655,0.01398026
247660,0.01488691
247672,0.09164223
247677,0.01338111
247682,0.03845336
247685,0.07611114
247690,0.02414117
247701,0.02170962
247708,0.23593412
247715,0.03024375
247734,0.03867722
247758,0.03707387
247761,0.01638804
247763,0.01583041
247766,0.04049337
247774,0.01777648
247775,0.03266453
247779,0.02534162
247781,0.03589481
247783,0.07788396
247785,0.02843539
247787,0.01379166
247793,0.02320696
247798,0.04921385
247802,0.08997672
247805,0.02383098
247814,0.00434250
247816,0.02699164
247834,0.02242524
247836,0.01302201
247844,0.17246412
247849,0.18636192
247852,0.00979139
247859,0.01628464
247861,0.23870849
247867,0.03594963
247868,0.01238866
247883,0.01874697
247890,0.01353180
247892,0.34706744
247896,0.01294748
247897,0.02854283
247902,0.47182192
247904,0.04665416
247909,0.01481971
247910,0.04079831
247911,0.07863647
247929,0.02764121
247930,0.01063226
247935,0.01215640
247942,0.16023094
247950,0.03617430
247951,0.08933565
247972,0.12961920
247989,0.03523993
247993,0.08292952
247995,0.16864742
248012,0.03639238
248018,0.03617654
248019,0.05446512
248036,0.01097501
248037,0.06407706
248039,0.02131834
248040,0.15376016
248043,0.08250029
248054,0.01032354
248056,0.02125135
248068,0.14547890
248075,0.15523807
248085,0.01583263
248087,0.03894266
248089,0.03952806
248095,0.00899553
248105,0.05177974
248109,0.08599225
248115,0.02243325
248131,0.15140887
248135,0.11215661
248148,0.04932451
248154,0.28054039
248156,0.04359069
248165,0.16823334
248169,0.04059409
248173,0.00472922
248179,0.01371086
248187,0.02110819
248204,0.01519623
248207,0.14536308
248210,0.24168123
248212,0.03509080
248214,0.01727703
248229,0.01845997
248236,0.06144814
248239,0.04961515
248240,0.19646250
248246,0.00810161
248249,0.03761233
248261,0.02246649
248267,0.02427408
248268,0.03558601
248272,0.02339342
248276,0.05076612
248293,0.08299106
248303,0.06691912
248307,0.08199252
248308,0.28875554
248327,0.05599483
248330,0.04896204
248345,0.01670393
248355,0.01536075
248364,0.13528555
248368,0.09957565
248373,0.09923420
248375,0.17634328
248378,0.03338724
248390,0.02107495
248394,0.05547481
248405,0.00981972
248409,0.04924635
248411,0.01924843
248415,0.08072862
248416,0.01458501
248419,0.11891180
248421,0.00905164
248422,0.02427235
248424,0.01141317
248427,0.06587362
248429,0.21052458
248435,0.00961618
248452,0.01795774
248461,0.04035274
248467,0.01640855
248472,0.06001931
248473,0.02179652
248476,0.02695426
248488,0.31239046
248489,0.11313821
248505,0.02363461
248509,0.06006471
248510,0.09647641
248512,0.02169469
248524,0.25676402
248526,0.22641027
248528,0.01870957
248533,0.01194916
248546,0.02313056
248568,0.01802894
248570,0.02374037
248579,0.06630176
248583,0.05627933
248585,0.00596956
248586,0.02966302
248596,0.00453397
248597,0.12434693
248601,0.01021908
248605,0.04540260
248613,0.01470059
248618,0.01976866
248622,0.02356779
248626,0.00404879
248627,0.01234603
248628,0.01256538
248635,0.02049038
248636,0.01656973
248644,0.02708256
248667,0.07845753
248675,0.05055711
248677,0.03262790
248693,0.05881778
248694,0.11916577
248699,0.00412573
248706,0.14773167
248726,0.07957173
248728,0.01538781
248731,0.06231438
248736,0.38179789
248738,0.29756705
248739,0.01463467
248744,0.19808598
248745,0.08546058
248756,0.01877918
248760,0.07553555
248767,0.25850368
248770,0.03589391
248772,0.08822372
248773,0.02453515
248785,0.01988812
248789,0.02203323
248791,0.03479607
248797,0.05470666
248826,0.00963895
248853,0.04099006
248854,0.01468628
248856,0.04331693
248861,0.07651623
248869,0.08004688
248871,0.03187613
248877,0.02280865
248883,0.07407024
248891,0.01087050
248892,0.50787304
248905,0.02014674
248910,0.00921664
248914,0.03186456
248921,0.07627437
248931,0.08449896
248934,0.05085512
248951,0.02482138
248954,0.12390190
248961,0.02348646
248966,0.02027323
248968,0.34165478
248977,0.02095930
248978,0.04432502
248986,0.12312209
249000,0.01711470
249005,0.04811783
249025,0.00387382
249040,0.06375229
249045,0.01461776
249056,0.04927841
249057,0.00596875
249075,0.03966323
249084,0.07028610
249089,0.05536459
249095,0.25613835
249101,0.06892487
249113,0.00949592
249116,0.01209738
249118,0.02856385
249137,0.08448307
249140,0.02799804
249149,0.08945926
249151,0.01357101
249154,0.03912033
249155,0.04379871
249171,0.02375176
249173,0.17179818
249190,0.01754962
249191,0.01656118
249197,0.07570948
249205,0.27769786
249212,0.08201373
249228,0.04536400
249235,0.07133938
249266,0.03044381
249269,0.01945742
249277,0.08685286
249298,0.02668177
249305,0.10328196
249310,0.01500419
249313,0.10446253
249320,0.08112492
249321,0.00655203
249332,0.00816410
249333,0.05156330
249339,0.09333684
249343,0.17143071
249345,0.03559752
249347,0.03789348
249348,0.04809387
249358,0.00643857
249370,0.17184072
249382,0.11373220
249397,0.01091852
249398,0.04560542
249400,0.04713962
249403,0.23846325
249412,0.19096502
249421,0.11696018
249422,0.03329079
249426,0.02338526
249445,0.02439467
249460,0.03162693
249465,0.00277317
249467,0.02606365
249481,0.10253240
249495,0.04031412
249496,0.06253894
249505,0.02218860
249507,0.01223158
249523,0.06820663
249528,0.03481768
249532,0.03603043
249534,0.07242307
249540,0.01924755
249542,0.05273866
249557,0.03741514
249559,0.22544903
249578,0.01388916
249581,0.00726001
249588,0.11254951
249595,0.02806763
249603,0.29328141
249615,0.01479287
249630,0.04022786
249636,0.03553265
249640,0.02568215
249648,0.01099929
249657,0.01523742
249661,0.01089907
249664,0.01364349
249668,0.06030857
249677,0.08640922
249681,0.07645300
249687,0.05766334
249688,0.04067722
249695,0.19343952
249703,0.02468890
249705,0.06510421
249718,0.19193767
249719,0.08448778
249720,0.03173718
249726,0.00947666
249728,0.05329007
249742,0.05692692
249764,0.13780234
249768,0.04725480
249770,0.05509460
249774,0.03224961
249779,0.04511255
249783,0.01264081
249801,0.47154303
249808,0.02504378
249818,0.00960392
249820,0.15472368
249832,0.47737690
249839,0.02000535
249843,0.18851124
249845,0.06300885
249847,0.06252048
249878,0.24303059
249883,0.02141777
249895,0.11672317
249898,0.05519522
249906,0.29518206
249909,0.01398920
249913,0.06843335
249920,0.16835015
249921,0.00735379
249928,0.17083143
249941,0.02402693
249951,0.00689950
249955,0.07571949
250020,0.03410958
250022,0.02600471
250026,0.03001487
250038,0.05893817
250045,0.10740798
250048,0.04944389
250049,0.02962823
250051,0.03720446
250056,0.15744528
250073,0.01256092
250085,0.00812830
250088,0.14749303
250091,0.04706351
250092,0.18094377
250093,0.01136948
250095,0.04624689
250098,0.11150130
250105,0.01895049
250114,0.51600449
250127,0.06522019
250134,0.13529179
250137,0.00359101
250153,0.07224124
250156,0.05860238
250176,0.07442298
250188,0.05142694
250189,0.06164686
250211,0.03954696
250212,0.21093845
250217,0.00627017
250226,0.04097120
250236,0.54501832
250237,0.09472430
250246,0.02670123
250270,0.09051104
250276,0.11577417
250299,0.05279176
250311,0.00403245
250312,0.06874783
250319,0.03549630
250324,0.02001276
250331,0.01248424
250340,0.04582239
250347,0.00947046
250354,0.01594608
250358,0.02830393
250359,0.00977376
250361,0.27488145
250363,0.05245243
250371,0.15368387
250377,0.02856462
250381,0.06684222
250391,0.02135901
250415,0.01309122
250416,0.07570609
250430,0.26454444
250431,0.07711595
250438,0.09145695
250444,0.16195883
250453,0.05092658
250458,0.03663672
250462,0.47120536
250469,0.00889536
250473,0.03420799
250481,0.11442878
250498,0.19406558
250502,0.09648939
250508,0.15606911
250514,0.02165843
250521,0.02516774
250522,0.31963140
250530,0.00916410
250531,0.00667279
250533,0.00612121
250539,0.05197496
250541,0.04520608
250545,0.28183077
250557,0.19786017
250576,0.02049160
250579,0.00860944
250585,0.33255048
250586,0.02542271
250591,0.17824436
250592,0.03988284
250596,0.00697018
250616,0.01366604
250617,0.03082201
250632,0.15704627
250636,0.02180465
250640,0.06940476
250657,0.05700623
250658,0.03848203
250661,0.02095912
250684,0.12467122
250685,0.05460346
250691,0.11099044
250692,0.02093948
250712,0.01079713
250713,0.00993257
250719,0.05654172
250737,0.13375613
250749,0.01608836
250772,0.03312369
250773,0.22770732
250774,0.05976477
250781,0.19339090
250783,0.00831641
250810,0.08448564
250814,0.02215280
250819,0.02836736
250831,0.01934907
250855,0.03286237
250867,0.07625034
250878,0.02249354
250887,0.01330924
250889,0.01252936
250890,0.03480862
250900,0.10174002
250904,0.04885381
250909,0.07067496
250913,0.02823991
250914,0.01898591
250915,0.10007014
250918,0.04878409
250922,0.29147822
250925,0.11423180
250939,0.12322305
250949,0.01686689
250956,0.04124408
250961,0.03012323
250963,0.13454206
250965,0.14821572
250968,0.02035877
250970,0.01595682
250981,0.07429334
250990,0.01727883
251001,0.29341096
251002,0.01362175
251011,0.21361108
251013,0.01334405
251021,0.02279312
251022,0.00911080
251029,0.01912560
251046,0.01742482
251047,0.03363944
251058,0.00528340
251063,0.05050305
251064,0.06576357
251073,0.30640867
251083,0.05472329
251085,0.13908471
251091,0.15000857
251096,0.02378774
251105,0.43090574
251115,0.18401286
251123,0.01752777
251133,0.09739749
251152,0.07376717
251165,0.07003149
251180,0.04208820
251196,0.35272688
251197,0.12025546
251214,0.01386511
251215,0.35491605
251217,0.07726536
251219,0.02140406
251233,0.01500387
251234,0.14499744
251245,0.02642549
251248,0.18986942
251255,0.00386215
251267,0.00425166
251272,0.03076178
251276,0.01807831
251288,0.03868972
251297,0.02718463
251298,0.08026561
251300,0.03187448
251301,0.07753402
251302,0.14622290
251303,0.13561382
251311,0.02935804
251314,0.04696823
251322,0.00830423
251324,0.05526446
251333,0.08961929
251336,0.13697134
251341,0.01380752
251346,0.03418579
251370,0.03426663
251378,0.02652292
251396,0.05041136
251401,0.04597916
251413,0.02949229
251422,0.01550657
251423,0.01521690
251434,0.08905215
251436,0.07724626
251443,0.05256198
251445,0.08350707
251455,0.02550949
251465,0.04533969
251470,0.01845681
251475,0.52543250
251488,0.02452608
251498,0.02198198
251504,0.05507671
251506,0.18608519
251530,0.14739709
251534,0.08305951
251538,0.15392476
251543,0.02200916
251557,0.11968342
251558,0.04216336
251567,0.01244340
251575,0.01108208
251579,0.05882387
251598,0.16930892
251599,0.05219736
251606,0.02484272
251608,0.02158676
251620,0.12684851
251624,0.02442701
251629,0.02720021
251631,0.04206856
251654,0.16771339
251671,0.00675904
251677,0.04406129
251682,0.07302276
251684,0.13009995
251689,0.06492089
251700,0.04054089
251716,0.01900963
251719,0.07929557
251727,0.03183643
251731,0.13195869
251732,0.03333531
251737,0.02433677
251744,0.02526010
251750,0.05152896
251754,0.21383534
251759,0.00526550
251761,0.41125357
251762,0.17602419
251765,0.02864961
251768,0.06319082
251770,0.03140764
251777,0.02209003
251786,0.01350779
251795,0.12823813
251805,0.06562261
251833,0.11647402
251839,0.01701005
251848,0.33159522
251851,0.03525307
251893,0.01068626
251909,0.01915525
251918,0.06203379
251920,0.08769655
251922,0.19949893
251923,0.25119980
251926,0.12264606
251933,0.01276485
251938,0.13191095
251948,0.11311047
251955,0.02411827
251956,0.07289030
251957,0.00629192
251964,0.05241095
251965,0.04957792
251966,0.01422832
251972,0.02042847
251980,0.01235312
252003,0.02425354
252016,0.04769739
252028,0.06301746
252032,0.01138163
252046,0.00750253
252054,0.00640359
252060,0.12561673
252073,0.01589802
252088,0.01383276
252092,0.00671695
252096,0.23953393
252113,0.01468943
252115,0.00726994
252121,0.00394297
252133,0.10152662
252135,0.01879977
252145,0.09370367
252151,0.00817148
252167,0.03546003
252169,0.24292650
252175,0.24827748
252189,0.11509745
252190,0.15344855
252191,0.11290767
252198,0.08446945
252212,0.06060493
252223,0.03781377
252224,0.08571506
252228,0.19430998
252253,0.00894688
252257,0.11742796
252261,0.05717761
252265,0.03639643
252272,0.11613941
252273,0.12962844
252286,0.48366737
252312,0.00829032
252322,0.05755034
252326,0.16741091
252332,0.03127366
252345,0.03510548
252348,0.02640321
252354,0.03442925
252358,0.02277871
252364,0.07267608
252366,0.25888360
252369,0.07693203
252374,0.03518068
252382,0.05967641
252417,0.29288339
252425,0.16383345
252426,0.11471864
252429,0.04662413
252434,0.30165114
252447,0.03290879
252450,0.01363162
252452,0.17936428
252460,0.01665539
252463,0.07376706
252465,0.02082357
252492,0.06308467
252493,0.18586051
252518,0.06665779
252522,0.07282728
252524,0.01902579
252531,0.02640502
252533,0.12915956
252540,0.06718725
252543,0.06875849
252544,0.02153080
252555,0.02068470
252558,0.06559877
252562,0.01453018
252565,0.21048028
252568,0.00472280
252569,0.02250245
252573,0.05827569
252582,0.01867918
252596,0.04287988
252599,0.01398550
252603,0.03285965
252606,0.03560176
252630,0.00962710
252636,0.01398828
252651,0.10420835
252653,0.00626117
252679,0.25472396
252682,0.26099979
252687,0.12924257
252713,0.00645692
252715,0.00777002
252721,0.23072409
252726,0.02668428
252746,0.11193068
252754,0.00353696
252760,0.01730454
252762,0.44909722
252763,0.02889642
252764,0.05767104
252768,0.02339257
252773,0.06918409
252774,0.03897196
252782,0.07930385
252784,0.02366358
252797,0.03204704
252798,0.01900703
252809,0.08250441
252819,0.01044867
252840,0.03476063
252862,0.00557176
252863,0.14165024
252865,0.06404878
252870,0.03489761
252880,0.04755041
252881,0.05360393
252888,0.10722581
252889,0.05768365
252894,0.04048863
252899,0.05375191
252911,0.01199250
252918,0.00282264
252926,0.02114006
252929,0.07479294
252932,0.07458416
252939,0.04657588
252940,0.02347512
252970,0.00424978
252971,0.02551632
252980,0.08085683
252981,0.02734762
252986,0.01535516
252990,0.00544582
253004,0.07886538
253011,0.00789288
253015,0.00930125
253022,0.01871265
253032,0.02087187
253044,0.40349917
253056,0.01324974
253065,0.09281707
253066,0.03500026
253067,0.03089662
253079,0.02875395
253088,0.03478213
253098,0.09717280
253099,0.06677893
253112,0.01792697
253113,0.08328001
253133,0.08776616
253149,0.01837063
253151,0.02986209
253153,0.07501822
253160,0.02181569
253164,0.01525713
253169,0.09187767
253177,0.00574097
253183,0.13268652
253198,0.07574182
253206,0.05790911
253214,0.08576135
253218,0.03664163
253224,0.02882776
253227,0.01091789
253231,0.01407072
253247,0.02004984
253251,0.06855210
253262,0.04468274
253264,0.11218425
253265,0.10262273
253273,0.05746678
253275,0.02337122
253278,0.01388847
253284,0.08917334
253298,0.05027797
253313,0.11665125
253317,0.01638471
253322,0.11788144
253326,0.04956033
253332,0.25532163
253338,0.02088337
253339,0.00569154
253346,0.00400346
253348,0.18837233
253350,0.03166830
253357,0.02976917
253363,0.02973514
253365,0.00495103
253369,0.01832780
253373,0.12165267
253378,0.02266084
253383,0.12311870
253392,0.01721442
253395,0.02759427
253398,0.02389755
253410,0.19517693
253419,0.01652805
253420,0.06873400
253421,0.19598163
253441,0.11049187
253442,0.02110093
253446,0.01148988
253447,0.16510773
253465,0.03894023
253488,0.10280947
253492,0.01732990
253499,0.61876058
253500,0.18751533
253501,0.04466410
253509,0.02281375
253521,0.02857094
253534,0.01074888
253544,0.04790305
253555,0.04154479
253557,0.12909770
253559,0.00866562
253583,0.10573982
253587,0.02704542
253589,0.05525797
253591,0.02820311
253596,0.01417316
253600,0.01346428
253605,0.01291312
253620,0.04613312
253628,0.01778109
253631,0.06976104
253634,0.01597649
253639,0.03028812
253641,0.13701084
253661,0.03107897
253672,0.06028809
253679,0.02856119
253683,0.06267306
253696,0.01638594
253706,0.00782648
253708,0.04576982
253712,0.02860629
253717,0.01503093
253720,0.03842345
253731,0.10670908
253734,0.04565273
253743,0.06102468
253744,0.05913391
253748,0.03745310
253754,0.14178478
253761,0.04764175
253787,0.13934691
253788,0.03989168
253796,0.16848452
253826,0.17347876
253829,0.10572646
253837,0.07007817
253841,0.15166819
253843,0.02146625
253844,0.08126985
253845,0.03804006
253849,0.12569291
253854,0.01388797
253861,0.01467810
253863,0.03517407
253875,0.06752688
253891,0.06195505
253894,0.08509547
253895,0.54197820
253918,0.21316043
253930,0.01134152
253939,0.04230480
253940,0.07413162
253945,0.11778694
253950,0.01246232
253951,0.00638412
253964,0.16169687
253967,0.02560263
253975,0.50368906
253986,0.01531514
253998,0.40173682
254017,0.08497714
254025,0.08466061
254026,0.01316765
254031,0.07408369
254035,0.04260240
254040,0.10270692
254042,0.03641997
254047,0.04101688
254051,0.18694453
254056,0.02086004
254060,0.06592298
254068,0.01849617
254073,0.07137706
254088,0.02148560
254100,0.03669703
254110,0.09943057
254115,0.01557995
254116,0.20672756
254125,0.04049364
254130,0.01946812
254135,0.10498531
254149,0.03999851
254161,0.04517983
254167,0.04141083
254176,0.05680846
254205,0.01067048
254226,0.00809394
254228,0.07264709
254238,0.01729735
254242,0.02973304
254257,0.34404734
254261,0.02468849
254280,0.05371838
254295,0.01223976
254316,0.17223263
254325,0.23148671
254326,0.08695855
254327,0.01367178
254335,0.02549332
254342,0.10985516
254347,0.05628378
254355,0.11651150
254358,0.01332245
254359,0.02441851
254368,0.04183929
254376,0.02940108
254382,0.10326212
254383,0.15079783
254390,0.05997500
254392,0.07380309
254394,0.00870942
254400,0.00706695
254406,0.02288922
254411,0.03315718
254421,0.03006480
254435,0.17438645
254437,0.02345807
254440,0.01128187
254460,0.08883210
254470,0.01282329
254471,0.05347777
254472,0.00709789
254483,0.21740392
254493,0.01448135
254513,0.01185739
254518,0.11746784
254520,0.06224442
254534,0.05956187
254537,0.08973723
254562,0.04189093
254567,0.02689483
254577,0.04470586
254578,0.05778123
254580,0.18592907
254586,0.02931249
254591,0.06442084
254593,0.01711756
254597,0.59266907
254599,0.00632747
254613,0.02549568
254629,0.07438947
254631,0.04727919
254633,0.03658995
254639,0.04657394
254642,0.04275705
254650,0.08540779
254659,0.04349198
254662,0.04070977
254671,0.06128817
254672,0.02337571
254674,0.14441393
254676,0.18031935
254679,0.00756806
254701,0.04258021
254722,0.00717890
254728,0.02319083
254742,0.03687749
254748,0.08165858
254750,0.00792355
254751,0.03673216
254753,0.10277083
254773,0.19737940
254783,0.01915842
254805,0.07250489
254806,0.09731625
254810,0.02617100
254817,0.05531584
254820,0.02038659
254829,0.13610920
254835,0.01880268
254837,0.04922825
254843,0.03114913
254850,0.03970659
254858,0.02665857
254861,0.02168045
254884,0.01612305
254885,0.11671644
254890,0.01658077
254910,0.16042584
254916,0.05902867
254917,0.01218525
254920,0.00646761
254926,0.01791967
254928,0.05124665
254930,0.10564094
254937,0.14998875
254940,0.01740332
254953,0.10234081
254956,0.00923550
254969,0.04187320
254982,0.05851977
254988,0.05060893
254998,0.05335496
255013,0.13446371
255017,0.01191958
255018,0.02750410
255029,0.03323025
255033,0.47559421
255035,0.09732083
255061,0.37726897
255067,0.00738519
255068,0.02250619
255070,0.09603831
255084,0.02591638
255096,0.10768729
255106,0.00628086
255114,0.06389269
255117,0.03228840
255135,0.12982908
255142,0.06779306
255143,0.03628551
255146,0.07725155
255155,0.01980545
255156,0.06237223
255158,0.03245810
255167,0.05022407
255172,0.01516126
255199,0.00749830
255204,0.03279221
255206,0.03639403
255210,0.04126982
255226,0.04215150
255230,0.03768427
255253,0.02233860
255259,0.03058023
255260,0.01966955
255278,0.05869470
255288,0.02183662
255312,0.05234106
255317,0.01020931
255319,0.06315105
255320,0.03881847
255322,0.03076616
255332,0.33376589
255337,0.02357001
255344,0.00651256
255347,0.05701629
255348,0.01900815
255351,0.04449571
255366,0.06602443
255371,0.01849092
255372,0.00748817
255373,0.10665557
255377,0.09804984
255378,0.06792712
255405,0.13526526
255408,0.06444853
255425,0.09054443
255434,0.07753879
255441,0.02229961
255442,0.21042770
255451,0.10655335
255486,0.01522810
255490,0.36612190
255493,0.02166980
255501,0.07366012
255503,0.03012052
255515,0.05139008
255522,0.04695016
255526,0.02392086
255538,0.14242813
255541,0.03569883
255546,0.11038604
255549,0.00600780
255557,0.03472331
255564,0.26213702
255568,0.02330129
255572,0.02440209
255581,0.01901954
255585,0.01125229
255586,0.21997560
255596,0.18515404
255598,0.02750953
255600,0.09341452
255619,0.03954763
255620,0.01025569
255623,0.01992017
255631,0.02822493
255632,0.06769336
255633,0.04549019
255646,0.02139076
255647,0.03929335
255649,0.03172290
255659,0.05298663
255666,0.00604582
255669,0.03193761
255674,0.01199122
255675,0.01847738
255678,0.09868330
255682,0.24561564
255690,0.16303539
255691,0.01257982
255694,0.33313404
255706,0.01650384
255717,0.01970369
255720,0.01067046
255723,0.06298258
255724,0.09346179
255729,0.00728210
255731,0.10242197
255733,0.01032575
255734,0.04018748
255738,0.06047403
255760,0.00552338
255766,0.03477806
255770,0.03688749
255772,0.00675373
255775,0.02944600
255776,0.01356573
255786,0.01568580
255795,0.02047197
255797,0.09331085
255810,0.02552909
255813,0.01408118
255829,0.04163302
255830,0.01757505
255832,0.01612255
255847,0.03805329
255853,0.14820361
255876,0.04259540
255881,0.00704177
255883,0.01551208
255891,0.11764164
255899,0.02789618
255900,0.11838877
255906,0.07613799
255907,0.18037515
255911,0.13793402
255921,0.03137540
255925,0.12308975
255930,0.25005969
255941,0.00666124
255948,0.01300775
255969,0.36555874
255973,0.29651566
255974,0.04273456
255976,0.08014032
255977,0.04132306
255978,0.02661254
255981,0.02777654
255988,0.04077285
255990,0.03782543
255992,0.16288976
255998,0.00437344
256015,0.09518833
256016,0.03532021
256036,0.06585218
256045,0.04005086
256050,0.05056798
256066,0.38676847
256076,0.06746397
256080,0.01214804
256083,0.13239861
256086,0.02436532
256103,0.07861569
256108,0.00878176
256114,0.02105920
256115,0.09373812
256139,0.04081845
256141,0.02001455
256146,0.03365547
256150,0.01746592
256177,0.04087425
256179,0.02009532
256194,0.08013997
256195,0.10037350
256200,0.10628779
256204,0.05734837
256205,0.12911342
256213,0.06132683
256222,0.04043172
256224,0.10678962
256235,0.14380323
256264,0.00609694
256268,0.02821169
256276,0.11578615
256277,0.01958268
256282,0.01962046
256285,0.00745427
256293,0.01045473
256294,0.03441447
256296,0.12356168
256297,0.01012472
256315,0.03855780
256317,0.02629258
256334,0.25558345
256339,0.01639629
256342,0.40950183
256345,0.03497987
256348,0.08084884
256350,0.08717061
256351,0.04274213
256357,0.05524315
256375,0.13984738
256377,0.03834133
256379,0.01490562
256392,0.00394623
256398,0.01149612
256419,0.07135055
256422,0.01033576
256424,0.01819251
256431,0.01370401
256432,0.02344907
256438,0.16658425
256459,0.01628070
256460,0.38024903
256506,0.21843231
256507,0.02394915
256511,0.02245702
256513,0.18793287
256519,0.03670862
256533,0.02977617
256539,0.07080950
256590,0.04207129
256606,0.25480045
256614,0.11282725
256642,0.09099933
256644,0.00962612
256653,0.08411614
256663,0.01683995
256666,0.06320367
256669,0.04131420
256678,0.02582558
256685,0.05847761
256705,0.02937969
256708,0.05820361
256713,0.03606328
256715,0.06186384
256718,0.05160706
256745,0.10405757
256752,0.01080403
256753,0.09384826
256754,0.02043824
256763,0.00651547
256772,0.06186546
256773,0.32396715
256774,0.27630121
256776,0.27197260
256783,0.05890449
256790,0.02478612
256801,0.35469113
256802,0.29385810
256803,0.10921410
256808,0.02782763
256809,0.04838198
256810,0.19485607
256818,0.08373025
256824,0.01584342
256825,0.03419174
256826,0.01446692
256829,0.01937733
256834,0.03831857
256843,0.42802993
256866,0.15347895
256875,0.02724002
256876,0.05006803
256887,0.02424070
256888,0.02050194
256894,0.04123400
256909,0.02343397
256918,0.22913544
256927,0.05903926
256931,0.01754313
256933,0.04300110
256937,0.11740425
256950,0.06759235
256955,0.01317209
256962,0.07675783
256972,0.00887958
256985,0.04108870
256987,0.14966965
256993,0.00826718
257000,0.08045080
257017,0.00864496
257019,0.06713889
257020,0.11469652
257022,0.02071135
257023,0.05491223
257025,0.05522347
257050,0.05016124
257056,0.00999225
257060,0.12920011
257064,0.02720901
257066,0.01199853
257071,0.06364796
257073,0.01866727
257076,0.01397503
257084,0.06065916
257088,0.05575288
257102,0.03666473
257118,0.02790287
257119,0.09875260
257120,0.04738636
257131,0.04391480
257145,0.13009220
257150,0.03193297
257154,0.09994612
257169,0.08321977
257192,0.11784152
257200,0.01756630
257204,0.01543021
257205,0.11521595
257213,0.03586888
257216,0.02657968
257219,0.01655761
257232,0.07710211
257234,0.02814156
257244,0.06005269
257251,0.01905242
257255,0.03896484
257260,0.02971057
257263,0.17687427
257267,0.08646449
257277,0.05110133
257293,0.01233083
257294,0.06697787
257304,0.00722332
257307,0.00946369
257312,0.03339976
257324,0.05692866
257325,0.04815321
257326,0.05867052
257353,0.02394067
257354,0.01379899
257369,0.04183167
257372,0.01788221
257375,0.04909396
257388,0.06216445
257393,0.01455799
257395,0.02907163
257399,0.05285944
257406,0.01697662
257409,0.05498658
257437,0.07472945
257441,0.00851858
257442,0.03507866
257473,0.01643123
257476,0.05040971
257477,0.31097658
257483,0.34144593
257500,0.09380309
257506,0.10364660
257508,0.03299309
257511,0.21193433
257514,0.00854494
257527,0.40359463
257528,0.07670537
257545,0.03948024
257546,0.03858552
257548,0.01319158
257551,0.01545406
257564,0.11935654
257565,0.17498789
257567,0.06541963
257572,0.02524551
257575,0.13886424
257577,0.47543871
257578,0.01377750
257585,0.01310363
257589,0.14782625
257590,0.05856992
257594,0.02300031
257596,0.04413448
257614,0.09683666
257618,0.14237661
257624,0.20071151
257632,0.01471519
257638,0.05551237
257644,0.07680954
257650,0.04774217
257653,0.04117745
257660,0.24424606
257663,0.08218606
257665,0.10783209
257677,0.12570678
257678,0.02188082
257690,0.15388035
257700,0.06169932
257711,0.28072997
257712,0.04618634
257715,0.03157410
257718,0.00582047
257720,0.06542294
257740,0.12466947
257748,0.05409888
257765,0.05496008
257768,0.07465060
257777,0.02809640
257778,0.04884636
257785,0.09699806
257789,0.10844827
257794,0.03144706
257796,0.02519973
257821,0.02071910
257823,0.31357631
257832,0.02683719
257844,0.30989499
257848,0.08089432
257854,0.04322821
257861,0.39841002
257872,0.02387960
257875,0.02841587
257876,0.04879897
257883,0.00936851
257888,0.00892229
257895,0.06048615
257900,0.01532606
257906,0.00940418
257907,0.23969348
257920,0.18829712
257921,0.11981682
257926,0.03012239
257932,0.01192727
257940,0.01146229
257947,0.06871228
257953,0.13337253
257958,0.01136792
257967,0.08651622
257977,0.03859727
257986,0.02758216
258012,0.09632334
258013,0.07179619
258031,0.01277383
258034,0.02198393
258037,0.18281901
258051,0.12529903
258056,0.01853367
258058,0.03785193
258066,0.08788695
258074,0.04992350
258077,0.01547690
258090,0.08198108
258109,0.03489032
258114,0.01339141
258124,0.01647086
258127,0.10577529
258141,0.01514402
258148,0.02456042
258151,0.07946929
258163,0.02652005
258166,0.01736115
258169,0.02203534
258179,0.15519501
258190,0.09369299
258193,0.01341073
258207,0.35116395
258220,0.04218176
258222,0.06017827
258223,0.03145972
258225,0.00407355
258227,0.01163908
258231,0.06783827
258233,0.21261679
258249,0.00361508
258255,0.03796894
258259,0.02390624
258276,0.05759831
258281,0.36895624
258302,0.01743233
258305,0.10448082
258310,0.07315324
258334,0.13864962
258335,0.04507501
258338,0.01563949
258345,0.01897248
258360,0.01037742
258363,0.05822117
258381,0.12266936
258384,0.07471013
258387,0.04857706
258400,0.07363535
258402,0.02885629
258406,0.18208714
258408,0.30623377
258432,0.00692196
258443,0.00839835
258461,0.02110326
258488,0.03760449
258489,0.05304861
258508,0.08504188
258524,0.00719333
258527,0.00853338
258545,0.00943353
258549,0.09499455
258560,0.23478705
258565,0.21101097
258567,0.02863876
258575,0.08064200
258590,0.01791721
258591,0.07162720
258592,0.04297625
258603,0.14912867
258606,0.02976523
258610,0.08869546
258627,0.03145666
258631,0.00567814
258637,0.08945799
258638,0.07473066
258640,0.15927019
258645,0.00875787
258651,0.04922748
258652,0.15182048
258653,0.02799665
258662,0.10162889
258663,0.01546248
258671,0.01345384
258679,0.01113940
258685,0.02431844
258686,0.23383101
258697,0.00687430
258705,0.30005942
258723,0.13654421
258724,0.02330970
258734,0.01309423
258763,0.03803334
258764,0.01489725
258771,0.02253895
258773,0.07076486
258782,0.06963061
258784,0.00627469
258790,0.04350084
258811,0.03227978
258817,0.05840427
258818,0.04750377
258832,0.13118833
258837,0.31298513
258841,0.05309393
258842,0.02377817
258843,0.08362218
258860,0.00686264
258875,0.02697158
258881,0.02362208
258887,0.00574971
258889,0.02809170
258924,0.13950944
258925,0.15596341
258948,0.03135188
258949,0.00969081
258963,0.10669572
258964,0.01759411
258966,0.49489634
258973,0.06780459
258974,0.00944693
258979,0.14801958
258989,0.05344073
258997,0.02870655
259001,0.06314383
259013,0.27983296
259018,0.01739492
259020,0.29545017
259031,0.07906097
259044,0.11703546
259050,0.20047174
259064,0.04304468
259078,0.09881881
259088,0.31345001
259124,0.00983919
259125,0.06322534
259135,0.03696555
259137,0.09634792
259146,0.02794689
259148,0.17282299
259168,0.06165003
259178,0.02693617
259194,0.04135083
259198,0.03227797
259204,0.02477085
259209,0.00696118
259223,0.01809289
259228,0.03474728
259234,0.32496215
259237,0.01809262
259246,0.04047135
259247,0.00594066
259249,0.13734131
259264,0.06744117
259274,0.03616465
259281,0.16278562
259283,0.02985427
259284,0.05560961
259285,0.03161836
259286,0.01132911
259291,0.04281831
259304,0.01469905
259309,0.02117291
259322,0.03483351
259323,0.26934451
259331,0.06352185
259339,0.01888934
259344,0.02234036
259350,0.06462370
259353,0.03544853
259356,0.02837342
259365,0.15289077
259377,0.09528267
259397,0.02383729
259403,0.06550900
259411,0.02253983
259415,0.04804543
259420,0.09107199
259423,0.11616237
259424,0.02350576
259431,0.02765468
259434,0.07551111
259438,0.03474694
259439,0.04607777
259441,0.00950089
259452,0.02059362
259460,0.03286882
259471,0.03558402
259483,0.05979741
259494,0.02880124
259496,0.03600921
259500,0.07335189
259512,0.01601365
259526,0.04398880
259528,0.05900060
259548,0.01681542
259568,0.08259448
259593,0.12035304
259603,0.03999519
259611,0.01362840
259620,0.07828464
259621,0.27847637
259623,0.08508899
259633,0.01807261
259648,0.02525169
259678,0.01123207
259691,0.00503877
259693,0.02141666
259708,0.12601876
259720,0.06833238
259734,0.02504591
259741,0.07997011
259749,0.03496247
259750,0.00655079
259752,0.00491502
259755,0.02772384
259759,0.06074434
259776,0.03854171
259779,0.03196481
259790,0.14735740
259797,0.01227126
259799,0.06732719
259804,0.05386296
259807,0.10592465
259810,0.13969832
259811,0.17809222
259822,0.01017734
259833,0.01146300
259838,0.00832498
259844,0.13995743
259846,0.06440004
259848,0.02007841
259861,0.09039119
259867,0.01880990
259876,0.05300111
259880,0.01300555
259897,0.03693244
259908,0.10589188
259912,0.01328212
259920,0.09039891
259922,0.01428402
259928,0.06852739
259932,0.00402534
259946,0.00873606
259962,0.08750901
259982,0.02634230
259985,0.00648714
259994,0.09312533
259996,0.24704504
260000,0.02706125
260007,0.43480651
260018,0.08619212
260021,0.09794903
260038,0.02331627
260051,0.15901845
260052,0.01650359
260070,0.03531947
260074,0.03203416
260080,0.04425081
260092,0.03218101
260097,0.00773323
260101,0.00522275
260108,0.01575715
260117,0.02948290
260129,0.01782775
260142,0.01983943
260145,0.00960109
260146,0.06581927
260147,0.06100756
260148,0.23151405
260153,0.01344556
260156,0.02229179
260171,0.02659508
260202,0.00904217
260221,0.07858351
260222,0.05633906
260226,0.14072120
260227,0.09907057
260247,0.02967263
260251,0.01353644
260261,0.00714760
260264,0.02561225
260266,0.02623409
260268,0.04427840
260289,0.02378896
260301,0.06149493
260316,0.04912307
260348,0.02433082
260359,0.08251584
260364,0.11015355
260391,0.09053712
260422,0.05857890
260435,0.02623748
260438,0.14210813
260446,0.01237845
260447,0.41643188
260458,0.03866188
260461,0.20743562
260469,0.07554154
260471,0.08660735
260482,0.15308372
260484,0.01952572
260487,0.12632626
260489,0.04167776
260500,0.06115284
260508,0.02315305
260509,0.05787647
260512,0.07963308
260525,0.02799334
260530,0.07362891
260533,0.03109003
260538,0.19253336
260541,0.30231788
260546,0.04706658
260551,0.01058337
260556,0.09538813
260561,0.01687953
260566,0.01392580
260572,0.03712158
260579,0.29411203
260582,0.17522564
260583,0.03840310
260584,0.07074814
260586,0.07307541
260589,0.09266482
260608,0.11290166
260632,0.01088645
260634,0.02085352
260635,0.07439507
260645,0.05160556
260659,0.03450200
260665,0.08618084
260673,0.07194385
260675,0.23565240
260676,0.04412292
260700,0.19059370
260721,0.29760825
260723,0.07838685
260732,0.01007962
260738,0.00684251
260748,0.05320869
260782,0.08330166
260806,0.02456141
260820,0.06925499
260825,0.11292358
260830,0.02397564
260844,0.10448601
260858,0.04849173
260860,0.06461431
260863,0.07916993
260867,0.01689632
260875,0.01816356
260877,0.15412314
260902,0.14656018
260910,0.02645195
260913,0.02489344
260923,0.06985007
260926,0.18123433
260936,0.02610170
260937,0.37555562
260948,0.06372098
260949,0.01243768
260959,0.04395595
260962,0.36610427
260986,0.06422073
260988,0.02659096
260992,0.12279131
260997,0.02773735
261007,0.04901677
261031,0.01577780
261039,0.10337067
261044,0.01530603
261055,0.06367550
261058,0.10866226
261069,0.02080418
261079,0.03866364
261084,0.00555236
261097,0.09235387
261101,0.01199564
261111,0.14688501
261115,0.02682945
261116,0.17801671
261121,0.00917655
261124,0.12321308
261126,0.02386530
261132,0.01413580
261161,0.01143198
261162,0.02535387
261175,0.01673215
261187,0.03414782
261191,0.04410597
261195,0.00937129
261197,0.10585121
261204,0.03558152
261231,0.00885166
261248,0.03581811
261263,0.01921830
261268,0.22979441
261273,0.12621444
261274,0.03620488
261277,0.08051512
261283,0.01534650
261293,0.04227028
261302,0.37138508
261309,0.03279857
261318,0.02927839
261340,0.10743735
261346,0.00946297
261355,0.01938469
261357,0.02488105
261365,0.05957232
261366,0.17368547
261376,0.02937012
261380,0.08876525
261385,0.44963285
261403,0.04262733
261416,0.19093601
261424,0.12081180
261425,0.04233586
261431,0.00766574
261433,0.03143144
261435,0.07420003
261440,0.03568714
261450,0.00893232
261456,0.24210484
261464,0.23997155
261465,0.03210684
261473,0.01007238
261475,0.05889919
261476,0.07782795
261480,0.01280852
261481,0.02723677
261495,0.03114842
261500,0.01472563
261506,0.01440767
261544,0.01754808
261551,0.01053410
261566,0.17830846
261573,0.18723212
261587,0.02431455
261592,0.02366248
261594,0.00657174
261626,0.01050450
261635,0.01272539
261649,0.00890971
261653,0.02329569
261660,0.07756667
261668,0.03005086
261669,0.03778594
261676,0.01876498
261688,0.02123862
261691,0.03991919
261699,0.01997727
261704,0.09907950
261718,0.11160959
261719,0.02101435
261735,0.01565299
261742,0.01316882
261746,0.10851575
261749,0.03240691
261759,0.12475070
261763,0.03862176
261772,0.02977099
261795,0.03587617
261798,0.03385526
261804,0.01072819
261806,0.02002661
261813,0.16039613
261814,0.08492854
261827,0.00777729
261835,0.00745035
261839,0.09893411
261840,0.06468046
261845,0.01142862
261846,0.01375161
261850,0.01418086
261853,0.02658853
261870,0.18968271
261871,0.01499469
261883,0.19887552
261885,0.01195457
261888,0.05979881
261892,0.01286736
261895,0.02832724
261906,0.01840874
261912,0.22562405
261918,0.01067068
261926,0.04098317
261930,0.00336724
261947,0.02652389
261956,0.05384899
261958,0.10125107
261960,0.10070830
261961,0.29448470
261965,0.04679956
261967,0.31160672
261968,0.01291534
261974,0.08807607
261980,0.06095838
261981,0.07749755
261983,0.05166906
261992,0.05973827
261998,0.07503530
262002,0.05388260
262006,0.04002942
262014,0.00943185
262017,0.03630506
262021,0.41730580
262038,0.10961713
262040,0.02718025
262043,0.01680988
262052,0.04588816
262054,0.01698665
262056,0.03117477
262058,0.03831575
262062,0.26156331
262065,0.17816236
262067,0.01900502
262070,0.08019070
262078,0.00990536
262084,0.02969661
262091,0.60111219
262092,0.12946532
262112,0.03594797
262114,0.00907589
262132,0.02235170
262140,0.31516638
262152,0.12368730
262159,0.02142395
262172,0.07851833
262180,0.02190247
262181,0.04551115
262188,0.30930602
262202,0.02088310
262206,0.01218355
262213,0.11280197
262227,0.11934916
262239,0.05997508
262243,0.01652844
262246,0.01820512
262251,0.01994971
262269,0.00273567
262272,0.07120016
262276,0.07603670
262277,0.03260910
262278,0.10026603
262281,0.01368171
262298,0.02093617
262308,0.01410976
262316,0.00887681
262320,0.00322873
262321,0.22804568
262337,0.09755173
262354,0.12467738
262362,0.02826756
262364,0.02667273
262365,0.03090811
262372,0.05120411
262373,0.06873634
262380,0.03923376
262392,0.10121960
262399,0.04659774
262407,0.17417499
262418,0.13778525
262429,0.06532888
262430,0.00553691
262446,0.14113623
262455,0.00540386
262459,0.03250345
262475,0.02862908
262478,0.14904063
262492,0.03403085
262520,0.01233816
262535,0.11868621
262537,0.01149935
262538,0.05475955
262541,0.00534908
262554,0.28885091
262559,0.01702935
262561,0.06948572
262562,0.02980295
262575,0.26697093
262576,0.05643234
262579,0.02298142
262581,0.45494476
262590,0.06656437
262599,0.02922644
262607,0.02603988
262608,0.03576159
262613,0.03121601
262620,0.09885085
262621,0.36177704
262622,0.01001919
262623,0.30947182
262629,0.01432114
262633,0.02343050
262650,0.01497832
262655,0.05717746
262659,0.07260223
262660,0.08249357
262663,0.05923347
262665,0.05052263
262666,0.01479142
262679,0.09729189
262681,0.14535172
262702,0.02095160
262705,0.03191486
262716,0.06841602
262725,0.21131036
262732,0.02673916
262743,0.01170284
262749,0.10037709
262752,0.16680421
262756,0.07215505
262758,0.11072294
262772,0.10817390
262784,0.07493545
262791,0.02988538
262793,0.23475684
262802,0.15692362
262814,0.25445700
262817,0.03093924
262820,0.01425061
262827,0.06515234
262832,0.00770472
262845,0.01654113
262847,0.02425312
262859,0.05520001
262862,0.25821048
262864,0.02717808
262865,0.12308890
262887,0.00782484
262914,0.01958715
262939,0.03497351
262943,0.22017085
262958,0.07982812
262963,0.10203314
262970,0.02493939
262979,0.09987227
262986,0.04790467
263004,0.02439540
263015,0.02047070
263016,0.05206026
263028,0.03957599
263029,0.21950207
263031,0.03351570
263044,0.07528840
263046,0.02104582
263056,0.07638214
263059,0.03932297
263061,0.14675500
263077,0.03269472
263087,0.03021472
263105,0.10366210
263116,0.13130057
263120,0.02495976
263127,0.45583637
263137,0.09495176
263166,0.02414034
263175,0.04407421
263184,0.07104380
263185,0.03704411
263205,0.02519596
263208,0.02404921
263210,0.24481566
263220,0.03204610
263224,0.14659011
263228,0.02492837
263240,0.01652167
263243,0.10317259
263288,0.03417600
263290,0.04256832
263306,0.00931582
263312,0.00845835
263319,0.01537507
263326,0.01500103
263331,0.01660162
263339,0.15243662
263347,0.01772415
263353,0.06626314
263355,0.06400536
263368,0.11056850
263408,0.01843744
263414,0.03259160
263421,0.03175598
263440,0.00907958
263458,0.03006684
263460,0.04508148
263475,0.03519140
263477,0.04380520
263479,0.10019834
263489,0.15943696
263492,0.07328153
263493,0.03228017
263498,0.03437448
263510,0.03644516
263513,0.09047386
263514,0.01782868
263517,0.09912511
263518,0.01505468
263548,0.01708101
263561,0.03857146
263564,0.03460509
263565,0.14006759
263576,0.00475428
263580,0.18439435
263582,0.00844313
263584,0.01088346
263593,0.17813555
263594,0.04363877
263598,0.05161941
263602,0.09098165
263611,0.01526974
263640,0.31158709
263642,0.02728273
263643,0.07436442
263646,0.03674732
263658,0.01973350
263664,0.01611292
263683,0.01201788
263703,0.08462135
263705,0.05459415
263709,0.00854159
263715,0.00398696
263728,0.01953726
263732,0.05709082
263735,0.06259348
263748,0.11918588
263750,0.01948574
263751,0.05387260
263759,0.04795746
263763,0.01089350
263765,0.01266490
263780,0.03058772
263783,0.04218524
263786,0.14326602
263794,0.06155498
263799,0.00839705
263802,0.06828897
263803,0.03999305
263820,0.19220101
263846,0.16894768
263857,0.01292213
263858,0.01085114
263860,0.06595730
263864,0.08885412
263870,0.00567749
263879,0.02754801
263881,0.03465329
263882,0.01705338
263895,0.04013225
263909,0.41200911
263918,0.10016651
263940,0.05181029
263945,0.01342108
263946,0.10875281
263947,0.02642161
263948,0.01663695
263962,0.23183131
263972,0.13614693
263974,0.00819837
263981,0.00774002
263984,0.05025588
263992,0.30286250
264001,0.02261668
264007,0.09357805
264010,0.00871309
264011,0.43466270
264015,0.00355133
264023,0.07515981
264030,0.09787812
264033,0.02348376
264037,0.02294671
264043,0.03387561
264044,0.02444428
264045,0.25889650
264050,0.00631357
264055,0.04309260
264059,0.00936692
264060,0.21822261
264062,0.10259781
264069,0.05277221
264077,0.02882692
264078,0.02700035
264087,0.02089371
264094,0.11952181
264095,0.13207692
264112,0.05304098
264113,0.10072610
264131,0.01452401
264145,0.01554791
264148,0.02001628
264157,0.14729596
264161,0.02510790
264173,0.11834339
264188,0.01098714
264195,0.07108707
264198,0.12208951
264199,0.01569559
264207,0.02725878
264209,0.01868112
264226,0.00853139
264227,0.09869570
264243,0.16920432
264246,0.36962879
264252,0.01086219
264254,0.05855739
264259,0.02111490
264274,0.01441872
264280,0.26080421
264285,0.01566373
264299,0.06229051
264331,0.00894491
264334,0.00585047
264338,0.02467192
264341,0.00833060
264344,0.11627395
264347,0.36861005
264350,0.06420573
264360,0.00792018
264365,0.04189689
264367,0.01736915
264378,0.06407103
264381,0.12486115
264397,0.02150436
264401,0.11619988
264405,0.02487826
264417,0.06952177
264422,0.01526228
264423,0.09005988
264424,0.00763331
264436,0.42448618
264441,0.02802158
264451,0.02332747
264453,0.02827069
264457,0.02030191
264460,0.02684552
264464,0.06689848
264469,0.14963467
264485,0.00913821
264491,0.02733408
264505,0.04495957
264535,0.08779967
264538,0.09652620
264541,0.01103249
264544,0.01241498
264545,0.08325756
264549,0.08971807
264557,0.10949546
264563,0.04995669
264569,0.01012828
264574,0.12613611
264587,0.06006036
264608,0.03907463
264610,0.18178702
264621,0.01793811
264627,0.07047719
264642,0.04752557
264644,0.01745308
264655,0.03330987
264660,0.11535983
264667,0.08572847
264691,0.05392731
264694,0.12721449
264695,0.01139075
264700,0.02533194
264709,0.01021916
264712,0.03992612
264714,0.02080537
264722,0.03837930
264728,0.02068636
264742,0.05565958
264744,0.03888378
264748,0.04760760
264760,0.03506766
264763,0.30228367
264771,0.01929642
264773,0.04166093
264782,0.08083003
264786,0.10633043
264787,0.03942294
264809,0.02731901
264811,0.04734420
264822,0.05019717
264823,0.09291569
264831,0.03837692
264834,0.10641148
264841,0.02783547
264848,0.06010202
264849,0.15241541
264863,0.37387373
264867,0.02763532
264874,0.14956422
264875,0.01406810
264877,0.04674655
264897,0.19773987
264900,0.19173503
264906,0.01868769
264909,0.12761471
264913,0.01532947
264922,0.03222219
264924,0.03453361
264927,0.17896387
264935,0.03835137
264938,0.52801442
264968,0.02197824
264975,0.09079847
264979,0.00684561
264989,0.04154793
265001,0.07869367
265009,0.15421914
265014,0.03443858
265016,0.03015709
265027,0.33438491
265049,0.03773426
265061,0.23194646
265062,0.01585448
265068,0.01515301
265072,0.09456882
265100,0.04075192
265105,0.02936284
265106,0.04634964
265110,0.01726804
265123,0.02971541
265126,0.25906458
265131,0.07417904
265134,0.02954584
265144,0.01498937
265146,0.19969731
265154,0.05557738
265164,0.05076323
265170,0.07250236
265172,0.01452546
265173,0.01289023
265178,0.05311549
265187,0.12749466
265191,0.07857148
265194,0.34820475
265216,0.01554198
265228,0.01953535
265231,0.01474502
265232,0.01610870
265233,0.03337884
265242,0.07175328
265243,0.05549700
265246,0.03304534
265259,0.14246739
265265,0.44643059
265266,0.01987481
265268,0.22249589
265280,0.02128600
265287,0.00852714
265297,0.03447524
265298,0.09362980
265300,0.03721408
265301,0.04642662
265305,0.25246299
265307,0.02454648
265314,0.05811465
265320,0.02037520
265331,0.08332746
265333,0.09234372
265336,0.01467560
265337,0.09401759
265344,0.05538105
265346,0.00726873
265371,0.01733874
265380,0.05271119
265386,0.02332373
265389,0.02930282
265409,0.17024593
265414,0.01787296
265415,0.01826268
265419,0.02137641
265422,0.02314876
265457,0.05209484
265461,0.06852279
265463,0.06048186
265468,0.16678747
265474,0.17417911
265478,0.01305623
265480,0.31210338
265488,0.06214764
265493,0.04393899
265510,0.06817786
265519,0.15187614
265521,0.18108134
265529,0.04246839
265533,0.19187899
265577,0.03392964
265591,0.02104280
265596,0.25940202
265607,0.02144170
265618,0.04678429
265619,0.01807423
265620,0.01297368
265628,0.07846187
265661,0.02648210
265669,0.02385588
265680,0.07702807
265707,0.11456969
265714,0.08787840
265716,0.00905380
265717,0.20134584
265718,0.04334803
265723,0.09651767
265730,0.04426469
265732,0.02420823
265744,0.19538969
265751,0.08109316
265760,0.11589536
265777,0.04083894
265783,0.07812710
265791,0.05438144
265792,0.02787894
265797,0.07213274
265798,0.01426666
265806,0.01705698
265815,0.04491604
265816,0.16579570
265821,0.01665936
265833,0.00984856
265854,0.01565026
265856,0.12254639
265858,0.01586553
265862,0.18889646
265863,0.09629678
265879,0.05943545
265881,0.01772819
265894,0.09323497
265895,0.68796198
265896,0.04510361
265898,0.03634859
265900,0.08006927
265907,0.02017093
265910,0.12931485
265917,0.03355586
265941,0.08505016
265955,0.03572421
265957,0.07699543
265961,0.01749610
265966,0.01443473
265969,0.13144329
265974,0.08209356
265976,0.03468160
265979,0.13879857
265985,0.04135439
265988,0.04161904
265990,0.05679856
265991,0.13882657
265993,0.02305726
265995,0.18336779
266009,0.04018820
266010,0.02794110
266014,0.22620606
266020,0.10420186
266022,0.17455735
266029,0.07340336
266045,0.02629161
266057,0.33658964
266060,0.18867470
266065,0.01459998
266071,0.02050837
266072,0.00784659
266074,0.00736686
266076,0.02158033
266089,0.01770693
266091,0.02819432
266097,0.06381699
266099,0.02478672
266106,0.07827623
266117,0.03045280
266120,0.12970517
266129,0.04037229
266132,0.09532328
266139,0.12144547
266140,0.04936872
266141,0.03215384
266146,0.23162932
266149,0.01376307
266159,0.02118110
266165,0.01317726
266171,0.15090089
266173,0.01693008
266177,0.10383547
266179,0.03084348
266186,0.00717461
266210,0.20253799
266227,0.02956264
266266,0.03248598
266291,0.02612820
266319,0.16401714
266321,0.02307086
266323,0.01002078
266329,0.02217693
266331,0.07108355
266333,0.24009449
266334,0.07872429
266338,0.02825049
266340,0.03521361
266344,0.18013971
266354,0.01943575
266359,0.07065505
266362,0.05365699
266364,0.03672953
266365,0.05591499
266379,0.02059948
266380,0.08702725
266387,0.00678553
266393,0.02408744
266396,0.01275790
266406,0.01483581
266418,0.09694742
266424,0.00851580
266440,0.04502441
266442,0.01876160
266444,0.09552496
266453,0.08404112
266455,0.03252721
266461,0.02509701
266462,0.01116833
266465,0.03023956
266466,0.12310050
266468,0.48940127
266471,0.04816149
266479,0.01844055
266499,0.21034943
266536,0.12821048
266543,0.02664426
266544,0.05593011
266556,0.06102607
266561,0.01788283
266573,0.04666881
266578,0.11992006
266590,0.16017729
266596,0.14104643
266624,0.11803522
266629,0.01736457
266635,0.01409429
266644,0.00529876
266650,0.04792760
266659,0.09825384
266666,0.01861192
266668,0.03753603
266674,0.19097586
266680,0.03690497
266686,0.19531020
266714,0.03233074
266730,0.02547976
266734,0.08054520
266740,0.32511142
266745,0.01836782
266749,0.06735323
266750,0.02186495
266751,0.02428723
266752,0.08034276
266753,0.00950696
266759,0.15916799
266763,0.02943906
266766,0.02068732
266783,0.03363164
266805,0.00964707
266812,0.00730230
266813,0.10776290
266816,0.08893892
266819,0.07663260
266820,0.42514040
266833,0.04720598
266842,0.11262377
266847,0.06273105
266848,0.01291261
266865,0.20153723
266867,0.10028415
266874,0.03958115
266885,0.04308088
266888,0.01069200
266890,0.19181641
266932,0.02152739
266941,0.06563619
266942,0.04718701
266948,0.01734388
266959,0.01352384
266977,0.01624932
266983,0.02560169
266984,0.04754855
266999,0.14425455
267000,0.14717001
267023,0.18488311
267031,0.07684123
267035,0.01444788
267046,0.04082849
267050,0.02713262
267058,0.06014904
267070,0.04408629
267079,0.07203252
267080,0.03021194
267093,0.10882831
267094,0.04563748
267102,0.01380693
267107,0.01670650
267108,0.02192799
267113,0.02639909
267127,0.02599678
267136,0.02934232
267143,0.01133950
267155,0.19973415
267180,0.01328291
267182,0.01468654
267184,0.02929872
267192,0.04514749
267195,0.15144515
267220,0.02046176
267228,0.01102407
267237,0.10199318
267241,0.09761442
267242,0.23253470
267247,0.08609061
267259,0.07477231
267260,0.23939161
267265,0.05249181
267269,0.21562729
267272,0.06401225
267275,0.01916267
267282,0.33982243
267284,0.43671264
267294,0.04702106
267298,0.01035273
267304,0.10367912
267316,0.09992269
267324,0.02115099
267327,0.01564158
267333,0.01312400
267338,0.02519984
267341,0.05415109
267342,0.02857708
267344,0.07834121
267345,0.20446183
267347,0.00327026
267361,0.13980361
267374,0.03551341
267379,0.03597007
267380,0.01950932
267382,0.03732648
267394,0.04030997
267403,0.17528104
267405,0.09562965
267412,0.02080914
267421,0.16177823
267437,0.04385784
267438,0.01814751
267443,0.01681124
267446,0.02239659
267460,0.19143829
267466,0.13362033
267469,0.01393853
267474,0.01954410
267488,0.02363667
267490,0.01903629
267496,0.21921122
267499,0.07355145
267501,0.05645837
267518,0.08468836
267522,0.33173265
267524,0.03890618
267532,0.05664443
267535,0.29358450
267547,0.02280062
267550,0.01033911
267559,0.11150932
267581,0.04652363
267586,0.10055228
267588,0.17493672
267592,0.03184333
267597,0.01595700
267600,0.02040523
267608,0.01865872
267620,0.01935415
267625,0.08816942
267628,0.05621166
267633,0.04069028
267639,0.02715193
267649,0.06028218
267659,0.07651677
267662,0.05161426
267671,0.04984400
267672,0.00501275
267677,0.02580564
267679,0.05936716
267682,0.02568369
267687,0.18839942
267689,0.02255066
267690,0.01521360
267707,0.11875726
267709,0.01200141
267716,0.01081002
267738,0.01203889
267744,0.08810382
267752,0.02690892
267754,0.10641444
267755,0.26360711
267757,0.02067560
267758,0.07789615
267767,0.27174832
267771,0.02434296
267808,0.11882461
267815,0.13452247
267833,0.13684856
267841,0.03351950
267843,0.05287339
267847,0.06373518
267857,0.00530873
267869,0.07740179
267881,0.17738873
267887,0.05642546
267890,0.00940590
267892,0.35363711
267895,0.08436737
267899,0.02892820
267906,0.03076795
267912,0.07419811
267917,0.19977390
267927,0.01164645
267930,0.01404696
267934,0.05203646
267950,0.01691119
267965,0.09153291
267966,0.03912256
267976,0.01324437
267998,0.01393395
267999,0.00901677
268012,0.04902079
268013,0.14815359
268014,0.01954481
268020,0.05330151
268028,0.21870749
268032,0.04689621
268039,0.03031781
268041,0.03120707
268046,0.01999612
268059,0.07416288
268064,0.06461223
268066,0.03260068
268073,0.29619035
268077,0.01439836
268085,0.02195418
268090,0.16594193
268109,0.15979999
268139,0.10499540
268151,0.05959406
268153,0.02168854
268155,0.08901159
268163,0.05846809
268166,0.00311658
268185,0.01342568
268189,0.02220178
268190,0.05533101
268192,0.04492523
268211,0.04490754
268213,0.03258816
268214,0.01387883
268220,0.03815351
268225,0.04880355
268227,0.13268919
268230,0.04868967
268247,0.23523191
268250,0.07205404
268268,0.10050369
268269,0.01982106
268271,0.16229249
268274,0.05522959
268280,0.28056106
268291,0.15408637
268299,0.01718183
268301,0.04430179
268306,0.01510247
268307,0.07112872
268310,0.02574981
268317,0.25317870
268328,0.01604726
268329,0.00356156
268337,0.08293184
268338,0.01002025
268357,0.01271205
268363,0.05816147
268373,0.01486078
268380,0.09682367
268386,0.04861749
268394,0.00972664
268407,0.00588731
268411,0.04270655
268417,0.03037630
268421,0.42900763
268422,0.07252232
268426,0.08234061
268427,0.04492914
268439,0.12399908
268445,0.03179124
268446,0.02644081
268459,0.05501286
268465,0.10906652
268466,0.06897709
268495,0.00686408
268497,0.11083654
268504,0.11660079
268508,0.17274491
268513,0.26623484
268525,0.01399685
268545,0.05301709
268546,0.02532373
268550,0.01238295
268568,0.01925165
268570,0.35950487
268590,0.01924777
268591,0.15663637
268602,0.06409545
268609,0.03224555
268616,0.02046971
268623,0.06608462
268645,0.13945569
268652,0.20818175
268668,0.07539729
268685,0.01033493
268707,0.00777368
268711,0.12087698
268714,0.01891441
268736,0.01752061
268746,0.32820740
268747,0.01655693
268749,0.11702041
268760,0.11315289
268761,0.00477689
268764,0.15552956
268781,0.01610023
268790,0.07211562
268799,0.01046434
268809,0.04143094
268814,0.04751828
268817,0.01428299
268822,0.00259457
268827,0.09132383
268828,0.01134556
268829,0.12577783
268845,0.04074814
268853,0.00658760
268859,0.01287261
268900,0.00603569
268911,0.03320457
268913,0.18420753
268917,0.09007344
268930,0.06613791
268934,0.03835449
268935,0.07196262
268938,0.07988617
268948,0.00507270
268950,0.14759324
268958,0.01359050
268975,0.02755909
268982,0.02053279
268983,0.05045504
268997,0.07282442
269009,0.07115189
269012,0.05801729
269017,0.12583932
269031,0.11090448
269038,0.18007385
269041,0.08976796
269045,0.06050236
269050,0.01494046
269056,0.01921242
269058,0.01970797
269060,0.06297360
269067,0.16349988
269082,0.06524643
269098,0.12822716
269105,0.03090914
269117,0.19584088
269123,0.12535239
269128,0.02497351
269143,0.07432429
269149,0.12700028
269162,0.29770428
269168,0.06437621
269172,0.23352814
269175,0.16042964
269189,0.05201312
269194,0.01472730
269197,0.04221017
269204,0.08304761
269211,0.01141136
269217,0.12792381
269222,0.05389676
269227,0.04115369
269228,0.07501798
269232,0.04688846
269250,0.10612250
269251,0.01859672
269257,0.08376783
269262,0.01322441
269263,0.05639788
269267,0.02686702
269275,0.01994225
269276,0.02834065
269279,0.01025731
269293,0.38686766
269300,0.11218847
269305,0.03143054
269309,0.02297887
269317,0.18808181
269352,0.28266789
269377,0.09938433
269378,0.01568976
269389,0.03271605
269392,0.02575007
269394,0.02920865
269402,0.13646993
269408,0.00833045
269410,0.02552408
269417,0.02879859
269421,0.10703608
269462,0.08388599
269481,0.00945998
269488,0.12077114
269489,0.02013666
269491,0.12036398
269495,0.01676907
269503,0.00671122
269510,0.15928770
269515,0.21617910
269522,0.02879084
269523,0.02029851
269536,0.01026497
269537,0.04594912
269549,0.01795409
269571,0.13520270
269576,0.01751293
269587,0.07549704
269595,0.02502746
269601,0.02831168
269610,0.52932168
269618,0.03537213
269620,0.07855734
269623,0.00768672
269637,0.03985306
269642,0.02422262
269652,0.03521058
269655,0.00814546
269661,0.11936826
269663,0.04199593
269665,0.00697648
269666,0.04975517
269667,0.01614693
269673,0.05311788
269693,0.05939147
269701,0.05191179
269702,0.02583558
269704,0.12289525
269718,0.08062276
269727,0.01227937
269732,0.05426352
269736,0.02576265
269738,0.04958607
269741,0.01530413
269744,0.01823956
269749,0.20879574
269750,0.05495456
269758,0.09245405
269775,0.11587943
269776,0.04708342
269777,0.05308783
269789,0.00854781
269794,0.07828130
269797,0.07680792
269807,0.38752916
269813,0.02736562
269844,0.06507859
269848,0.11037423
269871,0.00937873
269877,0.02014141
269878,0.06563237
269887,0.02309859
269904,0.01967801
269913,0.22776185
269938,0.08545502
269941,0.14660252
269953,0.09516773
269954,0.02303473
269955,0.03247499
269958,0.13673050
269960,0.02985154
269966,0.03878914
269975,0.02369683
269978,0.05218581
269989,0.06603937
269993,0.01755722
269998,0.04684050
270001,0.16894318
270020,0.04480124
270023,0.11686290
270028,0.03815858
270048,0.06489553
270061,0.08805430
270062,0.08505324
270096,0.26847017
270108,0.02346696
270118,0.02447710
270120,0.09911386
270122,0.02407925
270127,0.02834464
270131,0.05571785
270142,0.01336665
270146,0.02373125
270148,0.03478578
270152,0.00632750
270165,0.00595503
270170,0.01204360
270188,0.03145224
270204,0.08796441
270235,0.02498864
270243,0.32241574
270254,0.03493433
270265,0.01565852
270270,0.14911642
270287,0.07950226
270295,0.02675762
270296,0.00466634
270302,0.02757968
270304,0.17771052
270307,0.01505822
270310,0.11514433
270317,0.02241052
270324,0.09038912
270326,0.02766455
270337,0.01580169
270363,0.12400817
270371,0.01742351
270373,0.01515780
270375,0.00809337
270376,0.01982789
270379,0.00417004
270383,0.25082104
270390,0.01577946
270393,0.02110738
270402,0.01620564
270410,0.06657655
270411,0.04868397
270412,0.08463146
270415,0.01104221
270417,0.15538269
270436,0.21968139
270440,0.00989028
270449,0.02464995
270450,0.20884529
270457,0.18550397
270460,0.00860995
270461,0.01669670
270467,0.02488229
270473,0.05664687
270486,0.11356074
270488,0.03225470
270513,0.03507848
270518,0.09388872
270522,0.02406597
270526,0.01821853
270532,0.03261598
270545,0.23945933
270548,0.12404702
270550,0.00720374
270562,0.19855273
270564,0.02367115
270571,0.02776659
270572,0.08814750
270574,0.04463456
270575,0.08332063
270579,0.03397238
270612,0.18280443
270613,0.14399337
270622,0.00574182
270636,0.02981245
270643,0.01472024
270644,0.01664863
270645,0.01331518
270658,0.14038240
270661,0.01795518
270665,0.05373341
270676,0.14323804
270685,0.04498907
270695,0.07320290
270712,0.04285551
270719,0.02432114
270740,0.01917669
270753,0.02120555
270756,0.02893673
270759,0.17068190
270760,0.01901909
270764,0.06087826
270767,0.03693038
270778,0.00341845
270782,0.09817025
270794,0.10176794
270795,0.39871995
270799,0.05969461
270807,0.18293798
270821,0.03578689
270826,0.04855383
270829,0.04405750
270831,0.03269673
270843,0.04537512
270844,0.19904973
270847,0.02058390
270854,0.01163058
270856,0.11797823
270861,0.00591818
270862,0.03351113
270864,0.23281639
270881,0.02811996
270883,0.13542859
270885,0.27991861
270888,0.04091321
270894,0.00779617
270906,0.06976236
270914,0.01921836
270919,0.04119794
270935,0.02963984
270945,0.07733067
270957,0.09102388
270966,0.03074737
270970,0.11533184
270971,0.04235760
270976,0.03864074
270977,0.43895507
270978,0.02018500
270979,0.05703989
270982,0.05878463
270987,0.12438568
270989,0.10203454
270991,0.07086891
270992,0.00379711
270993,0.01341248
270997,0.33732175
271010,0.33883477
271025,0.01781565
271037,0.06569705
271038,0.02495825
271054,0.01548173
271056,0.31548901
271065,0.01492498
271070,0.03265598
271095,0.01325251
271099,0.01248356
271102,0.02006726
271103,0.03564211
271105,0.21315878
271106,0.09526085
271117,0.04079616
271134,0.17238881
271135,0.12064955
271137,0.12307389
271145,0.16864972
271149,0.10759619
271195,0.04113947
271199,0.06008960
271200,0.24801672
271220,0.01314763
271233,0.08528962
271234,0.09188105
271236,0.03819720
271248,0.00573996
271250,0.16478447
271251,0.04030590
271255,0.05991785
271261,0.02330111
271269,0.02012920
271276,0.01560725
271296,0.28342695
271304,0.26042363
271314,0.00859614
271318,0.00438492
271322,0.00585451
271325,0.02793582
271354,0.04430566
271355,0.03068970
271359,0.01592891
271361,0.02546580
271363,0.32736333
271367,0.13263876
271368,0.01316484
271369,0.01658465
271393,0.38445804
271409,0.08963710
271415,0.02693732
271418,0.20523426
271429,0.08761175
271431,0.02494663
271432,0.41310102
271442,0.08613650
271446,0.06505141
271448,0.07732053
271450,0.27425685
271452,0.02528422
271460,0.06931768
271461,0.17047636
271472,0.01276947
271496,0.03681975
271515,0.05508414
271527,0.05398824
271537,0.05282302
271544,0.03475561
271562,0.07208116
271565,0.02465021
271566,0.13303765
271567,0.07498008
271570,0.14131285
271576,0.04071509
271582,0.10216287
271586,0.04553916
271593,0.08890161
271598,0.03169098
271606,0.01646210
271607,0.02100786
271616,0.11714851
271617,0.05137525
271624,0.04364031
271638,0.02208205
271652,0.02893032
271657,0.01438241
271662,0.04297879
271665,0.01704890
271667,0.02491716
271670,0.14109281
271675,0.05417286
271679,0.20402372
271682,0.29848099
271696,0.04222927
271699,0.01189798
271733,0.01807427
271739,0.03125414
271746,0.01520151
271753,0.06775872
271756,0.17227524
271762,0.06251617
271777,0.01797087
271781,0.01141695
271785,0.02156816
271786,0.02304099
271790,0.02500133
271801,0.10960670
271806,0.04085498
271807,0.11639823
271810,0.06121254
271811,0.03985836
271815,0.07848550
271847,0.00626914
271875,0.13625219
271878,0.10321371
271880,0.12462068
271883,0.03466597
271911,0.19682746
271912,0.04259652
271914,0.10405944
271922,0.06517184
271933,0.01948581
271945,0.05580696
271952,0.00695427
271954,0.02658465
271961,0.06637583
271967,0.01684681
271969,0.01090228
271980,0.08995209
271989,0.02224857
271991,0.14253502
272000,0.03941832
272004,0.12834013
272010,0.03672320
272013,0.09081827
272029,0.08433795
272030,0.04622764
272031,0.02475921
272035,0.00622307
272040,0.22175632
272043,0.01273103
272055,0.08222426
272068,0.10701282
272075,0.08428803
272081,0.00948599
272090,0.04477492
272104,0.02049718
272116,0.01195969
272121,0.00584405
272129,0.06656832
272143,0.02848481
272146,0.02964149
272148,0.57425295
272152,0.13854593
272167,0.03346965
272180,0.04064845
272192,0.00906635
272201,0.01761528
272205,0.02631979
272209,0.31382179
272211,0.02680152
272228,0.03117448
272233,0.19945931
272235,0.15776132
272249,0.09508616
272267,0.02637478
272270,0.02568232
272276,0.01432149
272302,0.04438581
272303,0.02331188
272308,0.17082745
272309,0.06938529
272311,0.07656536
272313,0.01203999
272353,0.04005259
272366,0.03577511
272367,0.05682446
272371,0.03054778
272381,0.00976136
272404,0.08576749
272405,0.05186236
272418,0.11217955
272419,0.00811944
272425,0.02280245
272438,0.06091734
272444,0.03668568
272445,0.05876732
272462,0.02286362
272474,0.01036821
272478,0.08490085
272479,0.13864227
272480,0.04616437
272482,0.04034845
272511,0.39184104
272512,0.01184894
272516,0.02899784
272517,0.02630706
272522,0.06231046
272537,0.06654770
272555,0.05816338
272564,0.12992257
272566,0.03372153
272573,0.01145742
272575,0.00699204
272583,0.04988465
272593,0.02592242
272627,0.04881145
272628,0.09717898
272630,0.01885093
272632,0.01677530
272635,0.43661837
272636,0.02673837
272661,0.01095299
272669,0.07328748
272672,0.01819787
272681,0.14642052
272682,0.04926738
272691,0.02603731
272697,0.01786960
272706,0.03796909
272708,0.01789675
272717,0.04231745
272722,0.01265386
272723,0.00758639
272737,0.00357925
272744,0.00547166
272752,0.39093361
272757,0.01057879
272760,0.01033059
272763,0.01560846
272768,0.04652471
272779,0.01827606
272781,0.25554625
272787,0.08441881
272795,0.10158854
272799,0.06657327
272820,0.16455861
272821,0.01290303
272829,0.11142299
272852,0.04716430
272863,0.13345680
272878,0.07664910
272886,0.00561658
272891,0.12784740
272903,0.11049374
272914,0.00391935
272928,0.09634289
272937,0.11373376
272938,0.14136748
272944,0.10932226
272965,0.26272840
272967,0.04714969
272969,0.13555369
272983,0.11618165
272998,0.10995614
273002,0.16333636
273005,0.01615040
273010,0.09697875
273011,0.01828830
273017,0.01850935
273021,0.22049520
273023,0.14706350
273027,0.04878468
273035,0.00940072
273047,0.20904876
273053,0.02096057
273060,0.28562088
273062,0.02241234
273074,0.06333448
273078,0.02947247
273079,0.04314752
273087,0.06691999
273107,0.01265642
273109,0.01585830
273112,0.00698545
273113,0.09784933
273117,0.04208567
273121,0.18952341
273137,0.03062291
273156,0.01622354
273157,0.08011419
273177,0.12207175
273192,0.01306913
273193,0.01110778
273194,0.04115824
273198,0.11425045
273199,0.03250527
273206,0.01635209
273213,0.01831800
273235,0.02036742
273244,0.10991183
273247,0.12346761
273248,0.32364679
273254,0.04121986
273259,0.01747963
273270,0.02154752
273272,0.03578576
273287,0.02427247
273289,0.03156219
273294,0.00801604
273301,0.06762769
273304,0.10269042
273313,0.08019834
273314,0.03762183
273333,0.07815603
273336,0.36533865
273343,0.00783595
273353,0.03961418
273359,0.05618128
273371,0.01555663
273402,0.05582968
273415,0.01624102
273420,0.31258777
273424,0.02951737
273428,0.03972816
273429,0.01996210
273443,0.12116659
273457,0.02315081
273458,0.02000304
273467,0.12352588
273477,0.04999729
273482,0.05189282
273495,0.02824728
273496,0.00835715
273503,0.02691012
273507,0.07818521
273508,0.11391876
273510,0.02489336
273524,0.09981731
273552,0.00901951
273556,0.07645897
273566,0.02811203
273579,0.03784720
273584,0.04831422
273595,0.06239174
273606,0.01074171
273623,0.04887278
273625,0.04434982
273638,0.16662430
273660,0.01316665
273664,0.05239499
273683,0.03302922
273686,0.02128623
273687,0.01713991
273699,0.14920643
273700,0.28173664
273719,0.02487824
273721,0.05049831
273728,0.08767258
273764,0.01359973
273770,0.02023381
273774,0.13947870
273792,0.10181329
273806,0.00692055
273807,0.07507509
273818,0.01158422
273823,0.09134193
273835,0.32986860
273856,0.01751468
273861,0.01765268
273863,0.01771870
273864,0.11846707
273874,0.09848154
273879,0.13548487
273892,0.13479368
273895,0.13025976
273899,0.01849826
273900,0.07463622
273912,0.07196518
273921,0.00838096
273941,0.03433032
273946,0.01889568
273954,0.16762670
273956,0.02172732
273962,0.03249929
273968,0.10909908
273985,0.07315984
274000,0.26671695
274003,0.03133862
274004,0.01563781
274006,0.03399937
274019,0.24760089
274022,0.15040725
274023,0.09035060
274034,0.14054228
274043,0.04903636
274052,0.05369734
274054,0.35608128
274058,0.10919604
274063,0.07432163
274070,0.04064573
274072,0.04320872
274081,0.02811181
274108,0.23803535
274118,0.38187394
274125,0.02490306
274129,0.01310022
274140,0.02781513
274142,0.01489056
274146,0.03286742
274147,0.17017334
274155,0.00910633
274163,0.07516854
274165,0.02085851
274174,0.01349080
274182,0.24374271
274186,0.04211699
274188,0.01785150
274193,0.08823603
274198,0.06074429
274216,0.03791142
274219,0.01938215
274225,0.20744124
274229,0.01674196
274248,0.03769674
274268,0.01622399
274274,0.00811618
274286,0.01485105
274289,0.08514820
274297,0.02823964
274302,0.02374057
274326,0.03087789
274346,0.01173786
274348,0.05087151
274349,0.09496179
274350,0.02060455
274353,0.03332401
274359,0.22783141
274364,0.01646190
274368,0.01603483
274373,0.03560217
274378,0.17831497
274389,0.01260870
274390,0.05417264
274391,0.00761363
274392,0.03692120
274396,0.18772832
274408,0.09631852
274409,0.03458967
274424,0.15875704
274453,0.10865671
274460,0.01813623
274465,0.03938996
274468,0.01136986
274481,0.20303939
274482,0.00602201
274484,0.03493483
274490,0.12282965
274509,0.02122906
274511,0.01216663
274515,0.08309558
274521,0.05556836
274523,0.12860882
274525,0.06225337
274539,0.02072860
274541,0.03229891
274574,0.05352273
274585,0.02905243
274587,0.26074612
274594,0.09268445
274600,0.09368428
274605,0.03403881
274611,0.02393958
274619,0.15857209
274641,0.05541120
274666,0.25053208
274688,0.05927813
274690,0.08406888
274699,0.06253846
274703,0.06007226
274715,0.01324420
274717,0.04888130
274760,0.13612431
274774,0.09871259
274791,0.43582643
274801,0.01604812
274804,0.14526575
274808,0.28933053
274813,0.05995531
274815,0.04993793
274818,0.01359707
274820,0.01834354
274829,0.04035566
274847,0.21842913
274865,0.03950502
274870,0.04609029
274881,0.11145402
274890,0.14221574
274894,0.06387384
274902,0.02965302
274905,0.07445661
274911,0.02867030
274912,0.14952369
274914,0.00871609
274927,0.01385971
274931,0.02502576
274944,0.28860119
274951,0.09404563
274953,0.10734552
274954,0.02351009
274961,0.00891944
274965,0.14612680
274972,0.05602323
274978,0.02502412
274984,0.01665531
274993,0.03099291
274996,0.01346706
275043,0.00670200
275048,0.08990117
275052,0.06748039
275059,0.02008023
275060,0.02405096
275071,0.02446129
275077,0.04941425
275078,0.07302848
275091,0.02138033
275098,0.12582561
275111,0.05158971
275120,0.10495552
275121,0.17651471
275125,0.05436642
275129,0.03089545
275139,0.02801417
275150,0.06622642
275153,0.09630940
275166,0.14870155
275185,0.14088166
275199,0.24953682
275201,0.04011340
275203,0.02120267
275216,0.05495090
275225,0.12792422
275226,0.03332061
275232,0.01524357
275254,0.05438960
275256,0.52046300
275272,0.10039146
275278,0.01372115
275280,0.06692291
275286,0.01332640
275288,0.01708260
275299,0.00969093
275306,0.12256502
275313,0.01806680
275314,0.05055886
275319,0.30683473
275324,0.10701416
275330,0.02545565
275334,0.07896313
275335,0.18696712
275337,0.08837045
275339,0.11107617
275351,0.03343918
275352,0.03893918
275367,0.02930107
275384,0.02664942
275392,0.01030588
275393,0.08469819
275408,0.05071491
275411,0.03945637
275413,0.24100666
275415,0.01462440
275416,0.02758413
275422,0.01865897
275424,0.03344461
275438,0.03385506
275440,0.02934719
275468,0.01023875
275469,0.05705758
275473,0.19577313
275482,0.02516949
275488,0.02304730
275502,0.09362870
275503,0.02908968
275511,0.07956395
275518,0.03047307
275520,0.01772393
275524,0.03884227
275531,0.09619651
275537,0.04370277
275558,0.06938090
275574,0.05512550
275576,0.06024240
275583,0.00475043
275588,0.13111870
275605,0.36902855
275612,0.08464875
275627,0.08699310
275633,0.02182830
275646,0.16148456
275647,0.05073072
275653,0.10551432
275661,0.05388632
275683,0.02335776
275688,0.02083680
275691,0.05016826
275713,0.11992514
275731,0.00805920
275735,0.28167363
275739,0.00492353
275761,0.19493908
275762,0.03041702
275767,0.02673501
275768,0.16478575
275769,0.15611634
275774,0.02056191
275776,0.01112784
275783,0.00761990
275800,0.09559416
275805,0.21614332
275836,0.00897007
275842,0.02228469
275855,0.41986325
275860,0.01531964
275870,0.14983178
275884,0.12259235
275897,0.04662801
275899,0.01496406
275900,0.07214680
275906,0.08517555
275912,0.09826311
275922,0.19665113
275929,0.27569669
275931,0.04871724
275932,0.01617625
275936,0.13711106
275937,0.01952514
275947,0.18713980
275949,0.23737811
275954,0.21342193
275958,0.01586908
275966,0.16759181
275967,0.03286120
275970,0.19579300
275989,0.16984070
275993,0.05325876
275995,0.02476499
275998,0.04543903
276007,0.05277456
276011,0.03680158
276029,0.19091757
276047,0.01263367
276048,0.05936777
276050,0.11858292
276054,0.03832775
276056,0.04543914
276057,0.09394703
276060,0.01136497
276084,0.01218551
276089,0.02025181
276118,0.01913569
276121,0.11208370
276122,0.07677818
276130,0.02198479
276134,0.22791078
276135,0.01366671
276142,0.17487010
276164,0.02223432
276195,0.14205980
276210,0.15168739
276235,0.03027260
276238,0.02010059
276242,0.02408338
276244,0.09626430
276247,0.02734693
276263,0.11143671
276306,0.12811149
276309,0.03627110
276319,0.07193528
276334,0.04387954
276338,0.00463266
276343,0.02018813
276344,0.05640923
276345,0.01641736
276348,0.02187345
276359,0.02619667
276363,0.06887433
276365,0.07248866
276366,0.03515177
276373,0.02990222
276378,0.06044228
276386,0.03198656
276405,0.02032438
276419,0.00914673
276422,0.01836508
276430,0.03114876
276437,0.08217126
276442,0.05761600
276444,0.02845869
276446,0.02375179
276455,0.07332132
276470,0.01969551
276472,0.03575298
276475,0.20961473
276479,0.02881140
276484,0.01336841
276487,0.11245293
276488,0.22916460
276495,0.05183391
276497,0.24082568
276508,0.55464145
276509,0.07125989
276516,0.01995565
276521,0.01404406
276525,0.06994391
276550,0.04791475
276560,0.01446838
276569,0.02671340
276584,0.03318179
276603,0.02271176
276615,0.00836616
276617,0.02957485
276622,0.01920841
276625,0.02989294
276629,0.04378738
276642,0.02324625
276664,0.01350970
276674,0.01418716
276675,0.25730726
276678,0.08936067
276692,0.06574849
276693,0.02294939
276697,0.02346510
276703,0.06455645
276705,0.05649974
276717,0.06219270
276728,0.01153499
276744,0.10435948
276762,0.06602496
276764,0.01953011
276781,0.03928336
276793,0.04822189
276798,0.02144494
276800,0.02800228
276805,0.01076736
276824,0.03615543
276826,0.03793795
276848,0.18142399
276854,0.11572908
276862,0.31629204
276865,0.05907224
276869,0.04716674
276880,0.00697958
276882,0.03167568
276886,0.03352898
276889,0.07125615
276892,0.06302097
276903,0.00390880
276906,0.02466417
276936,0.01124252
276945,0.01184109
276956,0.01100474
276958,0.01210171
276963,0.00843270
276966,0.01511300
276987,0.01718314
276993,0.06379512
276994,0.00974104
277004,0.13750163
277015,0.01098231
277021,0.13070995
277024,0.00953202
277032,0.02961059
277054,0.13360032
277055,0.03884733
277061,0.02727006
277065,0.22951814
277070,0.07102077
277079,0.18051342
277088,0.01605300
277108,0.05354051
277114,0.03622071
277121,0.05210736
277137,0.19091853
277148,0.06035940
277158,0.23903563
277162,0.02932766
277165,0.34410146
277167,0.01241347
277170,0.01491484
277172,0.03197640
277177,0.02853014
277179,0.22188761
277182,0.03226691
277185,0.03913788
277191,0.04265950
277200,0.27353989
277211,0.01586638
277217,0.03195819
277221,0.05547590
277226,0.02991272
277227,0.08530544
277228,0.14896771
277229,0.03319682
277244,0.30708139
277271,0.01643713
277274,0.09688564
277282,0.01523794
277286,0.02764348
277288,0.03635548
277290,0.00892161
277291,0.00483764
277296,0.00919406
277297,0.01260149
277320,0.04434198
277327,0.23522103
277335,0.20231342
277336,0.01607225
277338,0.05055662
277342,0.14639456
277344,0.03733464
277345,0.02582706
277349,0.02232897
277356,0.04809583
277370,0.02379935
277371,0.19690985
277379,0.06609157
277386,0.38862361
277390,0.12926985
277400,0.03298818
277401,0.11556096
277412,0.02915463
277413,0.10094706
277415,0.04536582
277417,0.19751471
277419,0.05837965
277422,0.15588288
277423,0.02567253
277425,0.01041527
277432,0.02518832
277438,0.02439358
277445,0.05917641
277447,0.07569772
277456,0.01262365
277457,0.01301165
277474,0.04242764
277488,0.03339041
277494,0.07610756
277501,0.04195102
277503,0.08574187
277510,0.06913923
277516,0.10668926
277521,0.31571544
277522,0.02111197
277530,0.04243147
277531,0.31708353
277536,0.05337317
277548,0.02108104
277550,0.03164392
277554,0.03013272
277555,0.07608444
277562,0.07242060
277565,0.09024218
277566,0.01299923
277572,0.10101010
277592,0.13050559
277593,0.01394568
277610,0.07645405
277621,0.05893604
277654,0.17730533
277668,0.01267695
277673,0.00480257
277675,0.01957362
277694,0.00683340
277697,0.13117375
277699,0.02024178
277700,0.01793897
277701,0.01895546
277708,0.26576711
277710,0.01027633
277717,0.10460524
277725,0.05465003
277731,0.06151060
277746,0.10692282
277753,0.03041831
277757,0.35628120
277764,0.05512683
277772,0.03000772
277775,0.16628082
277777,0.01948173
277787,0.05576481
277797,0.03478293
277798,0.07990280
277802,0.14464622
277812,0.01757843
277816,0.11476494
277820,0.00765749
277821,0.01045190
277822,0.07872323
277838,0.03868071
277845,0.01106335
277846,0.01464973
277854,0.07349310
277856,0.09713421
277866,0.18443604
277874,0.09411783
277893,0.19071352
277900,0.03274886
277964,0.03095466
277970,0.02237360
277976,0.05865748
277983,0.07831476
277994,0.01411711
278011,0.04547154
278025,0.26690931
278045,0.19693157
278048,0.13714341
278066,0.00960757
278088,0.03436761
278098,0.02555259
278101,0.12717890
278113,0.01323352
278114,0.04849091
278128,0.06043888
278152,0.05243972
278157,0.03265130
278168,0.07654207
278169,0.03520217
278174,0.02493279
278176,0.00897930
278181,0.15959680
278185,0.12308862
278225,0.03124003
278236,0.15807503
278242,0.01005336
278244,0.01566772
278251,0.04311199
278252,0.05592365
278272,0.15678211
278279,0.01079622
278287,0.19366179
278288,0.03349563
278309,0.03757681
278310,0.05140771
278316,0.03318332
278318,0.29790123
278320,0.03848397
278344,0.19359498
278356,0.18034702
278359,0.01126391
278361,0.02462206
278368,0.02624728
278372,0.02473626
278384,0.23867363
278388,0.00621033
278409,0.12606940
278414,0.07943562
278415,0.18425159
278416,0.03992157
278422,0.02874757
278423,0.24939682
278432,0.09583313
278436,0.06189531
278455,0.05933928
278461,0.18443783
278469,0.10695280
278482,0.12749168
278487,0.06737820
278493,0.05740715
278501,0.05398166
278508,0.21278312
278511,0.02016179
278519,0.04312323
278526,0.03323538
278530,0.07291782
278533,0.01189527
278539,0.19804074
278545,0.01641732
278556,0.02958856
278559,0.07381147
278587,0.03219111
278601,0.04781470
278603,0.10363450
278604,0.16061246
278605,0.03537337
278606,0.00898158
278613,0.02958049
278616,0.18763815
278618,0.04901676
278632,0.06612570
278633,0.10159895
278637,0.01078506
278645,0.11878707
278649,0.27579650
278653,0.14543313
278662,0.01592513
278673,0.07249367
278700,0.06059157
278703,0.11312300
278704,0.04384578
278723,0.06189759
278725,0.05857593
278730,0.03745604
278750,0.02269054
278765,0.08179799
278770,0.02807611
278779,0.01534003
278787,0.03925300
278791,0.01757020
278804,0.02112407
278807,0.04789216
278810,0.08945978
278812,0.02286436
278815,0.31945461
278821,0.09808391
278825,0.00506009
278832,0.02933150
278836,0.04332516
278838,0.18559137
278840,0.04652528
278844,0.04943406
278862,0.01052796
278863,0.03311913
278871,0.04362692
278875,0.00980270
278892,0.46775176
278899,0.06893165
278903,0.02756872
278909,0.02905518
278913,0.30314897
278931,0.01861771
278932,0.04719918
278933,0.16681829
278937,0.01156662
278952,0.02391307
278954,0.01144244
278960,0.15023798
278967,0.05971366
278968,0.01812794
278972,0.19067666
278976,0.13862404
278982,0.05901332
278983,0.03958164
279001,0.15179530
279015,0.05943633
279018,0.11832096
279035,0.06635147
279040,0.11072595
279043,0.09300236
279046,0.01712080
279061,0.04884852
279063,0.01634718
279065,0.00958734
279068,0.01909408
279070,0.05583864
279074,0.26250124
279076,0.04712638
279086,0.01004577
279095,0.02741291
279107,0.17854203
279108,0.09058889
279109,0.00869568
279110,0.11469061
279111,0.04356491
279129,0.02770366
279134,0.04479172
279137,0.05051253
279142,0.11236701
279146,0.00840932
279153,0.00287067
279157,0.04124389
279165,0.02241503
279166,0.00712196
279172,0.04637796
279173,0.10268406
279174,0.06351929
279179,0.12740544
279182,0.00756547
279186,0.05486234
279187,0.01363850
279189,0.01528199
279201,0.03464875
279202,0.04294671
279213,0.02190059
279214,0.01431488
279217,0.01335684
279230,0.08474448
279232,0.04950429
279233,0.01499379
279235,0.03080416
279250,0.05183396
279252,0.03659532
279257,0.04130890
279265,0.03691779
279266,0.01728119
279279,0.04664622
279281,0.01540668
279282,0.02270065
279285,0.06853275
279286,0.07360142
279297,0.01501464
279300,0.05492584
279318,0.02245275
279324,0.04905679
279334,0.02419663
279335,0.03149583
279336,0.03009765
279341,0.06428436
279342,0.35810123
279353,0.04356003
279357,0.05981863
279371,0.23781331
279376,0.08620108
279391,0.05296372
279392,0.01661302
279402,0.13475568
279406,0.21262002
279408,0.07882299
279434,0.04498799
279439,0.00569208
279448,0.01645112
279450,0.07768209
279456,0.01335297
279461,0.05397369
279466,0.00816516
279470,0.07040875
279471,0.00633124
279493,0.02023527
279500,0.03757560
279506,0.01069820
279512,0.05908294
279519,0.05259221
279533,0.01330094
279549,0.06319433
279551,0.40885957
279556,0.01054814
279557,0.03702391
279558,0.13338356
279566,0.05318849
279592,0.04171730
279595,0.16450938
279604,0.13569008
279608,0.01473414
279614,0.03035196
279618,0.06979545
279622,0.08200131
279648,0.15157799
279652,0.01264284
279653,0.06936046
279679,0.00956881
279690,0.06184590
279691,0.09540895
279694,0.31599096
279698,0.07672153
279702,0.01040805
279712,0.02750538
279713,0.15043223
279715,0.01447802
279725,0.01201637
279727,0.06872740
279733,0.06364491
279742,0.07606623
279748,0.03735698
279754,0.02713436
279756,0.19109876
279776,0.05803100
279778,0.07387813
279779,0.00904692
279782,0.10038599
279793,0.01437682
279794,0.02485302
279804,0.30072778
279810,0.01142798
279817,0.27265941
279828,0.05233518
279830,0.04261003
279831,0.05456138
279834,0.09556069
279835,0.03896430
279840,0.01455207
279847,0.05302134
279852,0.06186526
279854,0.09089576
279856,0.03722563
279859,0.04814475
279862,0.01605631
279876,0.06838829
279878,0.04441526
279889,0.00673702
279894,0.05587528
279897,0.03603710
279903,0.02790417
279904,0.02241113
279906,0.02633647
279909,0.18932194
279922,0.38011832
279925,0.02765896
279939,0.26564410
279940,0.06316737
279942,0.07060038
279948,0.00739322
279952,0.00473481
279960,0.01404655
279968,0.03113396
279969,0.04042270
279977,0.37247789
279980,0.11234755
279994,0.03423469
279997,0.12730339
279998,0.08762051
280007,0.14355225
280009,0.17456891
280010,0.48047785
280020,0.03559325
280021,0.03539179
280022,0.14407206
280052,0.02296320
280058,0.03120277
280074,0.06854295
280076,0.02513242
280085,0.32364273
280091,0.02492299
280095,0.01343790
280107,0.23727051
280116,0.09801926
280140,0.02408361
280144,0.15875179
280156,0.05416202
280177,0.00528177
280191,0.01472836
280205,0.01492999
280226,0.19186029
280230,0.09764073
280234,0.01381940
280264,0.08521481
280274,0.01639612
280298,0.01722506
280299,0.03804107
280300,0.09722429
280301,0.06218968
280308,0.00690327
280317,0.02520609
280319,0.03264643
280322,0.02333793
280342,0.02453299
280348,0.12032849
280350,0.04286623
280353,0.16934316
280366,0.03839718
280372,0.04232248
280374,0.00585853
280376,0.33622136
280381,0.01410634
280384,0.03508282
280388,0.03404979
280397,0.14523306
280401,0.01270654
280409,0.16767963
280413,0.00786225
280422,0.33859545
280424,0.03117504
280426,0.06502400
280429,0.19452085
280430,0.17333596
280435,0.07848300
280444,0.02837391
280450,0.05044726
280455,0.30634326
280459,0.03047281
280462,0.03423423
280466,0.23505498
280470,0.02373274
280473,0.03472591
280517,0.04368037
280524,0.22083968
280527,0.01052245
280531,0.00797064
280548,0.03488553
280558,0.41128813
280563,0.04168375
280598,0.08860860
280599,0.30990579
280603,0.01325290
280607,0.01814700
280610,0.13236805
280612,0.12856934
280625,0.01330292
280631,0.02586097
280650,0.07464789
280653,0.45173810
280657,0.03851942
280669,0.01695438
280675,0.02983067
280679,0.13746764
280685,0.00651616
280691,0.04108868
280693,0.01926549
280706,0.15692019
280714,0.03778908
280719,0.21660534
280724,0.05497437
280725,0.02222401
280737,0.03164133
280738,0.05005228
280744,0.01471157
280746,0.20728735
280760,0.07449245
280772,0.12584675
280777,0.07085925
280784,0.01694448
280785,0.02569790
280791,0.03440509
280793,0.01294534
280794,0.01297556
280800,0.07888757
280805,0.02807917
280806,0.03826996
280815,0.17301532
280823,0.00987217
280831,0.03024938
280832,0.05902293
280841,0.05126117
280845,0.05432765
280846,0.02609243
280854,0.02547652
280857,0.00539554
280861,0.04018116
280862,0.12520006
280867,0.03003602
280877,0.05457811
280879,0.07159609
280890,0.02172890
280891,0.07847561
280903,0.32942659
280916,0.01820157
280929,0.02375869
280934,0.13813535
280941,0.19333108
280947,0.03907401
280962,0.03153931
280963,0.09626779
280966,0.02921982
280967,0.02122256
280971,0.35364275
281005,0.03542042
281007,0.08523544
281008,0.00703449
281009,0.02933191
281016,0.02121690
281024,0.12638649
281039,0.05744419
281045,0.00490389
281054,0.17670954
281055,0.05293788
281056,0.03595663
281068,0.09150873
281092,0.04322927
281094,0.00643995
281118,0.28154776
281133,0.01074245
281137,0.01480026
281164,0.11745302
281176,0.02230351
281177,0.02495593
281184,0.03672252
281187,0.15655361
281192,0.01616739
281195,0.08134823
281220,0.03180567
281222,0.07461431
281227,0.07548873
281234,0.01943842
281251,0.02432310
281278,0.01477877
281298,0.13185070
281303,0.12514625
281306,0.28503688
281314,0.02246875
281320,0.01358670
281322,0.04059478
281337,0.07590831
281347,0.35483830
281357,0.01307717
281362,0.05045439
281365,0.02272418
281366,0.02396851
281367,0.03427488
281373,0.02741188
281376,0.03532087
281400,0.26132270
281417,0.00565390
281420,0.01591447
281422,0.09157078
281435,0.03805812
281439,0.01379119
281448,0.06280621
281451,0.09241675
281453,0.01564957
281482,0.03935869
281494,0.06191008
281514,0.03997143
281515,0.03827879
281542,0.07946964
281556,0.03646877
281568,0.03834754
281592,0.05173402
281593,0.00419512
281607,0.14041694
281613,0.05567137
281618,0.36870154
281620,0.09110700
281628,0.16791159
281629,0.02548192
281633,0.02692550
281634,0.02822114
281642,0.03655153
281643,0.02214831
281653,0.08248731
281661,0.01659963
281671,0.02069977
281675,0.02515680
281684,0.01207916
281692,0.12265264
281697,0.01785933
281730,0.08268673
281731,0.08733804
281734,0.04193421
281737,0.02023781
281750,0.16030302
281752,0.08156839
281764,0.05997857
281782,0.08349863
281791,0.01843761
281793,0.07182193
281795,0.02226231
281824,0.04779495
281831,0.06006783
281845,0.01448028
281848,0.01617925
281854,0.01858731
281855,0.03121794
281867,0.03378206
281873,0.03154461
281875,0.02260845
281876,0.18339090
281881,0.00506918
281905,0.01119314
281906,0.28814961
281907,0.01793114
281914,0.07901223
281929,0.01970673
281936,0.21093979
281938,0.00629318
281940,0.01388276
281941,0.04031097
281950,0.01440471
281954,0.01798825
281955,0.11780689
281956,0.06574013
281957,0.07176842
281968,0.16284582
281972,0.10100944
281974,0.04024076
281987,0.01612924
281996,0.11919434
281998,0.01705442
282002,0.01528775
282004,0.06397717
282005,0.02257191
282020,0.08729183
282021,0.07141903
282041,0.03161324
282045,0.09010874
282046,0.01416643
282048,0.04024789
282056,0.14764280
282063,0.04393430
282068,0.08875731
282072,0.07527181
282100,0.05956842
282104,0.06709787
282105,0.02630438
282106,0.02308583
282108,0.05101434
282114,0.20710072
282132,0.05323965
282133,0.02508894
282136,0.04969157
282145,0.23249690
282146,0.15027928
282150,0.07909190
282151,0.05006803
282152,0.06744420
282157,0.19174181
282165,0.02378242
282167,0.01451975
282178,0.02134455
282179,0.04148256
282204,0.00532620
282208,0.02897950
282218,0.02025251
282221,0.38403414
282223,0.01240517
282226,0.00809472
282230,0.01360005
282232,0.06323114
282235,0.01079514
282236,0.04724965
282239,0.04967701
282246,0.02029518
282250,0.13900398
282259,0.01252157
282270,0.01000265
282272,0.00774919
282282,0.24251631
282292,0.05677012
282306,0.03572836
282311,0.05259411
282317,0.22697162
282318,0.02361218
282331,0.01569930
282338,0.09398822
282349,0.02441562
282350,0.18623026
282355,0.01353347
282359,0.36169840
282382,0.01208741
282396,0.17716682
282399,0.11109860
282408,0.02978934
282421,0.05077306
282427,0.03397554
282437,0.02458478
282446,0.03506581
282448,0.01010470
282453,0.01676980
282456,0.06481855
282457,0.13432431
282465,0.19580935
282476,0.10206536
282478,0.06622168
282482,0.01583533
282485,0.10540322
282492,0.07243140
282498,0.24115428
282503,0.01149265
282512,0.11830245
282521,0.22771025
282531,0.22882194
282548,0.04255642
282582,0.02665520
282585,0.02140850
282605,0.03333585
282618,0.01311607
282633,0.01526922
282642,0.25196594
282645,0.13419222
282647,0.04789991
282649,0.04906100
282654,0.05606859
282661,0.03574271
282667,0.01491058
282668,0.08632552
282678,0.04200580
282679,0.17229489
282687,0.01793330
282688,0.02071052
282691,0.04096635
282702,0.00525970
282709,0.03420220
282712,0.04903651
282715,0.18691557
282726,0.00940042
282735,0.03211155
282737,0.01403167
282746,0.21432524
282751,0.00314739
282754,0.46107376
282758,0.09886709
282773,0.45266851
282787,0.02001002
282794,0.01015740
282812,0.00750169
282822,0.16786957
282827,0.06447715
282836,0.01498611
282841,0.03327530
282854,0.08351696
282862,0.04855673
282873,0.11979935
282890,0.05029223
282900,0.22606075
282906,0.03980669
282910,0.12734310
282915,0.00678570
282929,0.00500715
282933,0.02993983
282944,0.17956849
282945,0.08631308
282950,0.01073475
282954,0.03858486
282960,0.01735064
282961,0.08576380
282962,0.04052798
282965,0.11639711
282971,0.05726600
282974,0.01526790
282975,0.01881290
282979,0.02864122
282984,0.06710366
282990,0.09555322
282998,0.04860133
283005,0.04927436
283013,0.27401678
283018,0.14402398
283029,0.32588600
283032,0.00707021
283036,0.05569143
283041,0.21573241
283046,0.11930183
283050,0.00832627
283057,0.07376203
283065,0.06087162
283069,0.19887923
283074,0.01118460
283076,0.05163082
283077,0.06788529
283089,0.06781977
283090,0.01202531
283094,0.07080685
283110,0.07612026
283118,0.13527414
283127,0.01486174
283130,0.03357709
283139,0.12662647
283143,0.11967235
283144,0.12532699
283146,0.02465499
283150,0.02234525
283161,0.46671592
283177,0.09380154
283180,0.02131023
283184,0.02951972
283191,0.04468877
283193,0.02217654
283196,0.08515241
283199,0.08520672
283202,0.06371012
283205,0.01858012
283213,0.05007977
283216,0.01891359
283218,0.03373764
283220,0.02011498
283227,0.10509821
283233,0.10495844
283248,0.08489841
283250,0.12218774
283261,0.01685692
283264,0.04215882
283267,0.06795552
283269,0.02062432
283271,0.01333877
283282,0.10251515
283283,0.01015999
283290,0.02011356
283295,0.04896582
283298,0.01859910
283303,0.35177246
283309,0.01125168
283310,0.02429199
283314,0.10434270
283317,0.01202715
283318,0.02209523
283323,0.21662679
283327,0.13116174
283328,0.11843828
283336,0.23135617
283340,0.05990076
283344,0.03965444
283345,0.17366658
283360,0.02588809
283361,0.00783364
283383,0.14738896
283387,0.04755253
283390,0.02721569
283412,0.02236063
283426,0.03266230
283429,0.17205415
283433,0.05430364
283437,0.02532599
283438,0.00681549
283461,0.06902667
283466,0.01324915
283477,0.03884144
283479,0.10577003
283483,0.04076010
283484,0.01932442
283486,0.04408940
283500,0.01310983
283512,0.12662488
283515,0.03382588
283517,0.32764236
283519,0.01290590
283523,0.05605208
283528,0.07364240
283555,0.04575406
283565,0.03286657
283572,0.02364614
283576,0.01628173
283586,0.10806989
283590,0.04782399
283606,0.04249647
283615,0.01338372
283619,0.06398198
283632,0.23377890
283635,0.03865768
283636,0.01317284
283641,0.17411249
283642,0.01506961
283647,0.01687650
283667,0.01301581
283683,0.04302577
283684,0.07974956
283687,0.05479842
283691,0.03078847
283693,0.11320265
283701,0.03976218
283702,0.04383054
283711,0.16246248
283713,0.35869481
283726,0.02543469
283730,0.02586149
283736,0.03109885
283737,0.05446540
283740,0.02412904
283748,0.04843575
283750,0.10587597
283756,0.00851153
283757,0.00757031
283774,0.25544628
283776,0.09911164
283784,0.07858631
283790,0.22397387
283796,0.01787036
283806,0.04340106
283816,0.00120425
283825,0.12660348
283827,0.03829602
283835,0.01458255
283839,0.23014569
283843,0.09066460
283874,0.20056604
283880,0.01576290
283881,0.19659343
283882,0.46106694
283887,0.02301668
283891,0.08631198
283893,0.04212669
283895,0.01299859
283900,0.10766486
283906,0.06212343
283938,0.01237242
283943,0.02904181
283953,0.21307499
283958,0.09359655
283961,0.00383878
283972,0.02236524
283973,0.01784424
283986,0.13583435
283990,0.00367814
283994,0.24666737
284000,0.00426915
284002,0.09531987
284003,0.05615564
284035,0.32637722
284049,0.01085950
284055,0.00994205
284060,0.02941083
284061,0.12562734
284069,0.11713696
284072,0.10650515
284075,0.05394081
284087,0.08916024
284093,0.05006498
284095,0.03388797
284096,0.04883268
284106,0.01588574
284109,0.06247238
284112,0.03758959
284126,0.05825147
284152,0.02053631
284155,0.02234604
284157,0.02912145
284159,0.04263435
284194,0.06450559
284207,0.05620582
284211,0.00992445
284220,0.21126961
284232,0.07162948
284239,0.19149582
284246,0.00923908
284257,0.07555963
284259,0.03012496
284272,0.02728502
284277,0.03604986
284279,0.41791304
284283,0.05995428
284294,0.04582948
284298,0.01164957
284305,0.10688570
284309,0.01938499
284311,0.03296223
284315,0.00431891
284338,0.31563514
284340,0.11987048
284342,0.11350636
284344,0.02018776
284348,0.01219132
284361,0.08891718
284373,0.01896760
284380,0.33983911
284408,0.00738910
284422,0.01049957
284423,0.03486719
284427,0.06451148
284433,0.16722207
284442,0.01500368
284462,0.21745567
284481,0.12193693
284487,0.02838686
284492,0.01339560
284495,0.02688582
284499,0.24545356
284503,0.06929967
284506,0.14359227
284507,0.00694590
284511,0.48476540
284512,0.08387208
284513,0.02387319
284520,0.09850895
284537,0.02205717
284557,0.12003459
284560,0.02450883
284571,0.07555338
284573,0.30793729
284574,0.00715440
284575,0.03273394
284576,0.05250370
284578,0.02780734
284592,0.02693690
284606,0.17117121
284609,0.04724080
284614,0.02017364
284627,0.02845562
284630,0.03260641
284633,0.01685949
284647,0.04122134
284650,0.04983166
284655,0.07490177
284661,0.00886311
284664,0.00916780
284668,0.01641693
284682,0.04182088
284683,0.19551898
284691,0.03979705
284692,0.05848911
284695,0.03929180
284751,0.29890619
284785,0.04148397
284796,0.00412232
284797,0.01311663
284799,0.01661703
284805,0.01390481
284811,0.01987312
284844,0.02778714
284856,0.18180360
284861,0.03525758
284864,0.04025816
284866,0.11799424
284867,0.02337207
284871,0.00598269
284873,0.00930278
284888,0.14563432
284895,0.00275344
284906,0.04382954
284907,0.11624514
284908,0.02460300
284914,0.02058625
284916,0.01392783
284920,0.05930282
284926,0.04661324
284934,0.04337317
284937,0.02241018
284949,0.04315411
284986,0.00968724
285002,0.05329029
285006,0.07472042
285007,0.08307655
285008,0.09807921
285016,0.00801013
285040,0.01400134
285041,0.00353013
285050,0.06702329
285051,0.01281657
285059,0.10529201
285077,0.07241499
285078,0.31709755
285097,0.01033424
285102,0.03038690
285104,0.00521242
285117,0.02977835
285119,0.06035932
285120,0.01335012
285122,0.02982238
285131,0.15323296
285137,0.01512827
285139,0.03561292
285147,0.01967514
285176,0.01291288
285177,0.05890624
285183,0.04127112
285184,0.00844549
285200,0.00717862
285213,0.18722367
285224,0.04463214
285232,0.04123317
285245,0.14462997
285249,0.01075585
285253,0.03403365
285268,0.01589645
285276,0.00900397
285282,0.21475954
285284,0.17856404
285297,0.11981479
285304,0.01636011
285305,0.02035395
285337,0.01866437
285346,0.02165590
285349,0.01144529
285354,0.19789308
285359,0.04623259
285366,0.10478826
285367,0.16668211
285368,0.21214614
285376,0.11838533
285382,0.01698664
285385,0.18223429
285389,0.06957316
285396,0.01454691
285398,0.07359759
285399,0.01949258
285403,0.06165310
285405,0.10449139
285407,0.12609609
285417,0.07330139
285419,0.09731620
285431,0.02918310
285457,0.05525094
285462,0.10301590
285463,0.00531069
285472,0.09590373
285476,0.01410474
285479,0.17783418
285482,0.05983857
285486,0.09042106
285487,0.05992374
285497,0.00585817
285498,0.07633896
285507,0.34521372
285509,0.01488160
285514,0.03145938
285516,0.00893133
285521,0.01879676
285525,0.00530344
285528,0.03453923
285555,0.02817856
285559,0.04703335
285561,0.01540167
285562,0.09128179
285565,0.04489665
285571,0.03306871
285583,0.07485242
285588,0.13774898
285603,0.12094583
285612,0.08183562
285628,0.29447798
285635,0.03673666
285649,0.04935340
285651,0.02620547
285653,0.07565791
285662,0.06445210
285665,0.02266924
285678,0.01705679
285681,0.03967982
285694,0.13459171
285695,0.02914996
285701,0.02228971
285721,0.04489320
285730,0.06505116
285733,0.00964604
285743,0.05408377
285744,0.03297196
285746,0.01511851
285778,0.02576679
285784,0.03481740
285808,0.01414410
285810,0.11818803
285831,0.07390378
285833,0.03284848
285841,0.02835736
285842,0.01862417
285844,0.08105954
285847,0.03330425
285853,0.01333189
285861,0.07382127
285863,0.02026477
285867,0.09911360
285870,0.45494835
285879,0.04468751
285880,0.04970795
285882,0.01479937
285893,0.00456702
285897,0.09642570
285912,0.03246252
285914,0.04842262
285918,0.04772013
285927,0.17673219
285931,0.07839213
285932,0.08893151
285962,0.02055727
285975,0.10061845
285978,0.14669161
285996,0.03317373
286000,0.10279912
286010,0.03258904
286011,0.12718013
286018,0.01414426
286033,0.05132703
286038,0.17214342
286042,0.03606948
286044,0.04169253
286047,0.00966432
286050,0.24366130
286052,0.04687456
286056,0.11728308
286058,0.01184171
286083,0.04306455
286088,0.11913676
286094,0.04935528
286107,0.25019861
286112,0.51219968
286124,0.01802752
286128,0.07370422
286141,0.06582572
286146,0.11900092
286147,0.04751662
286153,0.00348460
286163,0.02347401
286169,0.04860517
286175,0.05165375
286185,0.00840066
286194,0.07298165
286198,0.07039031
286201,0.02322678
286202,0.15354395
286213,0.03243291
286218,0.03275022
286250,0.02024287
286257,0.11450528
286264,0.11416949
286265,0.04827072
286266,0.02375737
286287,0.13296697
286292,0.00422606
286294,0.03565572
286295,0.25156409
286299,0.14723990
286300,0.11120192
286302,0.10706138
286310,0.03169869
286316,0.02505922
286332,0.12359678
286353,0.04392292
286354,0.02117304
286357,0.01716844
286375,0.00997262
286382,0.11005991
286389,0.09232071
286404,0.02169957
286405,0.09775796
286411,0.11309446
286412,0.03744342
286421,0.08739742
286423,0.03076071
286426,0.09131495
286433,0.04808302
286438,0.09881507
286441,0.04449464
286444,0.01690993
286447,0.00785687
286459,0.20489185
286473,0.05901941
286484,0.01794909
286485,0.35029572
286501,0.04846964
286502,0.04981395
286509,0.02371186
286511,0.35267667
286516,0.42380132
286547,0.29217871
286549,0.08861871
286553,0.05817510
286558,0.02814849
286566,0.02429612
286572,0.07948795
286582,0.02360048
286587,0.01037746
286590,0.06621796
286594,0.10261060
286598,0.01492819
286602,0.02755445
286608,0.13606490
286610,0.05334694
286627,0.09100833
286661,0.02826483
286664,0.07688414
286668,0.00639529
286683,0.02010823
286684,0.01882199
286689,0.01471775
286696,0.08853318
286697,0.01533559
286703,0.27881038
286705,0.01845413
286707,0.06098969
286708,0.07248085
286711,0.01774792
286714,0.04819255
286734,0.04739614
286747,0.05721806
286760,0.08734495
286763,0.02200911
286772,0.01824931
286773,0.02083379
286791,0.03277083
286813,0.04488728
286814,0.03561263
286817,0.01142175
286836,0.02292853
286838,0.08193083
286844,0.08583162
286854,0.04228873
286856,0.06641428
286859,0.03535355
286864,0.00915023
286865,0.25635372
286868,0.20169764
286881,0.11263526
286882,0.17065136
286888,0.01164058
286890,0.45599605
286892,0.02997957
286895,0.05657542
286906,0.02816025
286924,0.01775788
286930,0.01393718
286931,0.06721610
286942,0.07744595
286955,0.02006680
286960,0.03933383
286962,0.04587507
286966,0.02150556
286967,0.00442180
286971,0.03017927
286983,0.01581153
286985,0.01671094
286986,0.24269681
286987,0.09111001
286992,0.05327012
287003,0.02375505
287004,0.01431231
287006,0.05137745
287029,0.03266460
287036,0.01730883
287038,0.10290810
287049,0.03435713
287050,0.00649746
287057,0.03687611
287065,0.00764986
287066,0.20231324
287089,0.11981149
287093,0.23965589
287096,0.05809891
287103,0.06250868
287104,0.04929408
287109,0.03021043
287133,0.19440127
287137,0.01561202
287141,0.28754255
287146,0.01664185
287148,0.00667683
287177,0.02121615
287184,0.01634790
287197,0.08297930
287204,0.14217232
287206,0.09005563
287208,0.02991243
287225,0.05901428
287228,0.01491026
287252,0.11816613
287260,0.02904479
287264,0.11203725
287270,0.04951678
287271,0.04600673
287272,0.01101056
287274,0.01747023
287280,0.01594647
287281,0.08650935
287290,0.02799626
287298,0.01443492
287299,0.06950377
287301,0.02157655
287314,0.04917062
287321,0.16843311
287322,0.01564963
287329,0.16542156
287331,0.05832790
287337,0.04665077
287349,0.03120782
287358,0.08481144
287370,0.19341227
287371,0.01579126
287376,0.00845956
287378,0.02342093
287386,0.08874385
287394,0.04901487
287397,0.02578405
287419,0.02157388
287428,0.01949488
287438,0.02114800
287439,0.06641496
287449,0.06865371
287450,0.01290953
287460,0.05120055
287472,0.15013023
287474,0.13012774
287483,0.02415692
287495,0.03024829
287510,0.04022534
287512,0.01508080
287530,0.01972910
287531,0.01096172
287543,0.02113471
287549,0.04045140
287564,0.19639848
287574,0.04002165
287580,0.02307175
287587,0.04848015
287594,0.03358131
287605,0.07050498
287617,0.04891849
287621,0.02050719
287626,0.02806311
287629,0.09366053
287632,0.08089569
287636,0.12081852
287644,0.08750952
287648,0.01826594
287666,0.05333209
287672,0.03771399
287701,0.11806340
287708,0.01379515
287718,0.03542421
287724,0.10406661
287726,0.01297350
287729,0.07015562
287732,0.06494586
287733,0.02470815
287734,0.23416865
287750,0.11550882
287755,0.04888174
287762,0.23154054
287764,0.01997135
287766,0.01621284
287775,0.01742299
287781,0.02535551
287785,0.03671664
287789,0.02998485
287792,0.31421614
287796,0.00679333
287804,0.15964472
287822,0.04168263
287835,0.03187762
287840,0.03856018
287850,0.02793639
287851,0.04070162
287852,0.10204190
287858,0.07959084
287859,0.01819413
287860,0.13210443
287861,0.06250046
287866,0.01915296
287868,0.11308226
287873,0.08535816
287876,0.05705276
287877,0.02099329
287878,0.01440732
287879,0.03216266
287883,0.00854267
287888,0.01064462
287894,0.37341629
287895,0.01886150
287912,0.09171929
287915,0.08811140
287920,0.01240134
287922,0.03785480
287926,0.04363389
287929,0.07823637
287931,0.12769489
287936,0.05975260
287942,0.06081850
287946,0.11426510
287948,0.13834258
287963,0.19649277
288003,0.00666566
288005,0.01723035
288012,0.07868777
288013,0.11949308
288026,0.01075294
288027,0.03136649
288031,0.05955471
288039,0.00777892
288041,0.19968222
288045,0.16466267
288065,0.17091603
288068,0.07069854
288079,0.07856723
288084,0.47217168
288111,0.21754345
288129,0.07016726
288138,0.68427292
288154,0.17188013
288167,0.01131687
288178,0.05710477
288184,0.02466446
288193,0.01436896
288203,0.08261278
288207,0.21156757
288223,0.08958297
288226,0.20479331
288237,0.02251213
288257,0.28680718
288259,0.04659437
288269,0.10092098
288273,0.03303055
288276,0.05818764
288280,0.07618486
288283,0.03761740
288291,0.13881026
288299,0.03577330
288305,0.03951430
288316,0.01012648
288322,0.07584259
288333,0.00857126
288337,0.04610919
288341,0.01167419
288345,0.03477188
288348,0.01615213
288350,0.10619709
288353,0.08918977
288372,0.02687983
288375,0.10781590
288395,0.01598497
288408,0.10309315
288425,0.02700652
288430,0.12466447
288433,0.02680954
288459,0.10051101
288462,0.04691320
288463,0.13459274
288470,0.03204010
288472,0.12401374
288475,0.04269875
288495,0.31502459
288517,0.14343022
288530,0.24291120
288535,0.06753776
288539,0.02925740
288540,0.03040073
288547,0.44699648
288553,0.07239510
288555,0.22854342
288556,0.04876644
288562,0.02166412
288564,0.02723526
288567,0.07236776
288576,0.02126685
288579,0.01646905
288580,0.08365712
288589,0.03062573
288596,0.17101310
288597,0.06651929
288599,0.01939517
288601,0.03951209
288617,0.02090977
288621,0.12908772
288635,0.03847091
288656,0.00210299
288666,0.02963909
288670,0.10017952
288671,0.02671795
288673,0.01404371
288678,0.17815006
288693,0.16084113
288699,0.02034459
288706,0.23291841
288728,0.05616289
288739,0.06227039
288741,0.02700325
288755,0.01781869
288763,0.00934628
288766,0.03342634
288775,0.19804942
288780,0.00909340
288793,0.05090238
288811,0.09139086
288821,0.04291017
288829,0.29437750
288835,0.00406664
288836,0.02522811
288838,0.13456465
288851,0.01576658
288853,0.01776994
288854,0.00856811
288855,0.03195688
288876,0.03166105
288879,0.21760971
288884,0.24221152
288886,0.02332093
288891,0.05525311
288898,0.05101037
288911,0.23192223
288913,0.03020551
288927,0.00977280
288928,0.01129898
288931,0.14371107
288955,0.01588673
288961,0.05327125
288969,0.25826501
288971,0.05516155
288973,0.05595946
288982,0.03297712
288983,0.01169638
288986,0.05002189
288992,0.05779653
288993,0.02918337
288996,0.08660796
289007,0.10484286
289008,0.06529271
289014,0.05172319
289015,0.02899957
289016,0.02380814
289017,0.02536617
289028,0.01499800
289030,0.09824445
289040,0.05109299
289048,0.03316094
289051,0.05576841
289055,0.00669311
289057,0.00842162
289062,0.11161125
289063,0.16864809
289069,0.08467816
289073,0.01793526
289074,0.02612602
289085,0.05300332
289092,0.03586048
289097,0.01624654
289111,0.06480760
289112,0.07218364
289116,0.02060725
289123,0.01454046
289145,0.51917452
289146,0.07375727
289158,0.06847963
289165,0.06000645
289166,0.06969770
289167,0.16063601
289170,0.11414427
289193,0.02906804
289198,0.03085797
289209,0.03826434
289211,0.05954190
289215,0.05541425
289220,0.04041954
289232,0.04547989
289244,0.07581520
289258,0.04576138
289271,0.03148409
289274,0.08300587
289312,0.08992497
289321,0.09430799
289325,0.04208050
289333,0.07830656
289340,0.08051553
289368,0.01207421
289375,0.08346314
289380,0.09075937
289381,0.02372545
289384,0.03846941
289403,0.01160185
289408,0.05807487
289416,0.01148797
289463,0.00872180
289488,0.07929906
289495,0.19522215
289498,0.02273065
289499,0.01691545
289515,0.01577744
289531,0.01129322
289541,0.06417335
289554,0.01245257
289565,0.04196685
289590,0.01366171
289596,0.10029302
289601,0.06900956
289602,0.04915495
289603,0.02420571
289608,0.02940437
289622,0.06995196
289623,0.01224623
289625,0.01452592
289634,0.00697026
289648,0.11374196
289650,0.00513439
289662,0.11563015
289667,0.25503903
289674,0.00728374
289682,0.01612208
289702,0.02042206
289706,0.02152738
289709,0.06753433
289716,0.12138985
289725,0.01041079
289732,0.06633806
289743,0.02677930
289762,0.00758993
289766,0.04940668
289770,0.12240198
289775,0.18064565
289777,0.02424390
289783,0.02673105
289797,0.07165397
289798,0.01499666
289802,0.05116867
289812,0.04576617
289814,0.00557238
289819,0.04259541
289828,0.07315656
289831,0.08473970
289835,0.03504974
289844,0.01916120
289850,0.01862391
289851,0.05052665
289865,0.01747294
289869,0.18470731
289891,0.25593053
289907,0.04206469
289919,0.03931194
289923,0.10369269
289924,0.07635653
289927,0.03811823
289929,0.13565188
289951,0.01998293
289959,0.03240462
289964,0.06730649
289965,0.03903031
289966,0.01007546
289971,0.12549817
289988,0.02976635
289989,0.02603120
289995,0.40741311
290005,0.06198991
290013,0.14285398
290031,0.10854383
290036,0.08680742
290038,0.18538153
290041,0.19597517
290056,0.14011380
290058,0.04281408
290065,0.15516534
290069,0.09269407
290070,0.02584638
290074,0.09905360
290076,0.07842899
290082,0.04525089
290105,0.01899312
290111,0.00573157
290114,0.02515831
290116,0.13903652
290117,0.04382164
290128,0.07495041
290130,0.04902529
290139,0.04944190
290151,0.03671613
290154,0.01009272
290158,0.07252790
290180,0.13876763
290183,0.01009705
290190,0.12641390
290191,0.13013126
290199,0.05541588
290200,0.08584227
290202,0.01605088
290205,0.27301361
290206,0.02623834
290219,0.04948168
290227,0.01217988
290232,0.04022098
290233,0.14271707
290242,0.10842272
290246,0.04151845
290247,0.10390260
290257,0.11644304
290259,0.03177870
290260,0.04161792
290270,0.01091238
290273,0.03561084
290276,0.09584007
290281,0.22014198
290296,0.06028236
290303,0.02111971
290306,0.05770330
290331,0.04015321
290340,0.04050058
290349,0.05296840
290355,0.03657012
290365,0.07838655
290379,0.31447903
290389,0.01003024
290408,0.02063495
290409,0.13548329
290433,0.09107753
290437,0.04389642
290440,0.05574080
290448,0.02910265
290466,0.01122875
290467,0.02652446
290479,0.01950883
290490,0.07074392
290492,0.00922505
290503,0.02210664
290508,0.02021036
290524,0.05891097
290526,0.09401349
290527,0.06869010
290541,0.06977877
290557,0.05019360
290564,0.05839870
290572,0.02123773
290576,0.12327901
290588,0.02218104
290589,0.03504634
290595,0.06927830
290598,0.01305966
290605,0.13991616
290609,0.00528461
290610,0.02840789
290612,0.09570156
290634,0.01895359
290635,0.25095093
290644,0.20079029
290672,0.16526563
290681,0.02439488
290693,0.07782961
290695,0.02311355
290702,0.02150516
290703,0.01593973
290711,0.21767539
290713,0.35116248
290727,0.09179722
290730,0.01985805
290734,0.02255073
290745,0.04825260
290746,0.08824826
290751,0.06457798
290758,0.00698829
290766,0.04428913
290784,0.05639638
290786,0.00699515
290813,0.48020431
290849,0.08208812
290852,0.01476358
290881,0.32757879
290884,0.01671124
290885,0.05018961
290889,0.01539767
290911,0.07099941
290913,0.14423033
290923,0.02128145
290926,0.00595522
290936,0.08110008
290941,0.07091189
290945,0.17474492
290955,0.01263345
290961,0.01907526
290964,0.02214463
290967,0.04349044
290970,0.01039546
290974,0.04658295
290976,0.01480588
290978,0.01505811
290981,0.01510143
290991,0.05764398
291005,0.01401274
291009,0.00924694
291011,0.13434387
291012,0.16019449
291018,0.18678804
291023,0.03512202
291028,0.02349824
291034,0.06288974
291038,0.02715543
291039,0.25025211
291041,0.27418345
291045,0.09560059
291048,0.06250922
291052,0.04090212
291055,0.02387327
291082,0.01470502
291085,0.07375649
291086,0.00691206
291094,0.02116186
291103,0.06020292
291108,0.02950964
291110,0.12998893
291113,0.00818898
291117,0.02131291
291124,0.03726459
291129,0.02419109
291142,0.16542464
291155,0.31822873
291157,0.06160108
291177,0.02474738
291178,0.02625353
291180,0.01291044
291188,0.31755438
291198,0.04141794
291200,0.01374939
291202,0.04986661
291207,0.00953003
291218,0.01027719
291231,0.10165206
291232,0.04138394
291240,0.01549746
291241,0.10813633
291245,0.03324802
291256,0.00578264
291273,0.06417570
291274,0.05009980
291277,0.07890307
291290,0.14173605
291303,0.05644946
291310,0.01192886
291311,0.10196214
291319,0.27145411
291324,0.09395873
291331,0.04742926
291334,0.01195555
291348,0.15351418
291349,0.28220049
291359,0.02773506
291365,0.00857532
291379,0.12400114
291396,0.01309145
291411,0.05374669
291424,0.06252699
291425,0.00823254
291428,0.10836609
291446,0.12532402
291449,0.01807563
291461,0.04549374
291465,0.00709336
291480,0.05836022
291486,0.03261980
291487,0.03499319
291491,0.00616482
291499,0.00680178
291505,0.13124878
291512,0.06964065
291513,0.01530420
291521,0.01164517
291523,0.00596940
291543,0.06971364
291545,0.01929580
291546,0.18586154
291550,0.02216601
291552,0.02260550
291561,0.04085309
291579,0.01788668
291584,0.18542163
291586,0.02425707
291590,0.03188034
291592,0.66677334
291593,0.00840023
291599,0.08226741
291615,0.01615006
291617,0.01082945
291628,0.09789070
291654,0.04205287
291658,0.10930497
291659,0.02322952
291661,0.11385292
291671,0.06240802
291677,0.00412396
291689,0.13546461
291693,0.03364744
291695,0.04000565
291696,0.13850399
291697,0.01779958
291702,0.04056173
291711,0.00667330
291713,0.03387898
291715,0.08474127
291718,0.03096851
291733,0.04043561
291742,0.07545491
291748,0.02995211
291765,0.01324270
291771,0.04104649
291773,0.12559281
291788,0.02130850
291789,0.03098217
291796,0.15292538
291800,0.08361082
291817,0.06808962
291822,0.37373331
291840,0.29541574
291843,0.00939924
291855,0.14851244
291858,0.01161420
291870,0.05201747
291872,0.00942795
291874,0.01963122
291883,0.00903898
291888,0.02543847
291894,0.05310946
291901,0.00632550
291928,0.22050587
291930,0.00452220
291949,0.01746880
291951,0.05625174
291953,0.01355257
291955,0.02374051
291963,0.28545486
291969,0.07417707
291980,0.24130870
292010,0.02694843
292022,0.04781562
292023,0.03307774
292031,0.02670748
292034,0.07022340
292043,0.04128924
292049,0.04026223
292055,0.04047219
292062,0.07323323
292070,0.01696360
292072,0.34736024
292073,0.01881507
292082,0.12346100
292096,0.07567154
292098,0.04440173
292116,0.12302435
292118,0.05894994
292126,0.08346304
292128,0.02085223
292137,0.07581169
292138,0.01783445
292142,0.10231810
292149,0.46824121
292181,0.49040083
292189,0.01203187
292191,0.04114152
292205,0.01479643
292219,0.06139193
292227,0.01319364
292231,0.10744220
292238,0.03635866
292246,0.02543297
292248,0.05079477
292259,0.03437686
292261,0.06418751
292266,0.03684613
292267,0.01181733
292272,0.04950748
292278,0.29068768
292281,0.03486563
292286,0.03817441
292288,0.22796071
292289,0.02300326
292304,0.07305387
292307,0.02768756
292319,0.09296387
292320,0.03274473
292325,0.05121038
292326,0.24270930
292331,0.01628774
292332,0.00997558
292333,0.00753536
292334,0.04467209
292337,0.01605734
292338,0.13169478
292342,0.02087075
292347,0.01478294
292350,0.04769155
292355,0.03369940
292360,0.03522997
292362,0.01113696
292363,0.12851896
292364,0.01099112
292383,0.13778335
292397,0.07339987
292409,0.09898324
292417,0.09082383
292426,0.01365872
292428,0.02589191
292439,0.32852834
292443,0.11300656
292448,0.02949988
292451,0.02553443
292452,0.03610693
292456,0.01194417
292460,0.01840693
292463,0.05387085
292464,0.25679433
292476,0.10195463
292480,0.04443082
292483,0.02091747
292493,0.01814306
292501,0.20295338
292506,0.03438988
292508,0.01830049
292513,0.05935897
292525,0.02846166
292533,0.03375862
292540,0.14418440
292541,0.00433501
292544,0.00696629
292549,0.04512758
292550,0.07757911
292557,0.08739805
292558,0.01409233
292562,0.01752945
292564,0.00296916
292583,0.08536449
292612,0.02802189
292618,0.01744959
292623,0.25857928
292631,0.00807139
292633,0.18803015
292641,0.04042683
292643,0.01742441
292649,0.02269979
292650,0.02605160
292651,0.07860082
292655,0.01631144
292659,0.04741354
292677,0.01308628
292693,0.01878111
292697,0.01420014
292700,0.12354526
292702,0.02493992
292710,0.01443546
292727,0.22096445
292731,0.04549855
292732,0.03094209
292734,0.01565815
292735,0.00903521
292737,0.01642438
292739,0.04907821
292741,0.00806051
292767,0.01578535
292778,0.02067469
292807,0.23970861
292813,0.21496127
292834,0.10807508
292837,0.01470168
292839,0.00852495
292844,0.05010289
292869,0.02455017
292874,0.02154723
292892,0.04404936
292894,0.02184566
292916,0.21905046
292921,0.10537493
292925,0.14058609
292929,0.20943488
292933,0.03605686
292935,0.11025428
292938,0.02211116
292945,0.16391674
292946,0.04521836
292953,0.14010230
292966,0.21539303
292968,0.03534251
292983,0.02339695
292988,0.08998313
292992,0.01126726
292997,0.06370457
293002,0.06187886
293013,0.01801602
293030,0.13403850
293043,0.25567789
293070,0.35451984
293093,0.01394574
293103,0.02703645
293104,0.00688618
293117,0.46649598
293123,0.03482693
293126,0.33007167
293128,0.00951163
293136,0.01066108
293142,0.02875795
293146,0.30717333
293149,0.29259294
293159,0.02177776
293169,0.01882350
293172,0.06523127
293175,0.02187501
293176,0.03676095
293192,0.00830060
293213,0.05179735
293218,0.05306998
293219,0.13378083
293224,0.03503304
293225,0.02956191
293234,0.07444395
293243,0.05226067
293249,0.01119895
293256,0.05717670
293276,0.12070677
293283,0.40643656
293295,0.03826730
293308,0.01409532
293309,0.09573303
293316,0.01666946
293326,0.03021937
293330,0.00904162
293351,0.03981252
293361,0.01580098
293366,0.14502985
293376,0.12910435
293377,0.02491404
293382,0.06951406
293383,0.09382739
293385,0.07080316
293402,0.12785614
293403,0.05019875
293405,0.02234309
293412,0.02354286
293430,0.02770284
293435,0.01365254
293438,0.02101704
293445,0.06551809
293447,0.14451760
293451,0.05341738
293463,0.01490824
293471,0.01112503
293482,0.06474855
293485,0.02511320
293493,0.08018025
293496,0.00843964
293505,0.21636315
293507,0.02313481
293508,0.05808333
293518,0.04537291
293524,0.03552319
293527,0.04630217
293537,0.02110248
293542,0.03892016
293556,0.00849237
293560,0.21620193
293563,0.11865025
293565,0.01918662
293597,0.06641935
293603,0.02644501
293607,0.05851173
293621,0.02025837
293622,0.03928063
293623,0.11846005
293636,0.11391280
293643,0.03138925
293659,0.11768811
293678,0.01663276
293679,0.04200026
293681,0.03575710
293684,0.03262650
293692,0.02120399
293696,0.01660309
293733,0.02486108
293734,0.01277086
293745,0.08644092
293751,0.02171428
293770,0.20758017
293778,0.08339088
293789,0.00653559
293809,0.01573874
293815,0.02727700
293816,0.09746728
293819,0.11342879
293822,0.03845789
293846,0.19262566
293849,0.00540729
293850,0.02177342
293851,0.10897346
293860,0.01386561
293863,0.10741275
293881,0.20842183
293900,0.06049385
293907,0.02099555
293915,0.00686568
293931,0.01560650
293935,0.02353529
293942,0.06743176
293944,0.42739288
293967,0.04357712
293968,0.12677028
293971,0.00328151
293972,0.03034213
293974,0.09114857
293976,0.06131333
293985,0.01881206
293996,0.40560022
294004,0.02691867
294007,0.18678851
294010,0.01312491
294013,0.08247859
294016,0.04532755
294018,0.09615548
294028,0.20579836
294041,0.02260168
294047,0.01458346
294055,0.05929550
294062,0.04805099
294069,0.01376566
294075,0.11932230
294091,0.00493819
294108,0.04792889
294116,0.05950087
294125,0.03297235
294129,0.01403173
294130,0.00458602
294134,0.01549492
294135,0.09866961
294136,0.07932595
294141,0.06303126
294160,0.00691831
294164,0.10120083
294184,0.11586211
294191,0.03222225
294195,0.07636106
294199,0.00360840
294208,0.33768293
294221,0.00820114
294225,0.07550574
294230,0.04628319
294236,0.06537603
294256,0.02264598
294257,0.00355223
294258,0.12641840
294282,0.07266188
294287,0.07128389
294290,0.01439936
294300,0.04958612
294302,0.01322957
294313,0.00920709
294314,0.15260455
294322,0.00842284
294336,0.08238002
294339,0.12065074
294348,0.07027444
294365,0.22250984
294373,0.22117868
294383,0.03382413
294403,0.03653188
294406,0.02954617
294417,0.66073731
294452,0.44726822
294463,0.11285510
294471,0.05683237
294486,0.01817187
294501,0.05939748
294504,0.09784240
294509,0.02551706
294511,0.03870255
294519,0.01204004
294530,0.04812566
294532,0.16847144
294547,0.12861412
294548,0.01244339
294554,0.00899280
294577,0.07472051
294578,0.01244463
294580,0.05189272
294583,0.04705763
294592,0.04432078
294595,0.01634515
294602,0.01280050
294613,0.14737128
294617,0.03582035
294631,0.29430005
294641,0.02902614
294653,0.10041328
294657,0.02805667
294661,0.13473510
294665,0.01370406
294668,0.02497093
294671,0.02705691
294682,0.01776190
294685,0.03441340
294688,0.06304340
294690,0.38841453
294698,0.06677889
294717,0.16865863
294724,0.01506063
294726,0.01629911
294738,0.13213805
294744,0.09767386
294758,0.06182862
294762,0.00668138
294776,0.11116879
294777,0.02433779
294807,0.05496690
294816,0.07605493
294821,0.01170385
294825,0.08246580
294834,0.03650501
294835,0.03230919
294836,0.02178640
294840,0.03650849
294842,0.25922862
294864,0.01587486
294874,0.08260874
294880,0.06162404
294881,0.01539570
294897,0.01702144
294898,0.05275567
294920,0.14257165
294923,0.11436898
294926,0.07689494
294937,0.07700651
294941,0.07881664
294951,0.13886510
294952,0.00766084
294953,0.03068373
294982,0.04556032
294989,0.06002636
294995,0.22252790
295009,0.20965032
295010,0.04582801
295013,0.04393691
295016,0.04188742
295022,0.07413238
295024,0.05385688
295040,0.12342402
295045,0.02078194
295047,0.06049133
295056,0.08677366
295073,0.08113445
295080,0.03646559
295093,0.02933512
295094,0.26720043
295095,0.04068412
295107,0.00508467
295116,0.08044734
295140,0.01464884
295150,0.14962423
295154,0.12337569
295155,0.09220297
295162,0.04659542
295163,0.02224699
295168,0.17166193
295176,0.00967185
295182,0.02037613
295183,0.14003479
295216,0.03140396
295219,0.02877953
295239,0.02888767
295246,0.01318510
295255,0.09680878
295257,0.19375188
295261,0.00357349
295263,0.01851529
295265,0.02676287
295274,0.15533896
295281,0.08521841
295286,0.11236232
295299,0.04645314
295304,0.01089107
295306,0.01190053
295321,0.03779238
295339,0.03944213
295342,0.01562029
295346,0.23167428
295348,0.04955940
295354,0.02075487
295367,0.09619908
295372,0.02767816
295373,0.03066468
295374,0.01798065
295387,0.01962209
295389,0.08118949
295396,0.04018933
295415,0.07415030
295418,0.03724520
295421,0.01544901
295425,0.02191286
295431,0.02643125
295434,0.01410382
295443,0.14848039
295453,0.02737709
295473,0.02047821
295476,0.05838545
295477,0.09761017
295488,0.09583413
295499,0.10112898
295504,0.00477435
295505,0.19244619
295524,0.01316324
295529,0.03668075
295533,0.07973810
295534,0.00990409
295549,0.01324396
295565,0.01288276
295584,0.02350547
295585,0.03875617
295597,0.05808236
295599,0.16066880
295604,0.00949344
295616,0.06713339
295635,0.06163085
295637,0.01164831
295670,0.00957081
295678,0.01995043
295701,0.00749072
295711,0.14666160
295713,0.09409159
295734,0.09183998
295739,0.02936941
295750,0.04492507
295773,0.37201919
295783,0.09164651
295787,0.02252277
295790,0.05130992
295795,0.02292833
295820,0.02496740
295821,0.06045120
295826,0.03575162
295836,0.02181789
295837,0.15189991
295842,0.04695099
295848,0.01772668
295850,0.09681232
295869,0.01622002
295871,0.11806267
295873,0.04995012
295879,0.04626935
295880,0.08842240
295892,0.06001836
295904,0.32253543
295907,0.01305866
295908,0.04400121
295913,0.04898544
295918,0.03417474
295921,0.29184647
295924,0.22547453
295949,0.02660075
295953,0.01856844
295961,0.01218998
295968,0.09940102
295971,0.05117385
295985,0.02692523
295986,0.05613359
295987,0.01730791
295993,0.09557940
295997,0.12143207
296005,0.12868191
296007,0.03096447
296012,0.11194850
296022,0.06442140
296024,0.00404797
296032,0.04045956
296034,0.01022495
296062,0.01204988
296070,0.05303728
296074,0.03739623
296084,0.01586277
296087,0.01876471
296088,0.04228234
296089,0.05823665
296143,0.01830281
296172,0.00919346
296183,0.04012015
296185,0.01901719
296194,0.02397562
296199,0.32592849
296204,0.25585603
296206,0.18825453
296209,0.14930209
296229,0.19597893
296239,0.00506064
296253,0.05210092
296259,0.34671248
296264,0.00695872
296270,0.35847183
296273,0.07398576
296284,0.07909234
296285,0.25966099
296287,0.00778872
296288,0.03129025
296292,0.07944795
296300,0.02708505
296301,0.01382411
296321,0.40035056
296324,0.07000281
296335,0.14683087
296348,0.01646160
296354,0.01880700
296369,0.20945463
296376,0.04090841
296391,0.02899788
296393,0.07079747
296398,0.01723309
296428,0.11017097
296432,0.13377924
296433,0.02992784
296449,0.09353399
296450,0.14084116
296490,0.06894697
296498,0.13296582
296499,0.02520621
296500,0.07526794
296509,0.12395927
296514,0.04114801
296518,0.02494855
296527,0.01960155
296532,0.03129826
296541,0.02477304
296544,0.06240223
296546,0.00733322
296573,0.29368271
296578,0.03140182
296589,0.06090704
296594,0.08238737
296616,0.05504391
296623,0.02469640
296624,0.03473721
296632,0.00574389
296633,0.07754058
296639,0.21228600
296647,0.03368700
296656,0.30074114
296678,0.01766401
296679,0.08899967
296695,0.01508766
296696,0.29034550
296714,0.04416069
296721,0.06868621
296739,0.00562008
296744,0.38905513
296747,0.07266724
296758,0.03713946
296760,0.01296726
296766,0.03101511
296769,0.01624540
296776,0.02565030
296780,0.03956653
296782,0.09176552
296790,0.08993558
296795,0.03260864
296801,0.00707323
296803,0.11784590
296806,0.03530961
296811,0.05614433
296813,0.00387441
296818,0.27342217
296822,0.04110753
296839,0.03720225
296848,0.01353479
296863,0.15021921
296871,0.02880901
296872,0.28054318
296877,0.03912785
296882,0.10944201
296885,0.05109463
296903,0.18382635
296906,0.08304848
296912,0.01860288
296916,0.03641391
296922,0.03977257
296926,0.23345113
296927,0.02376154
296935,0.11241431
296939,0.02912557
296942,0.05016660
296954,0.12836869
296968,0.03733005
296971,0.03222220
296984,0.06154519
297004,0.00617600
297011,0.16701598
297017,0.02941022
297019,0.13302063
297021,0.01642469
297025,0.01377629
297033,0.09963332
297038,0.23459394
297042,0.31583752
297065,0.02134452
297089,0.01673905
297093,0.23813765
297098,0.09303385
297100,0.01025075
297111,0.04814062
297115,0.15564507
297121,0.07866485
297123,0.13360549
297129,0.03285454
297132,0.00894089
297139,0.05689379
297147,0.17983507
297148,0.36820649
297161,0.09659678
297167,0.02124521
297171,0.03742716
297173,0.02127545
297179,0.01304851
297189,0.21306590
297200,0.00581673
297201,0.04677616
297220,0.05881997
297229,0.11087142
297234,0.01943073
297252,0.14735610
297266,0.08635741
297269,0.00666306
297276,0.13573412
297292,0.01111925
297300,0.14760956
297303,0.01799206
297305,0.06741538
297307,0.02225250
297313,0.03612323
297336,0.05803150
297340,0.26175538
297344,0.00876719
297349,0.01551234
297358,0.03421647
297363,0.06964563
297369,0.03197002
297372,0.01054621
297380,0.13726168
297384,0.03805995
297385,0.28775692
297389,0.02206553
297390,0.17798742
297415,0.03866719
297419,0.16238368
297421,0.30917912
297424,0.03164472
297431,0.02040351
297447,0.05648334
297456,0.05578020
297457,0.01370470
297463,0.04736358
297464,0.07059681
297474,0.01289043
297479,0.01851735
297480,0.08897047
297494,0.00753297
297495,0.01426982
297507,0.01499491
297514,0.05580808
297515,0.01966073
297516,0.07542060
297521,0.04493835
297534,0.03646004
297553,0.00715977
297575,0.03108784
297584,0.15479445
297586,0.01566901
297606,0.00361369
297630,0.03121992
297636,0.03284113
297646,0.00588170
297650,0.01405764
297651,0.07754769
297656,0.01466309
297675,0.07789783
297681,0.11821777
297699,0.01198669
297702,0.09151158
297712,0.06584066
297718,0.08478416
297730,0.10182958
297731,0.01456939
297745,0.00887018
297768,0.12315762
297771,0.04362726
297774,0.01482344
297781,0.01853982
297786,0.16468017
297798,0.11188783
297809,0.03602804
297822,0.01471850
297828,0.02276122
297840,0.02269131
297852,0.03028238
297859,0.00964026
297868,0.05516953
297883,0.06875448
297887,0.01395845
297896,0.06311738
297898,0.01494205
297917,0.15903351
297943,0.00439673
297954,0.04495214
297965,0.01201837
297992,0.00558114
297993,0.06725838
298001,0.03807803
298005,0.15886039
298010,0.00468936
298013,0.01400792
298014,0.23587003
298015,0.02502933
298025,0.31230024
298026,0.06653629
298032,0.05201748
298039,0.18279829
298049,0.04395127
298051,0.00783825
298058,0.08923301
298062,0.01455523
298070,0.06715496
298078,0.12694177
298084,0.18459704
298108,0.16189202
298113,0.17413617
298115,0.09654311
298126,0.02582383
298131,0.00988662
298134,0.04288084
298135,0.09709555
298139,0.00800875
298142,0.02853048
298152,0.01754298
298154,0.02492310
298155,0.01330133
298161,0.13490022
298165,0.07164040
298166,0.31548636
298171,0.01563053
298179,0.03348012
298182,0.02617437
298187,0.02136513
298192,0.03677328
298194,0.04069766
298213,0.17116177
298215,0.20014238
298216,0.02714852
298217,0.00886760
298223,0.14557895
298256,0.04329117
298275,0.00798958
298277,0.06625545
298279,0.02371935
298285,0.04187424
298286,0.30938403
298296,0.02579503
298309,0.14745544
298312,0.03429577
298323,0.01996361
298330,0.01005409
298340,0.02858620
298341,0.01797387
298349,0.04438596
298353,0.01616783
298363,0.03560327
298367,0.02900058
298378,0.04024025
298380,0.05131706
298392,0.17756640
298395,0.05665380
298405,0.07246971
298426,0.08623544
298427,0.02585973
298444,0.01758482
298450,0.01751731
298458,0.01332586
298462,0.00949531
298463,0.00535863
298479,0.03832598
298480,0.03252789
298487,0.11044862
298499,0.04475421
298500,0.02773216
298506,0.03130644
298507,0.01285761
298512,0.07458779
298515,0.15355279
298517,0.07315068
298532,0.51051256
298533,0.06974832
298560,0.04677128
298564,0.03337412
298567,0.42430798
298568,0.02915143
298569,0.07281439
298570,0.29193367
298579,0.02596497
298583,0.01724933
298591,0.04712166
298593,0.15860859
298600,0.01406825
298609,0.01047829
298620,0.07418533
298622,0.04636253
298628,0.00515403
298633,0.03809079
298657,0.11283138
298669,0.08117535
298671,0.15634531
298677,0.04019412
298692,0.04949479
298703,0.02583735
298705,0.01128383
298711,0.01531212
298713,0.05676056
298757,0.10263898
298766,0.00633005
298768,0.19752201
298770,0.03486277
298776,0.35869661
298785,0.02884802
298787,0.01660657
298792,0.12227254
298795,0.02811897
298799,0.02732355
298806,0.11482302
298810,0.04264327
298818,0.10510594
298822,0.10231509
298823,0.01366767
298834,0.01006923
298837,0.05504084
298841,0.02223415
298845,0.13158156
298852,0.08236406
298855,0.02589384
298858,0.10458183
298860,0.02198370
298861,0.01226188
298863,0.00506991
298866,0.11698926
298873,0.36154673
298880,0.10652895
298889,0.01773828
298896,0.14759890
298917,0.17835633
298929,0.02757422
298940,0.07780637
298946,0.11017696
298949,0.01139955
298966,0.05841706
298984,0.06181234
298994,0.03001161
299004,0.31906976
299012,0.01312104
299022,0.18530733
299024,0.01843874
299026,0.02085647
299035,0.03106699
299036,0.04471338
299039,0.03454403
299061,0.12537562
299064,0.03710006
299067,0.02809654
299074,0.15435746
299075,0.01673766
299078,0.03384673
299109,0.08287790
299117,0.10242967
299121,0.04357248
299127,0.16873607
299134,0.24660599
299136,0.01319484
299137,0.14438795
299139,0.26499245
299168,0.01006030
299176,0.01398876
299184,0.04069396
299188,0.05686195
299191,0.18175847
299208,0.16221193
299229,0.01228970
299238,0.04634235
299241,0.13024225
299257,0.08033074
299260,0.03171324
299264,0.06019900
299279,0.09200850
299308,0.00795111
299310,0.01782553
299311,0.04523051
299317,0.07615406
299325,0.04650413
299329,0.03643157
299334,0.09842015
299335,0.10123914
299339,0.08787541
299351,0.03911135
299352,0.00879018
299365,0.08929484
299393,0.04626909
299400,0.05077183
299404,0.06597631
299406,0.09015579
299410,0.14925092
299413,0.04845071
299434,0.29613959
299448,0.02540879
299463,0.05719490
299464,0.13325370
299470,0.06691807
299480,0.03700563
299488,0.00843761
299496,0.09078738
299501,0.16322895
299504,0.23712506
299532,0.06308503
299536,0.03269182
299550,0.10003572
299554,0.02989262
299564,0.05267420
299577,0.04760480
299581,0.04407678
299594,0.09793096
299632,0.01087962
299633,0.13151484
299650,0.40787397
299678,0.05924507
299682,0.08526731
299705,0.06479380
299719,0.03947930
299720,0.05683751
299724,0.06920769
299730,0.00812213
299750,0.04234044
299766,0.04793192
299774,0.08056562
299787,0.02001438
299817,0.01646879
299818,0.09498848
299826,0.01483954
299833,0.03436797
299845,0.14740983
299847,0.38483990
299850,0.10171040
299866,0.08206437
299869,0.03164301
299870,0.15097299
299874,0.00889433
299877,0.05952156
299891,0.23717986
299898,0.07630126
299900,0.14370966
299904,0.03094780
299912,0.02675547
299914,0.03228418
299919,0.01700704
299931,0.02561023
299934,0.07001920
299941,0.43631504
299946,0.00790287
299947,0.07483425
299972,0.10482379
299973,0.19079942
299975,0.06118462
299979,0.04005952
299981,0.02734944
299983,0.08995267
299985,0.12923646
299986,0.04272247
300011,0.15878397
300013,0.03923430
300028,0.01824242
300042,0.01089471
300043,0.16338315
300058,0.17360770
300073,0.03191308
300075,0.04764726
300087,0.00700469
300090,0.02267706
300107,0.06191174
300115,0.02348796
300119,0.01260587
300122,0.18177300
300125,0.05961362
300126,0.04650263
300137,0.43186819
300139,0.03241591
300145,0.06183264
300155,0.03803157
300169,0.00535134
300170,0.02633700
300175,0.01848227
300177,0.07928515
300186,0.02518038
300188,0.00830442
300194,0.02979716
300207,0.09203906
300210,0.08702673
300217,0.06133433
300221,0.02380147
300235,0.02214015
300238,0.00566701
300240,0.33401247
300241,0.02612287
300249,0.01140486
300255,0.05744652
300259,0.04126765
300272,0.02439470
300274,0.07405630
300276,0.18899152
300284,0.00463098
300293,0.01954258
300306,0.02806020
300310,0.13391670
300324,0.15936529
300339,0.00593041
300346,0.02115661
300348,0.03178585
300354,0.01515796
300356,0.01107928
300358,0.01202179
300363,0.03897954
300366,0.05495266
300368,0.02986894
300370,0.08431806
300385,0.02673537
300392,0.51880231
300393,0.01961406
300403,0.10425412
300411,0.21292078
300420,0.02900525
300421,0.04666478
300435,0.19909310
300437,0.05776304
300440,0.02934286
300443,0.02922131
300456,0.22267116
300458,0.05347107
300459,0.06456055
300460,0.01400415
300462,0.08053365
300481,0.01631429
300486,0.23993566
300488,0.02807012
300503,0.04303813
300506,0.10506343
300517,0.04087403
300523,0.02246028
300525,0.01253313
300526,0.21776897
300552,0.02465309
300560,0.04812221
300570,0.01961137
300583,0.12156145
300585,0.08718284
300587,0.03261437
300598,0.06559842
300600,0.01553252
300608,0.08125402
300612,0.01564022
300618,0.03349782
300621,0.07888576
300640,0.02013527
300641,0.05949418
300651,0.06464901
300653,0.02198514
300667,0.01928922
300678,0.02756758
300680,0.04583030
300687,0.02878776
300702,0.42101726
300717,0.04204307
300722,0.00968626
300723,0.03392629
300732,0.13654044
300752,0.07860108
300761,0.33611809
300775,0.09488533
300786,0.16020102
300787,0.00979641
300788,0.01690838
300789,0.08030226
300794,0.08389714
300808,0.05096233
300834,0.01803107
300842,0.06206172
300844,0.15839380
300850,0.05631973
300851,0.21746540
300854,0.02584093
300866,0.02577060
300867,0.03574301
300868,0.24600806
300882,0.08717007
300883,0.02653250
300891,0.09338914
300894,0.01100628
300901,0.24692120
300904,0.05758487
300910,0.17069693
300914,0.16355872
300918,0.12216333
300948,0.35427007
300954,0.02692375
300958,0.09767943
300959,0.01824606
300970,0.00470918
300971,0.09243078
300975,0.08394795
300981,0.06791822
300983,0.06885775
300993,0.58665617
300996,0.01972339
301001,0.01032384
301005,0.03908029
301010,0.15657077
301021,0.52334756
301026,0.03408330
301029,0.01527827
301032,0.04908319
301061,0.13889375
301073,0.02439161
301083,0.02612557
301089,0.03820564
301093,0.05484153
301098,0.06896689
301103,0.09528852
301105,0.11719321
301112,0.31488984
301120,0.01990595
301122,0.03759826
301124,0.13154987
301137,0.02233495
301169,0.02388810
301173,0.05261492
301177,0.20521494
301179,0.00486316
301180,0.05114184
301185,0.01695974
301195,0.37724658
301199,0.02335122
301201,0.02513516
301206,0.04815940
301209,0.04659831
301210,0.03408326
301216,0.20132180
301224,0.28856668
301226,0.05789095
301227,0.03675134
301243,0.01747945
301246,0.00523218
301248,0.03511729
301252,0.00687420
301259,0.12271789
301260,0.01338803
301267,0.00904029
301268,0.06207464
301274,0.02569302
301281,0.02487243
301287,0.04247538
301288,0.01801022
301299,0.01920925
301304,0.00997324
301325,0.08096604
301327,0.04914515
301331,0.24044089
301332,0.04684505
301336,0.02261009
301345,0.17645869
301348,0.00668563
301356,0.06571535
301358,0.03846910
301360,0.00653452
301364,0.03691383
301389,0.03042522
301415,0.00936417
301421,0.18627340
301422,0.01946124
301424,0.08728480
301426,0.03032218
301433,0.06999359
301459,0.36525678
301460,0.07673777
301478,0.01620563
301483,0.01970460
301493,0.01046467
301494,0.00960142
301503,0.04382164
301510,0.16360158
301516,0.01064156
301530,0.14181821
301531,0.02684036
301549,0.01020343
301550,0.03388953
301555,0.08295731
301573,0.08362279
301588,0.04514335
301593,0.13892703
301613,0.04496948
301625,0.17247184
301643,0.04559113
301650,0.02335444
301651,0.07504847
301652,0.02117960
301653,0.06854542
301665,0.03985821
301684,0.03250129
301686,0.23471677
301694,0.09092064
301697,0.01623193
301698,0.06485664
301717,0.02912869
301725,0.00778520
301728,0.05756359
301734,0.01930342
301749,0.19327218
301761,0.24504339
301766,0.04999630
301775,0.06734239
301782,0.13402363
301784,0.11231255
301787,0.02330785
301789,0.32342149
301790,0.06494574
301804,0.10881168
301806,0.01684375
301817,0.03475831
301826,0.01725569
301837,0.05491643
301842,0.05141604
301848,0.01717691
301859,0.05469686
301860,0.01908919
301867,0.02342859
301877,0.00724993
301883,0.02120101
301902,0.04214943
301908,0.03989567
301916,0.01544917
301920,0.02832792
301921,0.01366259
301931,0.00792514
301939,0.03852328
301941,0.07534862
301943,0.03026499
301949,0.01079949
301955,0.05366347
301963,0.04116711
301968,0.02099102
301975,0.14686278
301988,0.08126739
302000,0.14613679
302005,0.01384221
302007,0.06314382
302016,0.16249221
302028,0.02381294
302038,0.04273708
302043,0.01365682
302051,0.02125035
302056,0.00507615
302063,0.03799477
302072,0.01071607
302074,0.02988189
302080,0.02424780
302093,0.05597539
302096,0.07043067
302123,0.00722206
302125,0.00414036
302128,0.03973871
302145,0.11774749
302146,0.04536148
302160,0.07149023
302166,0.02829071
302174,0.04980239
302175,0.03277924
302186,0.08048322
302190,0.02716652
302202,0.04132465
302207,0.04350728
302211,0.03593693
302215,0.01944716
302216,0.03639685
302217,0.01068103
302225,0.22649244
302231,0.01812689
302233,0.01145969
302259,0.01217713
302263,0.06030663
302281,0.04333956
302285,0.01867849
302288,0.02937617
302292,0.37531810
302303,0.15659268
302306,0.04353382
302309,0.05804945
302332,0.02258730
302341,0.00657960
302350,0.13398581
302352,0.07812863
302356,0.13975753
302361,0.01441738
302364,0.10569375
302373,0.02745046
302378,0.04234949
302385,0.03880851
302389,0.04362392
302393,0.15663254
302403,0.01552208
302422,0.01006055
302425,0.05296033
302431,0.21020570
302443,0.03919014
302448,0.01332935
302449,0.07816772
302455,0.26521002
302460,0.02081329
302462,0.06976738
302466,0.04323157
302467,0.05916101
302470,0.05863635
302472,0.05795565
302480,0.09304951
302481,0.01070760
302491,0.06967304
302494,0.01991329
302503,0.18623616
302504,0.18306988
302507,0.05628477
302527,0.09428912
302571,0.03219595
302580,0.23184181
302583,0.04360600
302591,0.00758411
302601,0.03626398
302613,0.03046202
302621,0.03299296
302638,0.01145299
302639,0.12988073
302655,0.03100866
302670,0.03902075
302673,0.13870911
302675,0.03355112
302691,0.02069617
302701,0.05124011
302705,0.01777254
302727,0.01850033
302750,0.01709016
302751,0.04176880
302757,0.11963124
302758,0.22581628
302761,0.19500638
302767,0.04876648
302787,0.01702553
302797,0.02360222
302799,0.06139392
302800,0.07307884
302815,0.03494323
302826,0.39354827
302827,0.01437807
302842,0.00867975
302856,0.01967680
302877,0.01961602
302879,0.06243467
302881,0.04958514
302882,0.07651836
302885,0.12431233
302905,0.02482789
302911,0.00814554
302916,0.06772826
302919,0.35873087
302947,0.02949062
302957,0.06359458
302968,0.01954260
302978,0.06852071
302984,0.11366853
302991,0.00396935
303007,0.06081054
303010,0.03869767
303012,0.02742865
303013,0.21168613
303024,0.01883481
303027,0.03759371
303034,0.02260038
303036,0.13200601
303037,0.06023993
303050,0.04247378
303060,0.08347344
303062,0.06384074
303066,0.01546503
303068,0.10182971
303077,0.14404436
303080,0.00730137
303082,0.03353120
303083,0.02140363
303085,0.04896834
303087,0.05754457
303089,0.03396044
303103,0.00511041
303105,0.02008355
303106,0.06288303
303120,0.04035160
303121,0.00792874
303127,0.02932309
303130,0.01872511
303142,0.00782203
303162,0.04128959
303169,0.05322521
303189,0.01529863
303220,0.02030368
303222,0.17422343
303223,0.03524091
303227,0.03289589
303262,0.04478130
303264,0.01133416
303277,0.07262648
303288,0.01131671
303292,0.02871094
303294,0.19794879
303301,0.20313137
303312,0.04350065
303328,0.08213052
303330,0.02789088
303347,0.01629927
303354,0.01575518
303356,0.00855954
303362,0.01511281
303377,0.08228187
303386,0.10327899
303393,0.01092778
303397,0.01760292
303403,0.10091006
303413,0.00426334
303416,0.14169545
303428,0.05428940
303429,0.06983578
303432,0.07527541
303446,0.09484022
303455,0.09436272
303464,0.04086836
303465,0.02372021
303473,0.10782367
303476,0.13887000
303479,0.04805091
303482,0.02335544
303484,0.07403921
303492,0.20824189
303493,0.10599135
303497,0.04400715
303498,0.04071421
303499,0.03301085
303509,0.00782274
303513,0.02056756
303524,0.00509085
303525,0.09650355
303540,0.06390927
303544,0.01353223
303548,0.02926110
303551,0.03955726
303569,0.06012836
303584,0.05369670
303592,0.21107173
303602,0.21678731
303607,0.08936945
303619,0.03796425
303630,0.02013923
303643,0.53661654
303644,0.18352232
303670,0.17966377
303671,0.03727716
303678,0.01581806
303689,0.01345978
303698,0.04230027
303702,0.02695510
303704,0.02288082
303711,0.01244777
303727,0.03009842
303728,0.00913532
303741,0.16312918
303752,0.02027109
303755,0.02638788
303777,0.01664297
303790,0.14457021
303798,0.01296271
303804,0.17872613
303812,0.06289552
303814,0.06018494
303817,0.35125526
303818,0.19604226
303848,0.01818709
303850,0.02126917
303854,0.02071789
303857,0.02022388
303860,0.01141397
303870,0.15806706
303877,0.01750333
303884,0.10312227
303893,0.00591555
303899,0.02355483
303900,0.27322383
303902,0.13402852
303906,0.12105867
303920,0.20578111
303937,0.03990380
303939,0.02109261
303941,0.02898942
303962,0.08293393
303963,0.20238572
303971,0.02596874
303978,0.01879490
303980,0.10373651
303986,0.04788641
304018,0.08350670
304025,0.00796410
304027,0.09009200
304028,0.14745980
304029,0.04110714
304030,0.01876188
304035,0.05104519
304040,0.05974388
304058,0.07638129
304083,0.04259882
304089,0.36292396
304092,0.06646509
304093,0.05835876
304100,0.02095521
304121,0.03860790
304142,0.05299418
304154,0.08449597
304158,0.18792521
304164,0.04197371
304173,0.29983009
304175,0.02721882
304182,0.02519497
304194,0.02704127
304201,0.04858945
304202,0.04115025
304206,0.01951477
304210,0.04289926
304226,0.01077606
304237,0.02007923
304256,0.24955744
304257,0.01462446
304265,0.00961416
304271,0.18638619
304274,0.18156246
304286,0.06397440
304292,0.07835312
304299,0.05977014
304350,0.02955416
304352,0.01660861
304355,0.02309454
304360,0.03015899
304361,0.13980490
304363,0.06814300
304375,0.10872095
304378,0.01880703
304382,0.38871031
304385,0.28375034
304386,0.07254236
304387,0.05514897
304388,0.02628930
304391,0.06193253
304398,0.04035233
304406,0.02110126
304420,0.05060178
304431,0.06748889
304436,0.42188063
304438,0.01367678
304440,0.09535991
304441,0.02523331
304450,0.01278750
304451,0.24040168
304454,0.02029941
304462,0.24886546
304466,0.23692229
304469,0.14137993
304472,0.02243933
304475,0.16428917
304481,0.01620408
304483,0.03939891
304485,0.05847496
304486,0.00681909
304504,0.02927807
304505,0.05301437
304512,0.03770911
304516,0.24314339
304517,0.01525624
304528,0.01142485
304530,0.04805067
304536,0.01169343
304549,0.01046109
304552,0.07180000
304554,0.04038582
304581,0.04990143
304593,0.02585098
304596,0.17836155
304604,0.04126695
304610,0.04510988
304614,0.02522121
304628,0.14660093
304629,0.03042246
304637,0.04845440
304644,0.01124131
304654,0.15204737
304664,0.39978933
304676,0.04040017
304680,0.05237974
304687,0.00593938
304696,0.21904051
304698,0.16465074
304700,0.03399214
304703,0.12000522
304704,0.03098284
304710,0.04208167
304717,0.02594986
304729,0.29142087
304732,0.03013574
304736,0.03824201
304738,0.06145469
304756,0.01713513
304771,0.01112856
304773,0.01109487
304776,0.02364986
304778,0.01375606
304779,0.13270284
304780,0.01871422
304790,0.05210915
304793,0.00717506
304805,0.23548619
304811,0.04393041
304825,0.16444746
304828,0.11599537
304829,0.06924461
304842,0.04245644
304851,0.05008772
304857,0.01675200
304884,0.07875524
304891,0.03416032
304897,0.08179703
304898,0.03174585
304905,0.03077782
304907,0.23258640
304917,0.01978325
304931,0.02152083
304935,0.00922750
304942,0.09574884
304954,0.08287478
304959,0.00419475
304968,0.10328184
304971,0.01451691
304977,0.06741535
304982,0.02538417
304985,0.05256584
304991,0.02182561
304992,0.09612508
304997,0.07979616
305004,0.04324938
305008,0.01893889
305019,0.03113639
305020,0.12925884
305025,0.02571747
305037,0.10347583
305046,0.16834082
305056,0.03506381
305062,0.01199332
305064,0.32352874
305065,0.01908991
305076,0.08012437
305108,0.03913443
305110,0.02170732
305115,0.10835319
305121,0.38414120
305125,0.01317983
305141,0.01922324
305151,0.02548499
305159,0.01313945
305162,0.03789027
305165,0.02724847
305174,0.06809509
305178,0.04968093
305180,0.08515029
305182,0.04669633
305183,0.02870362
305194,0.02349165
305199,0.18134851
305210,0.04725211
305214,0.28088774
305215,0.07988238
305218,0.06008387
305225,0.02726712
305229,0.04874802
305231,0.00222378
305233,0.04116655
305237,0.01037687
305260,0.02626041
305261,0.03789302
305278,0.04478595
305286,0.17208012
305293,0.01213458
305300,0.00705202
305301,0.21938441
305326,0.25140690
305334,0.02563919
305340,0.23171265
305348,0.02959967
305352,0.02739809
305359,0.02769274
305360,0.00809090
305362,0.04389425
305383,0.00548052
305406,0.04250377
305408,0.10588666
305412,0.27118231
305413,0.05658002
305414,0.24095035
305417,0.01464887
305421,0.03288500
305422,0.03687656
305447,0.01988686
305448,0.04315079
305450,0.01949652
305452,0.06099388
305459,0.01993178
305460,0.09352615
305474,0.03175720
305475,0.01958733
305481,0.13644727
305494,0.04434313
305503,0.09178307
305507,0.01129719
305508,0.14573339
305513,0.11919341
305518,0.04696851
305523,0.06298645
305526,0.09126974
305529,0.01914443
305532,0.09697454
305543,0.09183885
305555,0.01997726
305562,0.02092259
305571,0.01038021
305578,0.10737985
305579,0.00660267
305584,0.02607868
305603,0.03811285
305620,0.27979520
305626,0.03825839
305636,0.08686078
305640,0.02008701
305653,0.02783297
305662,0.14352889
305663,0.05035074
305667,0.02518876
305683,0.03882236
305698,0.02615924
305699,0.08949726
305707,0.02507026
305717,0.24449839
305723,0.01431882
305735,0.02161272
305738,0.30454105
305746,0.03089923
305766,0.05676858
305773,0.00527918
305776,0.01290443
305777,0.01555095
305809,0.04078599
305813,0.01540774
305816,0.04230817
305820,0.05371330
305826,0.07481763
305838,0.05742212
305839,0.02374436
305846,0.14574776
305861,0.02882004
305863,0.17838445
305869,0.03316360
305872,0.05402190
305876,0.01903608
305881,0.12004539
305887,0.04920676
305894,0.02645465
305898,0.01389452
305905,0.06085403
305908,0.02239914
305914,0.09024329
305915,0.01272353
305922,0.00859842
305938,0.26729669
305946,0.03196588
305956,0.01903686
305963,0.04316443
305965,0.02337450
305988,0.07211772
305990,0.02378065
305991,0.04687766
305994,0.05165049
305998,0.06736337
306003,0.01431269
306012,0.01095520
306016,0.03581904
306021,0.05934235
306025,0.07908857
306030,0.25879561
306047,0.01049450
306051,0.05525317
306063,0.24860055
306066,0.06788663
306069,0.05070756
306074,0.04408195
306091,0.07071925
306094,0.05649709
306095,0.01918326
306114,0.04097304
306116,0.00329797
306121,0.03447250
306127,0.16426221
306128,0.10258931
306133,0.03690733
306142,0.08357190
306144,0.01452339
306150,0.03043393
306153,0.03731472
306156,0.11732951
306159,0.51610667
306161,0.00617221
306173,0.04967765
306175,0.08250140
306193,0.08754898
306194,0.03771093
306198,0.15265780
306203,0.04864457
306209,0.11296036
306212,0.02762961
306216,0.19484528
306233,0.02270203
306247,0.05858002
306264,0.02575124
306267,0.02138487
306293,0.02843989
306302,0.28426043
306305,0.02275136
306311,0.02308434
306345,0.03862128
306357,0.03194406
306368,0.00749323
306372,0.26377530
306378,0.13425881
306389,0.00664885
306398,0.10579980
306414,0.08877288
306419,0.07436601
306437,0.02430671
306438,0.06057868
306441,0.19055624
306443,0.15293589
306450,0.05595514
306464,0.04918313
306468,0.13644331
306469,0.00670177
306484,0.06563264
306527,0.05271940
306538,0.03507051
306547,0.19530536
306554,0.09776689
306557,0.24106523
306560,0.01944224
306561,0.01323648
306565,0.00588992
306569,0.02264385
306576,0.01991987
306587,0.02333754
306604,0.05315467
306624,0.03744199
306625,0.14549269
306628,0.09290996
306647,0.03677926
306651,0.07130636
306658,0.05287560
306660,0.18464884
306664,0.02292044
306670,0.34440716
306699,0.04888029
306701,0.03940840
306712,0.01752541
306716,0.04683922
306727,0.03522169
306729,0.04849425
306735,0.00914577
306739,0.02682579
306756,0.04449817
306757,0.05177994
306767,0.08620549
306775,0.02035522
306795,0.01925798
306799,0.07287036
306800,0.04863681
306805,0.05404070
306812,0.01574235
306820,0.05076656
306840,0.10455403
306845,0.09636361
306848,0.02410521
306856,0.08343023
306862,0.03706407
306863,0.03696899
306868,0.46599922
306873,0.35747834
306876,0.19595137
306893,0.02870376
306896,0.09689288
306899,0.02238472
306907,0.09677107
306908,0.03196668
306917,0.12293914
306927,0.05628637
306930,0.00721073
306935,0.05738612
306942,0.01586764
306951,0.02245410
306961,0.04550876
306970,0.49461944
306972,0.28577274
306973,0.02173825
306976,0.01179552
306978,0.03721606
306990,0.06886171
306992,0.19643859
306995,0.00964505
307001,0.16200664
307004,0.19859064
307005,0.18768777
307006,0.01759578
307010,0.04422011
307011,0.05825579
307014,0.00493774
307016,0.02782109
307022,0.01046638
307027,0.12071873
307052,0.02100998
307061,0.04946365
307072,0.21278957
307078,0.00665990
307111,0.00808004
307112,0.03115690
307134,0.21252492
307143,0.02024186
307147,0.04682817
307148,0.11238450
307162,0.03691678
307166,0.00968493
307168,0.07993768
307174,0.01217494
307177,0.00755836
307197,0.03180424
307198,0.14338500
307199,0.14120952
307205,0.05392899
307207,0.03170866
307210,0.00823907
307212,0.02796757
307223,0.01950904
307224,0.00421405
307236,0.12854985
307241,0.05783984
307242,0.05328627
307259,0.06560751
307271,0.15677737
307274,0.02265572
307281,0.05363494
307288,0.04012024
307294,0.00985304
307302,0.13220333
307308,0.04685495
307313,0.03481273
307344,0.10340530
307350,0.05955328
307366,0.05738985
307372,0.01774852
307373,0.11500644
307374,0.01283368
307378,0.02283841
307384,0.03242436
307398,0.03452647
307406,0.06919867
307416,0.01670375
307420,0.04007994
307424,0.02050636
307427,0.08027932
307429,0.05093619
307436,0.01513239
307456,0.02299131
307491,0.03448246
307494,0.01741733
307496,0.01705322
307500,0.03261789
307504,0.10777760
307509,0.36753954
307511,0.31910402
307520,0.02919751
307527,0.01406108
307537,0.08899800
307539,0.02703428
307558,0.01887847
307561,0.03414224
307575,0.05987928
307577,0.01714277
307588,0.07267953
307636,0.06517613
307639,0.25958518
307641,0.00890862
307646,0.04268573
307653,0.07455784
307661,0.48092173
307669,0.08005526
307674,0.00825992
307678,0.03254580
307691,0.01351247
307697,0.00896384
307699,0.00498894
307702,0.00701424
307708,0.06188093
307712,0.16704849
307716,0.01219100
307729,0.03743383
307753,0.03726901
307765,0.42050716
307781,0.11711385
307787,0.04122686
307788,0.03211564
307798,0.03218676
307799,0.03375483
307800,0.07640527
307801,0.20471802
307804,0.02384399
307816,0.09637622
307820,0.00578482
307824,0.03691100
307828,0.01136025
307832,0.08393168
307836,0.03577471
307842,0.05154820
307851,0.33860567
307856,0.00721152
307861,0.07454538
307879,0.02879124
307904,0.08778224
307911,0.03542682
307912,0.00848998
307913,0.17491360
307922,0.02219007
307924,0.02207305
307925,0.02744754
307929,0.02105588
307933,0.31134124
307945,0.03778699
307948,0.02082212
307961,0.16582094
307962,0.02185553
307963,0.04402733
307971,0.06593017
307983,0.06411423
307984,0.05853137
307988,0.06170792
307993,0.20988761
307994,0.04825494
308007,0.12273822
308008,0.06226642
308018,0.13614056
308023,0.00513095
308026,0.01417461
308028,0.02611736
308030,0.03722470
308034,0.07698726
308053,0.01811275
308065,0.06176723
308095,0.00887989
308096,0.09954979
308100,0.01299746
308114,0.01056686
308116,0.13515319
308120,0.05259685
308128,0.04782575
308132,0.01268761
308134,0.05358379
308140,0.11212716
308142,0.14136310
308164,0.01708208
308168,0.14822196
308169,0.20770490
308171,0.11483834
308176,0.02314712
308177,0.03061165
308179,0.01055567
308180,0.39925673
308184,0.02261188
308188,0.10785231
308189,0.00683903
308190,0.04793572
308200,0.12726889
308210,0.01686169
308211,0.09085483
308218,0.06847567
308220,0.03755484
308228,0.02033650
308231,0.02659043
308236,0.01811377
308247,0.01714367
308251,0.08093910
308260,0.03159832
308266,0.03969626
308267,0.02713047
308280,0.18698162
308298,0.01600450
308301,0.00678313
308309,0.07373786
308312,0.16195690
308325,0.03173357
308334,0.22733727
308339,0.05922173
308346,0.06526573
308359,0.02574805
308360,0.03719399
308380,0.06408054
308391,0.07879499
308403,0.00244976
308408,0.06005474
308410,0.50014430
308415,0.33406116
308420,0.06933153
308427,0.02252806
308442,0.00851972
308447,0.33416252
308462,0.03222692
308464,0.03447082
308465,0.04683601
308467,0.10809500
308468,0.05587621
308476,0.02121900
308488,0.30114708
308498,0.03184266
308504,0.03640486
308507,0.00817774
308509,0.01368826
308521,0.05892419
308536,0.07907057
308537,0.01478568
308543,0.01216396
308547,0.02566811
308559,0.05983853
308565,0.07882430
308569,0.08150885
308584,0.01997073
308591,0.10956283
308608,0.02162617
308610,0.03964082
308613,0.01709571
308618,0.03395068
308623,0.01875609
308632,0.01864672
308636,0.16469110
308641,0.03041902
308643,0.02022495
308664,0.17139522
308678,0.00782291
308679,0.02728880
308691,0.00814844
308692,0.03834127
308701,0.02021871
308709,0.12202825
308711,0.07126090
308719,0.04682673
308723,0.02205788
308727,0.12551175
308732,0.03862375
308738,0.00524363
308747,0.01204228
308749,0.02334889
308755,0.02834629
308756,0.10064964
308761,0.01453627
308779,0.05288030
308780,0.08165882
308784,0.04525384
308789,0.13294385
308807,0.05171365
308818,0.53584427
308819,0.03165746
308822,0.26431698
308827,0.06391673
308831,0.02971111
308833,0.02865736
308842,0.06926527
308868,0.01376769
308871,0.01275340
308881,0.02179666
308889,0.01854325
308892,0.03361455
308900,0.05329760
308903,0.01893550
308912,0.09131786
308916,0.02931552
308919,0.10536550
308920,0.05300968
308921,0.01220098
308928,0.03945207
308929,0.22310835
308934,0.05296830
308940,0.09524836
308941,0.01621710
308946,0.03253400
308956,0.05939277
308958,0.01190280
308963,0.01160315
308965,0.10796475
308971,0.02313138
308977,0.00919415
308985,0.01147089
308987,0.05794504
308995,0.10748807
309005,0.03710716
309007,0.40338061
309015,0.00338042
309016,0.10245899
309018,0.09819800
309019,0.14845794
309035,0.04297805
309042,0.06429871
309044,0.00792567
309052,0.09340114
309061,0.04851290
309064,0.06388855
309072,0.04316646
309075,0.04336164
309083,0.04486364
309099,0.16102406
309124,0.00981071
309125,0.04511926
309146,0.01101342
309159,0.00984614
309161,0.03623379
309168,0.23162238
309180,0.02197926
309185,0.15793484
309195,0.06098192
309198,0.01680309
309200,0.09268031
309202,0.03049452
309204,0.04095990
309213,0.14897148
309227,0.14695160
309234,0.01239719
309241,0.03789366
309242,0.04569935
309244,0.02337830
309246,0.06377129
309250,0.04416884
309251,0.11075703
309274,0.17267139
309276,0.11916569
309280,0.16968874
309298,0.21330835
309301,0.07132626
309302,0.03592464
309326,0.01279191
309335,0.05935908
309341,0.08647581
309343,0.04971687
309344,0.03945749
309354,0.04559720
309362,0.02400725
309399,0.03568383
309406,0.16227794
309409,0.03340175
309411,0.18975036
309418,0.39106494
309421,0.05970849
309435,0.01752048
309443,0.19809729
309455,0.12452238
309462,0.07619866
309473,0.04855470
309476,0.33376819
309478,0.02236551
309493,0.01203252
309502,0.04422047
309508,0.08603942
309526,0.15776066
309536,0.00663724
309544,0.00690783
309547,0.04805307
309555,0.00622514
309562,0.02275848
309569,0.08631452
309574,0.07748613
309577,0.02659895
309578,0.05965884
309579,0.17628955
309585,0.03562640
309588,0.06620623
309603,0.08291888
309604,0.01474641
309617,0.04255871
309620,0.00830205
309623,0.01692049
309648,0.22817366
309665,0.04563355
309682,0.02469367
309694,0.02691047
309702,0.02820027
309711,0.02041530
309713,0.12117133
309729,0.00978419
309735,0.05257018
309744,0.04962849
309749,0.04717717
309750,0.01058146
309759,0.05196720
309761,0.01991290
309770,0.07282503
309776,0.04576073
309777,0.01610058
309789,0.02717500
309790,0.00843378
309800,0.06870219
309813,0.04806218
309814,0.05957013
309815,0.21118280
309825,0.07050357
309826,0.02774019
309829,0.02074129
309831,0.00482657
309837,0.01576291
309846,0.05656869
309849,0.15216287
309855,0.00737115
309860,0.15864636
309879,0.01434731
309882,0.30671988
309887,0.05237162
309892,0.04186971
309895,0.10486723
309902,0.01924745
309915,0.02293424
309923,0.01084204
309941,0.32341275
309942,0.12458997
309945,0.02601125
309950,0.13445072
309955,0.01985754
309963,0.01119566
309964,0.01258443
309967,0.46011824
309969,0.03525505
309971,0.03015090
309978,0.12669061
309987,0.06758226
309990,0.19365644
309992,0.02170723
309993,0.04396537
310010,0.04405473
310012,0.01151686
310017,0.01895361
310018,0.02697368
310022,0.04145305
310031,0.02509371
310033,0.01822172
310034,0.07286328
310038,0.16024973
310044,0.17679669
310062,0.03362571
310071,0.01460452
310075,0.02026991
310082,0.05028574
310093,0.12695050
310101,0.00932030
310106,0.00714928
310118,0.20724776
310123,0.03671549
310126,0.00820335
310130,0.04295165
310141,0.04450338
310145,0.21746407
310148,0.08529411
310150,0.02811724
310159,0.04427968
310162,0.02529214
310163,0.10852291
310166,0.00653872
310167,0.01764991
310170,0.05824249
310181,0.06721323
310187,0.03320408
310191,0.00891326
310192,0.03101759
310197,0.12420695
310200,0.00622988
310201,0.21091642
310203,0.00857478
310204,0.00770670
310213,0.04675734
310215,0.04261738
310218,0.30568814
310236,0.12521493
310238,0.01029112
310241,0.03824246
310245,0.34431450
310252,0.03417860
310259,0.04036114
310260,0.19242009
310261,0.01015293
310262,0.02392429
310274,0.04241688
310294,0.29526416
310296,0.12794994
310298,0.03622655
310306,0.07142222
310307,0.07251104
310316,0.01819356
310329,0.06034506
310338,0.06309255
310342,0.03889468
310343,0.12682831
310360,0.05587955
310362,0.44766454
310378,0.02851882
310379,0.04216069
310383,0.11289384
310385,0.06877615
310387,0.28414103
310388,0.01726379
310400,0.01946210
310408,0.16543820
310414,0.16381987
310423,0.00361776
310424,0.07196987
310428,0.11756621
310432,0.03549126
310456,0.01394109
310463,0.27249875
310475,0.08266546
310476,0.05273164
310482,0.03253011
310485,0.01400718
310490,0.02364671
310496,0.00850164
310505,0.05940611
310519,0.01825685
310546,0.06387714
310547,0.03334832
310553,0.09339616
310555,0.01027334
310556,0.54743386
310568,0.00846021
310573,0.03946977
310574,0.01677893
310577,0.03715992
310580,0.03956775
310581,0.01200539
310583,0.10647095
310586,0.05524398
310591,0.03357535
310598,0.02341301
310606,0.05551697
310628,0.01708593
310634,0.06760402
310638,0.04733869
310646,0.00632376
310648,0.11292171
310654,0.00721698
310659,0.12871602
310663,0.06951268
310669,0.01597111
310670,0.05276668
310674,0.01662736
310691,0.03720461
310693,0.09987335
310702,0.01887004
310706,0.04069091
310709,0.01571678
310711,0.09008227
310720,0.12456833
310739,0.08636279
310742,0.19961073
310743,0.04476179
310752,0.10479632
310753,0.10746931
310757,0.53731590
310763,0.02391345
310764,0.02584403
310769,0.01171812
310771,0.04020474
310775,0.01119904
310779,0.16447377
310781,0.05535592
310784,0.02862441
310793,0.05942899
310794,0.00906306
310816,0.13062504
310823,0.07940948
310837,0.03633457
310856,0.04289718
310865,0.03303498
310866,0.02814493
310872,0.08030018
310877,0.20597645
310879,0.08269871
310883,0.01592008
310884,0.10535871
310908,0.01486538
310928,0.01001014
310935,0.01459241
310954,0.02675259
310964,0.14496839
310971,0.06043248
310972,0.16634754
310983,0.15698791
310988,0.00561629
310994,0.02837881
311003,0.00946927
311020,0.02003038
311024,0.17090170
311037,0.02009840
311064,0.04671806
311070,0.04546041
311086,0.21330278
311087,0.11870924
311108,0.00827465
311110,0.02212600
311115,0.00970718
311116,0.18580107
311117,0.09252501
311128,0.06353498
311136,0.07877355
311146,0.01396229
311155,0.03193437
311157,0.07824295
311159,0.10696404
311170,0.24351568
311184,0.03801193
311199,0.01247773
311208,0.07487227
311209,0.01145252
311220,0.10575831
311230,0.03965070
311233,0.01313553
311241,0.12865949
311261,0.00450049
311262,0.04146209
311268,0.00561616
311277,0.07234194
311296,0.11316552
311298,0.02494185
311310,0.11027809
311313,0.13621024
311316,0.06604420
311324,0.01687674
311327,0.03967597
311331,0.03854741
311335,0.01541366
311343,0.03937084
311346,0.03184315
311357,0.12220903
311358,0.01064812
311365,0.00591102
311370,0.04098773
311376,0.02941163
311380,0.05709103
311393,0.01754616
311399,0.02958453
311404,0.03411323
311409,0.02381260
311425,0.05926038
311436,0.02053509
311455,0.02298569
311459,0.17640155
311475,0.15962845
311499,0.02900836
311509,0.01697803
311518,0.00804829
311535,0.02974699
311536,0.02102976
311540,0.04317105
311542,0.12950740
311552,0.15081624
311562,0.47087784
311580,0.00691491
311583,0.05525338
311588,0.07249047
311595,0.01644394
311601,0.10309671
311605,0.08323823
311609,0.31603945
311612,0.06370421
311621,0.07345665
311623,0.00727672
311625,0.07300931
311636,0.01314125
311637,0.04824254
311646,0.08185214
311648,0.01443664
311654,0.05297786
311663,0.06434533
311676,0.17928567
311679,0.01207197
311683,0.03576405
311685,0.04139932
311691,0.02978393
311695,0.05653326
311700,0.02539682
311710,0.04312931
311714,0.01166949
311716,0.12070100
311725,0.05257219
311727,0.15674589
311728,0.01552164
311737,0.15445628
311738,0.03331920
311743,0.03470999
311746,0.01196605
311747,0.09900956
311761,0.11531177
311765,0.02424872
311773,0.01388605
311776,0.02217136
311786,0.09906903
311801,0.03347691
311820,0.02862463
311822,0.19244528
311829,0.04119092
311835,0.04969230
311846,0.02835224
311851,0.17700358
311854,0.03099341
311872,0.01490754
311875,0.01647355
311888,0.04855583
311916,0.11990263
311928,0.02537994
311931,0.03373935
311933,0.41134055
311934,0.00857667
311948,0.03554494
311949,0.23123818
311950,0.01119033
311952,0.08858354
311954,0.17046991
311962,0.13376874
311965,0.01455187
311968,0.17247963
311976,0.19925818
311977,0.02212519
311983,0.04838064
311989,0.00445672
311996,0.12845375
311999,0.04362923
312007,0.34698413
312022,0.11985674
312023,0.06316905
312034,0.01316651
312042,0.01179800
312049,0.02047913
312077,0.04504909
312088,0.06348874
312091,0.12518643
312114,0.02148291
312115,0.03538207
312117,0.18739520
312119,0.10259161
312126,0.35753286
312127,0.00886908
312134,0.14115987
312164,0.02709952
312176,0.02123869
312178,0.01677017
312184,0.02213702
312185,0.09800840
312186,0.01924307
312191,0.07385630
312197,0.01628683
312213,0.31865503
312223,0.12220645
312224,0.25949936
312225,0.03705980
312226,0.06956158
312231,0.01555928
312239,0.03729002
312251,0.07637236
312271,0.00832666
312278,0.02353771
312281,0.00515420
312289,0.01460417
312291,0.05405635
312301,0.01354990
312302,0.01895395
312316,0.08872872
312324,0.03308979
312338,0.00187733
312361,0.01013177
312363,0.18226120
312368,0.01939257
312382,0.01042258
312384,0.06932106
312390,0.02285965
312395,0.05259023
312396,0.08181828
312400,0.07591459
312406,0.04984183
312412,0.00635662
312414,0.07568092
312417,0.04138012
312425,0.08745691
312428,0.01335415
312431,0.08354134
312437,0.22289284
312442,0.01246247
312451,0.08622177
312460,0.14547094
312464,0.06345459
312466,0.00690970
312470,0.02990263
312473,0.11965237
312490,0.03515936
312493,0.19349264
312503,0.02275740
312509,0.33396636
312520,0.06402828
312528,0.00576314
312543,0.06557186
312544,0.01352298
312553,0.01185682
312558,0.01011617
312565,0.10520699
312568,0.04377729
312579,0.02219116
312581,0.03614788
312582,0.04479891
312596,0.10387542
312597,0.01605955
312598,0.02369204
312617,0.23605130
312627,0.06387961
312635,0.01031725
312637,0.09975164
312639,0.02682354
312640,0.23284726
312642,0.29781043
312651,0.03075315
312663,0.01909482
312668,0.05624898
312685,0.00897068
312691,0.03549819
312693,0.03831071
312710,0.04124193
312711,0.00919227
312712,0.02207229
312720,0.04012893
312746,0.18470392
312763,0.00621843
312770,0.13942441
312791,0.33539680
312795,0.05151928
312796,0.02136529
312797,0.21560268
312804,0.04951530
312812,0.03203095
312813,0.03793061
312825,0.01578261
312827,0.07158402
312841,0.02375638
312842,0.24424232
312845,0.01661840
312856,0.01287507
312866,0.01757487
312870,0.34570695
312879,0.07576414
312895,0.00619589
312901,0.04039078
312909,0.00663397
312910,0.03023621
312916,0.03227057
312926,0.03597586
312942,0.06762805
312946,0.11477143
312950,0.02222151
312952,0.03656816
312963,0.01515365
312968,0.13809017
312976,0.02266487
312980,0.10322641
312984,0.07188401
312987,0.07279609
312994,0.02762575
312996,0.05549492
312997,0.06524544
313019,0.02110293
313020,0.01186340
313028,0.02688201
313041,0.27614264
313045,0.01509562
313048,0.08433951
313052,0.06806064
313062,0.05112872
313063,0.08084155
313066,0.01739100
313071,0.05760118
313085,0.01350558
313099,0.41812859
313109,0.10495316
313131,0.01490426
313139,0.07215779
313141,0.04252305
313142,0.15056071
313145,0.20695718
313153,0.11611490
313157,0.00909939
313161,0.07504626
313165,0.03884221
313179,0.07991994
313208,0.17381443
313228,0.28754873
313236,0.04087162
313243,0.01999162
313245,0.03157390
313249,0.01885036
313275,0.02018560
313276,0.07521970
313280,0.02782301
313284,0.17240552
313285,0.06689834
313292,0.02282960
313297,0.10264766
313304,0.01144731
313322,0.01664312
313323,0.04639532
313325,0.00649076
313326,0.27535038
313334,0.02328953
313336,0.03146560
313337,0.24401315
313339,0.03462856
313340,0.03134218
313341,0.20418641
313343,0.17163807
313346,0.18710171
313348,0.33545428
313359,0.06205735
313365,0.02354404
313375,0.17880195
313381,0.04689793
313382,0.02207023
313389,0.03421168
313390,0.00895172
313391,0.13556197
313410,0.12592542
313416,0.03313470
313417,0.04194928
313426,0.17340965
313429,0.02510960
313469,0.00659829
313479,0.01240495
313485,0.22238018
313494,0.00362543
313496,0.04031638
313501,0.04492352
313506,0.04435342
313521,0.03310062
313524,0.03409145
313538,0.07815934
313550,0.12962280
313557,0.21503365
313573,0.02625330
313583,0.03222095
313592,0.09697164
313602,0.03406858
313604,0.08900056
313606,0.13572463
313617,0.06140823
313622,0.01150918
313625,0.11446167
313638,0.01255083
313639,0.04985376
313645,0.07392144
313655,0.04081427
313656,0.60163738
313663,0.04168278
313669,0.05283621
313670,0.09379486
313676,0.06467654
313689,0.48626616
313699,0.03129388
313711,0.01470638
313720,0.09781663
313731,0.29067151
313736,0.30689524
313741,0.01629081
313744,0.02450798
313749,0.16366248
313750,0.03068831
313753,0.05279563
313763,0.02370471
313765,0.28753722
313776,0.02007540
313778,0.07441247
313781,0.04083270
313786,0.30796896
313787,0.01127789
313795,0.03241494
313809,0.02348426
313810,0.05464855
313811,0.18678837
313818,0.30566498
313825,0.06645169
313830,0.03582297
313831,0.03177178
313834,0.01606199
313837,0.39377467
313841,0.03976971
313859,0.00631451
313882,0.01394184
313887,0.28819251
313900,0.02105477
313902,0.08404072
313906,0.00674389
313930,0.01620753
313932,0.08068544
313943,0.01760104
313944,0.01311042
313957,0.01254019
313970,0.11884324
313980,0.01706845
313982,0.00753510
313999,0.13995490
314000,0.01982379
314003,0.10682708
314004,0.03535486
314005,0.35475796
314007,0.02460592
314010,0.12399897
314011,0.01590741
314016,0.11793135
314023,0.01972212
314024,0.07285667
314031,0.00922204
314038,0.11226438
314041,0.01788511
314061,0.03598454
314073,0.01685496
314091,0.13165632
314097,0.13268717
314099,0.05624241
314107,0.02785047
314124,0.05195187
314127,0.04055534
314131,0.00786902
314132,0.00645046
314137,0.08543626
314139,0.00500635
314143,0.02759734
314149,0.00657172
314153,0.01819010
314154,0.27000276
314160,0.02174992
314167,0.00778680
314171,0.00704738
314182,0.07541568
314190,0.01246931
314194,0.01471408
314198,0.05543165
314211,0.02301632
314220,0.19405465
314245,0.02075825
314247,0.01247634
314256,0.02117491
314259,0.14836535
314267,0.04650253
314271,0.02655729
314278,0.05455400
314282,0.00644154
314283,0.05397943
314294,0.13518084
314298,0.04160995
314299,0.23821609
314306,0.01654981
314307,0.07361882
314308,0.01816188
314309,0.01368728
314317,0.05491104
314323,0.07479273
314332,0.01471272
314334,0.01684455
314335,0.04043050
314337,0.06003585
314343,0.03498702
314344,0.01784904
314346,0.00762551
314351,0.05114418
314354,0.05133346
314355,0.03596284
314359,0.05197732
314364,0.05068627
314366,0.04713904
314367,0.25542393
314374,0.01875028
314376,0.03200937
314387,0.07336050
314405,0.05045545
314412,0.01221353
314418,0.11504430
314429,0.05327263
314438,0.31102041
314442,0.02670623
314477,0.01990235
314480,0.02268521
314486,0.06487818
314487,0.17213159
314488,0.14221827
314490,0.00433862
314523,0.03076157
314528,0.26389202
314535,0.01983406
314542,0.12305589
314560,0.06292369
314585,0.17125362
314594,0.12123191
314596,0.14092835
314601,0.02050457
314603,0.03173121
314612,0.16002740
314615,0.18042380
314619,0.01594366
314621,0.10695921
314627,0.09641406
314629,0.12830472
314635,0.42982114
314639,0.02851436
314646,0.03630574
314650,0.19847737
314661,0.04739860
314690,0.02591242
314699,0.02466194
314705,0.12488795
314709,0.01406987
314710,0.01187349
314711,0.01431972
314714,0.06276394
314719,0.02814267
314722,0.01390128
314723,0.05925827
314729,0.04464469
314732,0.08466507
314734,0.08800586
314746,0.00941025
314761,0.46623004
314769,0.22536066
314773,0.09659180
314774,0.02932901
314776,0.06341163
314780,0.02328106
314785,0.14646375
314789,0.25101177
314796,0.12606774
314810,0.01817525
314812,0.03427208
314817,0.01035302
314822,0.12378901
314840,0.14377815
314843,0.01732682
314853,0.02926766
314856,0.03203891
314862,0.04657684
314864,0.01949014
314878,0.05304859
314894,0.01422077
314906,0.54195810
314912,0.00857944
314914,0.02386674
314933,0.07298565
314941,0.00493733
314949,0.01108390
314950,0.09050737
314952,0.08085101
314961,0.09783427
314970,0.21635341
314972,0.13280895
314975,0.10672458
314985,0.02658341
314986,0.02258340
314991,0.10345875
314995,0.01920631
314997,0.02288255
315003,0.01178430
315035,0.03224317
315038,0.06960828
315040,0.02750196
315046,0.00975409
315053,0.01056870
315054,0.12632998
315060,0.09055882
315061,0.01952636
315067,0.21279754
315076,0.04390856
315079,0.02933749
315083,0.02776768
315084,0.04977576
315092,0.04438787
315095,0.17248684
315112,0.21087949
315122,0.03018885
315123,0.01211072
315125,0.08343481
315136,0.23133595
315143,0.09961124
315145,0.03207563
315153,0.02349220
315164,0.04973912
315169,0.00537776
315178,0.12727746
315179,0.07910007
315189,0.00685557
315192,0.09351838
315194,0.16686514
315198,0.00659652
315210,0.03755765
315211,0.01145249
315221,0.17477153
315222,0.02277010
315228,0.13334201
315231,0.12506896
315233,0.05072723
315235,0.12988676
315240,0.03594682
315244,0.05336459
315257,0.03411886
315261,0.05343893
315271,0.03004215
315278,0.02394687
315282,0.28767627
315287,0.02007177
315288,0.08857901
315291,0.08629493
315306,0.00862609
315309,0.01395173
315312,0.00745313
315330,0.04965807
315335,0.20162958
315337,0.04161176
315343,0.22531805
315344,0.36816041
315366,0.00643572
315389,0.10907664
315403,0.02333519
315414,0.26302451
315425,0.00472665
315430,0.01916373
315432,0.06539463
315436,0.02496483
315437,0.03875982
315445,0.02674793
315451,0.01013678
315460,0.01026776
315462,0.01422663
315476,0.04909755
315480,0.04911191
315489,0.02416191
315494,0.01099524
315499,0.00280970
315503,0.05743064
315507,0.23338924
315540,0.00420250
315541,0.06626879
315546,0.07054016
315553,0.13293761
315569,0.36091529
315571,0.05808143
315574,0.05419549
315580,0.05370278
315587,0.02043957
315609,0.04279516
315610,0.03644640
315617,0.05852521
315623,0.00556742
315629,0.01141065
315635,0.02283855
315637,0.02421944
315641,0.02496925
315644,0.04791780
315654,0.15284603
315662,0.01706183
315663,0.10539674
315673,0.05859889
315677,0.03045651
315679,0.04782658
315680,0.29334487
315681,0.02792070
315682,0.15820020
315684,0.03327946
315693,0.03715255
315701,0.01902106
315705,0.06075237
315706,0.02498908
315711,0.12511437
315714,0.20113387
315725,0.05741295
315738,0.03366289
315740,0.03225192
315749,0.23152757
315753,0.02862202
315757,0.06115458
315778,0.05221589
315781,0.08976449
315793,0.01604515
315813,0.07741564
315822,0.01473360
315827,0.14136955
315831,0.00958800
315843,0.19511136
315857,0.07897711
315864,0.05505549
315869,0.02302450
315870,0.04323219
315878,0.05471871
315891,0.09141175
315894,0.10109393
315895,0.20037862
315903,0.08602236
315917,0.06842117
315920,0.01798705
315937,0.04479633
315938,0.03770698
315947,0.08369476
315970,0.43190842
315971,0.02391538
315974,0.00808174
315984,0.05156355
315985,0.07618643
315988,0.00578749
315993,0.15707686
315995,0.28800213
315997,0.00914511
316000,0.01788475
316009,0.01054120
316011,0.08477880
316014,0.01276198
316021,0.03462696
316022,0.02763602
316023,0.03438997
316060,0.05756100
316063,0.05338858
316065,0.07412093
316066,0.02552735
316077,0.16098409
316083,0.00608407
316093,0.03781925
316100,0.02478077
316110,0.01021872
316118,0.01106749
316135,0.02966320
316139,0.13671014
316154,0.19057893
316156,0.00620713
316171,0.02213875
316173,0.02400790
316186,0.01671379
316188,0.02752443
316190,0.12345038
316195,0.10344930
316205,0.03920218
316214,0.03421515
316216,0.07842751
316220,0.17339369
316222,0.02797593
316224,0.07014787
316226,0.00919423
316230,0.01420908
316248,0.05782702
316258,0.17335723
316269,0.04373693
316270,0.01458094
316279,0.05936907
316286,0.04555826
316295,0.02705560
316297,0.06463695
316305,0.04065495
316312,0.01710080
316313,0.00323556
316314,0.12842298
316320,0.03171089
316321,0.02170550
316328,0.03721481
316329,0.01890861
316334,0.01109378
316364,0.01309369
316372,0.02697372
316382,0.00542961
316407,0.00798238
316411,0.13053000
316433,0.06050056
316435,0.09045335
316441,0.02362161
316456,0.00343662
316457,0.06477238
316462,0.04951617
316465,0.02614672
316466,0.01934248
316468,0.02301704
316469,0.02186217
316479,0.09831530
316481,0.02477573
316484,0.01781663
316502,0.11096995
316517,0.03790728
316525,0.03565673
316531,0.00790155
316546,0.02601786
316549,0.06541749
316557,0.00523282
316561,0.09047598
316564,0.07726066
316565,0.14509132
316594,0.23040282
316595,0.09659775
316600,0.09382253
316625,0.01214459
316645,0.03090433
316647,0.13758795
316659,0.07527978
316683,0.07047801
316694,0.03917888
316697,0.00744155
316701,0.04886292
316702,0.01080374
316703,0.01548564
316718,0.23923380
316723,0.09565981
316748,0.10686490
316756,0.01773743
316758,0.05554601
316763,0.06452025
316764,0.06700437
316768,0.01951105
316769,0.05353296
316772,0.03686123
316777,0.09150254
316781,0.03422600
316785,0.07344705
316786,0.01399775
316815,0.44990487
316816,0.07726070
316828,0.03552919
316831,0.02532195
316837,0.01050722
316843,0.02828591
316849,0.13641183
316854,0.00969978
316862,0.01226548
316867,0.00777593
316902,0.03672155
316903,0.00948075
316906,0.03033777
316914,0.02499926
316915,0.01935810
316923,0.01045394
316928,0.07671106
316930,0.02946009
316932,0.43522561
316940,0.01549284
316947,0.00766684
316948,0.02258844
316977,0.07043128
316983,0.09932536
316987,0.05027619
317003,0.03574286
317005,0.01037487
317035,0.02972123
317036,0.00997633
317043,0.07606617
317048,0.01507446
317056,0.01832664
317065,0.03140650
317079,0.01104426
317080,0.02606549
317083,0.08518841
317087,0.03120305
317103,0.01152132
317117,0.18769022
317119,0.03742461
317125,0.07870323
317126,0.08074504
317134,0.05707225
317138,0.03254673
317142,0.01050217
317150,0.00706174
317184,0.08634492
317190,0.07610928
317196,0.03241145
317197,0.05784777
317206,0.03406016
317210,0.02419904
317221,0.06039513
317226,0.07575212
317227,0.28383318
317236,0.02085782
317237,0.06629648
317241,0.00605587
317249,0.02623098
317256,0.02761003
317282,0.04251044
317294,0.02690363
317298,0.02599336
317300,0.01443705
317307,0.13939105
317311,0.02021059
317318,0.03770766
317322,0.05267498
317323,0.28704433
317332,0.01647478
317338,0.01708029
317346,0.01313017
317347,0.03089674
317349,0.08321407
317354,0.16172574
317369,0.32013127
317386,0.03311495
317389,0.00831193
317410,0.18512457
317411,0.06931303
317422,0.02022501
317434,0.01360079
317446,0.02453975
317449,0.04693654
317455,0.09058165
317469,0.00916629
317475,0.01534198
317476,0.04048618
317487,0.07863574
317488,0.03574790
317499,0.05323038
317500,0.03037092
317506,0.04973377
317515,0.06030149
317518,0.02682136
317520,0.44456945
317546,0.09378994
317549,0.03797673
317554,0.05134084
317565,0.02550031
317579,0.05109760
317591,0.05979885
317592,0.19367877
317593,0.11990263
317594,0.01571809
317601,0.16306822
317603,0.08951588
317606,0.06875351
317608,0.01493717
317611,0.03877998
317618,0.04027842
317628,0.03464994
317629,0.09489167
317642,0.06715988
317644,0.01996608
317648,0.16602236
317650,0.01374721
317665,0.05433071
317675,0.03914314
317695,0.07988858
317696,0.06399777
317704,0.07247730
317713,0.01283793
317730,0.01153351
317735,0.25741943
317736,0.04720101
317738,0.19555500
317747,0.13234124
317764,0.07556902
317765,0.09028758
317772,0.22611391
317774,0.02753423
317786,0.01730859
317788,0.01488389
317806,0.02679768
317809,0.23976747
317811,0.02535632
317814,0.09101055
317815,0.09872663
317830,0.06862094
317835,0.03439882
317843,0.06209536
317856,0.05039104
317863,0.23591616
317876,0.13667042
317889,0.03650073
317902,0.15014651
317910,0.02160927
317914,0.04130816
317933,0.01937633
317936,0.18733332
317940,0.01588989
317944,0.02362520
317952,0.03501242
317955,0.10873306
317958,0.01130475
317965,0.03380344
317966,0.13132759
317978,0.04407022
318000,0.02389185
318007,0.06489808
318008,0.12063369
318012,0.01562708
318016,0.01371774
318019,0.03609731
318020,0.01515853
318021,0.02507498
318025,0.02421263
318036,0.01572403
318044,0.01402785
318055,0.00714107
318056,0.13653998
318057,0.05133511
318065,0.06583944
318075,0.01163770
318081,0.65828016
318094,0.03800909
318096,0.01198775
318104,0.05454891
318105,0.00690371
318109,0.06823711
318113,0.01918096
318121,0.04953769
318122,0.05677435
318126,0.02901054
318127,0.07834753
318131,0.05408167
318135,0.08488626
318155,0.02519744
318156,0.01416900
318161,0.01502682
318164,0.16164245
318169,0.11486565
318173,0.13016799
318176,0.20104143
318177,0.14679420
318181,0.03166527
318187,0.01072766
318193,0.01541294
318203,0.05016515
318206,0.01724714
318214,0.02443120
318220,0.02685877
318232,0.04308195
318250,0.22559242
318251,0.11427433
318252,0.00877524
318254,0.01925427
318260,0.01779860
318261,0.00196380
318263,0.06022459
318264,0.10519527
318266,0.05534700
318267,0.03182657
318268,0.03083731
318270,0.02203159
318274,0.09256286
318282,0.05037763
318286,0.04749149
318292,0.00423696
318297,0.01402938
318320,0.09881028
318337,0.04537307
318343,0.05627306
318347,0.08828027
318351,0.13463400
318357,0.37396453
318360,0.02003027
318384,0.00699551
318385,0.01074142
318387,0.06658701
318390,0.06327894
318391,0.03791698
318393,0.01144658
318406,0.00816165
318408,0.21907391
318410,0.12209802
318424,0.07169472
318428,0.04687072
318432,0.04627051
318433,0.16200044
318445,0.14122847
318452,0.31693742
318467,0.03849844
318473,0.16280459
318480,0.07887510
318486,0.13718404
318496,0.00993193
318505,0.18915958
318511,0.03585673
318517,0.06255869
318522,0.04195187
318527,0.07665886
318530,0.02612580
318531,0.03690768
318533,0.01014753
318535,0.00888106
318536,0.02297761
318548,0.04287702
318551,0.07816412
318557,0.09971103
318576,0.01985321
318581,0.19694548
318607,0.04557041
318609,0.02172614
318615,0.45534097
318634,0.06105227
318640,0.44801107
318651,0.18484320
318657,0.11572722
318669,0.06186610
318674,0.07973303
318675,0.02297037
318686,0.06194070
318694,0.05906207
318760,0.08458357
318762,0.00468068
318763,0.00942801
318765,0.02885529
318766,0.05947844
318769,0.11953986
318775,0.16619482
318782,0.02280224
318786,0.31811309
318792,0.01523917
318801,0.10430475
318802,0.06284717
318803,0.06792635
318805,0.05433845
318813,0.10204988
318817,0.07433416
318821,0.03591481
318827,0.10022008
318834,0.24657245
318835,0.01210110
318851,0.01805687
318857,0.00835299
318862,0.01670670
318874,0.05916057
318878,0.05926455
318897,0.01145788
318909,0.22057744
318924,0.04245080
318927,0.04467423
318942,0.25212574
318946,0.04583025
318957,0.35199059
318959,0.01102604
318975,0.02188067
318982,0.01194414
318987,0.01181777
318993,0.01368002
318995,0.03377468
318996,0.00568437
318997,0.03566738
318999,0.07362493
319012,0.44856068
319014,0.17911483
319018,0.06325436
319020,0.19489402
319048,0.01670742
319052,0.08741471
319067,0.03661999
319083,0.01799064
319088,0.02273109
319089,0.05437696
319090,0.15089131
319096,0.03810091
319099,0.09241179
319108,0.01364390
319116,0.03635389
319117,0.02964092
319119,0.05262113
319126,0.44509171
319133,0.10012575
319135,0.05367866
319137,0.02784137
319143,0.07541265
319168,0.10339478
319170,0.07225485
319174,0.03672409
319181,0.00865257
319192,0.02134835
319193,0.02903493
319198,0.01898599
319211,0.02699374
319219,0.07016614
319220,0.06661829
319226,0.09070504
319240,0.02275463
319248,0.03791642
319257,0.04211701
319261,0.04849759
319264,0.02548459
319268,0.01768505
319289,0.13353148
319292,0.02738110
319295,0.03960104
319302,0.02524386
319308,0.19187113
319310,0.19144499
319313,0.02939238
319322,0.00779082
319329,0.01730732
319331,0.03888140
319334,0.14807623
319346,0.01491738
319352,0.30526170
319358,0.18501445
319363,0.01530242
319365,0.15246943
319370,0.00695760
319371,0.10945036
319372,0.04657427
319385,0.08116575
319387,0.00911861
319393,0.01214596
319396,0.05384017
319406,0.05529227
319439,0.01210621
319440,0.06314749
319441,0.20614931
319462,0.01835663
319471,0.02762579
319475,0.00722741
319476,0.14708677
319486,0.07905131
319487,0.04382277
319489,0.05582903
319491,0.05910143
319494,0.00905402
319496,0.13780412
319512,0.08435315
319519,0.01833271
319522,0.01330179
319530,0.04178344
319540,0.00984311
319547,0.03245691
319549,0.02404651
319559,0.03461422
319561,0.02234842
319566,0.02063642
319569,0.04537378
319574,0.02823064
319579,0.04473690
319580,0.07013479
319582,0.02162006
319583,0.09614225
319585,0.02331816
319598,0.04584009
319600,0.03895995
319602,0.01030128
319603,0.03447854
319604,0.02049270
319608,0.01835643
319622,0.04896940
319623,0.08732428
319625,0.04311123
319628,0.05105501
319637,0.14804565
319639,0.03647769
319658,0.01921972
319669,0.04777282
319677,0.04528951
319683,0.04370048
319688,0.03230134
319697,0.04214338
319700,0.02426675
319727,0.13880294
319747,0.04958778
319751,0.05400662
319758,0.03908718
319759,0.05206998
319765,0.00626757
319768,0.01915852
319774,0.05925874
319776,0.03291444
319777,0.01744760
319785,0.02968367
319789,0.02750670
319792,0.02828529
319799,0.01634982
319814,0.01247306
319815,0.01148715
319822,0.04183571
319829,0.03691400
319836,0.07457183
319837,0.01976023
319839,0.11305782
319843,0.02312989
319860,0.09374535
319876,0.12379026
319877,0.00504355
319887,0.06336349
319889,0.01031158
319892,0.04617832
319893,0.04740168
319897,0.06319757
319898,0.04739901
319911,0.09830822
319917,0.06675316
319923,0.02248375
319927,0.04268181
319929,0.07099154
319931,0.18756310
319948,0.04000219
319949,0.02073539
319992,0.04549033
319999,0.01580947
320001,0.07772141
320003,0.01441926
320004,0.29324556
320011,0.09566347
320012,0.04589243
320021,0.11423645
320026,0.03715793
320034,0.03481319
320041,0.29534017
320042,0.03384123
320046,0.04847793
320056,0.00538181
320062,0.02323648
320093,0.13103908
320094,0.03408056
320101,0.09636912
320114,0.05360376
320126,0.07244022
320128,0.02896641
320137,0.04595077
320149,0.03340547
320165,0.02493578
320172,0.05513907
320173,0.11440912
320175,0.22334851
320179,0.02537470
320181,0.04099745
320191,0.04015509
320192,0.02244104
320195,0.00858982
320199,0.05416408
320202,0.01815263
320203,0.17480911
320205,0.07005233
320224,0.14904506
320227,0.18853475
320228,0.03971571
320248,0.17180732
320252,0.00484123
320254,0.05969015
320259,0.05089108
320267,0.23850776
320276,0.00943843
320287,0.14309936
320291,0.01729894
320295,0.03336742
320297,0.02261543
320305,0.26024586
320321,0.29220996
320331,0.14153409
320336,0.04857173
320341,0.03505004
320344,0.06208182
320356,0.00825992
320362,0.11236825
320369,0.01372499
320379,0.03373316
320387,0.01394344
320397,0.02338558
320412,0.02829356
320421,0.04092981
320428,0.25832271
320429,0.11031410
320430,0.02317075
320434,0.04044976
320453,0.08719546
320462,0.02100622
320469,0.00824293
320475,0.03811608
320478,0.07826933
320484,0.01956739
320494,0.02315865
320499,0.01320349
320541,0.22434799
320550,0.01549164
320561,0.01699247
320562,0.05842659
320564,0.04723577
320566,0.21404831
320568,0.03263240
320593,0.01653343
320609,0.03452446
320614,0.03900248
320621,0.01025461
320639,0.24613846
320640,0.09107202
320656,0.04125071
320657,0.06138888
320670,0.02688297
320672,0.01486162
320691,0.09112995
320693,0.00902255
320698,0.08683416
320699,0.04577636
320704,0.02028408
320709,0.01594419
320711,0.01550385
320724,0.04380449
320737,0.03165187
320744,0.03730852
320747,0.04952443
320750,0.11064215
320752,0.03806998
320760,0.16817052
320765,0.30106609
320767,0.04892717
320778,0.21528150
320784,0.01029739
320789,0.07813466
320793,0.00349553
320795,0.26547271
320805,0.04498984
320806,0.26536413
320823,0.01822681
320828,0.09982371
320833,0.13204256
320843,0.01954977
320846,0.00407791
320851,0.09896227
320852,0.04946804
320869,0.01997667
320873,0.11124993
320890,0.01527581
320905,0.18400735
320912,0.04439305
320914,0.00904506
320915,0.00811365
320920,0.04889129
320924,0.03073370
320925,0.01321449
320936,0.08906813
320937,0.01637984
320940,0.02277343
320943,0.02958462
320954,0.00831540
320959,0.07560741
320960,0.01530430
320966,0.02385487
320968,0.02093892
320975,0.02725614
320978,0.00730539
320979,0.05799089
320981,0.00879803
320987,0.04572241
320989,0.08879176
321009,0.22095282
321021,0.23179572
321035,0.14943495
321038,0.03471210
321039,0.13965052
321051,0.02622465
321058,0.02143165
321066,0.26997314
321075,0.19344566
321092,0.00510905
321098,0.11794846
321107,0.16844504
321116,0.24632543
321118,0.03226963
321124,0.03028600
321131,0.03064865
321134,0.24336328
321140,0.05065264
321143,0.05724622
321145,0.00847968
321150,0.00533020
321151,0.03389772
321153,0.10510710
321154,0.04291127
321156,0.01695721
321160,0.03967097
321176,0.03782746
321183,0.04833945
321187,0.10868583
321196,0.02781261
321197,0.06595752
321204,0.14561125
321208,0.03546430
321209,0.06265775
321223,0.08999358
321226,0.01252755
321227,0.01422851
321236,0.09260249
321249,0.22492185
321250,0.02614801
321253,0.02666448
321256,0.05363551
321276,0.25941795
321298,0.01405703
321303,0.00518118
321309,0.02466790
321313,0.03784975
321322,0.21262963
321345,0.03056628
321350,0.06115303
321355,0.02785634
321358,0.04721614
321370,0.12571881
321377,0.11520383
321385,0.20453150
321398,0.07615454
321401,0.01297632
321415,0.01517708
321416,0.39584343
321419,0.02105230
321427,0.02528337
321433,0.00890438
321439,0.13104060
321455,0.06192691
321463,0.11210619
321465,0.09083006
321480,0.00496029
321486,0.02184678
321498,0.08119352
321502,0.10163068
321510,0.04418684
321524,0.05873414
321526,0.17457385
321528,0.11664772
321533,0.15406955
321536,0.02918445
321548,0.09918823
321557,0.02544663
321564,0.04266595
321567,0.01085393
321602,0.05650962
321625,0.09635077
321627,0.13882144
321640,0.05573481
321645,0.00701826
321648,0.10587898
321649,0.07622709
321652,0.03698186
321659,0.06755290
321667,0.00969502
321676,0.03025845
321696,0.03416515
321697,0.07819273
321702,0.02560934
321704,0.03134086
321706,0.01792338
321710,0.05162060
321722,0.05460742
321760,0.04385069
321770,0.07970774
321779,0.05797520
321784,0.10232193
321786,0.08747602
321792,0.03525854
321795,0.11808212
321801,0.03135309
321804,0.01311693
321806,0.10682084
321807,0.03078598
321808,0.48643910
321809,0.11945096
321825,0.12606711
321828,0.04931172
321843,0.04961522
321848,0.01381526
321854,0.07185327
321869,0.03043516
321870,0.12727457
321887,0.01357516
321896,0.04518109
321898,0.11130918
321908,0.03500259
321910,0.01513665
321915,0.18078370
321919,0.10091097
321922,0.02184228
321928,0.11090219
321929,0.07750988
321932,0.09968443
321934,0.16589561
321936,0.32583345
321956,0.01562917
321957,0.04914341
321965,0.00570096
321970,0.02051777
321974,0.00639727
321980,0.02674366
321985,0.01909606
321992,0.03084626
321999,0.01614218
322005,0.00433917
322018,0.02603742
322020,0.01440271
322021,0.10093780
322023,0.02883051
322024,0.03797394
322039,0.00893544
322054,0.05861314
322061,0.03827592
322082,0.00877171
322088,0.17052852
322093,0.08876131
322105,0.08708407
322111,0.01723344
322113,0.15171553
322117,0.01931311
322120,0.01103831
322123,0.01784467
322132,0.05947497
322136,0.12814133
322141,0.12803857
322147,0.06748168
322169,0.36720487
322170,0.40656894
322172,0.07385065
322196,0.02336032
322198,0.12664050
322217,0.03240405
322226,0.14537173
322227,0.06141450
322229,0.00729283
322242,0.02900571
322244,0.02750240
322249,0.01324928
322250,0.07674139
322253,0.04541906
322254,0.21566244
322267,0.00712269
322269,0.03580964
322274,0.21824806
322285,0.27568188
322309,0.03427885
322320,0.04145296
322327,0.02086821
322331,0.04007373
322332,0.02141521
322334,0.21251777
322339,0.09367790
322348,0.24260736
322350,0.48262696
322354,0.03436882
322356,0.02957020
322367,0.09840407
322369,0.05128626
322372,0.09039651
322374,0.01921440
322383,0.22084193
322388,0.25314529
322393,0.04691306
322395,0.03823843
322407,0.01196911
322413,0.03607772
322416,0.00976442
322419,0.02075849
322424,0.04528898
322432,0.01458954
322442,0.02105071
322447,0.02197472
322448,0.15687069
322460,0.01253764
322461,0.18467539
322468,0.01327110
322472,0.17647188
322473,0.21364783
322488,0.02643088
322490,0.03929105
322491,0.04746535
322497,0.06217355
322503,0.06564014
322521,0.14992191
322525,0.14701658
322533,0.18943199
322549,0.19601313
322561,0.22721954
322566,0.10879402
322570,0.37019867
322574,0.02914798
322578,0.01308427
322579,0.03603381
322586,0.04386339
322596,0.02946448
322598,0.05345382
322603,0.09386766
322614,0.10285019
322626,0.00871284
322630,0.12277831
322639,0.25580215
322640,0.05787793
322642,0.06069570
322651,0.08002500
322652,0.09105080
322656,0.01144469
322662,0.04860900
322664,0.05928830
322681,0.26272177
322684,0.01172736
322685,0.11333313
322711,0.24488831
322717,0.04357901
322719,0.02220434
322730,0.04923397
322740,0.02174303
322743,0.23590055
322749,0.00358535
322757,0.05420413
322759,0.08072651
322760,0.01434623
322770,0.01339611
322786,0.13427716
322797,0.07047443
322800,0.04361540
322815,0.00377533
322831,0.02162272
322835,0.16825386
322841,0.04541192
322845,0.02519522
322846,0.01533955
322851,0.08246151
322852,0.04352377
322877,0.04840731
322880,0.03608855
322893,0.07150817
322911,0.03397263
322928,0.23380855
322934,0.11395196
322938,0.15687756
322950,0.10402467
322959,0.01116527
322961,0.02673061
322965,0.12031275
322966,0.02290357
322968,0.01704567
322977,0.01800782
322979,0.05680974
322986,0.13927475
322990,0.05894901
322998,0.01740023
323005,0.01274151
323008,0.02559885
323014,0.03425333
323015,0.01486649
323025,0.07690982
323030,0.05357770
323033,0.03028441
323036,0.03267690
323043,0.05560795
323049,0.03921655
323051,0.20171368
323053,0.01146643
323056,0.03312489
323059,0.04694643
323076,0.12550147
323088,0.08989198
323108,0.45805436
323112,0.04345408
323127,0.04402982
323135,0.01982951
323137,0.03848709
323141,0.04760949
323142,0.03612528
323147,0.11222060
323150,0.15181626
323153,0.17344538
323156,0.06125682
323161,0.00856695
323171,0.04720533
323173,0.04551681
323176,0.01815134
323184,0.05543256
323189,0.06845328
323193,0.05063958
323209,0.06261379
323218,0.27071856
323224,0.21157006
323235,0.13241754
323236,0.01897933
323242,0.01277015
323252,0.04724571
323253,0.21302537
323254,0.00518366
323271,0.06283729
323276,0.05272788
323278,0.04973564
323281,0.01355743
323285,0.02390453
323289,0.03892437
323292,0.01250096
323297,0.07607841
323312,0.01100995
323318,0.00613757
323319,0.01592402
323324,0.04785436
323325,0.04895299
323328,0.10162314
323334,0.06805900
323338,0.20618209
323340,0.01751976
323343,0.09183944
323354,0.03693180
323373,0.02299078
323376,0.06524569
323381,0.06830529
323382,0.05340810
323383,0.28054434
323387,0.01945252
323394,0.06489182
323398,0.02931439
323405,0.13510978
323407,0.13037443
323428,0.32231243
323436,0.19969818
323451,0.05800527
323455,0.06847644
323463,0.03973716
323466,0.06641309
323475,0.08315669
323477,0.01331372
323481,0.00514462
323485,0.04144602
323488,0.03624851
323493,0.04813378
323494,0.04355692
323505,0.12036864
323506,0.03062754
323509,0.00831723
323518,0.02250450
323530,0.06841976
323539,0.01421892
323549,0.06600352
323557,0.03072198
323568,0.06022082
323569,0.02426224
323571,0.01838185
323573,0.15836519
323585,0.02511046
323588,0.02746831
323599,0.39425807
323615,0.00388462
323617,0.04593898
323620,0.22715154
323636,0.04637092
323665,0.02168154
323670,0.01896011
323675,0.15397476
323688,0.05317804
323693,0.00970161
323694,0.02195715
323696,0.04301168
323710,0.01956707
323716,0.09022796
323718,0.05958545
323719,0.01963831
323720,0.10576637
323722,0.14438353
323729,0.27389515
323738,0.03514369
323740,0.02696289
323787,0.01022769
323795,0.00833619
323801,0.00560702
323810,0.01815950
323822,0.06101603
323825,0.08941574
323833,0.03164794
323860,0.00281421
323871,0.00976493
323879,0.05500372
323888,0.01562040
323891,0.27224438
323894,0.11630356
323909,0.02734688
323911,0.07421221
323920,0.23136934
323923,0.08262405
323930,0.01523475
323935,0.02032963
323937,0.13699071
323938,0.02171436
323948,0.02680672
323956,0.04453363
323962,0.07239234
323964,0.03661041
323966,0.01856492
323970,0.01228630
323972,0.02507789
323977,0.02519104
323985,0.04514097
323989,0.03101813
323994,0.02177955
324010,0.06012560
324020,0.08532221
324033,0.02168764
324052,0.11784315
324055,0.05193987
324075,0.02156088
324087,0.10882347
324088,0.01134789
324091,0.03114513
324104,0.04520611
324109,0.07957422
324114,0.02642269
324118,0.02009229
324125,0.07176510
324130,0.15761031
324146,0.01566958
324149,0.01585045
324156,0.01693187
324170,0.05454909
324171,0.06079493
324172,0.01987535
324178,0.46864620
324180,0.11168930
324220,0.02376353
324222,0.01594284
324227,0.07087937
324229,0.05576947
324230,0.10141914
324235,0.10355966
324243,0.02538875
324247,0.35731956
324264,0.18507218
324269,0.04062922
324270,0.02838652
324271,0.05476465
324291,0.41676210
324293,0.01202098
324296,0.09929093
324298,0.21060098
324302,0.10119613
324305,0.00443999
324310,0.02963922
324325,0.02393458
324339,0.03728796
324345,0.04537450
324347,0.03596493
324356,0.01285572
324383,0.09575829
324387,0.07562875
324393,0.09824045
324400,0.02798762
324401,0.02016186
324412,0.12060262
324414,0.00821951
324415,0.19750116
324416,0.02904345
324420,0.15910984
324437,0.01115919
324445,0.18281147
324464,0.09895593
324472,0.04468510
324496,0.04738301
324499,0.02424536
324512,0.03567474
324544,0.08391563
324545,0.04026573
324552,0.05338150
324553,0.03745177
324558,0.13009166
324559,0.02192540
324572,0.03165331
324582,0.04181969
324595,0.28334044
324596,0.43595968
324598,0.04387387
324614,0.12214697
324620,0.42864627
324621,0.03104142
324624,0.11340655
324651,0.07303715
324655,0.33406376
324669,0.00572475
324674,0.53809009
324677,0.11340844
324681,0.07698311
324689,0.00649473
324708,0.00780851
324714,0.20751679
324716,0.18742873
324719,0.05928385
324731,0.20934475
324733,0.08782583
324741,0.16068964
324745,0.03808292
324747,0.18952546
324748,0.00744708
324764,0.13272753
324772,0.07683805
324788,0.10492596
324795,0.00892380
324801,0.01301638
324811,0.01530513
324816,0.25925781
324821,0.09270352
324825,0.00862091
324840,0.21929447
324841,0.04349491
324854,0.02645591
324866,0.00897192
324884,0.10170183
324894,0.05373558
324895,0.02276035
324913,0.02899289
324914,0.01383211
324944,0.07438823
324949,0.22928109
324978,0.03953032
324983,0.01941721
324987,0.01718990
324995,0.00620637
325000,0.01577418
325001,0.23840378
325005,0.01658902
325017,0.03481351
325019,0.05487759
325020,0.01179003
325021,0.25750323
325041,0.06106130
325063,0.53881508
325066,0.11350189
325070,0.10079166
325102,0.08499320
325117,0.05657590
325121,0.13066777
325136,0.04647749
325153,0.01881331
325157,0.02214796
325158,0.02634710
325163,0.07602568
325180,0.04558433
325181,0.03862390
325185,0.32243702
325194,0.02442977
325196,0.04788281
325206,0.01674215
325212,0.01446961
325217,0.13320043
325218,0.05349967
325223,0.03537479
325238,0.05545090
325254,0.04516377
325258,0.03718501
325268,0.01009484
325269,0.04203257
325275,0.02196669
325277,0.01455385
325282,0.02057323
325284,0.02593971
325289,0.04147451
325291,0.32625205
325300,0.03723458
325303,0.07169842
325306,0.02084319
325313,0.04068787
325316,0.06249162
325318,0.00482454
325332,0.05605968
325344,0.16597995
325354,0.05396896
325360,0.00692243
325364,0.04832939
325375,0.22061189
325377,0.00610933
325380,0.01239205
325390,0.13446727
325392,0.00771291
325395,0.15959166
325411,0.01533686
325412,0.03456919
325420,0.12026738
325424,0.01382789
325433,0.03891953
325438,0.01635191
325439,0.01148110
325443,0.07622780
325454,0.03212914
325464,0.03494290
325473,0.02920390
325476,0.01019706
325495,0.11613322
325525,0.06416449
325529,0.06306163
325552,0.06186612
325553,0.28579615
325564,0.03328254
325565,0.11697132
325580,0.05330360
325590,0.44831132
325591,0.02941306
325596,0.03810391
325601,0.02681601
325602,0.15257715
325623,0.01104352
325625,0.01902860
325641,0.20239761
325645,0.06642546
325657,0.12123070
325680,0.02474690
325691,0.05781323
325701,0.04983642
325710,0.05411152
325712,0.01663291
325714,0.03792335
325716,0.07648977
325724,0.19672531
325744,0.05301204
325751,0.29872137
325757,0.01313886
325765,0.03606127
325767,0.44248991
325770,0.23259296
325778,0.05510417
325784,0.06472268
325791,0.24627520
325809,0.17030485
325814,0.12663882
325817,0.21232833
325820,0.42220452
325822,0.11614701
325830,0.02411522
325832,0.11684455
325840,0.06042250
325849,0.09176003
325852,0.04613457
325859,0.03931762
325864,0.02148095
325865,0.15142211
325879,0.03188585
325890,0.00877398
325899,0.01534600
325908,0.03905863
325916,0.13198082
325918,0.03245316
325919,0.00975300
325922,0.01547012
325925,0.04187926
325934,0.02111187
325939,0.01309338
325942,0.03942414
325948,0.32490416
325954,0.10123751
325962,0.03803278
325966,0.15381788
325969,0.03283423
325971,0.01605480
325972,0.00980556
325976,0.06296250
325981,0.01518202
325992,0.09090516
326013,0.02689375
326017,0.01162069
326019,0.02114667
326027,0.03737293
326028,0.02476073
326033,0.09457952
326041,0.01237059
326043,0.02414477
326049,0.03258434
326054,0.01844730
326057,0.02024134
326074,0.00646451
326078,0.02730151
326083,0.02094316
326084,0.00994109
326085,0.05872590
326087,0.01559693
326088,0.17059106
326102,0.40968885
326117,0.04815884
326145,0.20380520
326150,0.04942268
326160,0.10720123
326166,0.04665588
326170,0.01345946
326180,0.01853950
326182,0.12537992
326186,0.01162209
326188,0.25490531
326190,0.23839819
326196,0.12228418
326199,0.03379620
326201,0.22005608
326204,0.01201246
326209,0.02506612
326211,0.03675855
326218,0.06752098
326239,0.03270021
326259,0.03769578
326260,0.04948354
326284,0.16752432
326289,0.04882081
326290,0.06218869
326295,0.04894045
326299,0.07908753
326305,0.02094799
326309,0.07573679
326323,0.02548997
326364,0.05919714
326369,0.01023630
326385,0.06996012
326410,0.14937154
326411,0.00247775
326418,0.02495972
326428,0.06429979
326435,0.13352487
326437,0.02204910
326438,0.03731019
326451,0.01694757
326464,0.25536250
326471,0.05249520
326472,0.28363792
326475,0.06985924
326477,0.00678262
326480,0.01650259
326486,0.04442988
326502,0.04655820
326506,0.15044655
326513,0.02097137
326516,0.02900977
326528,0.02805256
326530,0.02404955
326531,0.04681448
326532,0.01718387
326538,0.01717003
326551,0.04304579
326559,0.01917772
326576,0.08906407
326577,0.10129328
326602,0.05597189
326606,0.02561238
326618,0.11516543
326620,0.01440794
326624,0.06245397
326639,0.06977018
326647,0.39115662
326652,0.03758563
326661,0.07754593
326667,0.09910798
326670,0.17763196
326672,0.05614793
326693,0.18202848
326704,0.01947006
326723,0.05576659
326734,0.04716673
326738,0.04999505
326746,0.05045695
326753,0.02660188
326754,0.01099453
326763,0.03774335
326779,0.00984711
326785,0.05291936
326786,0.02924909
326787,0.14522002
326789,0.01034388
326799,0.00946252
326802,0.02084535
326804,0.01279260
326823,0.05487612
326827,0.07676209
326833,0.14692271
326838,0.06246369
326842,0.04186779
326856,0.28885411
326867,0.00591674
326870,0.00789679
326871,0.05492528
326875,0.02481909
326879,0.09027290
326884,0.12580165
326900,0.09142792
326904,0.00976042
326905,0.13652373
326917,0.01818108
326919,0.03738843
326921,0.33034464
326929,0.04691761
326942,0.16432115
326944,0.00533692
326953,0.11414019
326968,0.08607831
326985,0.26287714
326987,0.05610855
326988,0.04211436
326994,0.02672168
327005,0.01157617
327010,0.06663725
327017,0.05225092
327026,0.08932932
327030,0.01783541
327031,0.01388515
327045,0.11613892
327054,0.00320035
327078,0.03084344
327080,0.00814319
327087,0.48908784
327137,0.05437083
327147,0.05139886
327150,0.04786010
327153,0.12221476
327160,0.08557549
327164,0.01258472
327169,0.11696870
327187,0.18276571
327188,0.04588137
327189,0.02391016
327194,0.01615662
327196,0.15492241
327202,0.06374729
327207,0.01180241
327215,0.01181777
327216,0.35453241
327220,0.05098526
327222,0.07657829
327230,0.04672158
327231,0.35298793
327238,0.04470536
327247,0.01042800
327262,0.04567011
327265,0.05430646
327267,0.01208773
327273,0.00725605
327276,0.21659152
327280,0.11424564
327287,0.01848868
327301,0.08549878
327307,0.04105382
327309,0.10699764
327316,0.07366719
327327,0.17339682
327334,0.22938840
327335,0.14607650
327338,0.00487076
327341,0.07834408
327350,0.01437451
327355,0.01438325
327370,0.01113181
327386,0.02749225
327391,0.11503114
327393,0.13686324
327408,0.02387486
327415,0.16305963
327431,0.18080999
327445,0.01137692
327449,0.19865334
327457,0.06846250
327488,0.00448583
327489,0.03366312
327523,0.04491954
327537,0.01703296
327550,0.27976078
327556,0.01235673
327562,0.01120515
327567,0.17940429
327587,0.04879714
327594,0.04228390
327602,0.03520655
327604,0.13759937
327609,0.05210975
327618,0.02604016
327620,0.05897186
327626,0.08920087
327628,0.02078245
327629,0.06042189
327631,0.08023852
327633,0.02311729
327638,0.00655673
327665,0.01501892
327689,0.01769623
327697,0.03968329
327702,0.04668196
327704,0.09145530
327723,0.06338463
327726,0.01601519
327732,0.11265607
327739,0.09958542
327750,0.01118699
327751,0.03528027
327765,0.08302732
327766,0.01222904
327771,0.06243335
327772,0.26343767
327774,0.06204618
327784,0.01704441
327789,0.00571190
327794,0.02192333
327799,0.11070802
327803,0.12331344
327817,0.03005435
327819,0.04537498
327823,0.05326618
327828,0.71545847
327834,0.12208526
327835,0.02888669
327866,0.31202526
327871,0.02619248
327886,0.06865574
327900,0.10451937
327901,0.24962893
327904,0.01186835
327906,0.16754796
327908,0.02636399
327909,0.00691086
327914,0.38731185
327917,0.10555259
327928,0.08229519
327947,0.01525683
327949,0.05277400
327952,0.03695612
327954,0.02128337
327962,0.05604040
327964,0.25209331
327985,0.02143506
327996,0.02497657
327997,0.05027151
328013,0.01189464
328017,0.05687479
328027,0.05421985
328029,0.15941680
328042,0.07058918
328043,0.02732602
328064,0.10867739
328072,0.01742783
328074,0.15675467
328080,0.01314529
328086,0.06929914
328122,0.03596146
328126,0.00480597
328127,0.07140471
328142,0.00806487
328144,0.02697089
328150,0.06627443
328154,0.16869983
328160,0.02468189
328171,0.05603122
328179,0.02656928
328192,0.01060607
328195,0.03151562
328196,0.03870047
328201,0.01317050
328203,0.04309158
328217,0.02281008
328218,0.01465642
328228,0.04863909
328231,0.05609074
328246,0.06513912
328252,0.06014998
328255,0.07726668
328264,0.01615964
328281,0.05249676
328282,0.00399653
328291,0.06667828
328303,0.02253385
328305,0.21483520
328313,0.03078494
328336,0.12789882
328340,0.02080092
328343,0.03287311
328368,0.59851030
328372,0.01994073
328381,0.06699138
328383,0.03385879
328385,0.01171868
328393,0.02264642
328395,0.03773049
328409,0.00975271
328424,0.03026354
328427,0.03228421
328456,0.04549939
328463,0.10675729
328489,0.08245346
328491,0.02607136
328509,0.01769092
328516,0.23762198
328524,0.01094346
328535,0.07538128
328536,0.01730461
328539,0.05361458
328542,0.41743400
328545,0.39200280
328549,0.06057835
328554,0.04059933
328558,0.10214013
328571,0.04655689
328576,0.02797812
328578,0.06733205
328588,0.18734458
328601,0.01738752
328604,0.07078720
328624,0.00680121
328629,0.13455036
328632,0.01420012
328634,0.03712060
328636,0.06759003
328637,0.04717782
328647,0.05190797
328668,0.00788604
328669,0.00896514
328678,0.03573276
328684,0.04544747
328694,0.04878370
328705,0.06039535
328712,0.03035781
328720,0.02578413
328729,0.19352579
328730,0.02764104
328733,0.01778359
328758,0.15615174
328761,0.01292125
328764,0.03182329
328777,0.02246436
328783,0.07151287
328813,0.04498344
328819,0.02935062
328826,0.02893191
328829,0.07580967
328834,0.02486271
328845,0.00654571
328856,0.10138379
328865,0.04425024
328868,0.16193816
328878,0.22429083
328896,0.02001758
328899,0.00629576
328909,0.07131301
328914,0.00287879
328926,0.01978371
328934,0.03061692
328935,0.01441602
328949,0.04553817
328954,0.02262957
328957,0.01465384
328968,0.13085021
328974,0.02028820
328984,0.00466969
328991,0.02818973
328997,0.04687153
329000,0.03789848
329005,0.03653196
329007,0.05230921
329018,0.10525375
329034,0.09819755
329051,0.11236565
329052,0.05246590
329055,0.14609613
329062,0.12846022
329064,0.12879621
329070,0.18293864
329075,0.02200120
329078,0.13708480
329081,0.00943672
329086,0.09097095
329101,0.02252025
329105,0.29228722
329113,0.13577750
329119,0.06721466
329133,0.03369652
329135,0.03197292
329138,0.02623059
329143,0.02338521
329157,0.09304203
329165,0.05183624
329170,0.02093986
329176,0.08517870
329177,0.07544887
329179,0.03796938
329196,0.09125184
329209,0.05863637
329219,0.23018452
329241,0.01988661
329245,0.15389737
329248,0.01748319
329249,0.02929403
329251,0.01169201
329252,0.01774290
329256,0.04993344
329261,0.05192970
329264,0.22148359
329297,0.10843580
329310,0.04334752
329320,0.02507627
329328,0.00820832
329340,0.12515020
329347,0.02709910
329351,0.06856728
329356,0.02720448
329360,0.49732272
329364,0.03120531
329365,0.01301955
329381,0.04938084
329383,0.17597986
329385,0.06489834
329388,0.03992959
329390,0.02674810
329393,0.06434751
329403,0.07276670
329409,0.02141828
329418,0.34554274
329428,0.02068705
329433,0.03141154
329439,0.03048111
329459,0.01785170
329463,0.06638892
329475,0.05254935
329479,0.05208363
329494,0.04678171
329500,0.16023843
329503,0.00880871
329512,0.00335899
329514,0.14613419
329521,0.09455476
329526,0.10010242
329531,0.00853597
329534,0.09393376
329545,0.07397613
329553,0.01726275
329569,0.02936515
329571,0.03301885
329580,0.03226136
329585,0.03930681
329588,0.12406818
329603,0.07039706
329605,0.03881808
329611,0.04099464
329613,0.09252206
329615,0.08213517
329618,0.07783198
329623,0.01612623
329626,0.07057687
329678,0.02141119
329690,0.03340698
329693,0.06600278
329698,0.11711779
329700,0.00748485
329706,0.01372754
329709,0.06175869
329713,0.09965642
329716,0.02554227
329717,0.01428398
329719,0.03599325
329720,0.01693984
329737,0.00963221
329741,0.06208612
329742,0.00885732
329749,0.06266583
329765,0.04457366
329771,0.02820635
329775,0.02170176
329779,0.03387277
329781,0.05327590
329788,0.03636282
329798,0.14128272
329799,0.00786626
329810,0.14735170
329811,0.02020422
329812,0.01292345
329819,0.06699915
329822,0.03322752
329826,0.02880488
329843,0.04211388
329846,0.01060681
329856,0.06911681
329871,0.02361606
329882,0.02498417
329885,0.04767057
329893,0.06221710
329898,0.01783462
329903,0.11871252
329916,0.05524809
329918,0.01831984
329934,0.01690002
329942,0.05929316
329949,0.03920873
329958,0.13245981
329965,0.04738575
329969,0.01974984
329972,0.05853779
329981,0.24620484
329988,0.02651166
329989,0.06851429
330004,0.29421590
330006,0.21585570
330014,0.09310362
330025,0.20373608
330040,0.01052692
330047,0.06893213
330070,0.04884466
330074,0.01096287
330075,0.01774759
330085,0.04320805
330095,0.09820016
330106,0.05860459
330119,0.01581213
330122,0.03838017
330129,0.20778966
330145,0.17867842
330148,0.01385612
330154,0.03500453
330156,0.01124337
330162,0.06447685
330164,0.03726895
330187,0.04587540
330188,0.04333885
330189,0.03055129
330192,0.01403401
330193,0.01969122
330200,0.06363610
330205,0.03478283
330207,0.05187073
330220,0.01644368
330228,0.28431782
330243,0.06579715
330245,0.04621782
330270,0.02585650
330272,0.04879083
330279,0.03394951
330288,0.24057930
330289,0.04790040
330299,0.01247089
330308,0.02332601
330314,0.08560930
330317,0.04896497
330322,0.01231750
330332,0.09283018
330356,0.06332951
330358,0.04356616
330360,0.00723564
330363,0.07521489
330364,0.06731154
330368,0.01917853
330376,0.01422014
330378,0.05105753
330381,0.04314828
330386,0.10815936
330387,0.00890075
330395,0.07315670
330396,0.02958148
330406,0.03491490
330423,0.04112410
330430,0.01779172
330467,0.04693790
330469,0.01140505
330473,0.06999808
330479,0.08368001
330486,0.13349533
330523,0.29608922
330524,0.08491961
330540,0.07929506
330564,0.03227869
330565,0.08853089
330567,0.06250775
330568,0.03734687
330602,0.03567215
330616,0.05543293
330617,0.00864570
330625,0.08810515
330635,0.01549515
330636,0.06099088
330639,0.02851395
330661,0.04542444
330666,0.01218748
330670,0.00355772
330682,0.03574886
330690,0.00741007
330708,0.04919432
330726,0.02611301
330730,0.02231458
330765,0.01409299
330776,0.03733439
330789,0.01480280
330791,0.01032376
330803,0.06637038
330805,0.01022103
330807,0.02554873
330821,0.00699756
330822,0.02980338
330836,0.04749879
330837,0.02103034
330839,0.04757481
330840,0.00751564
330861,0.06551090
330878,0.04180388
330881,0.00401728
330888,0.01980842
330890,0.04771643
330903,0.16913065
330904,0.03020216
330905,0.03802678
330907,0.03739406
330915,0.00619270
330921,0.09793155
330922,0.05162098
330925,0.01774781
330942,0.06709667
330945,0.07442701
330957,0.06600530
330965,0.04012210
330973,0.10210118
330979,0.01581110
330981,0.03378715
331005,0.05007396
331018,0.09683479
331026,0.00513622
331032,0.00346247
331033,0.05649613
331036,0.00768538
331037,0.01416337
331048,0.02995182
331054,0.12552693
331058,0.03357319
331063,0.03467513
331077,0.04236468
331079,0.00637481
331081,0.09336166
331082,0.01517067
331090,0.00940088
331110,0.00916619
331127,0.17338440
331141,0.02730711
331153,0.14278580
331165,0.05715508
331171,0.07147586
331179,0.05669106
331191,0.15998687
331193,0.06460767
331197,0.01892748
331204,0.02416186
331207,0.26862784
331212,0.01503852
331220,0.16129067
331242,0.07629678
331244,0.15872233
331273,0.02700192
331281,0.01952364
331289,0.01833179
331293,0.05595221
331294,0.03963114
331299,0.01992704
331300,0.01083930
331302,0.03430545
331322,0.03866529
331334,0.03350655
331347,0.01284119
331353,0.03615489
331361,0.01559948
331370,0.00905867
331379,0.04137852
331382,0.09542691
331388,0.27590325
331390,0.01954938
331400,0.03064409
331411,0.02954392
331431,0.00638140
331451,0.01947220
331455,0.03926846
331456,0.00556085
331461,0.02000246
331468,0.07805633
331480,0.29311664
331491,0.05250284
331505,0.16202772
331508,0.01580957
331517,0.01857602
331519,0.10052410
331526,0.02077021
331530,0.04882985
331533,0.03934289
331554,0.13466068
331579,0.02825187
331590,0.00648456
331599,0.05287812
331604,0.03918616
331605,0.05530291
331611,0.01862966
331616,0.41855203
331620,0.00416047
331623,0.04768541
331641,0.01732250
331645,0.02268552
331657,0.11587394
331662,0.02036544
331678,0.00324644
331684,0.02786836
331686,0.25200006
331691,0.04437698
331697,0.40103129
331707,0.07038796
331709,0.00426072
331716,0.04494164
331719,0.04153287
331729,0.01408138
331735,0.02246054
331743,0.02430162
331761,0.09237269
331772,0.08450507
331777,0.02088968
331794,0.07656220
331813,0.08310988
331818,0.10489212
331834,0.02606934
331848,0.03978201
331849,0.05301636
331868,0.03930451
331875,0.03893388
331879,0.03171017
331886,0.01078443
331888,0.03727980
331891,0.02824158
331903,0.01257423
331905,0.04360578
331913,0.02253720
331914,0.00742272
331937,0.01502746
331938,0.02102870
331939,0.11228437
331944,0.02947456
331948,0.14735960
331968,0.01253836
331976,0.38397428
331977,0.10569467
332007,0.07964541
332014,0.01869756
332017,0.02640585
332027,0.05995044
332033,0.02015980
332041,0.01796615
332042,0.16017081
332047,0.02007885
332050,0.04646340
332056,0.01394327
332071,0.00247142
332075,0.26661109
332076,0.01928972
332077,0.03039170
332083,0.06155484
332093,0.33399850
332111,0.05005638
332119,0.02761676
332121,0.03658870
332135,0.07328811
332144,0.19545075
332147,0.03580288
332155,0.04947091
332156,0.00961903
332164,0.13456780
332166,0.01277547
332170,0.07147423
332180,0.21306790
332181,0.26582025
332184,0.14308085
332192,0.10097542
332204,0.02825925
332225,0.03270117
332234,0.03740734
332243,0.03512965
332253,0.20184341
332261,0.03671998
332266,0.05155752
332270,0.04660806
332285,0.31115010
332290,0.00589057
332296,0.02269550
332298,0.06324636
332302,0.04228590
332303,0.00887445
332317,0.01617822
332318,0.06208420
332327,0.05615313
332337,0.09912084
332351,0.08095737
332373,0.03932461
332377,0.01621002
332384,0.04094280
332398,0.02880535
332404,0.08575670
332405,0.02902020
332454,0.03226331
332456,0.05642069
332464,0.19299650
332468,0.04628019
332476,0.04101869
332482,0.01851084
332483,0.06916483
332508,0.02081044
332519,0.42777735
332529,0.19150391
332537,0.14443487
332545,0.21272988
332551,0.07746734
332552,0.12427768
332570,0.02021704
332574,0.15255345
332579,0.08109569
332607,0.01333108
332618,0.12752808
332626,0.07492700
332628,0.01150220
332645,0.02434801
332652,0.26771247
332666,0.05935351
332694,0.08823601
332697,0.10503214
332698,0.00693914
332700,0.04194736
332708,0.09162462
332714,0.01854154
332722,0.02186764
332724,0.03216889
332730,0.02356565
332741,0.02821503
332746,0.03012026
332754,0.07630643
332756,0.06320200
332759,0.01464311
332764,0.50784723
332786,0.03897004
332790,0.00557211
332816,0.01107383
332821,0.06489757
332827,0.02108002
332829,0.00950744
332831,0.00436813
332833,0.11006834
332834,0.03282755
332837,0.00902214
332846,0.05521751
332860,0.05398769
332861,0.03522372
332865,0.11338838
332882,0.09290387
332897,0.13969155
332901,0.02510750
332904,0.01878466
332910,0.61965452
332911,0.03630308
332912,0.11659992
332939,0.03931565
332940,0.01021490
332952,0.01150537
332956,0.01885760
332957,0.05455588
332958,0.01121074
332961,0.10810491
332967,0.14663315
332974,0.05143426
332993,0.00913037
333007,0.04380799
333012,0.19729262
333020,0.03533407
333021,0.04455651
333035,0.02265536
333040,0.20491042
333061,0.00533246
333073,0.01310297
333078,0.10120397
333085,0.04379379
333086,0.07466374
333096,0.28020816
333100,0.04073901
333112,0.05043933
333114,0.00521896
333120,0.21985866
333142,0.00798811
333152,0.02617311
333159,0.13410826
333178,0.01904610
333179,0.03939003
333187,0.02404740
333191,0.05512649
333192,0.02263727
333199,0.03519268
333211,0.01773405
333224,0.01425898
333237,0.30331051
333238,0.01601953
333262,0.00795159
333268,0.04518266
333275,0.04412694
333289,0.08181330
333292,0.37757856
333303,0.04312646
333305,0.09436993
333312,0.02005792
333316,0.10457237
333335,0.04595671
333354,0.03225355
333356,0.00679239
333358,0.06551492
333376,0.00897259
333378,0.02103308
333380,0.03589684
333381,0.13103330
333388,0.01991419
333392,0.00447566
333406,0.41213603
333410,0.03631772
333411,0.03567833
333412,0.07704674
333428,0.01588972
333432,0.01729634
333435,0.07830079
333442,0.02555545
333452,0.02887665
333455,0.19452872
333456,0.04606044
333459,0.03422915
333464,0.13165118
333466,0.09884538
333469,0.02619516
333475,0.02763275
333476,0.00763028
333477,0.11646138
333487,0.02420689
333490,0.01166929
333497,0.32060551
333499,0.00795802
333500,0.08469877
333501,0.05249521
333503,0.00461164
333513,0.09055282
333518,0.01424420
333544,0.06286628
333546,0.18518943
333563,0.24169190
333566,0.08343695
333568,0.13057018
333570,0.03187305
333573,0.00987658
333574,0.01664389
333584,0.01734870
333589,0.04032441
333594,0.06328139
333596,0.00746485
333597,0.02880576
333615,0.03148017
333621,0.02920430
333622,0.02416044
333629,0.07919690
333651,0.06374526
333653,0.12035180
333664,0.01306301
333680,0.00884455
333687,0.17494368
333688,0.03385967
333689,0.39152119
333693,0.04915443
333695,0.01059735
333706,0.02656192
333709,0.10090711
333713,0.07737788
333734,0.02241383
333745,0.20323743
333752,0.05206588
333764,0.02154083
333780,0.02873643
333789,0.17483873
333791,0.01497208
333795,0.17414575
333799,0.15546292
333801,0.04419903
333802,0.07821228
333803,0.08589006
333810,0.03247030
333837,0.02441636
333842,0.11902201
333843,0.08890220
333845,0.01979077
333852,0.13075534
333859,0.02154570
333885,0.23732286
333896,0.03459115
333904,0.05414787
333908,0.01117747
333913,0.08726216
333927,0.02328453
333930,0.03443478
333935,0.01022858
333952,0.04775245
333953,0.06062116
333966,0.06771728
333968,0.00587286
333988,0.02386480
334013,0.01360731
334027,0.17338933
334030,0.02210929
334032,0.17184832
334033,0.01444326
334042,0.01267077
334045,0.08333288
334053,0.02563954
334055,0.01667608
334058,0.01452503
334063,0.07850578
334070,0.01833905
334074,0.01202115
334080,0.09047411
334086,0.01025677
334092,0.02425818
334099,0.02364437
334101,0.01108375
334103,0.05002380
334104,0.25253878
334109,0.37974868
334125,0.05556381
334130,0.11141877
334138,0.12310146
334161,0.03024213
334164,0.02820683
334169,0.03832580
334171,0.00356658
334185,0.02461344
334186,0.03452149
334209,0.03567564
334211,0.06671494
334230,0.01583700
334231,0.22098279
334237,0.16004775
334241,0.17414363
334244,0.23742133
334247,0.02927891
334250,0.01328918
334252,0.02500472
334273,0.01064057
334282,0.01766834
334285,0.10125216
334286,0.01868072
334292,0.06142132
334296,0.02277726
334299,0.02026586
334300,0.06592606
334305,0.01686555
334307,0.13696474
334311,0.03339755
334315,0.03431769
334343,0.06061455
334344,0.05259936
334345,0.05306651
334350,0.03660392
334353,0.00870613
334365,0.04421792
334372,0.04090758
334374,0.02330785
334375,0.03580732
334382,0.11088773
334387,0.00639138
334391,0.29414972
334397,0.07048313
334407,0.03453217
334415,0.03298495
334417,0.03848435
334419,0.09334610
334431,0.02362334
334435,0.31669964
334446,0.38301140
334447,0.02988278
334457,0.00815903
334459,0.07625056
334471,0.00908233
334474,0.03520423
334481,0.01626759
334483,0.01187247
334486,0.05806543
334490,0.47238611
334492,0.10482205
334494,0.04275618
334512,0.04089783
334522,0.00575174
334527,0.01020601
334534,0.01154727
334537,0.01428419
334539,0.03380233
334552,0.03794264
334555,0.17066515
334565,0.16545304
334580,0.02400726
334585,0.03752459
334589,0.06535743
334594,0.08737566
334600,0.00974257
334603,0.01742111
334613,0.06518908
334621,0.10879182
334628,0.02882238
334631,0.07061000
334634,0.08634971
334635,0.11899464
334659,0.02088504
334660,0.01751581
334664,0.03168597
334671,0.04548530
334693,0.03185724
334695,0.07840807
334703,0.12988369
334718,0.08586914
334728,0.42553412
334732,0.21534839
334733,0.06226139
334735,0.02037707
334748,0.02016487
334756,0.15226585
334764,0.08725369
334766,0.03461640
334787,0.01044952
334803,0.01343454
334806,0.06872690
334817,0.16960391
334825,0.03738518
334831,0.11084276
334836,0.05208580
334845,0.05854982
334857,0.01618022
334868,0.02189308
334871,0.01360662
334873,0.06037990
334881,0.05363117
334886,0.01262245
334898,0.07686631
334899,0.04868321
334901,0.04390913
334916,0.04038758
334923,0.18457498
334933,0.07460728
334938,0.30584919
334955,0.14776917
334963,0.39908963
334974,0.05860382
334986,0.01737633
334994,0.03127908
334995,0.07640791
335001,0.03232383
335005,0.06050800
335009,0.01774411
335014,0.06136316
335015,0.01189858
335017,0.29910209
335025,0.11185459
335027,0.10779717
335055,0.10913073
335058,0.04279611
335072,0.04023089
335073,0.03301362
335081,0.06960346
335091,0.00777293
335096,0.00674561
335097,0.05808488
335099,0.05879737
335113,0.00961800
335136,0.04923871
335140,0.03188142
335141,0.02202111
335143,0.45938275
335155,0.06976360
335170,0.03896544
335176,0.03154546
335181,0.01791321
335183,0.06773596
335192,0.03544075
335196,0.16911891
335198,0.02060123
335203,0.03484500
335204,0.31529303
335218,0.03619955
335222,0.03117598
335223,0.19042474
335229,0.03273152
335231,0.09999236
335236,0.08908395
335253,0.27764829
335257,0.06136856
335262,0.01176953
335263,0.08949608
335273,0.03581208
335276,0.04693236
335278,0.00844760
335295,0.01751907
335301,0.00976778
335303,0.00663291
335305,0.14516212
335310,0.06188969
335313,0.00433060
335314,0.02533597
335319,0.03711001
335321,0.06585970
335331,0.04167022
335332,0.01840004
335333,0.04450563
335337,0.11476971
335342,0.02031891
335347,0.04731141
335351,0.03893513
335356,0.02486967
335366,0.06268483
335369,0.01493614
335377,0.12133835
335388,0.10580444
335395,0.07423275
335397,0.03157519
335411,0.03399116
335419,0.01620089
335425,0.05797874
335427,0.06397910
335443,0.00614985
335446,0.01103323
335448,0.03039966
335451,0.14731712
335458,0.03511327
335459,0.03731533
335460,0.11715650
335463,0.02900798
335471,0.06083051
335477,0.00651875
335478,0.11679673
335484,0.01583575
335490,0.24047239
335495,0.11002620
335506,0.08138349
335507,0.10387996
335518,0.02324421
335533,0.01218261
335537,0.11637742
335538,0.03605248
335549,0.09861289
335553,0.15516958
335561,0.09994169
335564,0.00678453
335573,0.06530454
335577,0.02003595
335579,0.00860325
335585,0.03211865
335590,0.10120964
335594,0.02006580
335598,0.02252382
335601,0.03052881
335608,0.02231449
335616,0.16578762
335640,0.02809556
335645,0.17834961
335653,0.02724482
335683,0.01722365
335692,0.03758609
335713,0.00388591
335726,0.00813996
335727,0.23896487
335728,0.01931993
335732,0.01816720
335736,0.04770261
335747,0.02011522
335754,0.02358618
335755,0.01731502
335761,0.06178314
335775,0.02969320
335778,0.08612842
335779,0.06192356
335787,0.00971200
335805,0.02230633
335807,0.02625941
335808,0.04898459
335815,0.09883645
335818,0.00943724
335835,0.09051878
335849,0.01573820
335850,0.04786498
335851,0.03710710
335852,0.01870448
335856,0.02591806
335857,0.06332842
335863,0.09770866
335871,0.03260524
335879,0.04865149
335885,0.02422812
335887,0.25606892
335893,0.15588171
335906,0.08762262
335912,0.00970161
335921,0.01736329
335944,0.07849544
335952,0.12829882
335955,0.02138320
335956,0.01483993
335957,0.10243593
335958,0.03086759
335962,0.11584785
335963,0.04041805
335964,0.03090141
335971,0.01065661
335973,0.03054439
335975,0.07690686
335981,0.02510903
335983,0.26408128
336016,0.06684890
336038,0.02525130
336039,0.02390917
336041,0.05295004
336061,0.05436021
336063,0.01292677
336067,0.01700915
336071,0.06637721
336089,0.05415313
336095,0.11965211
336096,0.07031041
336101,0.00470481
336117,0.01636220
336118,0.02841926
336120,0.29098478
336137,0.01058859
336155,0.03470204
336156,0.41341937
336159,0.01306710
336178,0.12294240
336183,0.45441292
336194,0.00811485
336195,0.10962194
336199,0.00641855
336209,0.05339937
336213,0.03409019
336214,0.03027526
336215,0.00776724
336220,0.01389343
336253,0.01177812
336260,0.16124462
336263,0.03410906
336265,0.07469586
336273,0.03150235
336277,0.02567626
336280,0.03351404
336295,0.05620758
336308,0.00714868
336309,0.01575253
336316,0.06882342
336319,0.10876512
336321,0.00998404
336322,0.13736461
336323,0.06880515
336340,0.02451987
336344,0.12033750
336352,0.03341611
336361,0.11047664
336367,0.01780985
336382,0.07166078
336383,0.04340934
336393,0.03958840
336407,0.05657347
336413,0.01380829
336418,0.18362219
336426,0.02529938
336427,0.02355383
336436,0.00760127
336443,0.02359323
336445,0.05582167
336447,0.01354259
336451,0.05528984
336464,0.01418174
336484,0.03648196
336491,0.07327920
336492,0.02224789
336493,0.03483675
336494,0.01791714
336499,0.01311919
336524,0.00267810
336527,0.03109477
336534,0.34739999
336544,0.02831478
336553,0.19204124
336558,0.02635317
336565,0.01701923
336569,0.17759333
336580,0.04911087
336586,0.01682652
336592,0.04293608
336604,0.04739561
336610,0.07703125
336623,0.04260180
336634,0.08590710
336635,0.05274612
336641,0.11383763
336660,0.02858071
336673,0.04201538
336686,0.04403119
336693,0.01129714
336701,0.02102495
336704,0.03551716
336711,0.07090643
336715,0.02834273
336717,0.01297630
336722,0.03533159
336724,0.02829671
336741,0.09973346
336745,0.02158294
336757,0.07886648
336764,0.19526159
336767,0.03067987
336783,0.04110039
336786,0.12039220
336791,0.00488231
336792,0.35690587
336813,0.08706857
336822,0.26597144
336823,0.11705715
336832,0.03010552
336843,0.03607213
336858,0.09700247
336870,0.13345286
336876,0.03352559
336885,0.05239366
336887,0.12974310
336891,0.01166012
336903,0.01990665
336916,0.11183387
336917,0.02571773
336922,0.02058934
336925,0.01134624
336931,0.24521545
336938,0.02599303
336950,0.22606114
336955,0.04203890
336956,0.03041397
336959,0.06357850
336966,0.22824109
336971,0.04946991
336978,0.02020854
336983,0.01809157
336986,0.01126027
336996,0.09370274
337003,0.19834079
337007,0.03363133
337029,0.07312711
337034,0.01905402
337039,0.01347597
337057,0.14440774
337058,0.04279883
337062,0.12898131
337080,0.01652234
337087,0.00458111
337105,0.01541744
337108,0.02914113
337120,0.06718744
337125,0.11725267
337142,0.01437310
337159,0.06374092
337160,0.04468095
337168,0.02888456
337170,0.02299523
337171,0.01447958
337178,0.06924321
337188,0.04383863
337191,0.02955010
337200,0.01319637
337207,0.03780056
337210,0.02785062
337218,0.00902259
337221,0.06173929
337237,0.00758292
337241,0.25752284
337244,0.11897494
337273,0.11916665
337294,0.05469408
337295,0.01362978
337298,0.01516487
337310,0.00690256
337326,0.02795197
337338,0.75994743
337343,0.07770368
337360,0.02785192
337369,0.31382375
337375,0.18166168
337386,0.01769942
337388,0.44058489
337405,0.02528115
337408,0.01597518
337412,0.00756003
337416,0.03471874
337418,0.07159110
337442,0.23078473
337449,0.01928507
337457,0.00835386
337460,0.02339836
337474,0.04726362
337499,0.05661665
337506,0.05597693
337512,0.09884964
337527,0.13174937
337528,0.01778973
337530,0.03046210
337539,0.13925531
337546,0.01767226
337551,0.05713604
337569,0.03867711
337576,0.02566833
337582,0.03973942
337590,0.09383165
337599,0.03036857
337600,0.29907807
337601,0.34986497
337608,0.01091435
337614,0.16726073
337619,0.10014137
337625,0.23422957
337629,0.06068370
337635,0.03689954
337642,0.05250803
337663,0.22584971
337665,0.18546655
337668,0.00905010
337700,0.07428474
337746,0.01230030
337761,0.00777424
337779,0.08936413
337788,0.03450094
337790,0.03417329
337793,0.02288335
337802,0.07298777
337807,0.04136543
337821,0.09581403
337840,0.01540654
337846,0.10262639
337848,0.29671929
337864,0.03484426
337866,0.04355598
337868,0.01451859
337878,0.00648817
337890,0.07833146
337896,0.06210465
337901,0.04786138
337905,0.05946022
337914,0.18154816
337953,0.00825403
337969,0.00686844
337984,0.01993497
337995,0.04750231
338009,0.02100245
338018,0.03496928
338022,0.02772804
338028,0.09109589
338029,0.06401017
338044,0.00408089
338050,0.04851173
338052,0.11057268
338073,0.15225705
338076,0.01172365
338084,0.01267987
338086,0.00939174
338094,0.03574998
338097,0.07412517
338099,0.05919507
338126,0.02722597
338127,0.29815069
338137,0.22646308
338146,0.00612096
338161,0.01948778
338164,0.04807350
338174,0.00537284
338179,0.29922416
338181,0.05887544
338188,0.00666918
338189,0.06128545
338193,0.04219690
338199,0.01334892
338202,0.11929325
338204,0.06498485
338210,0.06170453
338229,0.04200812
338240,0.08991985
338250,0.03126959
338253,0.25875018
338254,0.01533150
338268,0.04206355
338290,0.04648045
338293,0.04886459
338297,0.04520188
338301,0.02987042
338306,0.02593598
338314,0.01948627
338318,0.01570835
338325,0.04656776
338340,0.05915717
338341,0.07627182
338351,0.01918187
338352,0.26332439
338368,0.02888791
338381,0.01243888
338404,0.00562573
338409,0.04388294
338417,0.02351429
338418,0.04754495
338426,0.00688536
338431,0.04666692
338435,0.02860884
338463,0.05880168
338465,0.01987849
338467,0.08337920
338479,0.17523847
338495,0.05587282
338510,0.05063979
338526,0.02417366
338528,0.08473610
338530,0.01930420
338539,0.01077178
338543,0.04580522
338554,0.01276750
338557,0.07460346
338581,0.17531147
338589,0.05259049
338595,0.31408365
338597,0.02372317
338604,0.11230254
338607,0.01438903
338613,0.00554597
338615,0.01198981
338628,0.06163866
338636,0.11224981
338642,0.00288543
338669,0.04949837
338671,0.03509508
338675,0.16246052
338676,0.32564657
338690,0.02761067
338696,0.05812532
338702,0.40397365
338703,0.00971534
338709,0.06716374
338719,0.07091889
338725,0.17278450
338727,0.02393683
338732,0.01065537
338749,0.01821843
338773,0.04125616
338774,0.02231970
338784,0.11056208
338789,0.01876051
338792,0.12254823
338804,0.06711793
338808,0.12215392
338822,0.00768990
338824,0.03969748
338833,0.04955288
338836,0.10322065
338840,0.19186925
338842,0.08868925
338843,0.03243947
338847,0.03121963
338849,0.29578859
338857,0.05835367
338860,0.06256343
338872,0.08836394
338874,0.08302608
338878,0.06735579
338895,0.02990533
338896,0.14392596
338904,0.13203334
338920,0.06388606
338931,0.02299888
338938,0.01598608
338955,0.04868092
338962,0.01124264
338969,0.20735454
338976,0.05778720
338994,0.01508143
339011,0.01360509
339014,0.04647680
339017,0.01835503
339018,0.36664557
339030,0.02321388
339038,0.00281094
339060,0.00832144
339079,0.03719129
339082,0.01412757
339099,0.02147746
339103,0.01796166
339105,0.02056229
339107,0.00736784
339121,0.29355045
339148,0.05205268
339152,0.02000678
339154,0.07218992
339170,0.24551752
339186,0.02072981
339187,0.02408331
339193,0.04552643
339196,0.10480447
339199,0.02567552
339203,0.30173355
339216,0.15790971
339228,0.04000062
339232,0.12452956
339237,0.01315211
339240,0.03830771
339242,0.02157269
339245,0.01434638
339252,0.03681312
339256,0.01518044
339258,0.07642211
339260,0.01661544
339263,0.07795837
339268,0.05305825
339269,0.08117257
339286,0.25472334
339304,0.01501355
339307,0.05055533
339317,0.02478772
339330,0.14597096
339346,0.22820206
339380,0.01802522
339381,0.03820454
339382,0.04260392
339391,0.01458415
339396,0.02010064
339406,0.02960946
339407,0.03307678
339409,0.10570025
339410,0.03375810
339425,0.03123527
339427,0.03176875
339433,0.06859911
339443,0.01720704
339449,0.05317997
339452,0.04645132
339453,0.05705883
339455,0.02729914
339457,0.05005361
339477,0.02067545
339483,0.06809084
339487,0.26303803
339490,0.00400654
339518,0.05884062
339523,0.09639384
339529,0.01237311
339541,0.10544103
339544,0.15110749
339546,0.19585704
339559,0.16921978
339563,0.01163418
339573,0.02956269
339591,0.02058491
339593,0.06926572
339599,0.03919646
339604,0.13228168
339615,0.02596019
339621,0.01434146
339625,0.20864387
339642,0.07439648
339647,0.28699985
339650,0.08671977
339656,0.02212554
339659,0.03990741
339681,0.10876312
339683,0.08585397
339684,0.04664147
339689,0.10068341
339694,0.01286840
339699,0.12943274
339718,0.05465680
339727,0.03778395
339735,0.02876786
339736,0.02722717
339745,0.01429640
339755,0.05663093
339758,0.01557817
339770,0.00394374
339772,0.02437398
339778,0.03839127
339786,0.04540320
339787,0.19979995
339788,0.11543970
339799,0.07639751
339814,0.01870476
339837,0.01186310
339842,0.03843657
339845,0.05500594
339852,0.07965664
339857,0.16631903
339864,0.02124319
339872,0.03684462
339873,0.00241076
339874,0.04161177
339875,0.05794038
339879,0.13468911
339884,0.02096533
339888,0.05236869
339891,0.08835950
339905,0.03807846
339920,0.04706875
339934,0.09729020
339938,0.08164262
339948,0.00486249
339949,0.02515346
339953,0.01215870
339954,0.08933292
339957,0.03572902
339958,0.19070696
339971,0.03988831
339975,0.04901278
339978,0.01083678
339984,0.01998736
339993,0.03270944
340009,0.05931015
340012,0.02395610
340019,0.02214131
340031,0.04335113
340041,0.20278844
340045,0.02169252
340046,0.11763806
340067,0.01423867
340079,0.02660459
340081,0.03144663
340082,0.01946801
340090,0.02704768
340091,0.04440213
340099,0.01541255
340104,0.03869383
340109,0.04107815
340123,0.20929445
340146,0.02128681
340162,0.03562933
340167,0.08337590
340181,0.04412926
340194,0.00675417
340195,0.00712220
340198,0.03377588
340202,0.46167873
340203,0.26009005
340219,0.04342145
340221,0.02394593
340224,0.02024977
340239,0.01557691
340248,0.08682454
340262,0.02603296
340264,0.06394885
340277,0.42076595
340285,0.00971901
340292,0.02937892
340356,0.09192686
340365,0.11110169
340375,0.05555268
340377,0.00524744
340378,0.28801700
340385,0.13881973
340387,0.10261154
340388,0.09753600
340405,0.04617473
340407,0.02676847
340408,0.02604110
340416,0.05836680
340420,0.01442030
340421,0.51435919
340425,0.03525540
340430,0.07979721
340448,0.31065094
340451,0.03265541
340456,0.04077486
340457,0.05190567
340459,0.05219938
340460,0.07998877
340463,0.03299835
340464,0.03628273
340486,0.01248303
340503,0.13858951
340504,0.01621258
340505,0.01178942
340507,0.07088527
340509,0.03664141
340511,0.18499871
340513,0.07160497
340516,0.24466427
340529,0.01963024
340535,0.00970923
340542,0.18651278
340545,0.05851852
340546,0.61982197
340556,0.09881140
340567,0.00804743
340576,0.05632843
340577,0.02163407
340586,0.02798251
340587,0.19931813
340594,0.08949717
340610,0.54991854
340611,0.07693366
340614,0.06564381
340625,0.01358183
340630,0.05150432
340640,0.05724294
340667,0.06759689
340674,0.01006056
340679,0.18103827
340683,0.07293965
340686,0.14672270
340698,0.01715659
340708,0.00527535
340717,0.06935063
340718,0.01486323
340720,0.02921323
340726,0.02037026
340746,0.02933887
340747,0.00430704
340768,0.04295693
340769,0.02198787
340772,0.32809877
340774,0.06241535
340778,0.01074764
340806,0.07993566
340816,0.04350096
340823,0.01435199
340826,0.01273953
340838,0.27212588
340840,0.02731239
340842,0.01049281
340844,0.07879817
340845,0.03041974
340853,0.42259817
340855,0.22514179
340857,0.04501430
340858,0.05256605
340864,0.07647411
340899,0.08233119
340901,0.03445819
340909,0.07651734
340921,0.01679595
340925,0.03224935
340953,0.02879271
340954,0.06049846
340961,0.02141980
340963,0.15364369
340975,0.12736273
340977,0.02532422
340996,0.04957232
341009,0.04010870
341013,0.06932775
341020,0.07175832
341024,0.07191154
341031,0.03631333
341038,0.06685308
341042,0.02855266
341050,0.02262758
341063,0.20075849
341066,0.01316858
341067,0.00559049
341070,0.17219571
341075,0.04233335
341089,0.01656191
341091,0.01005188
341122,0.05626574
341132,0.06624351
341135,0.06888014
341150,0.31828798
341168,0.11133832
341172,0.16368334
341182,0.03174317
341183,0.00784705
341187,0.15680639
341192,0.03774266
341194,0.04998896
341201,0.02983781
341226,0.02703642
341228,0.04668784
341231,0.02981533
341235,0.02949566
341237,0.01964363
341251,0.07804588
341278,0.05770754
341284,0.00692441
341285,0.07729601
341294,0.01569371
341296,0.01828874
341297,0.03870713
341298,0.04089387
341302,0.02623186
341304,0.04425096
341307,0.09190567
341314,0.05629632
341324,0.04385709
341332,0.40667190
341342,0.03775741
341347,0.01928911
341356,0.04486217
341358,0.04873295
341365,0.04944623
341368,0.05010608
341372,0.01223316
341374,0.05610386
341380,0.02008099
341381,0.05030438
341390,0.06222122
341398,0.35533142
341401,0.16264667
341406,0.03838176
341413,0.03711471
341419,0.02228161
341421,0.02847154
341427,0.04106940
341429,0.04090010
341434,0.00397405
341437,0.00885525
341444,0.10085637
341447,0.01077519
341452,0.01864392
341458,0.19642991
341475,0.04688020
341478,0.02631114
341495,0.01196582
341503,0.02100842
341520,0.01408427
341525,0.02493381
341544,0.04433692
341545,0.00982077
341548,0.01071991
341551,0.01929848
341552,0.06252695
341562,0.12235075
341574,0.05093594
341577,0.01870467
341585,0.11243950
341616,0.04394585
341630,0.04142571
341631,0.02465300
341640,0.15551098
341651,0.01624744
341653,0.11769472
341655,0.25164039
341659,0.01150003
341696,0.19575389
341705,0.25737052
341717,0.02365372
341720,0.03627518
341728,0.02231451
341729,0.01126883
341737,0.01231675
341758,0.00675715
341765,0.06226284
341780,0.29915022
341785,0.05917364
341787,0.05476235
341790,0.02379916
341796,0.00860878
341805,0.02993656
341811,0.02584379
341823,0.03387075
341828,0.39085140
341841,0.00925052
341865,0.03514681
341873,0.03056066
341891,0.01572359
341899,0.01207273
341906,0.02907598
341917,0.02810814
341926,0.05936591
341931,0.02613525
341934,0.00910834
341939,0.15942974
341943,0.07275073
341962,0.03259892
341967,0.07520095
341971,0.04676986
341990,0.01055118
341997,0.07537204
342001,0.01896478
342010,0.02214085
342042,0.09144933
342052,0.04478687
342084,0.10212925
342089,0.01851116
342091,0.01942380
342099,0.00991009
342109,0.04004722
342111,0.05457172
342119,0.02723642
342120,0.09070157
342125,0.01548053
342127,0.21112557
342128,0.17357031
342135,0.06759347
342136,0.05855284
342138,0.05901131
342148,0.08370399
342153,0.13177642
342154,0.08819388
342157,0.01974915
342163,0.01935745
342168,0.02470570
342173,0.28176071
342182,0.05877641
342185,0.01389933
342194,0.07339828
342198,0.01139923
342210,0.01330994
342214,0.12929952
342220,0.06181220
342222,0.00643190
342223,0.05849379
342230,0.03887438
342239,0.03339889
342247,0.05588325
342248,0.23772939
342252,0.04489238
342257,0.21508114
342271,0.29841593
342272,0.01856923
342290,0.04488610
342295,0.02712097
342297,0.03101616
342298,0.04682670
342301,0.03006456
342305,0.09558409
342308,0.00610409
342314,0.01199837
342322,0.05021680
342340,0.05060539
342350,0.02180498
342353,0.02483620
342358,0.06689529
342377,0.02639906
342378,0.01844948
342382,0.13770472
342390,0.01772079
342396,0.13550929
342439,0.08398975
342442,0.04682231
342447,0.03336532
342449,0.01821673
342450,0.10566406
342451,0.07380907
342454,0.08371397
342455,0.19507590
342467,0.03035168
342476,0.28566875
342481,0.12710034
342498,0.03987425
342503,0.02476591
342510,0.00768210
342513,0.04392960
342523,0.00983991
342527,0.30918321
342555,0.14891429
342566,0.06683546
342584,0.01298925
342593,0.00903329
342600,0.01877323
342611,0.03138275
342614,0.02027549
342637,0.05113181
342639,0.00582616
342656,0.21505557
342669,0.01689338
342684,0.11625596
342686,0.13784022
342690,0.20802595
342693,0.00721964
342701,0.19178047
342702,0.33448268
342703,0.08065685
342706,0.02944608
342711,0.03795038
342730,0.02861392
342744,0.07550390
342753,0.23372466
342769,0.02361986
342779,0.22521218
342788,0.01966901
342792,0.01221064
342794,0.05943332
342795,0.04105486
342799,0.03250382
342802,0.37991058
342803,0.11212806
342812,0.05211524
342820,0.26135358
342824,0.00784292
342835,0.10007497
342836,0.08055286
342851,0.01721369
342860,0.04442220
342862,0.04356617
342870,0.07413368
342873,0.02804162
342894,0.01105039
342916,0.00770718
342950,0.25181084
342970,0.04841780
342971,0.14984266
342980,0.00834151
342981,0.03180121
343004,0.15945956
343044,0.00456892
343045,0.20963199
343072,0.03607731
343078,0.02884934
343080,0.25109247
343085,0.07046193
343126,0.04222425
343137,0.02271774
343139,0.02210032
343144,0.15420565
343155,0.03105047
343163,0.02225934
343165,0.02064940
343190,0.02874222
343205,0.01394022
343221,0.03312218
343226,0.01726947
343233,0.05506262
343236,0.02196299
343241,0.17720447
343245,0.12987060
343256,0.09504616
343260,0.07101447
343276,0.02210572
343298,0.03179114
343299,0.01750961
343310,0.24890880
343312,0.03709448
343317,0.03565017
343319,0.01123045
343324,0.01876079
343345,0.03004048
343348,0.02973617
343354,0.08991878
343363,0.01766895
343365,0.34762786
343376,0.01019059
343380,0.14200549
343401,0.07858142
343412,0.02115356
343414,0.00693167
343415,0.12332740
343418,0.07712713
343419,0.15218501
343421,0.01148802
343423,0.01603378
343432,0.00213408
343436,0.02360351
343440,0.16618554
343458,0.01140681
343470,0.09765879
343471,0.03237141
343480,0.06539924
343484,0.01766639
343492,0.41554164
343500,0.05334407
343503,0.01860357
343522,0.08530505
343525,0.00821889
343562,0.22874466
343577,0.09325201
343580,0.13846023
343591,0.01605911
343594,0.04214084
343602,0.09004587
343611,0.01244099
343615,0.12566574
343639,0.01699400
343643,0.04660910
343645,0.05208921
343647,0.01121511
343669,0.00519399
343683,0.02163551
343702,0.55030110
343703,0.04744665
343704,0.01180165
343710,0.01087169
343724,0.36890737
343730,0.07643200
343742,0.13929071
343743,0.03321445
343745,0.01945390
343775,0.13128198
343783,0.03507165
343794,0.06035131
343795,0.01987786
343816,0.01012596
343820,0.04270310
343823,0.21462377
343836,0.02562107
343845,0.03982365
343888,0.28353010
343893,0.02490153
343898,0.06030444
343914,0.02216585
343918,0.01991380
343920,0.04573048
343928,0.07782079
343931,0.03767476
343968,0.06966810
343990,0.07320867
343991,0.04214406
343996,0.02729767
344002,0.09789844
344004,0.04603209
344008,0.17155123
344011,0.02654545
344013,0.22232528
344014,0.04326533
344015,0.03206481
344016,0.01972676
344019,0.07084502
344026,0.00552386
344027,0.02783200
344029,0.08793962
344039,0.23294679
344041,0.39051250
344042,0.02277020
344047,0.11054042
344053,0.45372636
344055,0.04464308
344060,0.02596655
344064,0.03434966
344067,0.03456913
344080,0.02655384
344083,0.03348722
344088,0.00992081
344090,0.07182000
344093,0.01106582
344099,0.01952508
344113,0.07189583
344114,0.03919309
344119,0.01041069
344121,0.08000667
344135,0.08579329
344138,0.03686781
344159,0.04464006
344172,0.01463424
344176,0.04275959
344192,0.01149662
344202,0.09095841
344219,0.10901547
344225,0.02946050
344229,0.36941203
344240,0.01392543
344241,0.03136542
344249,0.01023667
344252,0.19716764
344256,0.04071322
344260,0.04458918
344264,0.02631028
344267,0.02786426
344275,0.03018576
344283,0.00990259
344292,0.02313501
344296,0.02683979
344297,0.03715556
344299,0.03822203
344303,0.08664219
344313,0.04204636
344315,0.01831583
344317,0.04352569
344323,0.02219062
344328,0.14519163
344339,0.02014344
344343,0.06233397
344345,0.01664898
344356,0.06433820
344358,0.04491114
344359,0.03758634
344366,0.07376664
344370,0.03528549
344382,0.00511464
344383,0.05151167
344386,0.13278263
344388,0.17566557
344393,0.01020731
344395,0.05903598
344401,0.03861587
344402,0.17715047
344404,0.08403821
344422,0.01006431
344427,0.03826628
344433,0.01729169
344444,0.08964258
344454,0.01185616
344460,0.04959491
344480,0.02902948
344483,0.03404436
344488,0.17868408
344496,0.27675812
344504,0.15068865
344516,0.05247167
344524,0.04875050
344540,0.16836633
344542,0.02511942
344550,0.02808130
344558,0.01631610
344561,0.02241425
344568,0.25432378
344571,0.03876261
344621,0.06168575
344633,0.07067422
344635,0.11396960
344660,0.03168375
344662,0.02154380
344681,0.00738887
344683,0.21489657
344685,0.07024913
344716,0.36937436
344726,0.05440126
344749,0.05949373
344750,0.18611478
344752,0.02715937
344760,0.01114579
344762,0.14805680
344768,0.02856482
344770,0.14869029
344772,0.26890698
344778,0.03286219
344783,0.06804733
344793,0.00739477
344814,0.05820052
344815,0.00932980
344818,0.01104133
344819,0.02491124
344826,0.08901269
344828,0.33151193
344835,0.03971840
344864,0.02224296
344869,0.18777917
344875,0.29680111
344883,0.00917184
344885,0.02844310
344887,0.03101065
344889,0.07170031
344892,0.23826865
344895,0.03309808
344913,0.00918321
344934,0.01002058
344939,0.17831939
344947,0.25526579
344964,0.15653340
344969,0.04643935
344973,0.05635968
344977,0.11344031
344978,0.07417992
344991,0.04788297
345010,0.06529864
345011,0.02544541
345012,0.09427060
345020,0.03370222
345021,0.01743291
345042,0.01172842
345046,0.01167130
345070,0.00816398
345078,0.23561322
345085,0.10253116
345087,0.16584503
345093,0.04082804
345094,0.12663588
345097,0.03893531
345107,0.01082907
345109,0.37152985
345117,0.01426314
345118,0.01695538
345126,0.34924691
345142,0.01888987
345143,0.03616431
345149,0.02788994
345150,0.01153836
345154,0.29518124
345174,0.02317352
345184,0.05391453
345193,0.03470435
345196,0.02904534
345202,0.02430906
345207,0.06488685
345209,0.19662459
345211,0.03690140
345212,0.10717677
345213,0.04326369
345218,0.00851984
345228,0.01573310
345234,0.02305740
345251,0.02937665
345252,0.02092547
345260,0.04403112
345269,0.00498723
345275,0.05627372
345300,0.00698765
345305,0.03251226
345306,0.27924395
345310,0.04160287
345315,0.16229290
345324,0.01589047
345329,0.01668983
345359,0.17012481
345360,0.08468216
345364,0.00881262
345385,0.03372879
345387,0.02116421
345390,0.01935205
345402,0.09112142
345404,0.04328952
345405,0.02763101
345416,0.10348733
345425,0.15796497
345432,0.09551353
345437,0.14027918
345442,0.01067302
345450,0.02275713
345458,0.02059296
345467,0.08313210
345468,0.23544302
345470,0.03122048
345478,0.01398862
345479,0.14213667
345482,0.10582442
345489,0.05404905
345492,0.03588214
345499,0.06538704
345502,0.01760153
345515,0.02444732
345538,0.01068924
345542,0.06914598
345548,0.01075588
345550,0.03226309
345552,0.01306990
345557,0.00877172
345560,0.00763970
345563,0.03954950
345564,0.18972919
345580,0.02902705
345582,0.03618227
345583,0.01481010
345604,0.13988013
345622,0.01194480
345630,0.07131931
345634,0.04006031
345643,0.09600862
345646,0.01567538
345685,0.07683570
345687,0.01144374
345694,0.02041659
345717,0.06019083
345718,0.13738144
345726,0.06601987
345733,0.05429884
345738,0.02879094
345754,0.05062076
345761,0.02796824
345771,0.05569476
345778,0.04206313
345780,0.42738886
345788,0.08530560
345796,0.12850521
345800,0.17423268
345808,0.13973091
345812,0.00845803
345821,0.05676980
345822,0.12266668
345843,0.18081597
345853,0.06448165
345854,0.01242791
345857,0.00587971
345858,0.03356391
345867,0.01774839
345884,0.06240145
345892,0.02154266
345893,0.02722307
345896,0.02058107
345902,0.01452793
345906,0.09569534
345913,0.02012672
345916,0.07161049
345922,0.04060097
345923,0.25320059
345924,0.01795200
345935,0.11873544
345941,0.01745616
345948,0.16922994
345953,0.04245256
345958,0.03278882
345962,0.03150113
345966,0.17211439
345973,0.01683365
345976,0.18172422
345989,0.02046004
345999,0.02273993
346003,0.02797781
346014,0.08395395
346027,0.02255132
346036,0.11192559
346048,0.03745876
346052,0.01226438
346057,0.05690765
346058,0.20748483
346064,0.37122478
346076,0.14083266
346079,0.03580344
346081,0.09795641
346091,0.01278533
346099,0.16169509
346104,0.02691718
346111,0.02275230
346117,0.20967991
346118,0.08109824
346126,0.11914711
346135,0.12324478
346141,0.06980515
346150,0.02986891
346153,0.04609984
346155,0.03854237
346164,0.04703797
346166,0.17589966
346173,0.01740110
346179,0.01133348
346184,0.03418035
346188,0.00846619
346201,0.11385479
346207,0.09770850
346213,0.07965345
346219,0.00694757
346245,0.03255419
346271,0.04259244
346273,0.12047708
346290,0.04202974
346300,0.09252882
346314,0.03071015
346328,0.00860292
346329,0.13205603
346338,0.01053016
346340,0.02789770
346341,0.05589210
346347,0.06695484
346358,0.34823474
346362,0.03408714
346373,0.00942394
346377,0.10961127
346379,0.54918484
346384,0.13828735
346387,0.03450707
346392,0.03057106
346396,0.03297301
346402,0.03822654
346405,0.05050315
346407,0.03379530
346409,0.02934717
346414,0.06058991
346423,0.04428862
346424,0.02337212
346428,0.00435741
346443,0.05451957
346444,0.01155485
346446,0.21947156
346449,0.05443770
346456,0.01793104
346476,0.00906617
346477,0.02679654
346480,0.01743005
346492,0.05621877
346526,0.04799988
346536,0.06772865
346539,0.00806630
346543,0.12061132
346544,0.00899489
346546,0.01541450
346591,0.23864817
346598,0.08231861
346599,0.01832271
346618,0.07696350
346620,0.02516414
346623,0.02836709
346631,0.01965235
346639,0.01142187
346657,0.04659115
346661,0.13815988
346671,0.08027066
346672,0.07678017
346694,0.01624112
346712,0.21784535
346714,0.05915204
346723,0.02710093
346727,0.04587427
346729,0.02611165
346747,0.01893213
346765,0.11913705
346775,0.09357383
346784,0.11142533
346797,0.04782261
346799,0.14463899
346802,0.02015525
346807,0.01504985
346822,0.03543199
346828,0.09238830
346836,0.07039171
346838,0.01328105
346841,0.16737291
346843,0.03769807
346848,0.04076037
346850,0.03045656
346851,0.05535121
346855,0.04729109
346856,0.01386625
346860,0.08190684
346870,0.11683080
346881,0.18376555
346884,0.02590357
346887,0.01613951
346890,0.00333436
346904,0.04306191
346912,0.00649728
346914,0.27105640
346923,0.01115161
346924,0.02176632
346926,0.05495771
346934,0.02267011
346936,0.00269237
346951,0.04510376
346952,0.03878675
346970,0.00502750
346982,0.07566468
346993,0.00774998
347013,0.03483094
347018,0.02032912
347021,0.07534045
347031,0.01054005
347033,0.40662744
347039,0.07486056
347045,0.04817613
347046,0.06536860
347058,0.03477917
347071,0.05746913
347078,0.16782589
347079,0.02662021
347097,0.01072381
347101,0.03664629
347120,0.04997498
347121,0.05202099
347133,0.00776099
347161,0.13765848
347163,0.02298884
347173,0.00570679
347175,0.04402665
347181,0.01022302
347193,0.42234933
347196,0.25498008
347204,0.10725264
347205,0.19413269
347217,0.35026588
347229,0.01680240
347255,0.01897840
347261,0.04002544
347266,0.09580137
347283,0.02087186
347286,0.03819729
347302,0.01096389
347304,0.02496449
347321,0.03889791
347323,0.01778718
347331,0.26334278
347340,0.05897404
347350,0.04808987
347374,0.00904340
347379,0.04022939
347404,0.11682420
347415,0.07467247
347438,0.12571905
347439,0.04071100
347443,0.04410229
347450,0.07054238
347456,0.01594281
347458,0.26369301
347463,0.02912014
347471,0.02309868
347476,0.01716518
347482,0.08018962
347483,0.01796095
347492,0.02848067
347498,0.04425311
347499,0.04230921
347501,0.03212331
347521,0.04669745
347527,0.01539598
347531,0.01106228
347540,0.03367077
347556,0.02256524
347575,0.02076606
347579,0.00630933
347581,0.05539205
347583,0.02689369
347611,0.00732673
347614,0.08832093
347621,0.03468614
347629,0.14602976
347639,0.05052871
347642,0.04535369
347650,0.14678883
347665,0.03517166
347674,0.02227523
347678,0.26654414
347689,0.02159120
347690,0.01093927
347708,0.12242299
347712,0.47849125
347722,0.20383669
347728,0.03201047
347734,0.02078751
347736,0.20067241
347747,0.08421028
347748,0.01759793
347753,0.09021667
347755,0.14072122
347756,0.03973308
347757,0.01797014
347763,0.16091494
347770,0.08232211
347771,0.12217355
347784,0.02201821
347792,0.07840921
347793,0.02265448
347801,0.03227138
347808,0.14687133
347821,0.01628271
347824,0.04412312
347829,0.11283676
347841,0.43370172
347845,0.01117065
347846,0.50497226
347853,0.16745633
347854,0.03580157
347858,0.05821669
347859,0.01608876
347864,0.01015985
347869,0.02145919
347876,0.04786138
347880,0.04298379
347884,0.00854881
347888,0.01322636
347893,0.01619902
347900,0.06054697
347902,0.03015968
347910,0.03399969
347912,0.00408891
347915,0.04009432
347916,0.03526248
347919,0.01209334
347923,0.03358537
347952,0.34324442
348002,0.22006191
348003,0.01679833
348008,0.11702804
348014,0.01127487
348027,0.11955787
348031,0.09445444
348051,0.04474621
348060,0.02341181
348064,0.05365440
348066,0.04224920
348069,0.08438852
348077,0.16538069
348081,0.01796021
348087,0.06819095
348088,0.01001801
348094,0.16343236
348100,0.02326914
348119,0.01885532
348122,0.07871685
348141,0.24382844
348145,0.00673607
348154,0.00938702
348158,0.03526194
348163,0.24436036
348176,0.05046879
348177,0.01146172
348181,0.27071704
348190,0.04765096
348195,0.14328616
348197,0.06800956
348200,0.00730388
348209,0.04645068
348216,0.02324530
348217,0.05527185
348223,0.22355494
348228,0.02086638
348230,0.04289248
348249,0.01749109
348251,0.05555058
348261,0.08695637
348264,0.01903169
348271,0.02124931
348273,0.03040754
348280,0.12163661
348283,0.05857430
348285,0.14238403
348306,0.05151363
348312,0.11610784
348327,0.04143592
348328,0.11235530
348344,0.03797409
348358,0.21058051
348361,0.02161670
348362,0.28091668
348364,0.02609599
348370,0.01685891
348380,0.09631515
348400,0.06061906
348420,0.14282045
348428,0.03469522
348430,0.01930948
348445,0.02929706
348460,0.04608699
348462,0.01389362
348465,0.04388602
348481,0.01097489
348482,0.01374309
348485,0.05081752
348491,0.11043881
348492,0.39310686
348522,0.14520446
348531,0.07020981
348536,0.03302777
348546,0.13467558
348547,0.04523351
348548,0.02667249
348551,0.01012680
348554,0.26305410
348564,0.03189490
348571,0.11658303
348577,0.15180637
348593,0.14986856
348595,0.17119237
348606,0.00953395
348621,0.01169391
348630,0.03771031
348633,0.22930520
348644,0.08735164
348646,0.00503180
348680,0.02520040
348692,0.03560063
348698,0.10457157
348703,0.08291062
348712,0.02502042
348726,0.46639022
348727,0.01389881
348731,0.01416256
348733,0.03628681
348747,0.27744062
348753,0.01259408
348756,0.06778098
348760,0.09580656
348771,0.03994232
348785,0.01543773
348789,0.07088435
348793,0.01140768
348797,0.00297502
348799,0.02315367
348811,0.04974016
348812,0.07068268
348818,0.02272750
348822,0.01954821
348833,0.19653935
348849,0.03230956
348875,0.07139998
348878,0.01238118
348879,0.03076636
348884,0.29069198
348887,0.03276176
348890,0.09315467
348901,0.01023922
348911,0.09122226
348936,0.00950902
348941,0.01577782
348949,0.02803026
348950,0.01623945
348952,0.00371122
348954,0.03270563
348971,0.04717076
348979,0.44655713
348985,0.10263867
348989,0.10587972
348999,0.01491158
349006,0.10899369
349013,0.24342856
349015,0.01105957
349024,0.02387375
349033,0.02389646
349047,0.03985491
349060,0.03315407
349065,0.05780082
349071,0.17211683
349081,0.07052589
349088,0.05110687
349093,0.01083115
349101,0.02926326
349107,0.13631630
349113,0.03578367
349123,0.04347858
349125,0.02549554
349129,0.05145524
349131,0.04652781
349132,0.01584441
349163,0.05726424
349168,0.03599185
349172,0.03461927
349187,0.00610418
349192,0.14897788
349193,0.03428800
349203,0.04596743
349227,0.06693413
349234,0.04453384
349248,0.03313827
349249,0.02797392
349254,0.03352507
349259,0.08052343
349265,0.09306617
349276,0.01333110
349281,0.02331406
349283,0.04647103
349288,0.04728102
349297,0.12600847
349299,0.05685992
349304,0.00294929
349306,0.09148625
349310,0.08221246
349314,0.02341141
349320,0.05524858
349326,0.13871405
349329,0.01370174
349337,0.06377689
349357,0.05574814
349363,0.01921406
349374,0.01253073
349375,0.03212177
349394,0.02617266
349399,0.03487948
349404,0.02121138
349419,0.03245281
349422,0.14922398
349425,0.41530403
349432,0.00804841
349433,0.14632195
349436,0.00379017
349437,0.02226851
349439,0.01827721
349484,0.02450591
349488,0.06896827
349490,0.18946289
349538,0.08711693
349541,0.01386502
349543,0.01171455
349552,0.02102440
349560,0.09995832
349565,0.07241522
349570,0.05904863
349586,0.04678795
349589,0.04457830
349592,0.04314515
349596,0.08878884
349598,0.02574460
349601,0.01986294
349608,0.45510746
349615,0.05961845
349645,0.02012779
349654,0.05471316
349671,0.04500344
349679,0.08735219
349693,0.02948791
349706,0.21271684
349707,0.10926380
349708,0.01914573
349719,0.03458505
349727,0.11203072
349730,0.00967417
349735,0.14381666
349744,0.15634345
349745,0.03626124
349760,0.26107794
349765,0.02296593
349778,0.06917143
349787,0.05147360
349802,0.04550544
349812,0.18097608
349815,0.00979415
349847,0.05370372
349854,0.07305091
349855,0.20792782
349872,0.02192531
349873,0.06277932
349874,0.02105837
349886,0.01681038
349887,0.11250327
349911,0.03600737
349916,0.02294719
349920,0.25811704
349921,0.01814190
349929,0.02182142
349931,0.01425302
349935,0.00728600
349939,0.04648860
349960,0.01294460
349967,0.05098108
349969,0.05773686
349971,0.11046062
349977,0.01748949
349979,0.06598395
349981,0.02465018
349982,0.12146335
349992,0.01636337
349994,0.02895797
350005,0.00438800
350006,0.01453044
350009,0.04510392
350017,0.03103654
350021,0.09527393
350023,0.11574151
350032,0.09420520
350033,0.05845550
350036,0.07629715
350037,0.04229556
350048,0.29289491
350052,0.08361525
350063,0.01930285
350077,0.03923142
350078,0.10525242
350086,0.21920423
350087,0.00783901
350107,0.00223006
350110,0.02731124
350114,0.07042877
350119,0.24434957
350139,0.02042529
350154,0.03845048
350174,0.25908092
350177,0.05997354
350190,0.22901312
350193,0.07690150
350203,0.01476930
350206,0.08823514
350210,0.04653690
350225,0.10009608
350242,0.00943584
350264,0.02751001
350273,0.00652449
350277,0.07661110
350283,0.03652155
350286,0.02010934
350288,0.07250349
350290,0.05878276
350293,0.03694291
350310,0.25639843
350327,0.16763712
350330,0.03188015
350334,0.15723508
350340,0.02481758
350342,0.13641413
350344,0.04572384
350370,0.01431561
350372,0.09470223
350376,0.20132645
350387,0.03585803
350389,0.04695293
350395,0.31915424
350397,0.27343585
350433,0.02488726
350436,0.14389565
350442,0.00399410
350445,0.02111432
350446,0.15861038
350457,0.14383794
350480,0.01772114
350481,0.01094670
350484,0.04930372
350494,0.03188827
350511,0.01076577
350529,0.01424684
350531,0.00539829
350535,0.01215640
350539,0.00441278
350543,0.08187753
350544,0.04139438
350550,0.03872424
350558,0.06018461
350569,0.18310129
350571,0.17421049
350577,0.12923773
350582,0.07480485
350585,0.02468730
350596,0.01128422
350598,0.05692005
350599,0.03932303
350602,0.05496497
350612,0.01230351
350621,0.07244586
350626,0.02546805
350628,0.02200065
350638,0.04414025
350646,0.15773742
350652,0.00924489
350665,0.08594080
350671,0.09568586
350677,0.03062872
350694,0.12861316
350697,0.07704867
350699,0.07035827
350703,0.08908058
350705,0.28912554
350708,0.00597183
350724,0.06312638
350731,0.00969165
350740,0.02713979
350745,0.04088395
350749,0.03514029
350754,0.13960442
350757,0.00962269
350764,0.05112812
350766,0.06821308
350779,0.03705475
350794,0.04280452
350805,0.01310804
350810,0.02047212
350817,0.09507542
350825,0.01845149
350829,0.03593343
350832,0.00802343
350841,0.00958734
350855,0.01070653
350862,0.01049935
350867,0.03751770
350871,0.03850011
350874,0.06747207
350891,0.01183245
350895,0.07795374
350898,0.09360021
350899,0.01273608
350902,0.03391515
350913,0.02828371
350916,0.00872554
350933,0.02050129
350944,0.02831071
350954,0.18011132
350959,0.00984070
350965,0.00792709
350969,0.04319805
350984,0.02274346
350997,0.03503686
350999,0.09651762
351002,0.19294221
351008,0.04055629
351014,0.04305910
351025,0.04286061
351026,0.02856819
351046,0.18720967
351048,0.01380441
351070,0.02488433
351073,0.01922613
351079,0.02373915
351085,0.32659458
351091,0.03587431
351094,0.05666508
351115,0.01043339
351117,0.05477952
351126,0.03282737
351142,0.00488593
351151,0.03830706
351171,0.01419548
351178,0.04116557
351186,0.00615074
351194,0.08681440
351201,0.00774463
351223,0.06948140
351225,0.08254826
351226,0.07544778
351227,0.04557345
351240,0.07648304
351243,0.01616619
351244,0.23049450
351245,0.02186782
351248,0.07123580
351252,0.01051299
351259,0.09230732
351265,0.05127850
351291,0.08385749
351292,0.02013774
351294,0.04182939
351298,0.02018762
351303,0.16208083
351311,0.01360505
351326,0.03414138
351331,0.05637805
351338,0.01737585
351339,0.07135673
351364,0.05660845
351380,0.10973501
351383,0.04000105
351385,0.00749138
351386,0.02074702
351389,0.03294232
351392,0.12904774
351393,0.03080299
351407,0.19159388
351419,0.01672611
351422,0.01426038
351423,0.12635470
351430,0.04723703
351446,0.01534645
351454,0.06999301
351458,0.03667091
351461,0.01606573
351489,0.00595043
351495,0.01355382
351520,0.09340336
351526,0.20545679
351535,0.01384110
351541,0.01293971
351567,0.01598620
351580,0.03530927
351581,0.29991677
351584,0.01829971
351587,0.05291051
351589,0.10450554
351593,0.24725684
351616,0.05769680
351619,0.04328218
351625,0.04814557
351626,0.01436528
351635,0.05209622
351641,0.01302225
351655,0.03237767
351658,0.07590732
351669,0.15657694
351670,0.01619668
351671,0.04254943
351680,0.01445719
351687,0.00540002
351699,0.00991841
351722,0.08347444
351725,0.14339461
351740,0.05521556
351747,0.06890455
351758,0.02902046
351771,0.02737657
351780,0.07564526
351786,0.01142488
351789,0.03549031
351796,0.06954886
351801,0.04826385
351814,0.01069530
351817,0.05730814
351819,0.09415418
351825,0.08939713
351830,0.31627426
351831,0.03291198
351834,0.03375158
351836,0.04797290
351837,0.09698922
351838,0.01784196
351839,0.20578430
351846,0.19396031
351863,0.04756195
351864,0.01841590
351880,0.03076543
351887,0.07686020
351891,0.04939073
351892,0.13429199
351898,0.44182099
351907,0.08514322
351916,0.05744959
351936,0.03409710
351937,0.05141086
351945,0.08878262
351957,0.01371262
351958,0.02492497
351962,0.02281777
351967,0.02488853
351970,0.10904253
351973,0.08056322
351978,0.01197369
351984,0.02783077
351989,0.13683805
351992,0.18728376
352015,0.09761892
352036,0.01926244
352043,0.04444144
352049,0.01672868
352053,0.07273372
352056,0.00854371
352058,0.02833636
352064,0.00319986
352065,0.01418143
352075,0.00815292
352092,0.03240598
352096,0.01922533
352097,0.00898549
352102,0.02241022
352103,0.00526915
352117,0.05072954
352119,0.01245753
352139,0.05422072
352145,0.00605529
352158,0.02373803
352198,0.07715012
352199,0.01084678
352200,0.22221907
352205,0.06939243
352241,0.01375423
352244,0.13925707
352258,0.05892122
352260,0.00833433
352266,0.01372355
352273,0.04234487
352283,0.02253126
352303,0.13241927
352304,0.15820022
352351,0.06808609
352353,0.06234955
352379,0.04437356
352389,0.11224134
352390,0.03329541
352391,0.05493133
352403,0.07593949
352407,0.01914387
352409,0.21717426
352421,0.01617585
352425,0.03523327
352447,0.03109196
352450,0.06945952
352451,0.21749569
352457,0.03621315
352468,0.07912398
352482,0.03551553
352495,0.03682274
352501,0.25783021
352506,0.60280095
352508,0.24395717
352522,0.23842758
352528,0.10621184
352539,0.02379606
352540,0.01136790
352551,0.14106036
352560,0.03171689
352561,0.10395928
352565,0.03815259
352566,0.03399264
352584,0.18649568
352592,0.04637881
352626,0.16898138
352650,0.00755383
352655,0.01595220
352668,0.26376649
352670,0.01392117
352685,0.24276748
352690,0.08852606
352692,0.02608648
352694,0.06275471
352700,0.08091190
352701,0.01993359
352708,0.06446936
352711,0.14329580
352734,0.09126281
352738,0.08834377
352742,0.02133565
352745,0.11986883
352746,0.02831054
352751,0.05613273
352762,0.11401591
352767,0.01537336
352768,0.02583405
352785,0.01372382
352788,0.02387000
352795,0.07541753
352814,0.04792673
352825,0.04303889
352827,0.02634509
352828,0.01562550
352830,0.07272196
352850,0.02860682
352890,0.00916826
352901,0.01231288
352907,0.02542059
352909,0.14623162
352913,0.01602014
352925,0.04262852
352927,0.02549758
352928,0.11447793
352938,0.08561768
352942,0.03088821
352943,0.18167708
352952,0.01045696
352958,0.02838010
352962,0.02439082
352967,0.06166668
352972,0.03253790
352988,0.00344005
352991,0.04315250
353002,0.05338148
353008,0.06700025
353011,0.03262572
353014,0.08245801
353018,0.00604365
353023,0.02468347
353029,0.01816193
353031,0.04145396
353035,0.22184141
353037,0.09795897
353042,0.02804249
353054,0.02045819
353078,0.04181260
353122,0.11072311
353123,0.04273614
353140,0.02714931
353145,0.06520201
353167,0.08530645
353177,0.12111706
353179,0.32297660
353185,0.02823754
353194,0.29605174
353195,0.05450181
353208,0.19013557
353210,0.03673251
353214,0.12334128
353215,0.25732280
353240,0.06601972
353241,0.10657976
353247,0.02612530
353259,0.10872501
353262,0.20676158
353264,0.13292541
353278,0.05769715
353279,0.06916730
353280,0.09660509
353287,0.07408413
353288,0.02732875
353290,0.06703331
353299,0.00919300
353314,0.06838519
353328,0.07884027
353340,0.07540091
353350,0.01250844
353352,0.01107033
353364,0.04095476
353371,0.01575952
353373,0.01823426
353374,0.14970773
353389,0.00611201
353395,0.09716032
353419,0.46807656
353427,0.01872335
353441,0.19582956
353454,0.01285378
353469,0.10883331
353475,0.12174787
353481,0.00299624
353483,0.11066112
353484,0.09178159
353488,0.05385142
353496,0.00274968
353504,0.00764722
353505,0.16581402
353509,0.01444516
353527,0.04689860
353574,0.10266182
353585,0.04843716
353595,0.03210690
353598,0.01385290
353602,0.07013396
353610,0.08748171
353618,0.01237553
353625,0.01625148
353626,0.23064683
353631,0.00831734
353635,0.01950241
353654,0.02580989
353682,0.07532607
353688,0.15026349
353695,0.05223789
353711,0.00853874
353724,0.10422163
353729,0.03923022
353732,0.01579159
353749,0.06421842
353750,0.01123001
353752,0.04869174
353761,0.02161206
353782,0.00489576
353784,0.10871202
353801,0.00499482
353809,0.05846985
353812,0.03381644
353814,0.02130579
353821,0.01883370
353832,0.06527129
353845,0.24513322
353860,0.10501675
353863,0.01587893
353867,0.01427122
353876,0.02298602
353905,0.02918350
353923,0.05126593
353934,0.04708964
353943,0.04778747
353945,0.05227468
353973,0.01115930
353995,0.01036888
354001,0.04968561
354003,0.24482569
354011,0.01416811
354020,0.03519806
354024,0.26772231
354027,0.04216547
354031,0.04388596
354036,0.01545933
354037,0.08614525
354039,0.02027435
354044,0.02111890
354058,0.02484667
354071,0.00799193
354080,0.20798432
354084,0.01061132
354085,0.02979463
354089,0.00768844
354099,0.06625694
354100,0.02355887
354104,0.01206923
354106,0.05444766
354107,0.14696825
354111,0.01922458
354114,0.09589923
354115,0.10504690
354122,0.16976259
354130,0.09186860
354139,0.07927040
354140,0.03460728
354145,0.06022570
354149,0.01043274
354167,0.00624174
354173,0.35331257
354176,0.03901397
354178,0.02527170
354182,0.01427984
354184,0.06860091
354186,0.07029297
354192,0.00835673
354209,0.02254689
354214,0.02817659
354218,0.10905349
354230,0.12265521
354251,0.02091121
354257,0.05161392
354264,0.19104552
354265,0.00642472
354267,0.02132392
354272,0.02627791
354273,0.11907638
354285,0.03475218
354298,0.06826791
354309,0.04732328
354312,0.13422263
354320,0.02275980
354322,0.07629564
354327,0.01013505
354333,0.15092545
354335,0.08431333
354344,0.23878875
354355,0.17942571
354358,0.01422845
354365,0.04370948
354368,0.07420806
354377,0.04361923
354386,0.03531069
354390,0.01770188
354394,0.01120300
354398,0.02351966
354402,0.03074430
354403,0.00568125
354406,0.40555984
354414,0.08015431
354421,0.02160531
354430,0.07513522
354445,0.04533926
354470,0.01652568
354479,0.00923408
354481,0.00855422
354483,0.12204997
354497,0.03826647
354511,0.03644836
354533,0.02074201
354549,0.27073684
354561,0.25830996
354570,0.04704908
354571,0.05043677
354577,0.08863473
354586,0.08402948
354598,0.04528085
354601,0.03112482
354602,0.01004385
354603,0.03172117
354606,0.01899119
354612,0.01068078
354613,0.00591489
354616,0.08199519
354624,0.03440458
354625,0.26400319
354636,0.02163131
354639,0.09260483
354640,0.01525346
354644,0.09360115
354650,0.02330682
354666,0.22596549
354673,0.07427460
354674,0.02295686
354677,0.03554053
354684,0.05273931
354694,0.16939680
354698,0.04001580
354708,0.02709025
354709,0.04378743
354720,0.05693120
354738,0.05664440
354740,0.04428082
354757,0.01583070
354768,0.03564867
354775,0.09280047
354776,0.06513869
354792,0.08336312
354803,0.14387587
354809,0.02095638
354817,0.01323974
354818,0.00992367
354830,0.01541740
354832,0.04802861
354838,0.11061949
354839,0.03177711
354851,0.02927378
354861,0.05505240
354865,0.08009508
354890,0.13947031
354893,0.08566203
354898,0.05636241
354900,0.15426680
354910,0.16362880
354913,0.01900197
354937,0.03274602
354942,0.02334204
354953,0.00372400
354956,0.02773149
354958,0.02037243
354960,0.06019360
354984,0.09844389
354993,0.02683267
355017,0.04455047
355025,0.04321744
355026,0.06030095
355041,0.06578664
355043,0.03266395
355048,0.01725620
355057,0.04209122
355071,0.06297346
355075,0.11888002
355081,0.01796232
355083,0.08889768
355090,0.02997654
355105,0.10578413
355107,0.01944310
355108,0.12147073
355109,0.21735298
355114,0.04391307
355117,0.09539359
355127,0.01238154
355148,0.02065336
355174,0.10113066
355180,0.06225527
355181,0.02427005
355184,0.30624817
355201,0.00714389
355207,0.03438391
355209,0.05216811
355217,0.03183341
355218,0.01772891
355237,0.03698414
355239,0.03835405
355241,0.09787283
355243,0.15655088
355250,0.22735795
355275,0.01567803
355282,0.02594581
355284,0.04512003
355287,0.06394516
355293,0.04255377
355296,0.03143157
355305,0.02660130
355312,0.06585630
355320,0.04833264
355327,0.02495708
355328,0.00946167
355333,0.04894785
355335,0.05920316
355336,0.08290073
355337,0.14604595
355338,0.17652293
355341,0.01386720
355355,0.12798001
355358,0.07083544
355360,0.29013968
355372,0.06739140
355382,0.01068870
355385,0.06149466
355393,0.39053378
355404,0.00536589
355408,0.05452137
355417,0.02954646
355418,0.01954459
355431,0.00898017
355434,0.01506343
355445,0.07439526
355502,0.02833456
355503,0.11555132
355511,0.07911064
355517,0.16177497
355519,0.17414033
355524,0.07657568
355536,0.06350857
355549,0.02207208
355550,0.03852239
355560,0.09250556
355569,0.00730507
355571,0.01071100
355572,0.02092912
355575,0.04102219
355578,0.06211286
355584,0.06919492
355588,0.02463909
355592,0.16739318
355604,0.03098337
355638,0.07711733
355646,0.06565468
355649,0.01924781
355656,0.01982432
355657,0.03281094
355666,0.01363712
355681,0.13779014
355697,0.07128983
355700,0.05426216
355701,0.06365366
355703,0.05600412
355704,0.22705088
355708,0.01105454
355736,0.06059747
355743,0.09982056
355769,0.01917503
355773,0.08088666
355781,0.05992073
355785,0.04926937
355786,0.18429380
355798,0.01754394
355817,0.07145276
355819,0.03872515
355826,0.02275183
355842,0.18191168
355846,0.07597003
355855,0.02512565
355870,0.02779525
355873,0.00471563
355874,0.36938895
355876,0.20488769
355877,0.01943132
355880,0.01118738
355920,0.05318717
355922,0.00921427
355930,0.02152130
355935,0.01315488
355942,0.15006191
355963,0.04588903
355971,0.05054335
355973,0.00947879
355980,0.05570705
355981,0.05584336
355984,0.09255531
355987,0.22262814
355996,0.14546830
355997,0.00583325
356013,0.03416625
356016,0.04752716
356025,0.01803525
356027,0.00760715
356035,0.06589284
356036,0.11266547
356038,0.10385015
356041,0.00817889
356057,0.04698608
356063,0.04224132
356077,0.01624671
356080,0.09516873
356086,0.01547774
356102,0.03212092
356106,0.04676675
356118,0.06117103
356140,0.01935891
356150,0.31903772
356153,0.03560312
356159,0.06843716
356163,0.09065388
356164,0.01284577
356168,0.06829730
356169,0.00925504
356170,0.01759463
356199,0.04510413
356211,0.01771009
356220,0.05331073
356246,0.01414991
356249,0.01831009
356255,0.09841968
356258,0.04537276
356262,0.18477736
356273,0.00730734
356279,0.16462350
356281,0.00814136
356308,0.09994341
356324,0.09928762
356327,0.05851403
356328,0.00342226
356331,0.03609400
356336,0.03399519
356345,0.02043326
356382,0.05691510
356395,0.07801410
356399,0.19361329
356400,0.01661285
356413,0.04245720
356414,0.04003601
356418,0.05541613
356427,0.02719401
356433,0.00784735
356439,0.01643570
356444,0.03405129
356475,0.06614365
356480,0.09918323
356482,0.15005332
356497,0.01045468
356512,0.03851209
356517,0.39464879
356536,0.03043850
356539,0.02937837
356551,0.03425715
356556,0.10330108
356558,0.23042180
356559,0.00478888
356563,0.01534248
356578,0.12480207
356583,0.14029427
356584,0.34830602
356592,0.05709511
356594,0.01852065
356596,0.03710729
356597,0.00617149
356598,0.02030186
356602,0.01510430
356609,0.12320028
356624,0.05516519
356626,0.03507368
356627,0.02666109
356641,0.08514869
356648,0.07301910
356649,0.12740262
356650,0.05106319
356651,0.01130422
356659,0.02105660
356676,0.06153584
356687,0.18255443
356689,0.04625123
356698,0.01101524
356726,0.03171222
356732,0.02353488
356741,0.15497004
356742,0.00743062
356746,0.02964479
356750,0.05583990
356754,0.06070364
356760,0.02985969
356762,0.02580698
356763,0.11860412
356777,0.06878112
356784,0.04187962
356795,0.15306005
356801,0.02739919
356802,0.02047987
356808,0.01405286
356813,0.07471680
356816,0.03343360
356818,0.16889824
356825,0.08916025
356828,0.04887270
356836,0.01816512
356854,0.04652856
356857,0.01996402
356865,0.02484640
356873,0.01768250
356879,0.01762933
356880,0.03874294
356885,0.04878852
356889,0.01778587
356903,0.01596178
356905,0.01322649
356913,0.04464695
356916,0.03412380
356939,0.04607662
356944,0.08314837
356952,0.12204140
356958,0.03410609
356963,0.02121483
356967,0.00815192
356970,0.02447852
356977,0.01421677
356980,0.07046627
356981,0.04008314
356983,0.06260253
356998,0.51568408
357005,0.01832910
357022,0.07153215
357032,0.08297712
357033,0.06757500
357035,0.04669592
357047,0.11886943
357054,0.01183734
357057,0.09494658
357069,0.08097002
357096,0.09501660
357102,0.07933059
357118,0.02716789
357124,0.05476176
357137,0.06086963
357138,0.07006349
357149,0.03042774
357151,0.06827737
357157,0.03343633
357158,0.09636663
357162,0.01504951
357163,0.02245819
357171,0.01496779
357175,0.01342043
357192,0.00895879
357200,0.05433835
357204,0.03281262
357206,0.14806285
357215,0.14458447
357221,0.02201929
357228,0.01156364
357247,0.02218161
357249,0.07640469
357268,0.02548080
357270,0.05026097
357279,0.08146014
357287,0.03989619
357293,0.01928751
357306,0.01113796
357308,0.15774144
357321,0.03508819
357326,0.05973686
357340,0.01012337
357342,0.08188088
357352,0.01905395
357361,0.03153583
357368,0.02249037
357370,0.05695279
357377,0.02246058
357382,0.00284962
357383,0.01817670
357384,0.03436053
357398,0.02859707
357415,0.02816166
357420,0.07697956
357439,0.04087849
357440,0.00683883
357458,0.01625784
357464,0.10916252
357467,0.00772870
357469,0.15593346
357472,0.07930653
357489,0.06309862
357504,0.21301893
357522,0.09874925
357527,0.02623145
357547,0.17614245
357550,0.05203816
357558,0.03412436
357559,0.17298617
357562,0.02772230
357572,0.07816690
357583,0.22665236
357585,0.41474918
357598,0.02776887
357607,0.02537209
357613,0.02017988
357627,0.02586866
357630,0.03068478
357631,0.56152369
357680,0.00419656
357694,0.02118826
357698,0.11552972
357699,0.02505622
357707,0.00381893
357732,0.01679258
357748,0.18683125
357755,0.16503954
357767,0.03955277
357786,0.01649757
357791,0.04244227
357799,0.01689652
357824,0.01516597
357830,0.02353461
357832,0.02735598
357840,0.09264389
357863,0.06791413
357865,0.03837474
357868,0.20592396
357869,0.01853940
357878,0.01795230
357886,0.11497913
357891,0.01181558
357897,0.01994090
357915,0.25275254
357927,0.01472576
357947,0.01667724
357958,0.00799414
357959,0.02108151
357976,0.02581642
357992,0.19726261
357995,0.00501883
357996,0.02537633
358020,0.07678420
358022,0.18571687
358023,0.03692581
358029,0.01555567
358040,0.03891115
358059,0.01799220
358071,0.03027273
358076,0.02974524
358095,0.02347183
358096,0.04143312
358104,0.03072230
358110,0.05762390
358122,0.15518812
358137,0.01906043
358147,0.06393578
358149,0.03051566
358155,0.04916353
358161,0.05964647
358163,0.03776495
358172,0.18744244
358178,0.06940854
358183,0.06318855
358186,0.01868238
358189,0.06112722
358198,0.02697615
358211,0.12044046
358219,0.01495162
358220,0.11946063
358225,0.08457921
358231,0.00953424
358233,0.01215087
358247,0.20434602
358258,0.11566298
358264,0.06170192
358271,0.27806412
358273,0.03969771
358275,0.02812637
358278,0.05047798
358287,0.06703066
358309,0.01961985
358327,0.02208090
358342,0.02812629
358348,0.02053702
358352,0.01214841
358373,0.13872949
358384,0.02484075
358394,0.01234086
358405,0.22100406
358409,0.01813201
358412,0.32914432
358424,0.07775535
358427,0.00681026
358434,0.07184638
358444,0.18929481
358448,0.02823224
358449,0.04242026
358458,0.00775442
358472,0.03708576
358483,0.05156138
358490,0.05757608
358503,0.01738244
358504,0.06576718
358505,0.02451387
358512,0.18650659
358513,0.02404882
358528,0.01795811
358532,0.01271920
358536,0.03764534
358538,0.05432653
358559,0.06813229
358590,0.04931063
358601,0.15566404
358627,0.01193259
358631,0.07318223
358632,0.02735951
358640,0.06976064
358649,0.05318214
358650,0.01098399
358653,0.01999992
358676,0.00554321
358679,0.03757185
358695,0.04414431
358703,0.06673389
358705,0.01892997
358710,0.00593657
358730,0.00764833
358731,0.09177329
358735,0.11112795
358744,0.07544831
358748,0.04921489
358750,0.01205965
358752,0.00460296
358764,0.11372038
358777,0.01226760
358786,0.19171797
358789,0.06756217
358805,0.07086737
358809,0.01036526
358810,0.01737660
358824,0.03897816
358829,0.05488514
358838,0.17439725
358840,0.04311803
358841,0.07329627
358854,0.05928729
358873,0.24095249
358879,0.04332753
358884,0.06687940
358885,0.00545904
358886,0.00494021
358892,0.06312263
358895,0.07271243
358906,0.01371630
358910,0.01861392
358911,0.00470082
358924,0.23586542
358929,0.02516866
358937,0.19001742
358949,0.28563360
358955,0.01761647
358956,0.23631177
358959,0.09564890
358960,0.00622696
358969,0.02796116
358983,0.01788350
358990,0.11036235
358992,0.01284355
358994,0.08518479
359004,0.05973753
359015,0.03807322
359023,0.08925227
359030,0.01388801
359032,0.02559546
359038,0.07297983
359044,0.11557196
359049,0.06012246
359050,0.02600963
359064,0.01533275
359095,0.01768259
359100,0.16860512
359105,0.01268609
359116,0.06148967
359134,0.09937334
359136,0.20752843
359143,0.01822495
359147,0.01236484
359175,0.05644325
359182,0.02571131
359188,0.01934307
359196,0.02770042
359198,0.04737584
359202,0.02364192
359212,0.05256014
359229,0.07426136
359232,0.07482527
359247,0.03335990
359258,0.10657945
359260,0.18917542
359261,0.08708075
359262,0.16804168
359268,0.05869401
359285,0.01136823
359293,0.03322029
359294,0.01793645
359297,0.06667558
359299,0.01230382
359311,0.01559503
359319,0.09932061
359320,0.05091822
359322,0.09289525
359353,0.02525447
359355,0.05989670
359360,0.21198966
359367,0.01489345
359369,0.00872143
359372,0.01321386
359377,0.08341186
359381,0.01603139
359382,0.03954091
359387,0.05089078
359389,0.01606832
359392,0.06560427
359437,0.18440550
359438,0.01761186
359440,0.03210546
359442,0.04252845
359455,0.02482048
359474,0.15113851
359475,0.05616152
359480,0.50297289
359485,0.03713179
359493,0.00287533
359497,0.01078405
359505,0.01976727
359506,0.04431563
359516,0.02170763
359518,0.00968056
359523,0.04735876
359547,0.30893987
359548,0.04508778
359556,0.02337307
359577,0.04474355
359580,0.09999138
359588,0.09550708
359590,0.02440202
359592,0.03824909
359599,0.01025371
359609,0.09976150
359611,0.02671761
359619,0.03695471
359623,0.36252529
359654,0.03212245
359666,0.09023096
359669,0.05836622
359672,0.01553385
359673,0.51693619
359677,0.00865225
359685,0.07535599
359690,0.03816318
359697,0.06581816
359702,0.01138299
359707,0.16599943
359711,0.02179103
359719,0.06980945
359722,0.03013468
359726,0.10819187
359730,0.05354016
359731,0.05302770
359741,0.07848160
359743,0.16331483
359748,0.00573757
359753,0.01469915
359758,0.40663592
359773,0.01955020
359780,0.04001093
359785,0.02561659
359800,0.01092938
359806,0.26629322
359809,0.12257924
359822,0.02697665
359828,0.13225500
359847,0.05374286
359855,0.02621774
359858,0.01738202
359864,0.01612258
359884,0.04535089
359886,0.02044276
359898,0.14902819
359908,0.32094821
359921,0.54007906
359945,0.03569907
359958,0.00218609
359964,0.09910772
359980,0.02393736
359992,0.02242704
359994,0.13222676
360001,0.04316602
360004,0.02856184
360009,0.11469802
360020,0.04593840
360049,0.40129744
360058,0.01939027
360063,0.04749261
360064,0.00625714
360074,0.01442094
360095,0.02499448
360098,0.01625777
360099,0.00467226
360100,0.06595394
360103,0.04409370
360106,0.02321998
360107,0.05648131
360124,0.11856065
360126,0.01085175
360138,0.09150497
360140,0.01905983
360141,0.00441121
360149,0.16244439
360152,0.23419625
360165,0.07453091
360171,0.01560155
360176,0.26661998
360183,0.05061290
360186,0.00499607
360189,0.18762465
360191,0.10400794
360199,0.22232140
360204,0.03280086
360205,0.07938478
360217,0.08740863
360225,0.05321496
360231,0.02244829
360238,0.02358069
360248,0.25118728
360249,0.01942534
360254,0.09215069
360256,0.08549781
360257,0.04572099
360258,0.05890461
360277,0.06333113
360279,0.04140564
360280,0.36822528
360281,0.36773720
360283,0.01560573
360290,0.07322393
360312,0.05277471
360316,0.01912790
360320,0.00684719
360324,0.19413102
360333,0.02756318
360339,0.03315465
360347,0.01914227
360359,0.14233838
360360,0.12280069
360367,0.03271608
360372,0.01294697
360382,0.07294183
360386,0.03571173
360400,0.02043201
360411,0.07041630
360412,0.04229814
360415,0.02009016
360419,0.09049211
360421,0.02711384
360427,0.01959252
360429,0.29048933
360438,0.02424428
360439,0.00952287
360445,0.21792747
360454,0.27838148
360458,0.05549436
360467,0.01142094
360469,0.07270525
360471,0.01745138
360472,0.01312506
360475,0.02288341
360478,0.11631085
360479,0.03992709
360480,0.08268664
360484,0.06400594
360496,0.02515951
360504,0.03437898
360517,0.01780882
360518,0.18788792
360526,0.02970914
360530,0.06294594
360535,0.07963027
360538,0.20824237
360539,0.04986844
360545,0.01550385
360569,0.03532752
360579,0.11294832
360580,0.04248149
360611,0.01041351
360612,0.01330414
360626,0.00662118
360628,0.04528575
360631,0.06620399
360633,0.02484520
360640,0.03089173
360643,0.40977808
360645,0.01766421
360663,0.00448587
360666,0.03411141
360678,0.03030858
360683,0.04893811
360707,0.11282882
360715,0.12188503
360723,0.11099549
360727,0.01483783
360733,0.14515162
360746,0.00513491
360759,0.04284559
360767,0.02913882
360769,0.01235209
360770,0.02357940
360779,0.02689086
360791,0.05052823
360792,0.00684887
360801,0.14145987
360812,0.10617047
360814,0.01507370
360828,0.02727765
360830,0.20644405
360837,0.05792078
360838,0.20295435
360844,0.14562260
360860,0.00970337
360864,0.10312215
360871,0.04915222
360872,0.06003778
360877,0.04128717
360880,0.02072790
360881,0.01194171
360882,0.04457869
360884,0.01611917
360885,0.04285905
360889,0.15106210
360893,0.14781550
360898,0.04746222
360933,0.31414906
360941,0.06447104
360942,0.04029069
360943,0.02118716
360960,0.03430330
360973,0.12018525
360979,0.08950702
360987,0.01275664
360988,0.02553983
360999,0.07304864
361001,0.02397030
361005,0.11927851
361007,0.07029667
361024,0.02051732
361028,0.04440874
361051,0.03295425
361072,0.02029148
361086,0.05824109
361093,0.18074406
361098,0.03030853
361124,0.02424176
361130,0.01992423
361132,0.03266770
361133,0.00820638
361135,0.19819981
361148,0.33342154
361150,0.01842592
361152,0.03708436
361154,0.06048382
361158,0.02355015
361171,0.03383477
361175,0.15340564
361177,0.00582301
361195,0.13392790
361200,0.01460226
361203,0.11214860
361205,0.04075767
361214,0.05275914
361217,0.04106449
361226,0.01129734
361232,0.02328517
361236,0.02960781
361249,0.01660837
361251,0.23613741
361252,0.04324386
361284,0.04692056
361289,0.03507192
361297,0.01745627
361304,0.15331638
361311,0.08954830
361334,0.15694728
361339,0.03166833
361340,0.07650253
361348,0.03042674
361352,0.02758098
361354,0.01848362
361355,0.06526102
361370,0.18416315
361390,0.05269988
361392,0.02804089
361397,0.14803705
361402,0.08205573
361405,0.05109564
361406,0.02910304
361426,0.00866952
361431,0.04082570
361440,0.00936023
361451,0.38306137
361469,0.11496042
361473,0.04767836
361497,0.03795172
361511,0.01120154
361515,0.00624446
361525,0.02804473
361540,0.10868315
361557,0.13605689
361560,0.02636863
361565,0.01734180
361569,0.02192774
361570,0.02394150
361578,0.01019362
361580,0.09613825
361585,0.03584864
361589,0.02469076
361591,0.00328895
361599,0.06588806
361603,0.07085171
361605,0.07038989
361606,0.22231198
361615,0.32290277
361622,0.05302902
361627,0.02442511
361632,0.08322852
361636,0.01760082
361637,0.04951543
361638,0.07521423
361639,0.02353422
361651,0.03421201
361662,0.13458841
361684,0.03806918
361693,0.08233173
361697,0.11872915
361710,0.00768747
361713,0.07419708
361729,0.13662336
361785,0.00474605
361796,0.03511018
361805,0.04090679
361811,0.06199558
361812,0.04933410
361819,0.11342941
361828,0.02991456
361833,0.00499116
361836,0.05859096
361839,0.06954399
361855,0.01292815
361866,0.08862234
361870,0.04797350
361873,0.05715488
361885,0.04080684
361896,0.03666564
361913,0.02907982
361919,0.02868754
361932,0.08405361
361933,0.05824768
361935,0.11137511
361939,0.03193836
361946,0.00509539
361947,0.02339398
361949,0.04689219
361951,0.10527064
361962,0.11290697
361972,0.02897607
361975,0.02367743
361989,0.01394036
362004,0.13389587
362012,0.00587262
362014,0.05710183
362016,0.00716515
362028,0.04139911
362033,0.01110113
362034,0.13525465
362038,0.01381055
362052,0.13673571
362061,0.01181838
362063,0.03345317
362070,0.05180695
362072,0.00506955
362075,0.02451834
362079,0.03554070
362086,0.01262472
362091,0.06178691
362094,0.04489905
362101,0.00375301
362112,0.02458156
362115,0.29838218
362117,0.01985624
362121,0.39766724
362128,0.07962023
362130,0.01850042
362135,0.12333634
362142,0.03873251
362146,0.07002258
362149,0.03782446
362157,0.02727072
362165,0.01533886
362166,0.02277882
362167,0.02450415
362173,0.02760194
362187,0.01771273
362197,0.07304814
362206,0.02150875
362207,0.01394781
362210,0.02652991
362216,0.04980761
362219,0.24226858
362221,0.07277661
362224,0.01847409
362228,0.02414138
362236,0.04031547
362242,0.07367282
362251,0.02278308
362252,0.02692834
362257,0.03326139
362284,0.01707675
362286,0.02622117
362298,0.09484089
362300,0.08633890
362306,0.02692200
362308,0.25511037
362315,0.01224616
362318,0.02275098
362322,0.02041808
362332,0.12474662
362338,0.03763497
362341,0.22069705
362347,0.28240420
362348,0.06940559
362361,0.23346018
362365,0.07857324
362369,0.15528480
362373,0.01212514
362376,0.06150520
362384,0.03444953
362386,0.02083199
362387,0.02670864
362389,0.03491166
362393,0.02376051
362412,0.01272693
362420,0.03374241
362426,0.11886430
362432,0.01961686
362445,0.23926534
362450,0.01499840
362452,0.15009542
362465,0.02401184
362468,0.13604967
362474,0.05789978
362484,0.00848107
362487,0.09297140
362512,0.01544088
362530,0.00848560
362531,0.04681664
362552,0.01600778
362555,0.04744781
362556,0.05358310
362563,0.12436241
362572,0.01165301
362579,0.01176928
362580,0.20661839
362597,0.07917967
362635,0.00809718
362637,0.05551190
362641,0.07764067
362652,0.04085497
362657,0.01830925
362660,0.01458164
362661,0.05925902
362671,0.02465015
362675,0.05922675
362680,0.02723249
362682,0.02049252
362685,0.07664357
362697,0.00836054
362700,0.26042221
362702,0.02097077
362705,0.10713836
362707,0.06086378
362710,0.02017042
362711,0.12755459
362718,0.08952942
362723,0.02886804
362730,0.05338767
362742,0.20642244
362781,0.06866078
362789,0.11665108
362790,0.02126689
362795,0.01516067
362799,0.03471349
362800,0.04372024
362803,0.04535456
362808,0.04246413
362814,0.03102161
362820,0.01526124
362826,0.03452190
362831,0.04536833
362833,0.04004269
362839,0.15993195
362852,0.05552206
362872,0.06831983
362882,0.06907056
362885,0.15896802
362889,0.03815799
362890,0.04955529
362891,0.17008872
362900,0.08741932
362907,0.04657564
362908,0.02261604
362953,0.00855830
362967,0.06115014
362982,0.00704404
363015,0.02499963
363027,0.03400183
363035,0.03703337
363039,0.08534206
363045,0.02230458
363048,0.11028687
363057,0.42501473
363059,0.05545641
363063,0.10334498
363080,0.04566488
363082,0.14131219
363090,0.26785054
363094,0.01996191
363106,0.02232339
363114,0.30931568
363118,0.17766157
363121,0.07403722
363128,0.03086087
363136,0.02917913
363141,0.02135548
363142,0.02935370
363147,0.00617065
363151,0.02088379
363153,0.04016538
363158,0.00549451
363171,0.01032206
363174,0.02239148
363180,0.00787951
363187,0.01152710
363191,0.11729808
363192,0.01050643
363196,0.01726390
363199,0.02661796
363209,0.02623212
363210,0.05596873
363212,0.06311044
363227,0.05560270
363231,0.06599077
363232,0.01084043
363243,0.02315858
363253,0.02747339
363285,0.02613191
363299,0.04974773
363310,0.05729695
363311,0.02368250
363316,0.18217833
363322,0.31042378
363329,0.00897253
363331,0.03456794
363334,0.04008353
363339,0.00586976
363340,0.37834449
363341,0.03100406
363343,0.34719404
363347,0.01440802
363350,0.01593959
363377,0.06282883
363379,0.09590863
363382,0.02291176
363386,0.06227277
363387,0.02811254
363388,0.00891208
363391,0.01268303
363394,0.07055034
363397,0.02752579
363405,0.05022601
363422,0.01306272
363427,0.04829117
363455,0.03213272
363467,0.05387099
363493,0.06112715
363508,0.03304417
363514,0.39467786
363525,0.05266918
363530,0.13639809
363531,0.00837242
363538,0.01996392
363539,0.01016099
363542,0.02685434
363543,0.02759376
363551,0.60946739
363568,0.01605250
363576,0.06382020
363580,0.11172870
363582,0.01356211
363598,0.07277681
363601,0.03122163
363611,0.06406565
363612,0.04217975
363618,0.02367786
363623,0.08412598
363624,0.13034808
363642,0.01886356
363645,0.08259546
363651,0.26157957
363657,0.04884879
363663,0.07446739
363667,0.02033599
363687,0.04767173
363704,0.01345429
363705,0.07147867
363717,0.01379734
363725,0.01732422
363728,0.00406738
363733,0.03164963
363744,0.12298730
363745,0.01807282
363756,0.03879813
363759,0.11490474
363760,0.08330210
363762,0.03700829
363768,0.05118008
363777,0.07184010
363782,0.01252148
363785,0.01137147
363797,0.07604809
363815,0.00872920
363822,0.01636121
363834,0.10292832
363842,0.08328522
363845,0.62014994
363846,0.02611296
363849,0.04176155
363850,0.02400535
363853,0.01522037
363859,0.03411820
363860,0.02059224
363877,0.02669964
363881,0.02843612
363893,0.00989950
363902,0.08348777
363903,0.05542744
363916,0.05109645
363924,0.10956526
363940,0.07386928
363944,0.05946796
363955,0.12214525
363960,0.01508917
363984,0.01055378
363990,0.07059469
364009,0.11599206
364014,0.18488550
364035,0.01814288
364043,0.01652975
364065,0.01051070
364067,0.02180232
364068,0.07163847
364072,0.16499000
364079,0.05243999
364094,0.08618649
364096,0.02421815
364105,0.14176816
364109,0.02887332
364122,0.18967168
364141,0.05854360
364146,0.22386159
364147,0.04808821
364151,0.03856745
364152,0.00773713
364156,0.04075389
364160,0.03741417
364171,0.01176075
364183,0.00716936
364199,0.02251784
364206,0.02578267
364220,0.01823036
364222,0.02509392
364224,0.11898897
364232,0.01647143
364248,0.01715394
364251,0.02593699
364274,0.06831376
364286,0.04273186
364289,0.00801015
364290,0.04638168
364291,0.02586487
364292,0.01616393
364308,0.03243290
364310,0.09501365
364311,0.12804747
364312,0.41960844
364314,0.10600933
364337,0.01960075
364339,0.10284996
364357,0.35917804
364359,0.06475698
364371,0.02679707
364374,0.20559983
364378,0.10618355
364382,0.07004545
364397,0.06137868
364401,0.04756016
364403,0.02466832
364411,0.17630046
364413,0.04475541
364414,0.01817843
364415,0.02529851
364418,0.02187178
364428,0.01552141
364430,0.00613731
364436,0.10174326
364451,0.01449245
364457,0.01703286
364461,0.03249458
364471,0.15039284
364472,0.07331210
364481,0.37448987
364482,0.02719818
364484,0.15935898
364492,0.10163252
364494,0.03119738
364507,0.04635632
364508,0.18617455
364537,0.13333825
364538,0.07482649
364539,0.17536977
364547,0.36552495
364561,0.11887949
364586,0.15463230
364603,0.01684517
364622,0.01553569
364660,0.01775655
364662,0.01070797
364669,0.20598046
364698,0.01990393
364699,0.01967344
364700,0.05037932
364702,0.05323250
364710,0.12528620
364714,0.02342211
364731,0.04657154
364738,0.00343862
364739,0.01337653
364743,0.01405724
364762,0.19785291
364767,0.11535830
364775,0.02340764
364781,0.02971485
364783,0.01277036
364796,0.00987146
364810,0.01289822
364815,0.17936621
364823,0.02721635
364826,0.01505945
364837,0.04702279
364839,0.12361684
364844,0.03604023
364851,0.04203170
364853,0.06909915
364854,0.06412268
364858,0.02464683
364872,0.09186396
364875,0.03084967
364877,0.05090278
364878,0.01521496
364884,0.00690746
364907,0.08402503
364911,0.17548588
364916,0.20686172
364920,0.04575628
364927,0.01309092
364944,0.25703432
364948,0.26907140
364950,0.13404198
364953,0.00803309
364955,0.06503721
364959,0.04324020
364966,0.03357818
364971,0.05344221
364979,0.11925305
364980,0.01014397
364982,0.11338328
364984,0.01364334
364993,0.01124126
365001,0.00490459
365030,0.03250166
365035,0.01245855
365044,0.02073856
365046,0.02188059
365050,0.01497299
365051,0.08646309
365054,0.07908864
365055,0.03046583
365064,0.08097330
365069,0.13914427
365092,0.01370137
365102,0.08966656
365109,0.02526743
365110,0.11638917
365117,0.00710244
365120,0.03575678
365128,0.14845552
365131,0.16693908
365136,0.08446089
365151,0.04643620
365153,0.14240447
365154,0.01816368
365160,0.03003816
365166,0.03057635
365171,0.00950874
365181,0.02864282
365194,0.08583271
365210,0.09380648
365221,0.05700671
365234,0.03019122
365252,0.03679276
365254,0.20016307
365264,0.04904220
365276,0.02287612
365282,0.00920215
365284,0.20725663
365290,0.00790670
365317,0.01540541
365329,0.05454162
365353,0.02887954
365356,0.04792585
365358,0.02075296
365374,0.11375823
365392,0.02324608
365396,0.02697924
365408,0.06109546
365412,0.01510016
365429,0.03115690
365431,0.12408566
365435,0.14896130
365439,0.05010217
365473,0.04078954
365476,0.04699428
365486,0.04904790
365497,0.02006709
365518,0.12998670
365519,0.06093157
365520,0.15669174
365523,0.01396624
365531,0.07153821
365532,0.03586212
365534,0.02075348
365544,0.20823674
365552,0.02989293
365564,0.01681779
365569,0.02909143
365570,0.10454267
365575,0.36989393
365576,0.04271264
365585,0.04952212
365595,0.02871217
365612,0.04433626
365613,0.24749765
365624,0.03388348
365631,0.02933144
365634,0.05926370
365643,0.06445389
365644,0.15266550
365663,0.04096985
365666,0.08124509
365672,0.05126463
365676,0.05173654
365680,0.01711415
365696,0.03333164
365699,0.10710175
365706,0.00723556
365707,0.02610341
365711,0.05531430
365716,0.00554140
365717,0.01037947
365718,0.00740161
365757,0.02180617
365770,0.06819944
365776,0.04268846
365781,0.17809095
365784,0.00991179
365787,0.01655114
365805,0.08189851
365820,0.00261953
365831,0.04397893
365836,0.31171932
365837,0.16075695
365859,0.52520181
365861,0.01943370
365863,0.02290786
365872,0.12623698
365877,0.01954769
365882,0.06713604
365893,0.10394472
365894,0.08743199
365900,0.15790561
365910,0.01675044
365913,0.03275358
365916,0.03238331
365923,0.09539712
365946,0.27590153
365948,0.08040758
365951,0.03168456
365965,0.18165495
365966,0.05215120
365975,0.04107704
365979,0.44161337
365989,0.04901237
365991,0.07270145
365992,0.01841349
366001,0.04597591
366010,0.14045468
366013,0.15511634
366028,0.01955060
366036,0.01276618
366038,0.02435569
366044,0.03776281
366048,0.13802750
366060,0.02267073
366067,0.11237665
366071,0.11386303
366078,0.01707401
366081,0.03718826
366082,0.06781392
366093,0.17453624
366099,0.01274672
366103,0.01116512
366105,0.03747308
366111,0.04553415
366112,0.03000070
366125,0.03844942
366144,0.13349410
366147,0.01747116
366149,0.19243966
366166,0.01352730
366168,0.20220701
366173,0.05365054
366178,0.02471294
366180,0.15393940
366209,0.00357703
366213,0.11221237
366214,0.24115825
366215,0.02442424
366220,0.03649149
366226,0.01691778
366230,0.23251394
366236,0.20258029
366245,0.01703113
366282,0.20697553
366286,0.05426140
366295,0.03007177
366296,0.02730568
366297,0.30391145
366300,0.04600277
366303,0.02745760
366307,0.23666191
366314,0.14695927
366320,0.01854915
366321,0.01322355
366327,0.00743185
366330,0.06778003
366332,0.17559791
366334,0.00776573
366341,0.03202539
366363,0.01384981
366367,0.25731090
366369,0.10756654
366382,0.02501336
366394,0.12877553
366396,0.00960285
366398,0.05987336
366406,0.10886146
366414,0.01106985
366417,0.05190141
366419,0.06035158
366422,0.04416628
366436,0.00885275
366442,0.34946893
366451,0.28650657
366455,0.04650126
366458,0.04587145
366460,0.03039302
366466,0.01723991
366473,0.09804466
366502,0.02384267
366505,0.48137322
366526,0.21926998
366530,0.15094136
366532,0.01104538
366539,0.01472528
366541,0.05608885
366542,0.02563592
366553,0.01328096
366571,0.04112447
366582,0.00708340
366583,0.06220586
366589,0.22893320
366595,0.11404789
366606,0.04670706
366611,0.04740533
366613,0.14654243
366615,0.06924250
366616,0.25590835
366624,0.11772325
366632,0.01540754
366649,0.00793578
366650,0.08955370
366657,0.02049285
366664,0.04774139
366666,0.01348313
366674,0.03798843
366676,0.02558880
366677,0.01528157
366688,0.02549184
366689,0.06466647
366693,0.02558774
366696,0.05095446
366698,0.05479330
366700,0.01522541
366703,0.21620037
366709,0.05414274
366711,0.02587401
366725,0.02015406
366741,0.03477774
366742,0.00523690
366747,0.01707256
366750,0.01851654
366754,0.02017167
366762,0.01687088
366774,0.08813158
366781,0.01113595
366784,0.02510715
366789,0.03435316
366790,0.08508015
366797,0.04665934
366806,0.03885863
366820,0.03434984
366845,0.16212989
366858,0.11064040
366860,0.02283743
366874,0.03376442
366876,0.13061670
366879,0.01249782
366884,0.04653230
366886,0.01667058
366905,0.16279874
366908,0.08005529
366909,0.29022215
366917,0.02935366
366921,0.09267661
366927,0.03884159
366936,0.02120344
366952,0.01816113
366962,0.17170464
366964,0.08502111
366965,0.02258572
366981,0.02920779
366988,0.04737808
366992,0.04924319
366998,0.05438771
366999,0.04944242
367017,0.00785197
367023,0.12021693
367024,0.01047084
367025,0.06754633
367037,0.07884678
367040,0.12496155
367043,0.03392681
367052,0.00631747
367056,0.02425432
367064,0.04656434
367075,0.02483617
367089,0.01746453
367098,0.03750101
367119,0.05346828
367124,0.10692283
367134,0.22013940
367136,0.03375506
367138,0.03303050
367153,0.05927516
367158,0.07390348
367169,0.03480756
367179,0.02362146
367180,0.08026774
367212,0.04228548
367216,0.34707275
367217,0.01379580
367220,0.00343610
367224,0.02198677
367241,0.03399824
367245,0.04283246
367256,0.10166734
367266,0.00546440
367283,0.01994600
367290,0.05523713
367295,0.02539191
367310,0.02356469
367315,0.12924573
367322,0.07202080
367332,0.01835138
367338,0.10147192
367347,0.10018304
367381,0.16627043
367383,0.06257371
367386,0.06610082
367392,0.01284438
367399,0.16865351
367411,0.02144424
367414,0.01138788
367436,0.03462247
367439,0.02796008
367440,0.10939343
367465,0.10811654
367466,0.16207039
367478,0.19180907
367479,0.14402661
367481,0.01834783
367505,0.12553578
367515,0.04014778
367516,0.08338530
367526,0.12762753
367527,0.07210701
367533,0.15858117
367535,0.10043480
367545,0.11574955
367546,0.02037682
367547,0.13976588
367555,0.02029228
367557,0.05393006
367558,0.04489460
367573,0.00908710
367580,0.14554511
367581,0.00766947
367582,0.14599632
367588,0.03281768
367601,0.02955983
367617,0.03076320
367624,0.04217296
367626,0.05576574
367632,0.11337342
367651,0.01684443
367663,0.00667351
367674,0.02773788
367677,0.26436196
367678,0.02048310
367691,0.02156814
367698,0.01307564
367710,0.02786383
367712,0.02581201
367727,0.09157745
367739,0.05289793
367740,0.06494093
367746,0.02798134
367759,0.01216760
367770,0.17031620
367780,0.02121424
367783,0.08219373
367787,0.04501122
367791,0.15561754
367797,0.05298918
367799,0.04173886
367811,0.00651610
367817,0.01896592
367827,0.05527138
367829,0.07837660
367830,0.12184660
367837,0.24880436
367843,0.00676264
367847,0.02356035
367849,0.17214521
367854,0.01927899
367855,0.02598540
367862,0.03630986
367863,0.07527623
367868,0.09524536
367873,0.25471878
367879,0.05103311
367889,0.13907294
367890,0.21714828
367892,0.00957222
367893,0.01656872
367895,0.02137265
367896,0.00796048
367898,0.01179213
367903,0.01456150
367906,0.04034376
367919,0.01063739
367927,0.02100791
367931,0.06879589
367935,0.09736014
367945,0.02246918
367947,0.17288570
367952,0.08511656
367958,0.04110049
367971,0.01924022
367975,0.34536044
367983,0.11475223
367994,0.03109475
367998,0.08817826
367999,0.00701444
368005,0.03835803
368029,0.07522471
368034,0.01285728
368036,0.07399877
368041,0.01210367
368064,0.00746730
368066,0.00824992
368079,0.06311375
368082,0.00207359
368090,0.05957918
368092,0.02456887
368097,0.02205118
368107,0.20124874
368127,0.06678522
368129,0.08605736
368134,0.15816300
368150,0.05253027
368166,0.13360973
368172,0.00660262
368179,0.00421603
368185,0.07980771
368193,0.02374811
368207,0.15779298
368251,0.05215854
368253,0.03233599
368256,0.22303478
368257,0.01589887
368263,0.01671383
368271,0.15653198
368273,0.01044302
368279,0.02090513
368281,0.46286908
368282,0.14081001
368288,0.18200412
368303,0.03847321
368315,0.03729055
368323,0.00680954
368324,0.00722423
368326,0.04471122
368334,0.10634364
368337,0.02115784
368351,0.04802260
368353,0.38468526
368358,0.22337497
368389,0.00913096
368392,0.23555417
368393,0.01452786
368415,0.05253152
368424,0.09787554
368436,0.01007689
368448,0.01801000
368456,0.01504787
368457,0.00451213
368465,0.08279001
368484,0.09813885
368485,0.17689314
368487,0.06977743
368489,0.03958560
368493,0.05395889
368509,0.06589295
368513,0.10011669
368523,0.07688159
368530,0.02032875
368539,0.08087054
368543,0.14786274
368544,0.01709232
368557,0.14444111
368561,0.02350258
368577,0.03274170
368579,0.00754910
368580,0.19457964
368583,0.01402909
368589,0.00893533
368594,0.01524177
368598,0.00925806
368621,0.06309046
368622,0.27963846
368627,0.00959032
368628,0.02773554
368633,0.28301210
368638,0.11689598
368645,0.04798647
368646,0.28141329
368652,0.05654800
368659,0.03820662
368672,0.29114212
368679,0.01875015
368683,0.15411901
368697,0.02486919
368702,0.25421550
368707,0.04774727
368715,0.16749782
368740,0.02510500
368754,0.01958657
368765,0.07319524
368770,0.07115638
368777,0.16766608
368780,0.31235831
368782,0.19548025
368784,0.16770323
368790,0.17991057
368792,0.00598952
368793,0.04441544
368811,0.01604958
368816,0.03606363
368819,0.11514896
368843,0.01474647
368853,0.01169295
368857,0.04994886
368858,0.09012946
368887,0.09152075
368898,0.01445587
368909,0.06051150
368919,0.00359601
368930,0.05538338
368944,0.06424702
368949,0.05772347
368953,0.02941342
368956,0.03047455
368959,0.04372393
368968,0.01007046
368971,0.03646515
368974,0.02449594
368975,0.02242331
368983,0.01071977
368991,0.10624185
368994,0.01867451
369001,0.18123625
369004,0.04461446
369016,0.00335658
369030,0.01277615
369047,0.00805022
369055,0.10833805
369067,0.02120327
369068,0.08432905
369096,0.16014293
369103,0.08442380
369105,0.11198897
369107,0.44602057
369109,0.02534077
369130,0.02539004
369133,0.00776790
369144,0.02142884
369150,0.01636133
369152,0.08238938
369156,0.03283358
369180,0.01135556
369183,0.04136485
369184,0.47254578
369186,0.06871410
369187,0.03474442
369200,0.01428397
369201,0.03931234
369220,0.04480720
369223,0.01601137
369233,0.01800063
369240,0.06243296
369254,0.03252633
369264,0.41018610
369266,0.11097006
369272,0.06949798
369283,0.00640214
369295,0.09254256
369300,0.00412717
369302,0.00510514
369305,0.09519307
369322,0.00693940
369334,0.16766311
369350,0.00841616
369355,0.07143381
369361,0.04945435
369367,0.00961303
369371,0.01672014
369373,0.26349847
369375,0.12408310
369385,0.01681514
369394,0.05196288
369398,0.02104883
369408,0.05567079
369413,0.10333436
369419,0.08788306
369424,0.05734034
369439,0.01497326
369466,0.09489791
369482,0.04232443
369494,0.02104733
369504,0.00391820
369512,0.21767100
369528,0.03419600
369531,0.03460846
369540,0.03453253
369547,0.01090839
369565,0.01203779
369569,0.03037842
369581,0.03842156
369583,0.03996334
369593,0.07521141
369601,0.02781157
369608,0.01814420
369612,0.13209482
369615,0.07332215
369621,0.12366727
369636,0.01773507
369648,0.12551394
369649,0.46504566
369651,0.00923954
369659,0.01720432
369666,0.01368298
369684,0.01905368
369686,0.29911222
369698,0.09092243
369701,0.04082789
369712,0.01554499
369717,0.00466792
369722,0.03915049
369732,0.21081934
369740,0.39425943
369751,0.02685810
369755,0.00738441
369757,0.02908663
369761,0.12855052
369767,0.13688877
369782,0.03302070
369788,0.05927725
369790,0.04485762
369791,0.01289415
369792,0.02490031
369803,0.02901886
369812,0.01631738
369813,0.10715930
369827,0.08072765
369835,0.08250183
369838,0.01954202
369839,0.03585772
369843,0.04501797
369846,0.05584622
369860,0.00999055
369870,0.07485384
369871,0.40972890
369872,0.02173310
369884,0.08542098
369893,0.04838112
369901,0.06472273
369904,0.06562764
369908,0.28390481
369910,0.01029343
369911,0.18734099
369919,0.05289618
369920,0.03115039
369921,0.01273285
369931,0.21575148
369935,0.02274130
369936,0.04710177
369948,0.03625402
369953,0.03659610
369955,0.14100057
369961,0.01871644
369964,0.04305189
369967,0.17416281
369971,0.08266306
369983,0.04199359
369993,0.01108696
369995,0.12124993
370012,0.07454789
370022,0.04835815
370023,0.03143934
370027,0.06454802
370030,0.07617418
370033,0.15911567
370037,0.13189629
370051,0.00437255
370055,0.02391530
370077,0.03177176
370088,0.02956967
370091,0.00889731
370114,0.00827748
370117,0.12159268
370120,0.22006317
370122,0.03143442
370128,0.14433060
370135,0.07498609
370144,0.03593135
370146,0.07417940
370148,0.03219303
370150,0.01437660
370155,0.02134362
370164,0.01665603
370179,0.03261787
370188,0.03196630
370190,0.01437450
370199,0.03483982
370203,0.16276087
370213,0.07480913
370216,0.02076751
370219,0.00686640
370220,0.20426574
370224,0.03611303
370230,0.02024840
370254,0.09147900
370255,0.01599544
370265,0.16799482
370273,0.00834775
370288,0.05206838
370295,0.12927837
370297,0.06600671
370319,0.06366749
370323,0.01017724
370329,0.02145654
370330,0.02846010
370333,0.12150182
370346,0.16922739
370354,0.16635088
370355,0.00727661
370358,0.15780491
370362,0.00453773
370373,0.01311546
370376,0.01920930
370379,0.00878511
370380,0.00368458
370386,0.02051722
370392,0.00731080
370411,0.00554743
370416,0.00916395
370432,0.02546898
370439,0.03016103
370440,0.01230881
370445,0.02076615
370446,0.00838301
370455,0.09744150
370473,0.04266509
370474,0.04280390
370475,0.01648532
370482,0.28599750
370489,0.04136018
370512,0.01584404
370518,0.06935532
370522,0.03439396
370533,0.01330341
370538,0.15486746
370551,0.01716152
370552,0.10613797
370556,0.04923890
370566,0.02631243
370568,0.15015962
370573,0.13015415
370575,0.07487833
370578,0.01845388
370582,0.02091907
370596,0.00715808
370597,0.02740251
370599,0.02005551
370602,0.03895592
370609,0.03198825
370632,0.02345731
370634,0.38445272
370646,0.02452971
370666,0.19883564
370670,0.00660625
370672,0.00755178
370675,0.02295043
370676,0.23727546
370682,0.03043346
370685,0.02243554
370697,0.00969655
370699,0.01592938
370701,0.02516766
370711,0.14667607
370719,0.13022192
370728,0.02434857
370731,0.36068062
370735,0.02716026
370749,0.15109393
370753,0.06339159
370757,0.07725414
370763,0.10263916
370770,0.10791150
370779,0.08966028
370794,0.00965359
370805,0.01767771
370806,0.02646565
370808,0.01929740
370814,0.02257963
370827,0.13373155
370833,0.17708067
370844,0.08867319
370845,0.02813798
370850,0.17938161
370853,0.02508564
370856,0.01743402
370858,0.04626694
370862,0.04397553
370866,0.17142825
370874,0.23426524
370876,0.00904798
370878,0.15013781
370881,0.01634650
370882,0.14113696
370884,0.06082087
370887,0.03065575
370904,0.28849376
370905,0.03545507
370913,0.08724560
370915,0.04219040
370921,0.31517216
370922,0.04172186
370932,0.09406127
370939,0.08954360
370953,0.01676866
370964,0.06403020
370968,0.03954571
370969,0.04115228
370972,0.02650756
370978,0.00905149
371000,0.04899310
371001,0.21250700
371013,0.01219793
371053,0.02942765
371059,0.02881635
371060,0.01944773
371065,0.03184224
371069,0.04533171
371073,0.15389325
371084,0.18764487
371085,0.05870034
371088,0.07134439
371099,0.04042971
371115,0.00630763
371118,0.27754389
371127,0.10046509
371132,0.15429970
371136,0.06006077
371139,0.12387177
371152,0.06560156
371161,0.03380769
371162,0.09798671
371174,0.01363442
371176,0.09402296
371182,0.00860020
371185,0.04714443
371193,0.04269723
371197,0.02697690
371198,0.03401230
371202,0.05167384
371207,0.05606333
371211,0.16678780
371242,0.03117674
371243,0.07454558
371244,0.03667406
371255,0.13338028
371258,0.01281576
371259,0.21293143
371265,0.02998678
371274,0.15779763
371275,0.18411421
371288,0.01468881
371291,0.23535582
371295,0.15042205
371314,0.07042411
371322,0.07706816
371323,0.05732192
371328,0.14198706
371332,0.04102948
371333,0.27118553
371335,0.00717452
371342,0.01592720
371350,0.02473888
371357,0.14623863
371365,0.00572094
371383,0.37077945
371384,0.04175637
371385,0.08579159
371393,0.17888869
371394,0.05930880
371397,0.03162499
371417,0.04870150
371431,0.04674752
371433,0.04745732
371437,0.00313878
371439,0.23598388
371445,0.04045299
371452,0.05854905
371457,0.03838564
371469,0.02868382
371470,0.02878637
371477,0.01770426
371500,0.07155935
371504,0.09202503
371508,0.05438099
371514,0.01588678
371518,0.14686717
371520,0.01548726
371521,0.15075321
371522,0.02598372
371525,0.01175231
371530,0.09003143
371532,0.01405290
371548,0.06517193
371561,0.01360510
371566,0.21028503
371568,0.02357771
371571,0.02446918
371573,0.03698256
371577,0.09623184
371587,0.18184519
371592,0.10335419
371593,0.39373801
371595,0.03196866
371603,0.03889791
371614,0.02366883
371616,0.01626875
371619,0.11657715
371627,0.28220794
371641,0.08801465
371657,0.01593933
371664,0.02274166
371693,0.02617638
371698,0.01593273
371700,0.01798731
371707,0.01810979
371710,0.06115749
371715,0.08244791
371722,0.03204253
371731,0.01424689
371741,0.02758591
371744,0.09773617
371753,0.01813229
371755,0.00959671
371760,0.01764563
371773,0.08800948
371797,0.00850410
371807,0.26241755
371809,0.01892164
371811,0.01534038
371815,0.05128339
371822,0.03823440
371824,0.10636619
371828,0.04288736
371835,0.00850916
371837,0.01518516
371840,0.15799659
371849,0.02404376
371857,0.01189828
371860,0.15201889
371862,0.01569291
371875,0.04314510
371896,0.23599556
371898,0.07159746
371901,0.23924930
371903,0.01763921
371908,0.01664725
371910,0.06720699
371944,0.05555307
371947,0.01824480
371955,0.12887069
371963,0.06210490
371972,0.03828408
371973,0.02661322
371978,0.02831788
371980,0.01175921
371988,0.01637887
372020,0.10358887
372043,0.16377169
372060,0.13378530
372070,0.01563019
372082,0.02143667
372085,0.05730552
372090,0.07433216
372091,0.39745715
372112,0.02281568
372115,0.05231370
372132,0.01843510
372134,0.27117231
372136,0.04812282
372142,0.03040352
372145,0.13177961
372146,0.06609204
372159,0.02541989
372172,0.02159170
372179,0.23275744
372183,0.03941736
372184,0.01283700
372192,0.00325622
372234,0.04464516
372239,0.27364437
372244,0.01633704
372268,0.05715850
372287,0.05496830
372289,0.08734505
372292,0.00647833
372301,0.03852361
372315,0.06581167
372316,0.27503764
372328,0.09066693
372337,0.02683830
372347,0.18471935
372350,0.23597518
372381,0.03946779
372382,0.21314757
372384,0.04331191
372393,0.02641339
372398,0.15489530
372399,0.03329360
372400,0.01357882
372402,0.03131461
372410,0.04757940
372415,0.05240663
372425,0.01949606
372428,0.02107916
372430,0.03753024
372431,0.01810435
372449,0.02663445
372452,0.02527214
372453,0.04950467
372460,0.16592879
372463,0.66178090
372471,0.05507539
372484,0.04507322
372486,0.10594693
372489,0.06016291
372506,0.17916910
372513,0.00907372
372527,0.32344338
372568,0.18757708
372596,0.03371596
372606,0.00709422
372617,0.02381414
372618,0.05266394
372622,0.04610851
372624,0.05312555
372633,0.05016412
372637,0.02360696
372643,0.03971071
372644,0.01141264
372656,0.03518024
372662,0.01173482
372664,0.06749557
372666,0.01942106
372672,0.06195780
372674,0.03555579
372693,0.10696722
372704,0.02053614
372719,0.08953262
372727,0.03295140
372740,0.05759153
372745,0.02202342
372753,0.06866913
372762,0.01433390
372764,0.10597743
372771,0.12509072
372772,0.06939719
372789,0.08496920
372793,0.08327555
372799,0.02119742
372806,0.29914529
372809,0.03654957
372829,0.16091181
372848,0.01227580
372850,0.04526286
372853,0.07603517
372854,0.04420576
372858,0.05218930
372861,0.01384198
372863,0.07374576
372876,0.05343550
372878,0.04216194
372893,0.27534135
372894,0.06511409
372911,0.06460343
372912,0.06712891
372924,0.19720843
372942,0.14348561
372946,0.43613262
372955,0.05321102
372956,0.01462823
372957,0.11622204
372984,0.06409457
372993,0.06045693
372995,0.22736981
372997,0.02758197
373014,0.04643167
373018,0.11077227
373022,0.10757968
373023,0.00998989
373029,0.01656031
373063,0.01824764
373071,0.15384446
373075,0.17594624
373088,0.06959818
373089,0.01691397
373098,0.07239702
373101,0.09070363
373112,0.02219273
373114,0.04025162
373118,0.17777899
373120,0.17222475
373121,0.01865629
373122,0.01378288
373138,0.07697926
373145,0.03763111
373153,0.01041516
373154,0.06382752
373155,0.02195220
373159,0.12423455
373167,0.02030068
373190,0.02970705
373195,0.06805421
373202,0.02790779
373205,0.06718079
373209,0.05077020
373215,0.03679525
373222,0.17443877
373239,0.03639979
373240,0.09004859
373247,0.04433429
373251,0.03663398
373260,0.00521501
373284,0.01995901
373286,0.01469700
373292,0.14119002
373297,0.00878843
373299,0.31618077
373305,0.13836939
373307,0.05152904
373323,0.01554856
373327,0.03547388
373328,0.02733111
373363,0.06935610
373390,0.02066061
373396,0.00594743
373407,0.04508172
373413,0.07051906
373437,0.04902059
373445,0.02212400
373448,0.02903347
373458,0.11342880
373464,0.02447528
373472,0.26352980
373474,0.03353814
373475,0.04895582
373480,0.01982743
373484,0.09595822
373491,0.13043100
373493,0.07410527
373504,0.02304053
373537,0.15254906
373542,0.12302936
373545,0.01686461
373554,0.05112984
373559,0.41675194
373560,0.01088140
373562,0.02802304
373565,0.07019814
373573,0.08438287
373577,0.06810804
373591,0.05753937
373592,0.06973991
373596,0.00915402
373598,0.15627061
373600,0.03286705
373605,0.01090281
373607,0.03472131
373616,0.02586019
373618,0.01555699
373624,0.00559070
373630,0.05768030
373631,0.03996544
373634,0.04694318
373646,0.06796611
373651,0.10797473
373669,0.21951378
373682,0.07496269
373716,0.09321693
373751,0.23331493
373756,0.24190836
373757,0.00809109
373767,0.03265327
373778,0.00907859
373780,0.01265154
373781,0.13678902
373796,0.09057909
373801,0.02473253
373805,0.07898312
373811,0.01075651
373815,0.01702742
373820,0.05281316
373833,0.00519438
373839,0.05049393
373841,0.01944788
373871,0.07058045
373875,0.16972609
373893,0.05886634
373894,0.26682595
373898,0.02617954
373899,0.55113591
373908,0.19329840
373909,0.01539903
373911,0.02267021
373918,0.02148658
373927,0.01952253
373938,0.08639065
373943,0.09624162
373946,0.03357034
373948,0.06121556
373953,0.18807593
373956,0.05687554
373984,0.02969993
373985,0.08917184
373986,0.12768178
374002,0.05271059
374014,0.00692142
374015,0.10850491
374024,0.03078137
374029,0.07958470
374034,0.01026908
374039,0.00953866
374042,0.09562811
374048,0.06866210
374051,0.05102876
374054,0.01128786
374055,0.04699477
374061,0.03058612
374075,0.03949170
374087,0.00987464
374101,0.11006541
374103,0.04623462
374114,0.15775608
374116,0.14865357
374119,0.16137729
374121,0.12655120
374133,0.03994731
374134,0.02336832
374140,0.01676181
374141,0.25569370
374145,0.17874514
374155,0.01881309
374163,0.09668420
374169,0.19084338
374173,0.05243040
374188,0.12455239
374199,0.00778401
374200,0.04595038
374207,0.08886774
374225,0.03326225
374226,0.02693348
374227,0.06199750
374249,0.04124984
374254,0.05499145
374284,0.00607252
374293,0.05582180
374296,0.04771639
374297,0.03287130
374298,0.02843727
374307,0.04101283
374320,0.03504960
374322,0.08987151
374324,0.00484878
374328,0.06183847
374334,0.03489611
374341,0.02513243
374343,0.12266705
374346,0.01048745
374359,0.32225801
374374,0.11790814
374381,0.14542192
374400,0.05910261
374405,0.01319806
374409,0.10224090
374420,0.16110392
374442,0.09961200
374443,0.04514437
374445,0.08665548
374447,0.14282838
374452,0.08488835
374458,0.01265930
374485,0.01934166
374487,0.01475262
374496,0.00550977
374503,0.03513985
374518,0.05011317
374519,0.00736870
374532,0.01034329
374534,0.01180316
374536,0.01473416
374546,0.00570770
374559,0.00708495
374568,0.08749988
374573,0.03728715
374582,0.00471882
374585,0.01258704
374598,0.00682508
374606,0.05626918
374612,0.01251106
374617,0.03036192
374619,0.01295053
374626,0.03019955
374646,0.03605317
374653,0.06499781
374656,0.04004137
374664,0.04227081
374666,0.05090116
374677,0.11435614
374679,0.07984580
374682,0.08945786
374700,0.09844504
374703,0.12521016
374705,0.13420649
374720,0.06234505
374724,0.10111143
374731,0.01167892
374732,0.05059945
374734,0.09803416
374759,0.08887017
374770,0.04457740
374774,0.02605282
374777,0.33845084
374788,0.02731108
374796,0.15914079
374799,0.11423628
374813,0.17480244
374819,0.00392878
374826,0.26795920
374827,0.03161509
374832,0.04531578
374837,0.01140443
374844,0.24539983
374848,0.26663110
374853,0.08092677
374854,0.01501720
374856,0.01037832
374864,0.18044548
374868,0.00825510
374888,0.03919093
374891,0.03509187
374892,0.01790151
374896,0.01687629
374909,0.17654176
374911,0.01960672
374912,0.08296366
374913,0.11150057
374916,0.03328819
374917,0.02897620
374923,0.02555879
374933,0.16345173
374935,0.04253402
374940,0.01520987
374941,0.01492889
374943,0.01266826
374951,0.11887000
374967,0.17663327
374970,0.06445713
374990,0.10977688
374993,0.09310219
374994,0.10887506
375015,0.00985770
375017,0.13506581
375018,0.05243789
375021,0.03090510
375023,0.07901088
375030,0.29709492
375038,0.01042316
375040,0.03382222
375041,0.14253713
375052,0.00602799
375061,0.13803485
375064,0.01795898
375076,0.03572574
375086,0.29596695
375109,0.10679539
375118,0.05479305
375133,0.01402357
375140,0.12022491
375156,0.09990872
375168,0.04641877
375170,0.03479017
375182,0.02565786
375187,0.16307898
375188,0.05059890
375197,0.02965378
375201,0.01914247
375204,0.15886626
375216,0.09288199
375225,0.00559137
375231,0.00376665
375234,0.00411893
375241,0.04578035
375242,0.09648381
375244,0.03151497
375246,0.04839476
375257,0.03553786
375290,0.01539823
375292,0.01585467
375293,0.06569422
375295,0.04415786
375296,0.02609634
375300,0.06882264
375322,0.08954670
375332,0.07816336
375338,0.05626411
375342,0.01435001
375365,0.01930687
375367,0.06322784
375384,0.11927978
375418,0.00841819
375464,0.10906492
375477,0.02602373
375485,0.06747705
375496,0.01468297
375534,0.03505040
375544,0.07753028
375556,0.19755412
375588,0.01982755
375589,0.00419166
375594,0.11771936
375629,0.03623496
375649,0.07162866
375654,0.15886133
375696,0.07428693
375758,0.02246615
375795,0.30466980
375843,0.01739813
375844,0.01352138
375853,0.29890212
375878,0.02099808
375879,0.08038372
375883,0.04979160
375887,0.09009427
375929,0.03142051
375934,0.02929475
375936,0.08175479
375937,0.01488331
375948,0.18115374
375951,0.03129666
375953,0.06739860
375964,0.05185138
375969,0.00857730
375970,0.02094283
375973,0.30773347
375976,0.06355099
375997,0.04419528
376000,0.01628396
376011,0.04180705
376019,0.01090338
376035,0.02055147
376036,0.07715585
376041,0.03127504
376042,0.06377982
376045,0.01469827
376047,0.20169147
376060,0.01815242
376061,0.06116191
376067,0.05259181
376068,0.23794421
376070,0.04809456
376074,0.01193612
376075,0.01812696
376076,0.08489626
376078,0.03001018
376080,0.03872788
376081,0.01541731
376082,0.04295901
376083,0.14953880
376084,0.09349229
376086,0.01592423
376087,0.01163119
376088,0.01756857
376089,0.03084958
376090,0.08635293
376091,0.12247393
376092,0.03517534
376093,0.04572474
376094,0.16682267
376095,0.11023390
376096,0.14100026
376097,0.02632371
376098,0.13415772
376206,0.00346028
376209,0.07631155
376225,0.02018709
376239,0.01002225
376247,0.14457143
376248,0.03151173
376252,0.02065927
376257,0.11115545
376273,0.01900341
376274,0.03026239
376275,0.00374572
376279,0.06988042
376283,0.05247473
376284,0.02936160
376288,0.02381233
376289,0.04938469
376292,0.02965069
376298,0.14546009
376301,0.00888717
376311,0.02941881
376312,0.10946463
376313,0.06562091
376316,0.02881948
376317,0.07827251
376319,0.05845997
376320,0.13040355
376321,0.09378872
376322,0.04421662
376325,0.09926617
376326,0.04948214
376328,0.01611386
376329,0.19335735
376330,0.03301442
376332,0.01484741
376334,0.04460332
376335,0.04897307
376336,0.31400566
376337,0.21329220
376338,0.22902755
376339,0.03391425
376340,0.05178880
376341,0.19875260
376343,0.04453750
376344,0.03050613
376345,0.01979357
376346,0.06443417
376347,0.20031498
376348,0.11478318
376349,0.11873365
376350,0.04324427
376351,0.01368703
376352,0.00504759
376353,0.01985143
376354,0.02303284
376355,0.00913296
376356,0.12281979
376357,0.01280584
376360,0.05591968
376445,0.05191586
376447,0.02184597
376449,0.01811414
376470,0.00777242
376483,0.03377111
376484,0.02482226
376486,0.06061569
376487,0.03338243
376488,0.07425518
376491,0.15026930
376492,0.01716823
376494,0.14020279
376495,0.16969903
376496,0.10492370
376497,0.22017382
376498,0.00452048
376502,0.03557007
376503,0.15713836
376504,0.06170302
376506,0.05189142
376509,0.04273373
376515,0.06931052
376517,0.03124274
376518,0.12504277
376519,0.18316214
376520,0.04981763
376521,0.03853572
376522,0.03364314
376523,0.01646469
376524,0.05425722
376527,0.07682061
376530,0.07463062
376531,0.07191008
376532,0.13590727
376533,0.08972900
376534,0.08954488
376535,0.04497303
376537,0.11154195
376538,0.06239034
376539,0.04532851
376546,0.03735259
376594,0.05790572
376595,0.11377242
376614,0.02999230
376616,0.02018241
376617,0.01191021
376618,0.25026526
376619,0.05713407
376620,0.04712477
376627,0.08014004
376630,0.00671392
376631,0.12980195
376632,0.01518043
376633,0.02964380
376635,0.03317705
376636,0.11172229
376637,0.02355382
376639,0.26136262
376640,0.02641240
376642,0.03052185
376643,0.04254807
376644,0.01743398
376645,0.02320821
376646,0.09142594
376648,0.08616401
376650,0.00946853
376651,0.01547027
376652,0.07291595
376732,0.04768291
376733,0.05618670
376734,0.07904670
376756,0.02715188
376804,0.01292655
376856,0.09542812
376869,0.05073669
376893,0.03202246
377045,0.02852607
377088,0.02505567
377137,0.13971395
377138,0.02552806
377159,0.02134249
377176,0.04604524
377201,0.03394562
377226,0.11316306
377335,0.01335804
377358,0.20031638
377362,0.02021465
377363,0.01285632
377389,0.19434911
377426,0.23830241
377427,0.02856675
377429,0.02655698
377441,0.06748113
377449,0.02637804
377450,0.26048438
377458,0.03429238
377472,0.14134703
377541,0.47375172
377567,0.03770946
377573,0.00455785
377605,0.03182522
377611,0.08878810
377622,0.04224997
377631,0.04418682
377657,0.01742713
377681,0.02782351
377711,0.02550351
377717,0.05658655
377720,0.15198895
377721,0.20557642
377723,0.04425695
377727,0.01676354
377729,0.04650120
377733,0.01453928
377735,0.02137377
377736,0.01713212
377737,0.07975669
377738,0.01746623
377750,0.12366189
377751,0.06348200
377753,0.05130585
377754,0.05790154
377755,0.06336311
377756,0.06289261
377757,0.10404173
377758,0.03505543
377759,0.02060356
377760,0.01040228
377761,0.30367902
377762,0.01789918
377763,0.01030541
377764,0.08730111
377765,0.23997346
377766,0.14704884
377767,0.01069092
377768,0.02393173
377771,0.02198056
377772,0.01317837
377773,0.09212234
377774,0.02717030
377775,0.18066073
377776,0.05803011
377778,0.03661122
377779,0.02432359
377780,0.00608703
377781,0.01720471
377782,0.01362379
377783,0.00773227
377784,0.04868282
377785,0.03998071
377786,0.01180585
377862,0.03741477
377871,0.05721429
377930,0.01399666
377970,0.01994763
377987,0.02417136
377988,0.02490899
377990,0.07634525
377992,0.11951038
377995,0.02758598
378005,0.01935329
378006,0.00561964
378011,0.04763854
378018,0.03474966
378019,0.02349651
378023,0.02085963
378025,0.02759549
378026,0.06063726
378027,0.00857767
378031,0.02876820
378033,0.01424682
378034,0.03057865
378035,0.00826521
378040,0.03486792
378041,0.09098906
378042,0.01549695
378043,0.08652344
378044,0.05246821
378045,0.12155279
378046,0.04618684
378047,0.01105220
378048,0.02341289
378049,0.04584268
378051,0.06868851
378052,0.04164722
378053,0.04905852
378054,0.20383219
378055,0.01684186
378056,0.03351382
378057,0.03033234
378059,0.22234346
378060,0.01948660
378061,0.26203069
378062,0.10156790
378063,0.06573544
378065,0.04370888
378066,0.10948251
378067,0.01969921
378068,0.00645260
378069,0.04857232
378070,0.03946831
378096,0.01580124
378098,0.12852675
378104,0.17461993
378105,0.11616164
378106,0.03233499
378107,0.08712829
378108,0.03684321
378109,0.02907859
378110,0.07529622
378111,0.11300127
378112,0.06657298
378113,0.07981462
378114,0.04572277
378115,0.05493756
378116,0.07684980
378117,0.03618558
378119,0.07380904
378120,0.05752373
378121,0.07418921
378122,0.00808393
378123,0.07312849
378124,0.01020125
378136,0.04143800
378181,0.01403065
378184,0.06972220
378190,0.02891388
378263,0.02918299
378300,0.03994062
378304,0.32783080
378305,0.12626414
378311,0.02681397
378313,0.03414550
378314,0.04446965
378317,0.03331592
378320,0.08982164
378322,0.05632047
378325,0.08586412
378327,0.26873924
378328,0.11632456
378329,0.03240773
378330,0.00646636
378331,0.03027779
378334,0.00876611
378335,0.02066424
378336,0.00576489
378339,0.02501029
378340,0.04065051
378341,0.03375168
378342,0.09978408
378343,0.01095922
378344,0.03427046
378345,0.17206235
378346,0.00983459
378347,0.23410420
378348,0.03962952
378349,0.45403995
378350,0.25447843
378351,0.07451772
378352,0.01906557
378353,0.02087648
378354,0.02742660
378355,0.09100977
378356,0.12686669
378427,0.04172178
378434,0.14113227
378564,0.01115669
378671,0.07637703
378689,0.01389357
378710,0.40394405
378755,0.03971088
378887,0.01014883
378907,0.13222047
378924,0.01331870
378944,0.11205779
378945,0.08685136
378991,0.00589233
379009,0.04296426
379025,0.03117939
379046,0.03395952
379047,0.09029138
379048,0.06361024
379052,0.06949272
379065,0.01771638
379066,0.12931160
379076,0.01361339
379080,0.05899742
379085,0.15163843
379086,0.08151457
379087,0.19163374
379089,0.02016827
379094,0.02883376
379095,0.16805755
379101,0.01331072
379102,0.05019180
379103,0.02679279
379105,0.13285719
379108,0.04309175
379111,0.07769352
379112,0.14086459
379113,0.35660072
379114,0.08291354
379115,0.04074238
379116,0.03246921
379117,0.02762978
379118,0.03118140
379119,0.58281802
379120,0.09461601
379121,0.00798582
379123,0.05585408
379124,0.06996922
379126,0.06074095
379127,0.00655893
379128,0.01980245
379129,0.07112211
379131,0.18209218
379132,0.10924795
379133,0.19549984
379134,0.17398118
379178,0.01340550
379266,0.00460892
379268,0.05992518
379291,0.01561149
379296,0.01599665
379301,0.04997231
379313,0.02793008
379318,0.42612886
379319,0.18221159
379329,0.01902580
379336,0.25956062
379348,0.04751678
379356,0.05506981
379357,0.09319659
379363,0.32155285
379385,0.38523579
379408,0.00655457
379432,0.06657154
379437,0.02895891
379440,0.02189614
379456,0.05599946
379457,0.04570492
379463,0.12831560
379464,0.03205913
379467,0.14074024
379469,0.06166208
379470,0.01813048
379472,0.08053273
379473,0.04337118
379474,0.01497685
379475,0.04776745
379476,0.07325158
379481,0.13694339
379482,0.03434717
379483,0.10408152
379484,0.02851229
379485,0.61947010
379486,0.03575487
379487,0.01448748
379488,0.00916082
379490,0.02320544
379491,0.04930477
379492,0.01906806
379494,0.00425182
379495,0.02433287
379496,0.03922305
379497,0.02612064
379500,0.25006386
379501,0.09633842
379502,0.09755244
379503,0.03381156
379504,0.00673130
379505,0.12722692
379506,0.00590728
379507,0.01264590
379508,0.09435804
379509,0.07772705
379510,0.07149397
379512,0.00985307
379513,0.11816869
379514,0.50182276
379515,0.04456490
379516,0.04775931
379517,0.13325179
379518,0.03814096
379520,0.11203957
379627,0.06709185
379673,0.15209162
379674,0.01400830
379720,0.07399235
379726,0.04685715
379730,0.00703594
379746,0.03347698
379775,0.05695502
379776,0.01369149
379778,0.42602636
379841,0.00873302
379921,0.02373408
379951,0.04113866
380002,0.11610514
380003,0.13974188
380005,0.05054136
380006,0.20318472
380010,0.09448888
380012,0.05671760
380014,0.38329076
380015,0.10770096
380017,0.05678963
380018,0.17381737
380019,0.00638341
380020,0.01211138
380022,0.02262852
380023,0.07662538
380025,0.04324889
380026,0.07153269
380028,0.12674439
380030,0.08295621
380031,0.03308166
380032,0.01503714
380033,0.00807756
380034,0.08329584
380035,0.00880743
380037,0.01691983
380038,0.05828632
380039,0.33652168
380040,0.19491025
380064,0.02707851
380065,0.05053008
380121,0.01966280
380122,0.05777579
380130,0.04084165
380219,0.03221209
380228,0.03464499
380229,0.01602077
380366,0.00638946
380408,0.10410907
380414,0.01330752
380487,0.03004727
380488,0.03287546
380489,0.02816113
380494,0.04624122
380543,0.03987529
380553,0.03298037
380600,0.01382706
380625,0.04553608
380635,0.04949439
380643,0.08093115
380762,0.07654588
380773,0.07071243
380781,0.05692849
380785,0.03759118
380787,0.01205142
380788,0.02300592
380789,0.04268938
380797,0.05129107
380800,0.03612139
380802,0.03282027
380805,0.07089387
380806,0.13961986
380807,0.49560176
380811,0.04884075
380812,0.02145609
380815,0.01463787
380816,0.02039802
380817,0.03837940
380819,0.14748863
380823,0.00890098
380824,0.04995037
380825,0.05374534
380826,0.12648552
380827,0.23863418
380828,0.07322529
380830,0.02134950
380831,0.09861502
380832,0.12283041
380833,0.01064911
380834,0.01733274
380836,0.27589799
380837,0.04009928
380838,0.05331655
380839,0.00639897
380840,0.08699163
380841,0.04914341
380879,0.02565589
380901,0.01432989
380928,0.04199114
380956,0.01515525
380979,0.05120220
381037,0.01086266
381047,0.08864796
381074,0.02285403
381104,0.01523417
381121,0.45024804
381130,0.10726116
381133,0.01258354
381139,0.00697474
381141,0.15898553
381142,0.01606648
381145,0.00357024
381152,0.01738088
381153,0.08798580
381154,0.30488939
381156,0.02366239
381160,0.01415827
381164,0.54281480
381168,0.02108939
381171,0.02561002
381173,0.08467878
381174,0.05941837
381176,0.01046956
381178,0.17036259
381179,0.02142622
381182,0.08029871
381185,0.01130259
381187,0.04916950
381189,0.07438882
381190,0.02326758
381191,0.09344058
381192,0.21011689
381193,0.08645500
381194,0.02233462
381195,0.04847089
381198,0.00597739
381199,0.01438567
381200,0.09872773
381201,0.06420603
381202,0.02033833
381203,0.45220825
381204,0.18287167
381205,0.03472933
381259,0.04817772
381288,0.03672748
381289,0.08502812
381335,0.02349478
381344,0.01761371
381367,0.04947734
381376,0.01136190
381381,0.13488312
381397,0.02532313
381406,0.03984775
381412,0.04454630
381421,0.11096638
381424,0.01311227
381427,0.09068630
381428,0.31677985
381429,0.01849318
381430,0.03906494
381434,0.16142909
381435,0.01392599
381436,0.05602770
381437,0.02904765
381438,0.11269479
381439,0.08726115
381444,0.01380608
381446,0.00541766
381447,0.28017768
381449,0.40680885
381450,0.01057091
381453,0.11994105
381454,0.02355516
381455,0.10596924
381456,0.18909390
381457,0.01519080
381458,0.01042423
381459,0.05480105
381460,0.02505450
381461,0.11933136
381462,0.19907304
381463,0.03158669
381464,0.20400156
381465,0.01022567
381466,0.20087661
381467,0.08507637
381468,0.08729545
381469,0.11864407
381470,0.09665627
381471,0.20596417
381472,0.02407924
381473,0.02056661
381475,0.04392766
381476,0.01336324
381477,0.02863871
381478,0.01825447
381479,0.12389632
381480,0.12262255
381481,0.00590372
381482,0.01098171
381483,0.02353332
381495,0.03162832
381545,0.01265274
381580,0.06908849
381657,0.11265581
381674,0.12710658
381691,0.01134553
381697,0.08697614
381704,0.07455043
381711,0.05258606
381721,0.04197772
381728,0.11919339
381729,0.00823500
381734,0.02648725
381735,0.02166992
381736,0.03175081
381740,0.17430588
381742,0.13921009
381743,0.19992927
381744,0.02635726
381747,0.01084581
381748,0.16942870
381749,0.01198087
381750,0.05019151
381751,0.02590472
381752,0.13024585
381753,0.07502977
381754,0.35275395
381755,0.14338387
381756,0.12555519
381757,0.01022798
381758,0.01007380
381759,0.05241824
381760,0.05528892
381761,0.36279849
381762,0.01726828
381763,0.04141231
381764,0.14568464
381765,0.07288682
381766,0.01967881
381767,0.05241580
381768,0.05627957
381769,0.04889362
381770,0.03749000
381772,0.01616243
381774,0.01457760
381777,0.01755858
381861,0.02161227
381974,0.11335740
381991,0.08055689
382024,0.13638669
382051,0.03265182
382066,0.01256290
382067,0.01143675
382068,0.04012094
382107,0.03296245
382108,0.09618532
382111,0.03657275
382113,0.01596923
382114,0.04675490
382120,0.01518905
382121,0.11486438
382122,0.03161350
382124,0.10517858
382126,0.01271787
382131,0.00750552
382132,0.09053479
382135,0.01757703
382136,0.00961646
382137,0.01070013
382138,0.01878994
382140,0.10771261
382141,0.07961718
382142,0.01969571
382143,0.03475122
382144,0.08227037
382145,0.03619779
382146,0.25340991
382147,0.07024647
382149,0.05249963
382150,0.10217146
382152,0.11521692
382153,0.01508451
382164,0.41405356
382180,0.05891969
382239,0.20579873
382275,0.03833663
382297,0.01285189
382391,0.03971748
382392,0.12941899
382396,0.08350763
382424,0.00643268
382471,0.11808007
382493,0.01012358
382496,0.02936200
382504,0.02951068
382505,0.06368841
382513,0.00874261
382517,0.20228436
382521,0.13871234
382528,0.01549550
382530,0.07846942
382544,0.17375954
382603,0.42197663
382604,0.02649317
382642,0.02574795
382666,0.02000615
382699,0.02546891
382737,0.10343911
382792,0.13639143
382796,0.00625554
382807,0.02191170
382813,0.11417001
382817,0.21525471
382818,0.13913184
382826,0.02770809
382845,0.01333079
382846,0.01417962
382850,0.31912320
382851,0.06068334
382856,0.04998575
382858,0.02790808
382859,0.06940127
382862,0.01241218
382863,0.01070045
382865,0.00850861
382866,0.06220331
382868,0.04312140
382870,0.00572769
382871,0.06641949
382872,0.05685653
382873,0.07814985
382874,0.48766988
382875,0.00916521
382876,0.15137677
382877,0.14549022
382878,0.22524039
382879,0.12744452
382880,0.00482328
382882,0.04631360
382883,0.02508163
382884,0.02377553
382885,0.07452215
382886,0.05085600
382887,0.08580091
382989,0.01339388
383009,0.07757560
383039,0.04568308
383068,0.01312515
383072,0.01557326
383093,0.06259867
383099,0.45961334
383167,0.02843645
383168,0.11376341
383170,0.04506578
383171,0.19514307
383174,0.00580444
383175,0.00475281
383176,0.05432325
383178,0.09004975
383181,0.30943472
383182,0.07222557
383184,0.02382789
383186,0.04121891
383187,0.00979005
383189,0.00418980
383190,0.01400625
383191,0.03191916
383192,0.04961066
383194,0.00761892
383195,0.01366730
383196,0.01307810
383197,0.02936796
383198,0.01670684
383199,0.02534379
383200,0.02305839
383201,0.05568172
383202,0.16927970
383203,0.00983837
383204,0.10378806
383205,0.09855775
383206,0.09986920
383207,0.01065934
383208,0.01997614
383279,0.06010370
383335,0.09127241
383384,0.05166972
383394,0.01701136
383400,0.17568058
383401,0.00794900
383409,0.04049264
383410,0.01447354
383412,0.02447975
383414,0.03492115
383419,0.07619397
383422,0.02600549
383425,0.00662515
383426,0.01159262
383427,0.07580207
383428,0.08503300
383429,0.09980089
383430,0.03721981
383431,0.11247964
383433,0.62102926
383434,0.07105400
383435,0.01787119
383436,0.10064207
383437,0.03914259
383438,0.02501159
383439,0.08610740
383440,0.01683298
383441,0.01099570
383442,0.04429912
383443,0.00571694
383444,0.00580346
383445,0.00575405
383446,0.03635292
383447,0.03331686
383448,0.05385421
383449,0.00535606
383450,0.07136534
383451,0.00618684
383452,0.01198175
383453,0.07934076
383454,0.07910592
383533,0.01384926
383583,0.06461344
383608,0.03661726
383622,0.06952677
383673,0.10527234
383804,0.05303038
383806,0.06137966
383812,0.02469905
383814,0.00820650
383816,0.07766716
383825,0.05201693
383827,0.06781073
383833,0.07559432
383841,0.02059290
383842,0.04935422
383849,0.05928927
383859,0.02368951
383883,0.03421209
383891,0.18498765
383910,0.01094759
383925,0.01512731
383943,0.15168505
383946,0.14649163
383959,0.01643218
383960,0.05179522
383961,0.01359170
383962,0.01144179
383979,0.04120355
383985,0.02563129
383990,0.01679887
383999,0.04973926
384001,0.18610286
384003,0.02048411
384008,0.01109796
384019,0.14740821
384020,0.03704444
384065,0.10683686
384102,0.11051058
384154,0.03516740
384155,0.21810223
384171,0.02683797
384177,0.01889671
384183,0.01786627
384186,0.02930565
384198,0.22267288
384199,0.01271669
384201,0.13182823
384203,0.17853509
384204,0.09859992
384205,0.04776810
384207,0.00884096
384208,0.01938683
384209,0.12104756
384210,0.03293723
384211,0.03783127
384212,0.06338337
384215,0.23266310
384216,0.09362829
384220,0.18284641
384221,0.00769439
384226,0.12799625
384273,0.01396443
384287,0.02703882
384288,0.04940370
384332,0.12763372
384365,0.01448768
384380,0.24538316
384392,0.01438557
384412,0.01423340
384424,0.09376730
384428,0.02873094
384429,0.13798788
384430,0.02005863
384434,0.03068310
384480,0.03487897
384502,0.18073204
384503,0.01435325
384504,0.08417479
384505,0.09591025
384508,0.01144312
384519,0.01051068
384520,0.14412463
384524,0.01592743
384528,0.01569361
384532,0.03099784
384539,0.03987700
384542,0.03348311
384543,0.18564668
384544,0.02310433
384546,0.03333364
384547,0.02586872
384548,0.09273952
384549,0.00771778
384552,0.07140850
384554,0.02650440
384556,0.03066520
384557,0.01799103
384558,0.02455694
384559,0.00546404
384560,0.04566578
384561,0.13800008
384562,0.10189578
384563,0.06511675
384564,0.06254230
384565,0.07821895
384656,0.02452212
384657,0.01638773
384672,0.20857165
384679,0.03479213
384680,0.00941733
384689,0.01446900
384692,0.07088718
384695,0.24034288
384710,0.40024816
384712,0.01698139
384715,0.03603490
384735,0.01228166
384749,0.00727939
384751,0.05369780
384753,0.06753559
384757,0.00653589
384759,0.02409425
384761,0.01776225
384762,0.06489960
384765,0.04394069
384775,0.10985921
384782,0.05154720
384794,0.04981637
384798,0.01380945
384805,0.02125692
384807,0.04665673
384812,0.01137948
384821,0.04738692
384834,0.01278812
384847,0.06042502
384856,0.04247263
384857,0.13097569
384858,0.05658769
384859,0.03359482
384860,0.13349076
384861,0.35365819
384862,0.04136534
384863,0.12108879
384864,0.02857622
384865,0.01369104
384866,0.36658581
384867,0.13068024
384868,0.03021976
384869,0.12231798
384870,0.00956852
384871,0.02571873
384873,0.05308908
384874,0.06911516
384876,0.04816587
384877,0.00868026
384878,0.03569672
384880,0.02099587
384881,0.00404123
384882,0.06373399
384883,0.01638657
384884,0.04565907
384885,0.00862211
384886,0.03656112
384887,0.00279013
384969,0.00439151
385023,0.03031060
385049,0.06767487
385081,0.03539521
385091,0.01391881
385092,0.01350688
385093,0.04899274
385094,0.03662298
385106,0.32324603
385107,0.37973821
385110,0.05375570
385111,0.03240708
385113,0.00928034
385114,0.03803849
385115,0.20259478
385117,0.00959309
385119,0.02138472
385120,0.12007682
385121,0.15889858
385122,0.01856744
385123,0.00354761
385125,0.02749044
385126,0.02343870
385127,0.01550114
385128,0.02236592
385129,0.05594483
385130,0.02091816
385131,0.01687182
385132,0.10142414
385133,0.10735755
385134,0.09666572
385135,0.01244143
385136,0.10238215
385137,0.20633216
385138,0.04217071
385139,0.31622709
385140,0.22321650
385141,0.02136066
385142,0.00949777
385143,0.00395818
385144,0.06137107
385145,0.11973243
385146,0.09007527
385147,0.02279069
385149,0.03858618
385151,0.02791885
385152,0.01537282
385153,0.08386507
385197,0.00741614
385230,0.04362927
385231,0.23471697
385252,0.13572280
385299,0.05615775
385351,0.05929440
385376,0.13903418
385405,0.03497444
385452,0.03730339
385479,0.02251504
385510,0.03198408
385522,0.18397883
385524,0.01513014
385544,0.13067768
385563,0.04458078
385566,0.04723860
385571,0.01271341
385585,0.01724759
385586,0.09936427
385611,0.00911078
385621,0.01478436
385623,0.12318210
385628,0.27493567
385633,0.01869585
385634,0.01805190
385643,0.02280451
385650,0.07812217
385656,0.00858214
385666,0.08337495
385693,0.07668063
385705,0.07496635
385706,0.01470858
385835,0.01042272
385847,0.05941371
385867,0.03742914
385871,0.03047811
385872,0.02142154
385879,0.00797565
385883,0.02364153
385884,0.05532023
385885,0.07129885
385889,0.01833963
385893,0.04536691
385894,0.04462793
385898,0.02855814
385899,0.04943175
385902,0.03542407
385903,0.03884730
385904,0.02867367
385905,0.02097242
385906,0.03664884
385907,0.02597153
385908,0.21022585
385909,0.09237816
385910,0.04189735
385973,0.00973506
386003,0.17679501
386013,0.00523925
386023,0.00948979
386065,0.00835167
386072,0.14152079
386077,0.12948671
386135,0.02313390
386141,0.00649613
386178,0.26196484
386198,0.09872491
386200,0.01338867
386203,0.09903688
386223,0.05219504
386225,0.00608323
386245,0.01875323
386250,0.02708771
386253,0.01756064
386254,0.05831419
386255,0.04746553
386262,0.03897872
386263,0.02811701
386264,0.01547741
386267,0.01176095
386268,0.04316781
386276,0.03938563
386279,0.28086875
386281,0.03787381
386282,0.10772780
386283,0.09946603
386284,0.02585259
386285,0.02464235
386286,0.04061785
386287,0.04625643
386288,0.12159351
386289,0.21549253
386290,0.04971113
386292,0.04168420
386293,0.03654887
386294,0.03536234
386295,0.38421930
386296,0.08217038
386297,0.06419141
386299,0.02263099
386300,0.02291543
386301,0.01274220
386302,0.01609791
386303,0.23021443
386304,0.21411567
386305,0.08433061
386307,0.02040161
386308,0.03493446
386309,0.06386742
386310,0.06654388
386311,0.03746886
386347,0.10595788
386350,0.15558460
386352,0.01375199
386365,0.01513423
386378,0.04073548
386380,0.06480465
386399,0.05264817
386458,0.00750383
386523,0.02368335
386531,0.15315125
386545,0.09118246
386546,0.07394260
386547,0.03379496
386549,0.04474906
386550,0.03312503
386551,0.04701805
386552,0.00477204
386633,0.13281487
386647,0.01924938
386665,0.01069716
386767,0.02634728
386773,0.05658554
386774,0.05357674
386775,0.11741175
386777,0.02130261
386785,0.07387039
386791,0.01386554
386792,0.01529759
386795,0.03725211
386798,0.08018516
386803,0.03731506
386805,0.12334138
386806,0.06503209
386808,0.01814411
386811,0.00743905
386813,0.01837990
386814,0.05540005
386817,0.03434064
386819,0.00821558
386820,0.14023950
386821,0.19351252
386822,0.29224470
386824,0.02520405
386825,0.04873086
386826,0.00564891
386827,0.11205401
386828,0.12616765
386830,0.01528968
386831,0.13667024
386832,0.01637654
386833,0.09690698
386834,0.13365421
386835,0.00600333
386836,0.02708435
386837,0.10501864
386838,0.01290300
386839,0.09161494
386840,0.01523563
386841,0.19851144
386843,0.06880578
386844,0.07137377
386845,0.01777792
386847,0.06909201
386848,0.02759363
386849,0.02771084
386860,0.06803474
386938,0.01468905
386940,0.03018928
386989,0.03394267
387021,0.04937331
387193,0.20328007
387194,0.09692436
387286,0.09212201
387291,0.00333613
387292,0.06209338
387324,0.09704039
387325,0.03417183
387329,0.02350393
387331,0.04643922
387333,0.00422476
387337,0.15724877
387341,0.07467037
387342,0.04951511
387349,0.04332726
387350,0.01176683
387351,0.02453243
387352,0.01415143
387353,0.12623222
387355,0.11949395
387356,0.09133974
387357,0.02773521
387358,0.00772271
387360,0.06815927
387361,0.01128093
387362,0.02388895
387363,0.00793058
387364,0.04593526
387365,0.05020327
387366,0.03246391
387367,0.03565502
387368,0.01306435
387369,0.02059078
387370,0.01778654
387371,0.05854838
387372,0.03485191
387377,0.05901694
387378,0.02973842
387424,0.01141119
387440,0.02211903
387447,0.07427485
387489,0.04114846
387501,0.03605209
387526,0.26697803
387542,0.00496047
387543,0.09683816
387544,0.03272171
387565,0.02129713
387572,0.06206895
387577,0.07047795
387578,0.07235065
387583,0.01643290
387584,0.01638825
387588,0.05462944
387595,0.22196251
387596,0.14383948
387597,0.07705374
387598,0.00816085
387662,0.07132145
387687,0.03006660
387688,0.02779980
387689,0.02562437
387718,0.19018437
387730,0.03616072
387753,0.01092378
387807,0.14152056
387843,0.05319460
387848,0.04972363
387882,0.11945882
387884,0.01560781
387892,0.00898779
387896,0.01883493
387916,0.09072562
387920,0.03748892
387927,0.13613633
387928,0.01496622
387929,0.04269723
387932,0.01616964
387934,0.07344415
387937,0.00817936
387942,0.07107445
387947,0.07042835
387948,0.01934013
387952,0.22417598
387953,0.03448843
387954,0.01697447
387955,0.09287469
387956,0.02867373
387957,0.08205464
387958,0.13131642
387960,0.00870358
387961,0.04194103
387962,0.05478569
387963,0.09347988
387964,0.25696836
387965,0.02359972
387966,0.05270881
387967,0.03491942
387968,0.03905499
387969,0.01020907
387970,0.03057649
387971,0.19005709
387972,0.03248018
387973,0.05532018
388053,0.16693976
388056,0.03785357
388057,0.09030863
388078,0.07477652
388079,0.00774739
388127,0.04054720
388155,0.12404195
388159,0.00485978
388169,0.03532003
388170,0.08791990
388173,0.01994224
388174,0.01176549
388176,0.02758903
388179,0.05168057
388182,0.02634228
388183,0.04218876
388187,0.07639932
388189,0.01122051
388191,0.01258622
388193,0.04700185
388194,0.03415935
388195,0.03521424
388196,0.02354188
388198,0.02937741
388199,0.16292136
388201,0.13257946
388202,0.10433415
388203,0.16123286
388204,0.05406317
388206,0.07036643
388208,0.01722820
388209,0.02829803
388210,0.03447883
388211,0.00590982
388212,0.02167846
388213,0.03312058
388214,0.01392906
388215,0.26413890
388216,0.04460186
388217,0.04759172
388218,0.04353155
388219,0.01136887
388220,0.33439095
388221,0.07805734
388222,0.02402719
388223,0.01909752
388237,0.09495118
388238,0.02363291
388242,0.03955689
388243,0.09838398
388248,0.04682374
388249,0.15020715
388251,0.03956283
388253,0.07126244
388255,0.04176085
388256,0.07722899
388258,0.02571478
388259,0.06209677
388260,0.07324266
388262,0.29873380
388263,0.06954585
388264,0.01476669
388265,0.22155452
388266,0.03188182
388267,0.07653121
388269,0.25298669
388270,0.02586420
388271,0.04625400
388272,0.06948307
388273,0.01319610
388274,0.07398058
388275,0.06433495
388276,0.03277832
388397,0.07659209
388428,0.13160110
388429,0.01739570
388448,0.03217599
388449,0.00367417
388460,0.06118718
388463,0.29354861
388465,0.20201510
388505,0.07069004
388508,0.08071308
388511,0.01322000
388525,0.01544308
388554,0.09044990
388561,0.30961779
388566,0.04713467
388572,0.00748652
388574,0.04923843
388585,0.02216718
388589,0.00710944
388590,0.10624613
388594,0.01667297
388596,0.06439168
388616,0.13134599
388621,0.05257618
388622,0.03003884
388627,0.04851923
388633,0.15176621
388639,0.01366257
388647,0.12934028
388655,0.06039899
388665,0.08902905
388667,0.04900920
388668,0.01878306
388669,0.11365890
388679,0.04367130
388683,0.01303708
388687,0.00777441
388688,0.02377825
388700,0.09396601
388703,0.12651756
388704,0.08904831
388705,0.10640226
388707,0.01656026
388712,0.02289332
388729,0.01472457
388733,0.03511995
388748,0.02805478
388754,0.02249267
388763,0.08231716
388777,0.05323400
388790,0.06057240
388800,0.20611199
388801,0.01052379
388812,0.08368581
388816,0.23404700
388835,0.15132038
388837,0.03742812
388842,0.00419635
388847,0.04077697
388848,0.01910139
388849,0.15060464
388850,0.17648190
388859,0.25406942
388864,0.02018428
388865,0.11516391
388870,0.06810465
388872,0.02033992
388873,0.06397181
388879,0.01251027
388890,0.08888206
388898,0.05648667
388899,0.08003415
388900,0.02544615
388913,0.27967225
388919,0.03885868
388921,0.16698601
388929,0.02984708
388945,0.18828745
388962,0.25789185
388963,0.04867284
388985,0.05338637
388986,0.03047534
388992,0.14457625
388993,0.05073272
389002,0.04697091
389006,0.00759058
389009,0.08412709
389018,0.06373262
389048,0.04748823
389051,0.07270641
389068,0.04268470
389069,0.05836744
389070,0.00483479
389080,0.04815142
389085,0.01125587
389090,0.03576905
389094,0.09022564
389097,0.17139906
389098,0.03115166
389101,0.05525539
389104,0.02425039
389131,0.35037751
389133,0.06894965
389134,0.00318958
389143,0.05914894
389176,0.10155057
389181,0.01270165
389192,0.02414374
389202,0.05757756
389222,0.02243342
389225,0.11515680
389227,0.10856762
389239,0.03173647
389245,0.04961755
389248,0.01648757
389258,0.06900236
389266,0.05721994
389268,0.07955609
389277,0.01929353
389280,0.10036850
389300,0.02781511
389319,0.03841161
389330,0.02933581
389338,0.01773941
389356,0.10949056
389363,0.32288711
389371,0.02224807
389377,0.20786287
389398,0.01475385
389409,0.04242359
389415,0.01568787
389418,0.03182915
389420,0.11938595
389426,0.09467762
389433,0.04079840
389434,0.01666265
389440,0.09619763
389441,0.00724330
389443,0.33579954
389448,0.31183581
389464,0.01712443
389466,0.01471013
389471,0.19920880
389473,0.03784006
389480,0.02751954
389481,0.00975172
389483,0.12701819
389486,0.00995834
389490,0.15814380
389500,0.01519796
389507,0.23193110
389509,0.00838052
389515,0.32960154
389517,0.01777913
389523,0.01161294
389527,0.01493943
389529,0.31759096
389532,0.03679855
389539,0.03392893
389550,0.01890833
389551,0.03038518
389552,0.06137557
389554,0.28075368
389563,0.12354799
389566,0.07790653
389572,0.01690963
389573,0.03921904
389585,0.04718125
389587,0.00975296
389589,0.01341475
389592,0.00701415
389601,0.42229506
389603,0.01839190
389604,0.05929059
389617,0.02208555
389618,0.11510732
389619,0.04868723
389622,0.03324548
389623,0.02111693
389627,0.03769020
389644,0.20987824
389667,0.02055310
389678,0.20791288
389694,0.01329995
389700,0.05574433
389707,0.00407959
389714,0.01555360
389717,0.07954363
389732,0.02866096
389737,0.06927287
389741,0.03662395
389755,0.05697815
389756,0.13005133
389763,0.06267055
389772,0.11328738
389777,0.01470166
389778,0.05600604
389796,0.05024579
389798,0.01118846
389805,0.02921163
389807,0.03540483
389815,0.01768240
389818,0.05403175
389823,0.01116357
389824,0.01061308
389831,0.00569290
389856,0.14451110
389860,0.01578544
389862,0.01635407
389872,0.09383389
389875,0.01448984
389878,0.06388126
389879,0.04333543
389881,0.01395872
389895,0.03266739
389897,0.03632236
389898,0.04416790
389924,0.08771978
389929,0.00788731
389934,0.14702172
389947,0.09069144
389962,0.05766196
389981,0.00651412
390003,0.04029504
390006,0.04467499
390011,0.00559629
390041,0.03415589
390044,0.05851254
390045,0.02705335
390047,0.06980104
390048,0.21605237
390052,0.09213588
390056,0.04400264
390061,0.03239790
390065,0.05649876
390070,0.09070966
390073,0.04886921
390076,0.01298843
390087,0.05846242
390092,0.02789253
390095,0.02977964
390099,0.27051421
390107,0.05895736
390116,0.01346047
390130,0.01447644
390133,0.16020128
390144,0.06918223
390155,0.03269053
390159,0.02945717
390181,0.02660787
390183,0.01519218
390214,0.01300478
390222,0.09497203
390230,0.03854890
390235,0.02905763
390237,0.00874056
390242,0.56146123
390256,0.02195612
390259,0.19711475
390261,0.04727063
390268,0.08891934
390271,0.02089842
390274,0.04221273
390276,0.04922235
390279,0.04154928
390283,0.17306676
390285,0.01739762
390299,0.06440249
390316,0.00903627
390321,0.05331687
390330,0.06251662
390343,0.06581967
390346,0.12160100
390357,0.04514588
390359,0.12029529
390361,0.10340637
390365,0.02447445
390366,0.08318075
390372,0.25707503
390376,0.05532141
390378,0.21418320
390388,0.04486764
390391,0.01333758
390400,0.06361748
390407,0.10445086
390411,0.07639892
390419,0.01309120
390423,0.01472507
390437,0.02356219
390445,0.02218656
390449,0.02260014
390455,0.09948960
390465,0.06254684
390491,0.03730948
390492,0.14560953
390494,0.05962666
390495,0.08891515
390497,0.00982299
390504,0.06091834
390508,0.04919991
390510,0.06508621
390512,0.02484165
390524,0.01552207
390531,0.02311892
390558,0.06368142
390561,0.03587696
390564,0.00417648
390569,0.02920819
390574,0.06222239
390575,0.02445945
390587,0.15442999
390620,0.12368832
390621,0.07935842
390633,0.07590123
390634,0.07804832
390638,0.08942480
390639,0.02035793
390642,0.00904465
390647,0.14823392
390648,0.01795572
390663,0.16936644
390686,0.01469779
390688,0.13167546
390690,0.01333580
390691,0.05089315
390696,0.13968748
390703,0.05424328
390711,0.10447396
390722,0.03927413
390736,0.30379770
390747,0.21209071
390752,0.14835093
390760,0.07463802
390774,0.02565022
390777,0.03330938
390781,0.04229162
390793,0.01975764
390838,0.17950295
390847,0.09582759
390851,0.07381194
390854,0.00961095
390858,0.02507702
390864,0.04828907
390871,0.15516819
390905,0.03828285
390908,0.04318853
390910,0.01423378
390917,0.01315628
390919,0.00611944
390920,0.05876495
390922,0.01592750
390928,0.07072622
390929,0.03993518
390953,0.08244686
390955,0.01360531
390959,0.01913638
390962,0.03250460
390971,0.10538990
390972,0.02504638
390990,0.00728319
390994,0.10648338
390997,0.39656951
391015,0.04450088
391034,0.02141926
391038,0.11259905
391043,0.01910278
391048,0.02662446
391049,0.03463716
391056,0.03909930
391060,0.08335280
391072,0.05022851
391073,0.02780725
391077,0.01752416
391086,0.00974844
391092,0.03265049
391096,0.05026828
391118,0.05489302
391123,0.06327647
391136,0.06473628
391137,0.01037661
391145,0.01638159
391162,0.01330856
391164,0.31661293
391168,0.09759613
391172,0.04662222
391184,0.06132763
391188,0.02812899
391198,0.01504149
391207,0.01601348
391208,0.00793136
391209,0.18065432
391230,0.03816476
391232,0.06585297
391236,0.04504492
391237,0.26650664
391245,0.03167476
391269,0.01750948
391274,0.03952018
391275,0.06333852
391276,0.03319378
391279,0.16654783
391285,0.02055692
391306,0.01179071
391310,0.04843150
391321,0.00568303
391327,0.05083970
391341,0.16002138
391350,0.01406541
391353,0.00355076
391354,0.01979612
391357,0.03610863
391367,0.40974755
391371,0.03683538
391384,0.03189761
391387,0.03358484
391388,0.17678992
391392,0.00984158
391408,0.00667801
391433,0.00944831
391439,0.02509151
391443,0.07563945
391445,0.02112921
391449,0.05274021
391450,0.03924904
391461,0.11804836
391469,0.01135187
391486,0.02051259
391487,0.12761261
391500,0.01420230
391501,0.02864968
391505,0.00769748
391516,0.02392967
391517,0.00738877
391522,0.02151097
391539,0.11050269
391543,0.17860756
391546,0.04018558
391552,0.21378471
391555,0.02536601
391564,0.01306010
391565,0.02868317
391570,0.01188032
391586,0.05422309
391587,0.04848212
391588,0.04782867
391590,0.06100429
391613,0.38965369
391614,0.07396904
391617,0.00348799
391623,0.05489797
391635,0.06865458
391653,0.02428634
391661,0.14126509
391670,0.02899043
391682,0.03629917
391713,0.01245358
391717,0.03423717
391726,0.28419607
391738,0.03593247
391740,0.02391038
391741,0.00724734
391742,0.06429743
391756,0.03226381
391765,0.34034957
391766,0.06320952
391768,0.05606881
391771,0.01808933
391784,0.06135015
391786,0.17637075
391791,0.05700933
391798,0.01391368
391820,0.34693380
391831,0.03479144
391842,0.01699330
391843,0.00791597
391853,0.03396501
391858,0.09884959
391866,0.33301745
391867,0.00445651
391870,0.06343498
391879,0.08078881
391903,0.05234698
391915,0.05133812
391920,0.00740017
391929,0.09326103
391935,0.01198493
391944,0.02378175
391945,0.12161049
391947,0.04224093
391957,0.03781948
391960,0.04027412
391966,0.05879288
391977,0.03401418
391983,0.02387496
391990,0.10270080
391999,0.02248394
392010,0.00948400
392011,0.01256615
392012,0.01446284
392013,0.00953772
392015,0.00504275
392027,0.05809754
392029,0.12254973
392031,0.06247216
392035,0.01510105
392042,0.01416977
392049,0.01277138
392050,0.07267674
392062,0.05143577
392068,0.10980222
392071,0.05383650
392079,0.01226207
392087,0.03790707
392106,0.07036405
392111,0.02253770
392123,0.10383387
392127,0.25422774
392132,0.11438354
392149,0.18221555
392151,0.04537708
392175,0.33633263
392186,0.13053465
392190,0.24439025
392196,0.08176229
392202,0.03113970
392212,0.04231192
392221,0.10242794
392224,0.31849859
392230,0.03332468
392232,0.10228388
392234,0.18832107
392239,0.07479455
392240,0.13339554
392241,0.00392312
392243,0.10405819
392250,0.02237964
392253,0.01785743
392258,0.03683739
392260,0.04388776
392270,0.31974056
392280,0.04791754
392283,0.02840773
392293,0.04858902
392311,0.08288139
392316,0.02008829
392317,0.16864802
392319,0.12480208
392328,0.01061576
392363,0.07140244
392369,0.03602324
392371,0.02069116
392372,0.10726936
392386,0.07385218
392389,0.19658609
392390,0.08569670
392391,0.20110877
392398,0.00757103
392399,0.03170288
392404,0.09599152
392405,0.01285952
392408,0.20465703
392422,0.03926716
392423,0.03951871
392424,0.04689330
392429,0.02420710
392430,0.09660816
392431,0.05426616
392437,0.02481569
392450,0.03027295
392458,0.01931905
392460,0.03599477
392469,0.23454310
392474,0.06924083
392491,0.22672145
392495,0.01608844
392513,0.17471610
392526,0.18859981
392527,0.14913150
392534,0.03563907
392540,0.43269443
392554,0.09250679
392571,0.03745910
392578,0.06280048
392583,0.01612774
392588,0.16080807
392594,0.10608105
392604,0.01799463
392610,0.30643535
392613,0.01479962
392619,0.09922272
392622,0.28888476
392624,0.01471334
392629,0.37032029
392634,0.07075493
392639,0.00729453
392649,0.05552341
392671,0.05991642
392680,0.24885973
392682,0.00808883
392684,0.02203088
392685,0.25094812
392686,0.38843195
392699,0.01512417
392704,0.01631521
392709,0.05948226
392714,0.13913444
392717,0.01252644
392727,0.02375401
392730,0.07079971
392741,0.03920496
392754,0.00434003
392762,0.03272654
392774,0.05536694
392775,0.07873418
392793,0.06704634
392800,0.10907250
392809,0.05736410
392812,0.00973994
392814,0.02097531
392820,0.04697870
392825,0.01371909
392847,0.04699629
392849,0.21137742
392861,0.15980802
392868,0.10188517
392880,0.08782039
392882,0.03279525
392888,0.07781539
392905,0.02283965
392909,0.07980472
392915,0.05349847
392925,0.03874212
392931,0.02319180
392933,0.01392311
392935,0.03257327
392939,0.04027712
392951,0.02555960
392960,0.00772790
392962,0.04592140
392964,0.14346641
392970,0.03373679
392980,0.02272778
392981,0.05530385
392985,0.03139590
392990,0.02801404
392992,0.15595412
392998,0.06607107
392999,0.04313340
393007,0.02534954
393009,0.04133344
393012,0.05665134
393014,0.04295149
393015,0.04533103
393035,0.08046847
393055,0.01196930
393056,0.05667422
393075,0.04186251
393078,0.01147509
393094,0.03493863
393111,0.04855285
393115,0.06119342
393117,0.22459266
393118,0.02424423
393128,0.16623651
393129,0.04121338
393136,0.01345695
393138,0.02836810
393139,0.12072748
393156,0.03809567
393159,0.41495021
393168,0.04261823
393172,0.03614261
393177,0.03926121
393189,0.00257018
393194,0.20262334
393201,0.04183646
393202,0.07731885
393209,0.01145856
393216,0.20205911
393218,0.11898396
393224,0.01957533
393227,0.09889864
393232,0.02302080
393256,0.04327613
393257,0.05137333
393258,0.28227977
393267,0.03177992
393269,0.04795138
393275,0.07756844
393278,0.05284576
393279,0.06442528
393312,0.06509927
393318,0.06621813
393343,0.07512723
393351,0.12642359
393356,0.00933650
393361,0.15174337
393370,0.10952671
393381,0.01714966
393395,0.16060464
393405,0.02014021
393416,0.03981888
393419,0.01886116
393430,0.07969156
393443,0.17237873
393454,0.20384182
393478,0.00676753
393489,0.01237774
393499,0.08637464
393503,0.02680253
393505,0.08428113
393507,0.01586749
393526,0.04578539
393537,0.02314089
393543,0.02781938
393555,0.02110253
393562,0.04447371
393573,0.23657707
393587,0.37309022
393591,0.07108222
393606,0.02795605
393621,0.08093914
393624,0.01448651
393625,0.38359606
393628,0.11378289
393633,0.02250031
393641,0.08219277
393642,0.07912717
393650,0.01682030
393658,0.09447845
393669,0.02012422
393671,0.03912100
393672,0.03515581
393680,0.01685116
393683,0.31056351
393684,0.05383701
393691,0.00846344
393696,0.02687776
393699,0.02865512
393708,0.01322293
393709,0.12260652
393711,0.06968715
393720,0.21207051
393738,0.01298863
393740,0.02719563
393762,0.00320431
393774,0.01107144
393776,0.01976845
393778,0.02540148
393793,0.01921809
393804,0.09130853
393818,0.25421967
393821,0.01156035
393822,0.00793101
393833,0.28003896
393839,0.12326746
393840,0.08951135
393843,0.02299117
393852,0.00526182
393855,0.01416736
393860,0.14059752
393864,0.10712742
393877,0.09352631
393882,0.15525139
393884,0.07111755
393886,0.01584900
393892,0.02209864
393894,0.02608457
393902,0.05464535
393909,0.12942776
393910,0.01465205
393911,0.02251476
393934,0.02950769
393936,0.15819607
393939,0.13563086
393940,0.01648947
393943,0.02120344
393946,0.07454896
393950,0.01037130
393953,0.03533183
393959,0.34236513
393974,0.14932468
393980,0.08138265
393983,0.02021002
393985,0.04855738
393992,0.02034552
393995,0.06808580
394008,0.28686326
394010,0.02252674
394022,0.01939554
394062,0.02065417
394063,0.08225976
394066,0.01826734
394069,0.07653183
394071,0.05335386
394082,0.04232135
394087,0.09240093
394095,0.00851275
394097,0.14983414
394106,0.03284052
394113,0.64647096
394115,0.17494287
394125,0.02098977
394131,0.03939809
394132,0.05453803
394141,0.09668158
394145,0.17714444
394153,0.46741128
394159,0.02022593
394180,0.02526801
394186,0.01834776
394200,0.05366915
394203,0.03430686
394210,0.04603415
394214,0.14687621
394218,0.14206322
394231,0.06534078
394240,0.25376501
394248,0.05653324
394249,0.00456855
394254,0.09150894
394264,0.04072653
394267,0.08489486
394269,0.15793565
394275,0.09990327
394289,0.01102871
394295,0.02268874
394305,0.12823328
394308,0.02202228
394317,0.00591622
394323,0.22854056
394332,0.04683336
394336,0.13220327
394345,0.32394966
394346,0.01705653
394347,0.03451221
394351,0.06462691
394355,0.19042031
394360,0.01873243
394372,0.05322918
394373,0.08589628
394374,0.02480134
394382,0.12759013
394385,0.02466490
394409,0.09500372
394415,0.01622454
394433,0.01128796
394445,0.03227580
394448,0.04459091
394451,0.10318712
394467,0.02762910
394471,0.01865459
394473,0.11761102
394474,0.02775466
394476,0.18763123
394492,0.01715037
394502,0.02001654
394506,0.03674315
394510,0.14229869
394515,0.00492767
394535,0.10492301
394537,0.17664603
394539,0.06671868
394541,0.05486670
394564,0.07446487
394567,0.03620814
394568,0.05259272
394571,0.10671859
394576,0.01568146
394579,0.27180497
394585,0.02226767
394588,0.00309981
394606,0.04662845
394623,0.00813413
394632,0.22553766
394635,0.05053127
394642,0.01410482
394653,0.04807777
394689,0.01577994
394695,0.04031643
394699,0.04614871
394706,0.05085451
394712,0.20681190
394721,0.45557079
394722,0.02986774
394739,0.02192709
394742,0.17312485
394761,0.05862334
394775,0.07102340
394777,0.12314885
394783,0.13149437
394800,0.18529189
394803,0.00677589
394804,0.48485651
394815,0.01925619
394835,0.08105787
394843,0.43275128
394845,0.19893280
394847,0.01383335
394848,0.13260191
394850,0.05368867
394857,0.01797805
394873,0.07177126
394892,0.05329881
394898,0.01438021
394904,0.04977540
394918,0.08253208
394920,0.10014872
394926,0.00792808
394927,0.04983357
394940,0.01943130
394942,0.01408376
394943,0.06488510
394959,0.05998452
394977,0.11301602
394991,0.06255835
395014,0.27560300
395027,0.03933770
395042,0.09753208
395062,0.06144570
395063,0.27819429
395064,0.04347784
395076,0.05177546
395085,0.09477619
395095,0.03444958
395100,0.01408298
395105,0.14345574
395108,0.00867002
395110,0.08503580
395114,0.23142843
395123,0.23815330
395131,0.04473639
395144,0.03919499
395152,0.15564542
395159,0.04086091
395166,0.04406849
395197,0.02650702
395210,0.03522159
395212,0.02610700
395216,0.09708844
395218,0.09708630
395224,0.00895442
395225,0.06783745
395233,0.07679558
395237,0.01397011
395246,0.01716893
395248,0.13014573
395262,0.03253864
395271,0.02141903
395275,0.03050837
395286,0.02703166
395316,0.03973371
395318,0.24650336
395328,0.03304952
395334,0.02415937
395337,0.13690606
395338,0.03654058
395346,0.03911270
395365,0.07865195
395373,0.12471784
395383,0.32209997
395387,0.04623020
395391,0.00963152
395401,0.10318564
395432,0.00721019
395443,0.00697480
395447,0.03384918
395448,0.07594507
395450,0.04065099
395456,0.02857816
395459,0.09298457
395462,0.04535514
395488,0.21731164
395492,0.01118517
395495,0.04829807
395504,0.11148319
395507,0.01319891
395508,0.17160043
395509,0.02030196
395513,0.06847590
395515,0.09514863
395517,0.63609628
395520,0.08693732
395524,0.01191293
395525,0.00891324
395533,0.02339771
395538,0.01491905
395545,0.02062037
395553,0.03046683
395576,0.04234589
395585,0.05003150
395590,0.02378831
395593,0.02465523
395595,0.01897019
395603,0.07923102
395604,0.07209165
395611,0.19515971
395612,0.02993445
395617,0.02216003
395624,0.01523121
395653,0.12807357
395665,0.03448395
395668,0.05424702
395672,0.07598277
395677,0.01532296
395692,0.01407663
395693,0.08296873
395694,0.02542232
395696,0.04522234
395699,0.02032875
395703,0.01810104
395712,0.07941872
395731,0.01696448
395732,0.04383063
395735,0.03165355
395736,0.01748044
395744,0.14558024
395763,0.03350611
395771,0.02457745
395774,0.01493918
395784,0.01886840
395790,0.03602051
395792,0.34305847
395796,0.02572151
395808,0.07700569
395810,0.03513726
395814,0.02195342
395831,0.12630892
395836,0.04541624
395837,0.04554443
395852,0.03397090
395854,0.00561310
395856,0.05604835
395857,0.04575330
395860,0.00811019
395862,0.01703650
395875,0.02704584
395880,0.01510050
395893,0.07787309
395900,0.02157564
395908,0.07928146
395921,0.26743976
395922,0.01205271
395926,0.07328866
395933,0.01702197
395936,0.00780725
395940,0.02503563
395951,0.08161237
395964,0.00580787
395969,0.04309717
395971,0.02209886
395973,0.04448090
395975,0.07380824
395984,0.17873888
395993,0.01615847
396012,0.12181699
396033,0.13309039
396035,0.04814379
396036,0.10101784
396041,0.01182254
396048,0.11995910
396049,0.02129217
396057,0.03438344
396060,0.04154119
396063,0.02379835
396078,0.07479310
396085,0.07012953
396087,0.02228753
396094,0.04744083
396104,0.01234847
396110,0.03760676
396123,0.13359254
396139,0.04182833
396160,0.01197373
396165,0.06772484
396169,0.08405577
396182,0.01454999
396200,0.39968660
396201,0.01148083
396202,0.02801921
396216,0.06990155
396227,0.08814250
396236,0.01526691
396240,0.12841861
396249,0.02726429
396252,0.04276018
396253,0.17587427
396276,0.05183681
396297,0.04880591
396301,0.01042253
396310,0.02684637
396327,0.03352027
396330,0.04798028
396331,0.06084104
396334,0.02844320
396337,0.03700411
396343,0.03418255
396346,0.02622130
396350,0.23437321
396368,0.01314512
396375,0.14233334
396378,0.05070793
396380,0.09668199
396393,0.01789566
396397,0.02132778
396403,0.02562039
396404,0.39044908
396408,0.02922758
396414,0.05238897
396418,0.40442882
396420,0.03017719
396426,0.02861487
396428,0.01341572
396434,0.16955525
396435,0.02079015
396437,0.00931715
396442,0.03198346
396444,0.02148802
396449,0.01647002
396453,0.05909066
396464,0.06451530
396474,0.02428403
396483,0.03595714
396496,0.06664199
396501,0.09160479
396505,0.02955181
396506,0.01463484
396512,0.01750292
396513,0.17420927
396518,0.02331535
396530,0.09193220
396542,0.03160287
396549,0.01162145
396553,0.02365316
396555,0.23369836
396557,0.03210565
396562,0.11936213
396566,0.06831897
396588,0.07304664
396589,0.05265741
396590,0.12413330
396597,0.01362683
396602,0.00461343
396609,0.16140727
396614,0.23612538
396617,0.07233657
396620,0.15313487
396625,0.18346817
396638,0.04741192
396640,0.03723079
396646,0.05194842
396648,0.03780233
396653,0.03015558
396663,0.05287315
396668,0.03014958
396670,0.05064338
396678,0.01765659
396681,0.01329312
396698,0.01601631
396699,0.11957724
396710,0.09465860
396713,0.03848139
396729,0.02638380
396732,0.09676486
396735,0.18517531
396752,0.28108951
396754,0.01529695
396761,0.01362965
396769,0.06878397
396777,0.01622823
396789,0.11245003
396790,0.01587942
396792,0.03842386
396824,0.06963469
396829,0.02976404
396830,0.05140264
396844,0.06644046
396849,0.03595386
396855,0.41749580
396864,0.13544776
396865,0.07146225
396866,0.02880897
396883,0.04068690
396889,0.11043503
396893,0.01762441
396900,0.24161749
396904,0.08888424
396912,0.01027243
396916,0.00882693
396922,0.00689275
396926,0.01689188
396928,0.03974086
396931,0.16612149
396944,0.01283952
396949,0.03845748
396952,0.15980154
396979,0.17591635
396984,0.01263252
396986,0.01906180
396992,0.01144925
396995,0.49588895
397014,0.07752427
397025,0.01571514
397046,0.30309045
397047,0.05436286
397051,0.02035934
397052,0.04191282
397058,0.01226658
397071,0.03329423
397081,0.03817532
397084,0.01536859
397086,0.27772900
397088,0.04015062
397090,0.16049671
397093,0.03714119
397106,0.00706786
397109,0.20891949
397110,0.11053150
397118,0.01442047
397119,0.05575357
397120,0.00454263
397127,0.03747460
397128,0.02075942
397129,0.07487128
397132,0.01850569
397138,0.01696442
397139,0.11699326
397146,0.24472385
397148,0.18688619
397149,0.05694551
397166,0.03109542
397167,0.07886449
397168,0.01787404
397171,0.01294395
397178,0.12820691
397185,0.01853128
397191,0.04378848
397195,0.02060075
397197,0.13059240
397198,0.06475073
397211,0.07093083
397213,0.02115742
397216,0.00790287
397219,0.04383093
397226,0.02349551
397241,0.02026970
397249,0.09674887
397261,0.04463177
397265,0.01758964
397281,0.00801651
397304,0.04281606
397306,0.02400463
397325,0.05843453
397327,0.01865093
397345,0.35871263
397360,0.01245821
397378,0.00984795
397383,0.04035159
397384,0.02935181
397399,0.08916985
397415,0.01933385
397433,0.00982639
397444,0.34782334
397452,0.20963177
397458,0.02461620
397460,0.06358957
397462,0.03295433
397464,0.02691391
397466,0.32121549
397472,0.01495095
397474,0.01705693
397476,0.10490949
397482,0.24436866
397492,0.16460211
397494,0.00493036
397501,0.15783055
397507,0.10625465
397512,0.11656344
397513,0.07996742
397517,0.01725940
397533,0.04263610
397549,0.29532025
397560,0.02027334
397562,0.02552640
397570,0.06183226
397575,0.01393405
397584,0.02976569
397585,0.01041311
397593,0.01054244
397609,0.08190489
397615,0.01100467
397630,0.11793914
397631,0.04089435
397633,0.10911077
397641,0.01015294
397664,0.01110135
397668,0.01309633
397674,0.04534561
397679,0.05291999
397681,0.08099825
397694,0.02533833
397695,0.05028192
397707,0.29111415
397713,0.02863485
397714,0.08736803
397715,0.02942569
397724,0.01239203
397726,0.20228754
397729,0.01058053
397739,0.01234934
397741,0.01402681
397759,0.03790738
397761,0.02508081
397767,0.11469551
397776,0.23305115
397782,0.16667312
397785,0.07269159
397789,0.02046777
397793,0.04385395
397794,0.04989873
397804,0.03067058
397815,0.00906194
397816,0.04545893
397825,0.04692947
397857,0.13344635
397861,0.04224952
397890,0.06796597
397891,0.35500771
397900,0.03864736
397903,0.05564482
397911,0.02817308
397925,0.04184834
397928,0.06035541
397954,0.02289838
397955,0.00589968
397962,0.03373747
397971,0.01393638
397975,0.08801389
397984,0.05089184
397989,0.01093906
397993,0.09726374
398004,0.02034666
398032,0.23882672
398038,0.02003742
398043,0.03172411
398046,0.01567503
398051,0.15936041
398061,0.02976529
398082,0.03463981
398086,0.05264876
398087,0.07125917
398088,0.07285072
398093,0.04539112
398103,0.01706804
398106,0.04327679
398109,0.04339491
398110,0.01331127
398113,0.04434402
398116,0.06730984
398132,0.01240336
398135,0.06171924
398138,0.04632378
398159,0.16956602
398163,0.04497185
398165,0.04003572
398166,0.09986830
398173,0.06087786
398179,0.06620927
398181,0.05553642
398189,0.02809160
398196,0.02950157
398206,0.06231579
398208,0.04843376
398220,0.02419921
398231,0.03399260
398234,0.49868950
398239,0.01350476
398254,0.00641025
398260,0.02867325
398261,0.02088049
398269,0.13245879
398274,0.00665351
398279,0.01124779
398280,0.05421254
398292,0.08685565
398293,0.07170562
398295,0.08970934
398329,0.02057231
398337,0.08168326
398344,0.02111077
398347,0.03615597
398348,0.51627547
398352,0.00349725
398355,0.10591586
398360,0.19545165
398363,0.07433918
398368,0.05111930
398373,0.11270699
398377,0.05328636
398384,0.03427192
398389,0.03728100
398394,0.22395536
398397,0.01557738
398400,0.05913136
398409,0.05169561
398429,0.01842551
398432,0.05465356
398444,0.38446128
398446,0.30171650
398456,0.01604358
398461,0.04001728
398473,0.01569631
398480,0.03175648
398481,0.10550872
398485,0.06042101
398488,0.57579358
398500,0.01493718
398520,0.10981283
398524,0.11665054
398534,0.04147281
398554,0.00989109
398572,0.08915197
398580,0.04817478
398586,0.02617216
398592,0.25606411
398606,0.10535549
398619,0.07192273
398621,0.09202827
398625,0.05538729
398645,0.17563483
398652,0.39470168
398656,0.00917255
398661,0.10904148
398667,0.02003411
398669,0.07507286
398676,0.03193998
398690,0.01499233
398699,0.13580135
398715,0.09454510
398718,0.00509688
398721,0.03325582
398729,0.03519956
398737,0.04624771
398738,0.04644041
398752,0.13996872
398757,0.04780702
398759,0.01674074
398764,0.20268104
398771,0.03521241
398773,0.02582210
398775,0.02673419
398779,0.09721857
398791,0.21687750
398807,0.03443048
398811,0.10513897
398814,0.07620069
398817,0.02464696
398829,0.01615161
398830,0.05089406
398838,0.00392458
398839,0.14404398
398841,0.09137358
398850,0.03212645
398852,0.00678745
398858,0.04714852
398859,0.05178538
398862,0.13748570
398870,0.10499156
398875,0.07336456
398902,0.00589622
398910,0.00691003
398919,0.13426086
398929,0.04180682
398935,0.31882898
398940,0.01831388
398953,0.16793872
398956,0.03385845
398963,0.00460938
398966,0.14763707
398967,0.07059442
398968,0.08243057
398974,0.06019005
398976,0.05973314
398982,0.03519771
398993,0.05380425
399011,0.07307131
399016,0.06374097
399017,0.02504142
399020,0.05156796
399047,0.06404159
399053,0.57823584
399056,0.00547329
399061,0.03924760
399066,0.14403357
399074,0.02438020
399086,0.04472675
399088,0.07278311
399091,0.06070765
399092,0.06904597
399093,0.03561738
399100,0.00776061
399124,0.02555170
399131,0.08206755
399142,0.02150916
399149,0.03191126
399158,0.21226574
399160,0.01799218
399167,0.00919787
399169,0.04444839
399171,0.00581207
399174,0.04740484
399178,0.09002773
399179,0.33288553
399184,0.03634665
399185,0.00740682
399186,0.09602074
399191,0.02722684
399192,0.03148208
399195,0.37045779
399212,0.14185718
399221,0.05795705
399223,0.16684879
399230,0.31411785
399246,0.08373483
399260,0.05076761
399261,0.07059931
399266,0.01602116
399289,0.04402079
399293,0.05108949
399299,0.02747594
399306,0.01786092
399321,0.01103438
399328,0.02263775
399344,0.01544360
399352,0.02550825
399358,0.01444220
399374,0.17421494
399382,0.32900770
399385,0.04292486
399388,0.04239076
399399,0.01293849
399410,0.00569241
399417,0.00571742
399423,0.03869145
399427,0.00532726
399429,0.04842102
399435,0.01546777
399439,0.01827643
399451,0.06259859
399454,0.01624941
399458,0.09965528
399468,0.01919665
399477,0.08133296
399483,0.05711689
399493,0.02219041
399494,0.06371951
399499,0.07279258
399503,0.13025580
399510,0.02966403
399511,0.01374320
399525,0.04479608
399528,0.06676145
399533,0.04578521
399538,0.10600155
399551,0.20978676
399568,0.21542333
399571,0.01983457
399585,0.00840923
399589,0.10840277
399595,0.01641895
399598,0.01789665
399605,0.07292628
399616,0.04716822
399617,0.01889904
399622,0.02271363
399627,0.13477199
399635,0.11748865
399639,0.40748125
399641,0.04631567
399643,0.02870712
399659,0.00605685
399667,0.08067339
399683,0.01516991
399702,0.11262845
399706,0.14817482
399720,0.01792896
399727,0.04242837
399730,0.15533319
399734,0.03984674
399751,0.03590103
399754,0.12833594
399759,0.09892990
399768,0.02047295
399770,0.14889845
399781,0.07377445
399786,0.14464489
399799,0.03229018
399811,0.03073323
399813,0.02335292
399820,0.09370836
399832,0.01232395
399851,0.15524291
399853,0.00998099
399855,0.04632741
399860,0.12083159
399876,0.30043978
399877,0.03261378
399881,0.00354594
399882,0.02115333
399903,0.03439743
399906,0.08653014
399912,0.17431146
399915,0.06065364
399921,0.01580275
399935,0.05362796
399936,0.11959390
399938,0.04028144
399939,0.01362409
399940,0.02345992
399949,0.06366694
399953,0.00644711
399959,0.27974163
399968,0.02885663
399969,0.00520761
399972,0.02385574
399974,0.01066529
399976,0.01602122
399979,0.05230126
399988,0.08173015
399994,0.19379167
399996,0.12744715
399997,0.05110596
400000,0.02448607
400004,0.03348970
400011,0.04032495
400014,0.31101601
400015,0.02366130
400017,0.08598247
400046,0.09973950
400063,0.06616116
400065,0.02453417
400069,0.02610508
400075,0.00761177
400088,0.00984750
400091,0.01905010
400105,0.01352364
400108,0.14679444
400113,0.05215351
400119,0.09167353
400123,0.02611646
400127,0.01909565
400136,0.03916630
400137,0.23658610
400138,0.07738001
400158,0.08084801
400172,0.05486968
400174,0.04992380
400224,0.08644463
400229,0.12970151
400236,0.48196083
400240,0.01513995
400249,0.00609787
400258,0.09980105
400268,0.11940966
400272,0.00856560
400284,0.09142481
400292,0.03524240
400295,0.08759568
400308,0.06526090
400314,0.08276315
400315,0.00692727
400331,0.15484804
400332,0.01959613
400339,0.03088807
400342,0.04840825
400361,0.10133428
400363,0.09436202
400365,0.01503662
400374,0.13322244
400379,0.01185196
400382,0.02193529
400416,0.01814689
400422,0.03849547
400436,0.03265271
400460,0.06854220
400462,0.25337909
400468,0.09949111
400482,0.06208485
400489,0.02603487
400490,0.08464465
400501,0.02097063
400519,0.02261731
400525,0.31416880
400526,0.00697464
400529,0.20559229
400540,0.05904627
400543,0.18274599
400545,0.02690128
400556,0.04616310
400572,0.05296969
400584,0.01059655
400589,0.03531100
400593,0.24355388
400597,0.01711417
400616,0.04852713
400642,0.09078714
400643,0.05838044
400649,0.02139246
400672,0.08231115
400685,0.01887337
400693,0.09071511
400695,0.16647529
400701,0.01719438
400720,0.02167255
400741,0.02321014
400745,0.09965731
400750,0.00972885
400779,0.04739317
400784,0.02887927
400792,0.10245783
400800,0.01251400
400811,0.01939106
400813,0.33286250
400820,0.00436302
400830,0.02898474
400833,0.01302023
400834,0.03564208
400841,0.01246009
400855,0.23333301
400856,0.10574874
400860,0.02911106
400866,0.03096664
400869,0.07394782
400870,0.05944380
400880,0.02414837
400882,0.01586044
400915,0.04928609
400921,0.17256685
400923,0.07705867
400925,0.01532727
400936,0.02944386
400943,0.18429344
400962,0.00900379
400963,0.13960392
400967,0.02583528
400970,0.04758239
400975,0.00916204
400981,0.31107704
400983,0.13663931
400987,0.06587904
400988,0.02141447
400994,0.08601121
400998,0.11786872
401002,0.01216526
401003,0.05355603
401005,0.03644930
401007,0.03873138
401022,0.26302951
401029,0.33433103
401035,0.02476552
401036,0.29860029
401040,0.01473483
401045,0.02359178
401053,0.03389859
401065,0.03982924
401067,0.06927341
401069,0.01634964
401073,0.13539509
401074,0.09795176
401078,0.07539896
401082,0.18825310
401086,0.04000840
401092,0.04691623
401097,0.02161750
401098,0.01792217
401099,0.13964111
401100,0.07525656
401107,0.06134157
401119,0.14709439
401120,0.01768010
401137,0.23841347
401142,0.23433838
401162,0.01637407
401163,0.20029810
401172,0.01982399
401179,0.12273493
401182,0.02963540
401184,0.13210906
401190,0.00808771
401207,0.04243127
401210,0.02274834
401220,0.04907543
401225,0.02513445
401230,0.22176372
401240,0.01604460
401246,0.09485329
401256,0.21204351
401273,0.00743686
401274,0.05241519
401287,0.08195354
401292,0.05906364
401305,0.10483956
401310,0.01028228
401311,0.05210479
401321,0.04072020
401332,0.02215243
401338,0.01254162
401345,0.04061483
401368,0.08821977
401375,0.39706603
401378,0.02255278
401379,0.04059241
401395,0.05009384
401403,0.04341758
401406,0.01157112
401415,0.07106281
401424,0.02982262
401425,0.01215464
401428,0.26136199
401430,0.04284709
401436,0.03184696
401440,0.06024539
401443,0.05662450
401447,0.01714813
401448,0.03072428
401450,0.01390073
401459,0.01895623
401462,0.02771111
401470,0.43460515
401479,0.08254875
401481,0.00939127
401486,0.09881802
401496,0.01268134
401497,0.06187123
401502,0.03364704
401508,0.05332294
401513,0.08190468
401517,0.33967588
401519,0.22212738
401533,0.30776969
401536,0.44589339
401547,0.01542533
401581,0.02087401
401582,0.03461706
401586,0.05053075
401593,0.41043927
401603,0.10395768
401621,0.06920926
401625,0.05250832
401635,0.49529352
401646,0.04290759
401649,0.02975048
401660,0.03335471
401668,0.12981803
401686,0.01306554
401706,0.11602479
401712,0.05896498
401721,0.01795151
401725,0.08880248
401730,0.31550601
401741,0.01161830
401743,0.03724635
401748,0.01556879
401751,0.01530177
401770,0.02172817
401791,0.00863496
401792,0.07233369
401808,0.18786071
401816,0.01497215
401820,0.11822230
401821,0.01586205
401828,0.02001358
401830,0.14974346
401832,0.00952165
401839,0.07195834
401852,0.00870218
401868,0.02934375
401876,0.02279431
401879,0.33549670
401882,0.00708972
401894,0.03852969
401899,0.18871788
401901,0.21082566
401913,0.03229064
401919,0.02355090
401920,0.02679593
401923,0.01050548
401924,0.13726604
401932,0.19811837
401942,0.44166939
401949,0.05467774
401950,0.18616723
401951,0.01183499
401952,0.04394966
401971,0.19020860
401972,0.02543530
401973,0.07025023
401974,0.05554135
401983,0.06421748
401984,0.01202061
401988,0.01390510
401989,0.08171864
401990,0.01571985
402024,0.04436984
402029,0.08459591
402030,0.39505048
402041,0.03289228
402042,0.09317846
402043,0.02170109
402052,0.07834915
402053,0.02017160
402054,0.04019070
402057,0.03134941
402067,0.04369027
402068,0.01086262
402069,0.10685737
402070,0.06218416
402071,0.01590180
402073,0.02341165
402074,0.02660056
402075,0.04513539
402076,0.04229890
402077,0.02035889
402078,0.40673948
402079,0.17679169
402080,0.02309166
402081,0.00504583
402082,0.04197986
402089,0.24543730
402090,0.01753168
402091,0.06215704
402092,0.05794633
402094,0.06150233
402095,0.00916796
402096,0.04832564
402109,0.02989037
402151,0.06745059
402152,0.01917370
402153,0.04786713
402155,0.03545533
402201,0.01287465
402210,0.02787229
402212,0.06646614
402218,0.01269337
402227,0.11336623
402234,0.19248032
402236,0.01070225
402242,0.06453496
402243,0.02360198
402244,0.33697867
402245,0.00837956
402250,0.03864483
402251,0.11711871
402254,0.24992381
402255,0.18866158
402256,0.11451350
402257,0.23881526
402258,0.11785868
402259,0.03261203
402260,0.01843206
402261,0.20086608
402262,0.02978790
402263,0.13371073
402264,0.00529486
402265,0.02488880
402266,0.08948142
402267,0.10052830
402268,0.00772504
402270,0.02056492
402271,0.01491074
402272,0.14124828
402273,0.03056522
402274,0.00910701
402275,0.03764430
402276,0.04765926
402277,0.03431154
402278,0.01751345
402279,0.05538545
402280,0.00520932
402362,0.15960060
402363,0.00949217
402364,0.02063600
402370,0.00935889
402376,0.01788994
402381,0.10229410
402384,0.04409275
402389,0.02717858
402414,0.05208750
402416,0.00451582
402417,0.01852155
402420,0.02728467
402426,0.01732068
402436,0.32898983
402444,0.02343619
402447,0.02799308
402449,0.03621159
402454,0.36536650
402458,0.17894908
402460,0.09120105
402466,0.02614453
402475,0.09679650
402498,0.19858414
402502,0.03725424
402505,0.10413896
402509,0.03527195
402513,0.22525351
402517,0.00878249
402519,0.03095591
402522,0.06912810
402523,0.05127602
402525,0.05411628
402528,0.14274327
402534,0.04152841
402536,0.02583612
402542,0.04218950
402548,0.14822401
402552,0.07894459
402559,0.01953504
402563,0.01693074
402568,0.06029267
402573,0.04936798
402574,0.04218465
402575,0.03051189
402577,0.05964693
402602,0.01389298
402603,0.09447223
402604,0.03656377
402614,0.11744926
402615,0.08443937
402616,0.01176765
402617,0.20541183
402618,0.11592328
402619,0.02439910
402639,0.04933646
402640,0.05333217
402641,0.57221974
402642,0.01394050
402643,0.00788090
402644,0.03101495
402645,0.03505460
402649,0.01571319
402650,0.13059231
402653,0.05089425
402654,0.00996265
402655,0.20411387
402656,0.10766299
402657,0.04788420
402658,0.02890879
402659,0.02305320
402662,0.00449307
402696,0.00751217
402705,0.01833869
402707,0.08072266
402708,0.04536127
402709,0.02587092
402729,0.10147125
402730,0.08188970
402732,0.04655076
402739,0.03054564
402740,0.04631303
402741,0.05589984
402744,0.35002666
402745,0.13713697
402746,0.01168027
402772,0.10318345
402773,0.07076266
402774,0.05446222
402780,0.02916841
402781,0.02900153
402782,0.10789008
402790,0.01998002
402803,0.22005122
402808,0.13756868
402809,0.00769616
402810,0.15108348
402811,0.11474477
402815,0.04698348
402820,0.04766091
402821,0.07769798
402822,0.02993372
402824,0.06262842
402825,0.01827705
402870,0.03961121
402875,0.01142906
402924,0.23923334
402925,0.03213393
402926,0.01361560
402927,0.03519704
402928,0.04258823
402929,0.06360321
402930,0.08553335
402931,0.00912192
402932,0.01747234
402933,0.16469918
402940,0.10198856
402953,0.04545363
402954,0.04318962
402955,0.02089552
402956,0.04914937
402957,0.00756039
402970,0.01242829
402973,0.06225538
402974,0.07415636
402975,0.01467297
402976,0.08253613
402977,0.01149513
402978,0.03971141
402979,0.14662307
402980,0.14679516
402981,0.06989093
402982,0.05591783
402993,0.26330990
402994,0.07164690
403099,0.02626035
403137,0.00996760
403138,0.02086547
403165,0.03319847
403192,0.30311642
403214,0.03743388
403223,0.01524919
403238,0.04522891
403244,0.25474332
403246,0.02042081
403252,0.04389830
403254,0.11483466
403255,0.01952938
403259,0.05759796
403262,0.04369733
403277,0.02068131
403280,0.12325156
403281,0.07525013
403287,0.02656023
403315,0.13827928
403318,0.11748546
403319,0.01278753
403327,0.00803823
403331,0.01499849
403342,0.24502417
403349,0.07220847
403353,0.03142769
403364,0.02888790
403369,0.01874681
403373,0.17707260
403376,0.04352866
403378,0.01268942
403384,0.01703774
403385,0.00227736
403386,0.02510183
403388,0.04020213
403396,0.01360009
403398,0.07154340
403404,0.05395744
403410,0.03702773
403414,0.05068672
403417,0.05771713
403422,0.02991805
403424,0.07017867
403438,0.04366178
403451,0.02543454
403452,0.05762214
403453,0.04357647
403454,0.04907943
403455,0.09003607
403464,0.03546097
403465,0.02874257
403466,0.01546820
403500,0.07219823
403501,0.08262678
403524,0.27312716
403525,0.07070937
403526,0.01713660
403527,0.02997280
403542,0.08373184
403543,0.01638284
403549,0.01059827
403550,0.04550195
403551,0.05937127
403552,0.07217821
403553,0.02046296
403554,0.05160444
403558,0.01118232
403559,0.03178523
403560,0.48089542
403561,0.30464218
403562,0.14454640
403564,0.05947519
403565,0.01170770
403566,0.01244994
403600,0.06682298
403602,0.04666239
403603,0.03243914
403662,0.02126180
403685,0.06071347
403686,0.00238052
403687,0.01135060
403688,0.20489981
403689,0.60367586
403690,0.54218277
403691,0.03863602
403692,0.03634619
403696,0.02489208
403697,0.18403934
403698,0.00796043
403699,0.16708194
403701,0.10066937
403702,0.11690258
403703,0.12450972
403704,0.06369090
403705,0.02641690
403712,0.06124899
403713,0.02033050
403714,0.22876564
403715,0.03179797
403718,0.03706926
403722,0.26696889
403723,0.03877002
403724,0.11067944
403725,0.01482852
403726,0.01510960
403764,0.03099634
403765,0.00861382
403766,0.06578301
403770,0.22049982
403771,0.01069800
403772,0.14691279
403795,0.06808500
403799,0.03490783
403800,0.06060364
403801,0.00956149
403802,0.20172334
403803,0.27611245
403811,0.03783720
403814,0.01641271
403815,0.02655397
403816,0.02181505
403817,0.03155251
403818,0.01658872
403820,0.02507656
403821,0.04954225
403822,0.08819967
403823,0.00928172
403824,0.14590764
403825,0.00930427
403826,0.01064749
403828,0.03625789
403834,0.03150292
403836,0.20543118
403837,0.08582642
403838,0.03773967
403839,0.04231750
403873,0.05087806
403876,0.13497249
403902,0.03184373
403918,0.01718433
403922,0.03398998
403928,0.10518126
403929,0.09968062
403931,0.00436253
403932,0.02545683
403933,0.04394011
403935,0.03378939
403936,0.28053788
403937,0.06316583
403938,0.02159084
403943,0.03699736
403944,0.02254245
403945,0.01906196
403946,0.11642849
403948,0.10388496
403951,0.11897095
403955,0.05670316
403956,0.07645743
403957,0.07489071
403958,0.03129695
403960,0.10837339
403961,0.00863869
403962,0.12465454
403963,0.00592980
403964,0.13166510
403965,0.07059861
403966,0.08975827
403967,0.02118520
403968,0.24337690
403969,0.09623730
403970,0.06029807
403971,0.06314625
403972,0.35787474
403973,0.06153252
403974,0.23585636
403975,0.00907023
403976,0.00826223
403977,0.07310245
403978,0.03777935
403979,0.00436020
403980,0.12746047
403981,0.03263436
403982,0.00279775
404062,0.05002217
404067,0.01246679
404070,0.01503215
404079,0.02238613
404084,0.01600081
404108,0.18966676
404112,0.03744586
404118,0.10488747
404121,0.01256609
404122,0.15331366
404126,0.06794963
404140,0.02439125
404152,0.05670218
404156,0.37178899
404158,0.02764746
404160,0.03575347
404172,0.01213528
404174,0.02313567
404180,0.06509280
404186,0.03301882
404190,0.09313340
404192,0.08518884
404206,0.01394892
404207,0.22580308
404213,0.11205413
404216,0.13356946
404220,0.05608503
404227,0.06417433
404235,0.01619747
404247,0.25914847
404259,0.01583470
404266,0.10620383
404267,0.04109556
404274,0.46417420
404276,0.09302237
404277,0.00900460
404278,0.03877067
404279,0.02354725
404280,0.12327049
404287,0.03075528
404288,0.24143506
404289,0.00871043
404290,0.24627582
404291,0.00728390
404293,0.05137617
404302,0.04244614
404303,0.03489081
404304,0.07848882
404307,0.02530661
404308,0.02452788
404309,0.07450110
404310,0.09406123
404311,0.23694676
404312,0.07986482
404323,0.02688565
404324,0.03544480
404325,0.03748099
404326,0.06573676
404327,0.11921950
404328,0.02220931
404329,0.01186488
404330,0.05611756
404331,0.03023437
404335,0.07594683
404336,0.05543179
404337,0.28102994
404364,0.14293556
404379,0.02869039
404380,0.56867744
404381,0.18625498
404382,0.04743119
404385,0.02551124
404390,0.02255857
404391,0.03783549
404392,0.22651208
404393,0.03709874
404396,0.05666336
404400,0.02351767
404401,0.02296711
404402,0.05181813
404403,0.14336479
404404,0.03091278
404405,0.08679808
404406,0.00435144
404437,0.05918633
404439,0.12202843
404461,0.29864589
404462,0.08066707
404464,0.01101756
404468,0.13388716
404469,0.05943326
404470,0.06364541
404471,0.01280138
404472,0.07185545
404473,0.02427085
404474,0.01768559
404475,0.04923430
404477,0.03503378
404478,0.02467343
404554,0.02272521
404555,0.03068160
404556,0.01431455
404557,0.01638508
404569,0.05613688
404571,0.03947056
404585,0.05510093
404586,0.02228885
404592,0.15022950
404595,0.01065106
404596,0.08961650
404597,0.04295562
404603,0.16813606
404606,0.04460520
404607,0.10840846
404608,0.02658467
404609,0.02932819
404620,0.09406006
404689,0.02095613
404708,0.00954218
404734,0.13649237
404771,0.03286210
404806,0.01808253
404818,0.03405658
404850,0.01002970
404870,0.16755619
404923,0.01562210
404934,0.26253079
404938,0.05884236
404954,0.02952412
404957,0.07362036
404963,0.07157981
404964,0.01293649
404969,0.09407440
404970,0.05439942
404979,0.02100975
404997,0.01464139
404998,0.03630123
405009,0.14643155
405016,0.01030579
405018,0.00645276
405035,0.11446395
405036,0.02894013
405038,0.13637244
405047,0.03426090
405055,0.01261993
405060,0.03261385
405066,0.07916204
405081,0.06675115
405084,0.16959433
405089,0.15959345
405098,0.05575035
405100,0.04414235
405114,0.02079440
405118,0.04979210
405119,0.17759730
405120,0.03313283
405121,0.07232622
405124,0.03373823
405125,0.11861158
405132,0.02867834
405179,0.01315829
405193,0.06864036
405194,0.13284753
405195,0.01809519
405206,0.02733978
405207,0.01347740
405211,0.01154022
405215,0.00696459
405217,0.18788726
405219,0.05586210
405220,0.13634633
405231,0.05435332
405232,0.06748760
405291,0.02677834
405316,0.03897999
405317,0.04992025
405318,0.01653127
405319,0.02134162
405320,0.02580976
405325,0.00838476
405326,0.00832591
405333,0.04225446
405334,0.17133414
405349,0.23216940
405351,0.05215053
405353,0.02073833
405354,0.39321643
405361,0.07091975
405362,0.01971278
405363,0.12076309
405364,0.15535140
405365,0.05682084
405366,0.10196175
405372,0.09550469
405397,0.01141968
405402,0.09995547
405409,0.07939551
405410,0.26013769
405411,0.02998752
405412,0.01985988
405435,0.02067422
405436,0.04795633
405438,0.02042903
405442,0.02304388
405443,0.15708873
405444,0.02223332
405445,0.03908271
405446,0.01884644
405468,0.01775169
405489,0.09683293
405490,0.13331614
405498,0.01669071
405509,0.06554255
405510,0.01074451
405511,0.07408513
405512,0.01223960
405517,0.06442515
405518,0.04281203
405523,0.02734560
405544,0.01070516
405546,0.03741161
405552,0.27925730
405583,0.01218817
405592,0.04697583
405599,0.01107077
405602,0.02122836
405607,0.00267593
405613,0.11312927
405620,0.18611040
405624,0.10587708
405625,0.03381293
405626,0.01590487
405632,0.04883096
405633,0.02892826
405637,0.08774967
405640,0.13855827
405642,0.08249678
405646,0.01032755
405647,0.02427496
405650,0.22479356
405653,0.10114151
405654,0.09022704
405660,0.04869137
405666,0.04122418
405667,0.08568111
405668,0.02059921
405669,0.02390611
405671,0.02752624
405672,0.01148448
405673,0.03720338
405674,0.02844775
405675,0.04293382
405676,0.04127256
405677,0.02678808
405679,0.02221107
405680,0.18452946
405682,0.04206206
405683,0.04073451
405684,0.01769037
405685,0.13801975
405687,0.00845231
405689,0.00386916
405690,0.01865856
405691,0.12783770
405692,0.10568474
405693,0.06497292
405695,0.04757278
405696,0.04948728
405697,0.02258996
405698,0.08202834
405699,0.00912341
405700,0.30927498
405701,0.19491052
405702,0.07834202
405761,0.04345792
405765,0.02905035
405769,0.02175032
405784,0.13709111
405811,0.00633111
405814,0.02423935
405816,0.09236010
405818,0.07755764
405821,0.01179812
405822,0.00443213
405838,0.02410182
405841,0.01823242
405846,0.03827967
405855,0.03493988
405857,0.02739791
405858,0.13157989
405860,0.03953367
405861,0.08344149
405871,0.05358386
405879,0.01260420
405880,0.03829076
405886,0.02558992
405901,0.04958600
405904,0.06009243
405905,0.01036431
405906,0.04259803
405927,0.03311558
405930,0.07763540
405944,0.02988705
405946,0.01099805
405954,0.16805387
405963,0.03128534
405964,0.00563946
405965,0.01127227
405966,0.07254931
405970,0.03430487
405971,0.08102105
405992,0.03581065
405996,0.00809032
405999,0.01251152
406002,0.08745781
406003,0.01376283
406004,0.02145997
406005,0.02197011
406006,0.09180845
406007,0.18941285
406008,0.17780696
406028,0.00712867
406029,0.05744332
406043,0.03847982
406044,0.01147737
406045,0.19505746
406046,0.09073036
406048,0.01255769
406050,0.04219821
406051,0.01737821
406052,0.19291665
406053,0.09661583
406077,0.05030227
406082,0.13532155
406083,0.48390806
406084,0.03975619
406098,0.01278743
406099,0.08005208
406100,0.26552345
406113,0.13609786
406114,0.05147474
406115,0.06452202
406116,0.02606552
406117,0.00442820
406127,0.03482815
406128,0.05427698
406129,0.13692929
406132,0.01970168
406133,0.01907986
406134,0.02852864
406135,0.34647736
406136,0.05205535
406137,0.13122044
406138,0.07838313
406139,0.11597510
406142,0.05377199
406143,0.28055808
406175,0.04745243
406176,0.02436046
406177,0.02279342
406194,0.02897056
406195,0.00941853
406208,0.05563637
406210,0.06498909
406216,0.12190503
406217,0.05875089
406227,0.03423063
406228,0.02320490
406253,0.04246207
406254,0.00497447
406260,0.05049795
406267,0.04954454
406269,0.01393694
406276,0.22610187
406277,0.02209531
406279,0.02565385
406288,0.02400530
406297,0.07770728
406308,0.12484692
406310,0.09459794
406320,0.01777823
406336,0.02012446
406352,0.00697908
406365,0.03813380
406369,0.08231256
406371,0.04445366
406401,0.09323078
406408,0.05144515
406409,0.01977826
406475,0.42027865
406492,0.05402217
406510,0.08594347
406519,0.07986111
406565,0.17102719
406584,0.10590802
406596,0.01765905
406598,0.00952525
406605,0.08274071
406609,0.01564984
406610,0.07051745
406611,0.01355876
406654,0.10818177
406670,0.05414372
406675,0.16327553
406681,0.04925231
406682,0.00792442
406695,0.01313152
406697,0.06089589
406712,0.14046841
406719,0.03557001
406725,0.12366487
406734,0.01891689
406743,0.18371481
406778,0.08943524
406784,0.12156928
406786,0.04162584
406791,0.07641073
406792,0.03659913
406803,0.08088601
406812,0.00711585
406813,0.02797209
406814,0.05407486
406841,0.03073193
406842,0.07444476
406843,0.01098501
406848,0.15352925
406861,0.01824452
406862,0.11384541
406863,0.00415581
406864,0.01099965
406865,0.06312577
406871,0.06669142
406872,0.10133435
406873,0.19465589
406893,0.06001051
406919,0.05518242
406920,0.04005121
406921,0.08894264
406923,0.12889908
406924,0.08338013
406925,0.00463935
406926,0.03029914
406927,0.22317740
406936,0.00571307
406937,0.18957832
406938,0.01720888
406939,0.03698823
406940,0.05461345
406941,0.02876023
406952,0.02319152
406953,0.05575193
406954,0.06691083
406962,0.04367518
406963,0.45688240
406964,0.02925670
406965,0.19890558
406966,0.04204522
406967,0.02746007
406968,0.13137151
406969,0.26936255
406970,0.04629756
406971,0.10755996
406972,0.18204730
406973,0.04916673
406974,0.05416333
406975,0.03204770
406976,0.00756886
406977,0.01982402
406985,0.03394901
406987,0.02457921
407025,0.08920950
407031,0.04823682
407033,0.17171895
407039,0.04460261
407041,0.06618233
407044,0.07495297
407046,0.02270939
407053,0.03203722
407061,0.02441109
407069,0.04644149
407070,0.08993666
407072,0.00963313
407073,0.03871319
407081,0.05074556
407082,0.10307853
407088,0.01184428
407091,0.13773097
407097,0.00625656
407104,0.16927329
407105,0.40136513
407106,0.02319026
407121,0.02020710
407128,0.01558860
407137,0.01794345
407144,0.18266525
407145,0.24958486
407154,0.09702751
407162,0.09981733
407164,0.09754520
407168,0.36203035
407203,0.04885474
407210,0.11066465
407215,0.03543980
407218,0.00972832
407228,0.01347104
407262,0.12111659
407274,0.31298556
407280,0.19034529
407288,0.01784574
407298,0.01232242
407299,0.21791781
407302,0.15261848
407303,0.14999544
407305,0.16918585
407306,0.13503245
407307,0.01919737
407313,0.00966655
407314,0.00596551
407315,0.00865099
407316,0.02336095
407322,0.07748228
407323,0.10910090
407324,0.01883304
407325,0.02775633
407329,0.20282562
407330,0.16924219
407332,0.04417557
407333,0.08818899
407334,0.04112600
407335,0.06355469
407336,0.08089839
407337,0.06363935
407338,0.11633750
407339,0.01110699
407340,0.02826917
407341,0.06463806
407342,0.00949906
407343,0.05790333
407344,0.01675934
407345,0.00858811
407346,0.14411368
407353,0.08585569
407364,0.05143981
407365,0.01324669
407366,0.01541598
407370,0.07099135
407373,0.14267101
407376,0.11444005
407386,0.01131044
407388,0.01380242
407391,0.01719405
407393,0.01799252
407427,0.04521743
407452,0.03277629
407454,0.04404340
407457,0.01000733
407462,0.01505399
407463,0.04515472
407468,0.18726499
407469,0.24456584
407478,0.04816019
407482,0.01739475
407487,0.10685259
407489,0.12722912
407498,0.32688357
407516,0.09884839
407519,0.03357645
407528,0.14623994
407532,0.32725112
407534,0.23964353
407543,0.03400660
407546,0.17774940
407550,0.02209225
407555,0.02024243
407558,0.02084335
407587,0.02032752
407588,0.01471405
407594,0.19926995
407596,0.04488535
407598,0.02127449
407602,0.03917218
407605,0.03017006
407613,0.08155986
407619,0.31095963
407625,0.03220419
407627,0.02874342
407629,0.05381568
407631,0.01671967
407633,0.02655274
407636,0.09973912
407645,0.56499085
407648,0.02914600
407669,0.02287744
407674,0.00551647
407675,0.06266193
407676,0.04295932
407677,0.07600761
407678,0.32546197
407679,0.05043877
407680,0.19067307
407681,0.04068646
407682,0.02089989
407684,0.11902008
407692,0.06236830
407693,0.30712164
407694,0.08232214
407695,0.01105345
407696,0.06893935
407697,0.11778786
407698,0.05073297
407699,0.02952313
407702,0.03351117
407703,0.08675817
407725,0.08560907
407726,0.10199515
407729,0.14976938
407731,0.01061858
407745,0.08234789
407749,0.05174890
407750,0.00858357
407751,0.11872036
407752,0.39078376
407753,0.24788970
407754,0.07280665
407755,0.16448436
407756,0.02918559
407765,0.02421303
407766,0.05918829
407767,0.02260373
407768,0.01202610
407773,0.07901941
407774,0.06330334
407778,0.12479894
407779,0.04743259
407780,0.43669505
407781,0.05810396
407782,0.01167227
407783,0.10414751
407784,0.07282008
407825,0.18490669
407826,0.00541273
407828,0.04451128
407829,0.02363482
407830,0.25029292
407831,0.01326220
407832,0.03592673
407838,0.02572253
407839,0.02722114
407840,0.01133603
407841,0.04913326
407842,0.05010931
407855,0.09727282
407857,0.04510474
407881,0.07822029
407882,0.21029324
407885,0.00928798
407915,0.01941523
407916,0.01460606
407918,0.13264180
407919,0.04790514
407920,0.02319622
407921,0.05221673
407922,0.01007754
407927,0.04115043
407934,0.03642617
407941,0.14680396
407942,0.02366651
407943,0.01812093
407944,0.04315224
407946,0.02861062
407947,0.01516950
407952,0.01243955
407955,0.09657600
407978,0.07607936
407986,0.01908659
408003,0.06991879
408006,0.01756352
408008,0.00577887
408015,0.01780375
408016,0.02377563
408028,0.10755394
408035,0.02784210
408042,0.03642937
408044,0.29208238
408052,0.00965433
408053,0.01745680
408056,0.03794206
408068,0.02892197
408071,0.02363874
408074,0.03288585
408085,0.07295423
408089,0.01656274
408091,0.03379973
408098,0.02097433
408106,0.05997324
408108,0.15074991
408116,0.19076907
408126,0.03437392
408130,0.10750246
408135,0.00768538
408148,0.05879985
408168,0.13805804
408170,0.06835086
408172,0.05705868
408176,0.02112542
408181,0.03684136
408191,0.00570234
408194,0.08441093
408213,0.03756016
408248,0.03046766
408249,0.01026184
408250,0.04073655
408256,0.13859436
408261,0.08180293
408262,0.08906276
408268,0.06580428
408269,0.01670045
408273,0.04320404
408280,0.05863621
408286,0.15497529
408347,0.12581407
408349,0.00680669
408350,0.01352116
408351,0.01785855
408352,0.01671762
408355,0.03032981
408356,0.04422342
408357,0.03564770
408384,0.05103395
408385,0.03811817
408386,0.08516188
408387,0.01297877
408388,0.01858963
408389,0.04995617
408390,0.04565298
408391,0.11795446
408392,0.19445793
408393,0.03403533
408398,0.01594520
408399,0.02574890
408400,0.02405096
408405,0.01977879
408406,0.01186742
408437,0.01740464
408459,0.01680416
408460,0.05548800
408463,0.08086084
408467,0.02090389
408468,0.10420984
408471,0.01717184
408477,0.20710416
408478,0.03219823
408479,0.02103902
408481,0.01664198
408482,0.01104077
408483,0.02998320
408484,0.06739232
408485,0.07426022
408486,0.01572513
408489,0.07344289
408490,0.03159611
408504,0.00523432
408506,0.04341370
408508,0.10281114
408514,0.00944599
408515,0.02552983
408516,0.07195120
408517,0.10516129
408518,0.06593600
408523,0.06267619
408524,0.01363257
408525,0.01398762
408526,0.21373837
408531,0.04836121
408579,0.01682331
408580,0.06807594
408581,0.02051538
408599,0.12315163
408615,0.06079624
408616,0.01696524
408617,0.11798777
408619,0.00832151
408622,0.06183824
408624,0.04844351
408625,0.04090692
408626,0.01439530
408627,0.08061468
408651,0.02870811
408658,0.02235609
408659,0.11837040
408660,0.09272666
408661,0.02185644
408662,0.07167403
408688,0.02584064
408689,0.39776177
408690,0.03609260
408695,0.06077104
408696,0.04867576
408701,0.04947267
408702,0.03303386
408705,0.01266774
408728,0.06947048
408742,0.02648716
408759,0.04169812
408766,0.06720610
408768,0.12073488
408774,0.03018136
408775,0.26311139
408780,0.01632150
408790,0.01251264
408791,0.01122820
408792,0.04209654
408794,0.02754974
408797,0.08015128
408808,0.04589640
408830,0.04223355
408857,0.00998422
408863,0.06291813
408874,0.34937304
408880,0.06450814
408885,0.02397491
408890,0.03120251
408898,0.10611510
408902,0.01726979
408903,0.02738642
408905,0.07693788
408908,0.00747774
408911,0.01609192
408921,0.19561019
408932,0.04283975
408933,0.11297067
408935,0.23598978
408960,0.13013738
408968,0.02581315
408985,0.02430436
408986,0.03720514
408990,0.02654469
408993,0.07410397
409001,0.04666926
409003,0.01332290
409008,0.05292061
409010,0.09390235
409015,0.00876993
409017,0.08398295
409028,0.01168889
409034,0.02692596
409035,0.01141688
409041,0.03392707
409054,0.02618004
409057,0.01746532
409064,0.02896465
409065,0.35167734
409066,0.02260276
409068,0.18029451
409076,0.01406505
409080,0.02220377
409083,0.09069290
409084,0.04891715
409085,0.05060159
409088,0.02367963
409105,0.08813574
409121,0.01039440
409123,0.51938215
409133,0.04685848
409153,0.07064184
409156,0.01740083
409157,0.30576748
409158,0.01413877
409163,0.25831896
409167,0.06567975
409168,0.08978999
409169,0.06252751
409172,0.10979400
409173,0.01584341
409174,0.00693345
409175,0.01123989
409192,0.26443551
409193,0.06226205
409197,0.02561331
409204,0.00947503
409206,0.02738478
409208,0.11820809
409209,0.06013573
409212,0.12883950
409213,0.03490656
409214,0.06446974
409217,0.02257057
409218,0.04539101
409220,0.04019391
409221,0.03469969
409227,0.01144542
409228,0.01776809
409229,0.06837561
409230,0.08485916
409259,0.04605188
409261,0.02534262
409269,0.23479084
409277,0.02267855
409278,0.01026913
409285,0.11851783
409286,0.04116001
409287,0.09074311
409293,0.04241745
409297,0.01111542
409298,0.02918602
409299,0.05741784
409340,0.02005120
409377,0.06782355
409383,0.02251384
409384,0.02499638
409409,0.01518631
409412,0.01511563
409413,0.07191072
409414,0.13028814
409415,0.02393453
409423,0.05712615
409428,0.09457021
409429,0.00960568
409430,0.06328718
409431,0.00956119
409432,0.15528516
409433,0.01870683
409434,0.20613608
409442,0.24271454
409443,0.16183098
409446,0.02038635
409463,0.05475916
409482,0.02306106
409507,0.04870838
409508,0.04123210
409509,0.00844139
409514,0.06928673
409535,0.08763130
409536,0.06837368
409537,0.01966960
409538,0.02379856
409541,0.07229060
409542,0.04190759
409543,0.03795341
409545,0.06728988
409550,0.02023351
409551,0.01871466
409552,0.07114392
409553,0.26273565
409558,0.03251212
409563,0.01675841
409574,0.06014844
409607,0.03657157
409608,0.19022824
409628,0.00665450
409632,0.22006559
409633,0.24587345
409636,0.03877626
409676,0.02371960
409691,0.01928282
409694,0.11690824
409707,0.04802583
409723,0.00571378
409741,0.01644270
409743,0.14106735
409747,0.04182281
409773,0.05879473
409777,0.21112933
409778,0.30697833
409804,0.06596075
409805,0.01051101
409812,0.02570928
409817,0.02684862
409836,0.03953347
409846,0.08568286
409850,0.17298104
409852,0.01305873
409861,0.30832435
409864,0.17918865
409871,0.06358948
409891,0.04034163
409896,0.01352959
409917,0.07923922
409918,0.02626437
409923,0.10934775
409941,0.01216261
409949,0.11379957
409953,0.00908899
409958,0.01239444
409972,0.13202767
409979,0.20766155
409983,0.10735906
409984,0.08336621
409985,0.01165661
409986,0.09277967
409994,0.08353710
409999,0.02507246
410019,0.11771759
410024,0.05371692
410025,0.02798575
410039,0.01732273
410044,0.10070496
410045,0.02735527
410046,0.04223232
410047,0.00972278
410048,0.04287770
410065,0.05799317
410066,0.13959280
410073,0.05765990
410087,0.01078900
410089,0.14580302
410092,0.04116340
410093,0.14184674
410094,0.02747843
410095,0.03370619
410096,0.03934664
410101,0.06653402
410102,0.07870788
410103,0.02243155
410107,0.00905061
410110,0.05823280
410111,0.04040921
410112,0.08984790
410142,0.01086646
410143,0.01817155
410161,0.09741822
410162,0.08550934
410165,0.01485106
410166,0.25483553
410167,0.11989952
410184,0.06035326
410185,0.01702847
410186,0.00580958
410187,0.07217011
410223,0.03460702
410256,0.15899507
410257,0.26048500
410258,0.01541205
410259,0.01267476
410269,0.24267663
410270,0.02514410
410273,0.06263737
410274,0.05744259
410275,0.02449539
410276,0.27195163
410277,0.17374922
410295,0.04464080
410296,0.01005938
410297,0.22015649
410298,0.03805604
410300,0.04098700
410301,0.06133544
410302,0.19979979
410303,0.03452690
410304,0.03396615
410305,0.02488098
410306,0.06420810
410307,0.05198812
410308,0.05292787
410309,0.03524681
410316,0.02507529
410317,0.06498136
410358,0.16781344
410359,0.01685804
410360,0.04001463
410368,0.07355975
410369,0.08446542
410370,0.02664851
410372,0.01982719
410373,0.00882720
410378,0.20382231
410379,0.02100366
410380,0.18927577
410387,0.25037108
410388,0.42336940
410389,0.02162704
410390,0.02720047
410405,0.02523476
410411,0.01250707
410416,0.02588661
410418,0.02921675
410424,0.13605786
410429,0.04656642
410438,0.05761241
410442,0.04269034
410448,0.01365600
410456,0.06807833
410464,0.03107196
410467,0.09353060
410473,0.18077815
410476,0.00613669
410479,0.09138135
410499,0.19255015
410526,0.05286291
410528,0.03697225
410546,0.13208735
410564,0.00962530
410567,0.02232369
410571,0.08030295
410572,0.24713807
410573,0.03545331
410577,0.05878663
410581,0.03144080
410587,0.08985912
410588,0.04267235
410595,0.06034847
410602,0.01059215
410606,0.01788374
410616,0.01744375
410624,0.20511609
410626,0.10743361
410637,0.01126044
410660,0.08746415
410661,0.01853434
410663,0.02805813
410664,0.09364733
410669,0.02352391
410675,0.03444929
410679,0.16113791
410684,0.01377768
410689,0.00716511
410693,0.02089365
410697,0.00960822
410698,0.02800314
410699,0.01338513
410706,0.03775495
410710,0.05017303
410712,0.00756449
410716,0.01469266
410725,0.13373251
410735,0.10692240
410742,0.03548327
410745,0.00824628
410746,0.00242121
410751,0.03080331
410753,0.03271881
410759,0.02433753
410761,0.22017265
410770,0.05354223
410778,0.08483188
410784,0.01604372
410786,0.03246662
410789,0.01181467
410800,0.04151727
410811,0.02807725
410813,0.01464546
410821,0.12236621
410822,0.02427314
410879,0.06469000
410880,0.04177796
410900,0.09973733
410901,0.12710153
410908,0.03150284
410909,0.01511062
410910,0.03950943
410911,0.12773813
410912,0.02231594
410913,0.01949353
410914,0.17672474
410915,0.01458269
410916,0.01280061
410917,0.06627626
410918,0.02894786
410919,0.00990520
410922,0.03523456
410923,0.04992827
410940,0.02317426
410955,0.10481035
410956,0.38779023
410959,0.16713663
410960,0.11189959
410961,0.10782494
410962,0.05854334
410963,0.05346787
410964,0.03135831
410968,0.06806477
410970,0.00675279
410971,0.03573685
410972,0.09260220
410975,0.06133121
410994,0.16444428
410999,0.17722852
411011,0.17549133
411012,0.05288941
411014,0.15242965
411021,0.01329693
411022,0.25398861
411023,0.12681161
411024,0.12679240
411025,0.01517445
411026,0.30331895
411027,0.17272271
411028,0.01379381
411030,0.04852494
411031,0.06967874
411032,0.02886973
411033,0.08088905
411049,0.01951668
411050,0.02699994
411051,0.06010001
411052,0.05117127
411073,0.08225938
411074,0.02427366
411076,0.02735417
411080,0.03060227
411081,0.02084452
411082,0.00745040
411093,0.07512216
411094,0.05289783
411095,0.05135743
411099,0.01305183
411102,0.03539133
411103,0.16420436
411112,0.00916151
411114,0.08071274
411115,0.04555168
411116,0.10380679
411168,0.06461515
411169,0.11548446
411170,0.07251476
411189,0.02297164
411190,0.04143085
411195,0.19335039
411196,0.17325138
411197,0.05639511
411205,0.00553528
411206,0.11906644
411215,0.06487150
411216,0.01386745
411217,0.02962673
411218,0.13784369
411222,0.01837921
411238,0.01140650
411239,0.02658157
411240,0.03315235
411248,0.01589824
411274,0.10171728
411275,0.05165746
411293,0.00650960
411299,0.02064840
411300,0.01125352
411301,0.04166096
411302,0.07912617
411305,0.14862745
411309,0.08833984
411334,0.03213990
411343,0.02881436
411349,0.02311477
411360,0.04872481
411363,0.00936135
411364,0.01676188
411384,0.07474464
411402,0.03822789
411424,0.03318697
411425,0.17290760
411430,0.08408527
411432,0.02433474
411434,0.20033761
411447,0.01802326
411450,0.01103867
411452,0.09747715
411463,0.07022543
411467,0.11540369
411474,0.01479563
411478,0.00681925
411480,0.05594484
411481,0.05955115
411502,0.06530345
411509,0.04654734
411511,0.15070998
411515,0.02873756
411516,0.09019675
411532,0.03230222
411565,0.01200584
411570,0.03705405
411600,0.04778866
411608,0.03265806
411613,0.02105528
411614,0.01190330
411620,0.04914361
411634,0.00957734
411639,0.00742506
411645,0.06425448
411648,0.00967738
411660,0.05154303
411668,0.00331305
411672,0.10813234
411673,0.00358210
411674,0.39288694
411675,0.01553724
411676,0.00977418
411677,0.13017185
411715,0.03317688
411718,0.01573654
411719,0.05807000
411720,0.04835970
411730,0.02756835
411731,0.03886574
411740,0.06665990
411746,0.03455740
411748,0.01452137
411749,0.01118921
411752,0.06841082
411753,0.00634847
411754,0.01878044
411755,0.00911581
411767,0.01286980
411768,0.02453853
411819,0.10180088
411826,0.14528511
411827,0.02767326
411841,0.01566497
411842,0.56492724
411843,0.06382490
411844,0.05391883
411845,0.08718709
411846,0.12603833
411850,0.12323053
411852,0.13488314
411853,0.05882592
411854,0.01812619
411855,0.03007094
411856,0.05743257
411860,0.08163745
411883,0.03307974
411938,0.04120488
411939,0.13507694
411940,0.05831504
411957,0.20679332
411958,0.02779502
411959,0.09836440
411963,0.01646625
411969,0.01788649
411970,0.04659332
411971,0.01660120
411972,0.10183802
411973,0.02447232
411974,0.01961977
411975,0.02538207
411977,0.08748399
411978,0.32967045
411979,0.13846609
412004,0.03465797
412008,0.00717739
412009,0.05885022
412010,0.01657975
412030,0.07427016
412031,0.05607351
412032,0.01131613
412036,0.04476760
412038,0.02497905
412047,0.01863715
412049,0.29867271
412082,0.04519500
412092,0.09098771
412098,0.08370718
412101,0.16118372
412108,0.29763606
412111,0.19418832
412119,0.13706859
412128,0.01542243
412139,0.09487210
412152,0.08759877
412154,0.02846314
412178,0.26296882
412180,0.06307842
412193,0.02078278
412199,0.03109210
412204,0.01621267
412206,0.02031768
412207,0.02060809
412211,0.02653411
412220,0.00541897
412221,0.03315794
412229,0.11496443
412234,0.01592163
412235,0.13897060
412236,0.15613221
412251,0.04980159
412262,0.08563626
412270,0.09940991
412280,0.04094939
412289,0.17107987
412305,0.01535220
412310,0.08068686
412345,0.04878665
412348,0.06182190
412361,0.13917177
412367,0.11130944
412368,0.01865635
412370,0.04768844
412372,0.28987726
412377,0.07657441
412380,0.00991695
412382,0.00994051
412391,0.02359158
412393,0.01407276
412411,0.09973355
412412,0.03102068
412415,0.16758063
412416,0.15660189
412422,0.09143894
412428,0.04491257
412430,0.01731768
412436,0.06312059
412447,0.02462792
412451,0.01285893
412456,0.02724270
412470,0.25008614
412472,0.02661761
412478,0.00614228
412487,0.05694211
412490,0.36392064
412494,0.07376117
412516,0.11177770
412519,0.05495643
412525,0.09665019
412527,0.13976416
412528,0.03943747
412551,0.37944999
412552,0.01799823
412557,0.02390133
412558,0.03728622
412559,0.11854359
412561,0.01247696
412563,0.00931968
412564,0.03037157
412565,0.07058585
412593,0.05984799
412598,0.30761641
412602,0.03536874
412610,0.06438548
412611,0.12715766
412612,0.01150065
412613,0.12386248
412621,0.04527242
412622,0.01078369
412623,0.04750012
412624,0.14211258
412637,0.05178876
412638,0.21448334
412639,0.17454090
412640,0.02126614
412641,0.02280431
412642,0.05064292
412643,0.07147045
412644,0.08728107
412651,0.04414335
412667,0.01501770
412669,0.08262931
412686,0.24920962
412712,0.01486791
412713,0.09804214
412714,0.01492771
412715,0.01837161
412720,0.12492544
412728,0.04363870
412738,0.02673910
412739,0.02075807
412740,0.08172163
412741,0.07455721
412753,0.02228575
412754,0.02338546
412762,0.02645920
412764,0.07511514
412765,0.06564421
412775,0.01947453
412776,0.05661341
412777,0.01161629
412778,0.33580344
412800,0.01096538
412801,0.05769387
412802,0.18179544
412829,0.05471692
412854,0.07086055
412855,0.02262051
412861,0.03226801
412862,0.02908121
412863,0.08041794
412883,0.02125473
412884,0.02025965
412886,0.46179374
412898,0.06973259
412899,0.01443812
412900,0.01887159
412922,0.06324357
412941,0.03641070
412959,0.02691350
412967,0.09232496
412980,0.12899704
412997,0.04854365
413016,0.02392950
413017,0.26270379
413027,0.04987079
413034,0.11663326
413038,0.03869646
413054,0.06495772
413059,0.02842242
413065,0.02775177
413073,0.02890447
413075,0.44996013
413081,0.07487091
413089,0.18858180
413091,0.18807797
413094,0.04847710
413104,0.05124502
413107,0.21464036
413110,0.06722623
413113,0.28000864
413117,0.06692217
413124,0.02284383
413126,0.14578078
413137,0.05643362
413145,0.03893144
413146,0.00807523
413147,0.04275166
413150,0.00376458
413159,0.10093744
413160,0.03421252
413172,0.16062642
413179,0.05335238
413181,0.02782661
413185,0.03072654
413188,0.08720338
413197,0.02844433
413208,0.22866714
413215,0.07847596
413216,0.10925772
413219,0.01345099
413232,0.01676830
413237,0.09895090
413243,0.46571327
413249,0.08777134
413262,0.04591888
413263,0.04781760
413271,0.06778361
413274,0.04277638
413280,0.09673140
413296,0.17968498
413299,0.05399844
413303,0.01695053
413320,0.07587818
413324,0.02733257
413325,0.05893940
413335,0.04154684
413341,0.05859204
413342,0.02329963
413351,0.14705612
413352,0.01301759
413359,0.04819302
413373,0.08045755
413374,0.09397343
413375,0.02595922
413376,0.05546557
413377,0.09242511
413383,0.07605240
413384,0.21017515
413392,0.07609528
413393,0.06783057
413395,0.02366420
413424,0.06128189
413425,0.04875668
413457,0.01696991
413458,0.03870234
413459,0.11581760
413460,0.01314863
413465,0.02879705
413466,0.12810698
413467,0.03219484
413468,0.01644462
413475,0.04577654
413476,0.06447267
413477,0.35273660
413478,0.02367108
413479,0.00663812
413489,0.08758190
413491,0.05818831
413492,0.09640667
413493,0.06247162
413494,0.07191500
413495,0.21173872
413498,0.03222405
413499,0.09770240
413545,0.12018162
413549,0.01491341
413550,0.06444532
413551,0.05471062
413552,0.24672998
413553,0.04730142
413554,0.01943799
413558,0.07659399
413559,0.18325782
413562,0.04335361
413563,0.13091108
413564,0.01815348
413592,0.04051318
413593,0.02607308
413594,0.03693245
413595,0.02190141
413596,0.11146719
413597,0.01957333
413604,0.01474599
413605,0.06334766
413606,0.01671473
413607,0.01586870
413616,0.27076013
413617,0.07478062
413618,0.03315599
413625,0.03866181
413626,0.15201781
413627,0.06173608
413628,0.04278019
413629,0.03292172
413630,0.06418743
413631,0.01966197
413632,0.05295668
413633,0.14036730
413634,0.08256002
413635,0.12066253
413636,0.04961649
413644,0.02254543
413645,0.00957471
413646,0.01494478
413683,0.03866937
413685,0.03729181
413686,0.12664732
413690,0.01268290
413691,0.00798677
413692,0.02596869
413693,0.09531585
413694,0.28904990
413695,0.00853645
413696,0.13834020
413702,0.08988739
413707,0.01814295
413708,0.11863288
413709,0.14006405
413730,0.02213714
413731,0.21116401
413732,0.01708834
413733,0.03220111
413734,0.05009080
413736,0.04396433
413748,0.03064345
413749,0.12608280
413751,0.32575347
413752,0.41748395
413754,0.05916699
413755,0.30138618
413756,0.06293573
413757,0.07300919
413758,0.14024089
413759,0.03546421
413760,0.04893365
413764,0.01265184
413765,0.03501870
413766,0.17828080
413767,0.12042861
413768,0.05620249
413769,0.02985810
413770,0.02074071
413776,0.02044737
413777,0.01448681
413778,0.00777772
413797,0.06062578
413824,0.02948263
413828,0.05929905
413831,0.21858241
413834,0.01234663
413841,0.00891526
413848,0.01698166
413850,0.03119761
413851,0.32477604
413857,0.00632348
413860,0.00821591
413867,0.05583957
413868,0.09885244
413871,0.03758044
413878,0.02866839
413882,0.01305201
413885,0.00904727
413886,0.08115898
413892,0.04305131
413896,0.18063239
413897,0.05873748
413917,0.14318109
413921,0.01096819
413934,0.29319997
413941,0.02925453
413953,0.00962080
413958,0.08699363
413967,0.06620187
413971,0.01335773
413975,0.05649717
413978,0.02642271
413983,0.09081723
413984,0.00845123
413989,0.01743043
413992,0.00785841
414001,0.10914014
414002,0.02022746
414003,0.06914971
414007,0.28007255
414008,0.06135928
414016,0.11985964
414022,0.01911755
414026,0.10109067
414041,0.02202087
414042,0.28787762
414045,0.04887435
414047,0.06507351
414050,0.49651607
414061,0.04053042
414068,0.07404290
414076,0.03369907
414093,0.04640532
414102,0.01043223
414109,0.11713955
414117,0.04541700
414144,0.01860684
414149,0.00492884
414160,0.02456770
414166,0.41780388
414171,0.23856557
414172,0.11534658
414183,0.05858868
414186,0.02781564
414192,0.02294848
414194,0.10111215
414203,0.49281833
414206,0.01347232
414207,0.01020605
414229,0.06052960
414231,0.02889199
414248,0.01755653
414251,0.08194369
414252,0.03202181
414253,0.51502080
414254,0.10577117
414255,0.17702025
414262,0.02891964
414265,0.21046325
414266,0.25488397
414267,0.02639780
414269,0.05884485
414270,0.06530098
414271,0.04739636
414272,0.03287384
414273,0.02871903
414275,0.01676476
414323,0.42276452
414324,0.03720218
414328,0.02255423
414329,0.06535374
414333,0.01244727
414341,0.01904554
414357,0.02219336
414358,0.01111011
414359,0.05781388
414362,0.13205570
414363,0.02876506
414368,0.01315231
414372,0.03155861
414375,0.01627290
414376,0.01255450
414382,0.04630206
414383,0.18329260
414480,0.02760668
414481,0.06499917
414484,0.37243355
414485,0.04166031
414486,0.01830341
414487,0.13168434
414488,0.13502197
414489,0.01770715
414492,0.00775069
414493,0.08844862
414497,0.01758345
414501,0.04238386
414543,0.07482259
414544,0.14016132
414559,0.05257846
414560,0.05509514
414561,0.01376472
414573,0.07779721
414574,0.02395921
414575,0.16783433
414577,0.06251803
414584,0.34055799
414585,0.02232716
414586,0.12895797
414590,0.00829366
414591,0.02695907
414593,0.21533634
414597,0.03925243
414598,0.30983831
414621,0.13410222
414635,0.06795504
414639,0.02894833
414640,0.00872365
414648,0.15988410
414656,0.01310625
414659,0.05278435
414660,0.02514603
414663,0.03711864
414683,0.05241917
414691,0.08397758
414700,0.08517024
414705,0.00585879
414708,0.06977045
414711,0.03375892
414712,0.04067438
414716,0.03420290
414720,0.01228985
414733,0.00505007
414740,0.03008980
414748,0.04795928
414767,0.37855797
414771,0.12305562
414779,0.04481941
414785,0.07775591
414787,0.13496961
414793,0.01017702
414816,0.04479682
414830,0.04762073
414831,0.28731462
414859,0.03150110
414864,0.02811905
414867,0.04750853
414871,0.02874438
414879,0.10593203
414892,0.12787590
414895,0.06883340
414911,0.10856923
414915,0.05845459
414922,0.09509272
414939,0.02050706
414945,0.01909918
414960,0.04107489
414969,0.02493940
414973,0.00974580
414979,0.04328871
414985,0.01142712
414992,0.01085764
414996,0.05589578
415000,0.01508032
415001,0.04374354
415005,0.01184488
415024,0.10713872
415038,0.03100815
415041,0.08957217
415049,0.05593917
415055,0.05034506
415061,0.06002638
415064,0.11339690
415069,0.01727095
415070,0.06018914
415071,0.00632917
415072,0.02745197
415074,0.00836257
415078,0.07532949
415079,0.01676632
415080,0.21024587
415081,0.20538270
415082,0.13411784
415085,0.12927133
415086,0.07476604
415089,0.10275319
415090,0.03953221
415091,0.04356649
415092,0.12912960
415095,0.11646958
415100,0.07774511
415101,0.00989622
415102,0.16491220
415103,0.04763767
415104,0.02185379
415106,0.05919802
415107,0.02186894
415108,0.25473027
415109,0.16536166
415110,0.04418067
415111,0.00840039
415113,0.01548684
415114,0.02438013
415115,0.04163718
415116,0.03175780
415117,0.00480225
415118,0.13942790
415119,0.42777347
415120,0.01645747
415121,0.08352514
415122,0.12847604
415123,0.00562827
415124,0.31569378
415126,0.08038815
415152,0.01846559
415205,0.02040698
415209,0.04043631
415326,0.04423634
415409,0.03504519
415414,0.00918077
415430,0.03710778
415466,0.09759343
415467,0.15741602
415473,0.03443455
415474,0.00643144
415479,0.01526737
415480,0.03327461
415486,0.00741560
415488,0.05214041
415489,0.03178397
415490,0.01929628
415493,0.03103078
415494,0.05696610
415497,0.01389345
415498,0.09947411
415499,0.02032963
415505,0.02429718
415506,0.06232848
415509,0.02567950
415511,0.08334200
415514,0.02522710
415517,0.08990584
415519,0.09099617
415521,0.27339530
415522,0.01120698
415523,0.04978216
415525,0.01361171
415527,0.04288179
415529,0.01784557
415531,0.02501182
415533,0.05567617
415534,0.04022862
415536,0.01477019
415537,0.11660529
415539,0.15577102
415540,0.04024438
415541,0.23427698
415542,0.05391804
415543,0.04170679
415544,0.05913737
415545,0.06471187
415546,0.29585323
415547,0.01119522
415548,0.02070771
415549,0.24353484
415550,0.17195063
415652,0.01437357
415654,0.01758830
415686,0.02261554
415687,0.06151072
415695,0.02815737
415698,0.10293521
415701,0.10634398
415705,0.15072626
415707,0.02542765
415709,0.02954490
415712,0.03693429
415718,0.02105502
415724,0.02083512
415729,0.05280744
415730,0.28168118
415731,0.05241274
415733,0.01440506
415736,0.02617174
415737,0.01343222
415738,0.04796359
415741,0.00668460
415742,0.13318168
415743,0.07931540
415744,0.02850756
415745,0.00577507
415746,0.03478667
415747,0.14568664
415749,0.03640934
415750,0.07409247
415751,0.15355185
415752,0.02823227
415753,0.17043621
415754,0.01355601
415755,0.02568560
415756,0.08337765
415757,0.08355100
415850,0.15596254
415874,0.06397607
415930,0.04324393
415962,0.24434661
415994,0.13100921
415995,0.06644690
416088,0.08300845
416129,0.33887020
416228,0.02284024
416229,0.01289661
416239,0.06013868
416243,0.02944499
416245,0.10985494
416253,0.05661315
416263,0.01896196
416264,0.09429472
416265,0.04866548
416269,0.35016824
416272,0.05146078
416273,0.02715793
416274,0.10963066
416275,0.02185592
416276,0.03407666
416277,0.12580852
416278,0.07180408
416280,0.02116521
416283,0.04467279
416287,0.03040906
416288,0.07216900
416291,0.02176594
416292,0.09779839
416294,0.18312713
416295,0.50238515
416296,0.04396470
416300,0.02698856
416301,0.07443167
416302,0.04141031
416303,0.08989712
416305,0.05349223
416306,0.09217176
416307,0.11061422
416309,0.02559439
416310,0.23130446
416311,0.05554233
416312,0.03076157
416313,0.29375835
416314,0.00780557
416315,0.11705020
416316,0.06498499
416426,0.01163623
416435,0.01386296
416444,0.02867159
416477,0.26352433
416484,0.04373659
416488,0.09583652
416502,0.04122719
416542,0.08843893
416582,0.02191666
416647,0.01402757
416658,0.04740511
416659,0.01759838
416675,0.01899795
416676,0.19150616
416696,0.53926214
416721,0.02452225
416729,0.01915303
416743,0.05923847
416744,0.08661326
416761,0.02436609
416793,0.10254475
416826,0.00642800
416848,0.06449324
416850,0.01937821
416860,0.11196133
416861,0.39980112
416862,0.05661256
416865,0.04178917
416870,0.06684362
416871,0.06230899
416872,0.02678724
416874,0.08800112
416877,0.01449717
416879,0.00701482
416881,0.02903243
416882,0.01595686
416883,0.02361549
416884,0.01894860
416885,0.03373030
416886,0.16351053
416887,0.04486885
416888,0.08422463
416890,0.01248418
416893,0.06867453
416894,0.02706209
416895,0.07892541
416896,0.01423933
416897,0.04565082
416899,0.05944793
416900,0.00841554
416901,0.01092350
416902,0.00343675
416903,0.06999712
417043,0.01462785
417159,0.02209766
417182,0.02394056
417183,0.08577078
417187,0.03790744
417209,0.02883218
417226,0.36127195
417228,0.15123881
417232,0.02017166
417234,0.01486568
417241,0.05260617
417245,0.01583134
417246,0.09380923
417247,0.14977984
417250,0.11059269
417251,0.02521061
417253,0.00502920
417254,0.04257268
417255,0.02831624
417256,0.09214147
417257,0.10023274
417258,0.20072149
417259,0.01035534
417260,0.09224089
417261,0.00765805
417263,0.15985325
417264,0.02090194
417265,0.01481246
417266,0.05954011
417267,0.07338647
417268,0.01625750
417338,0.01121092
417342,0.07655058
417349,0.02414119
417382,0.11172833
417388,0.05527425
417389,0.08722684
417393,0.13579062
417395,0.14989161
417397,0.02475466
417398,0.00722553
417401,0.05296217
417403,0.23639641
417406,0.09410672
417407,0.33662970
417408,0.10883195
417409,0.02243092
417411,0.01380481
417412,0.04616907
417414,0.08396251
417416,0.10644859
417417,0.06544933
417420,0.03903543
417421,0.26974111
417422,0.19796271
417423,0.02367736
417426,0.01179926
417427,0.06025400
417428,0.05847933
417429,0.02199812
417430,0.09199115
417431,0.02723732
417432,0.02134341
417433,0.03911792
417435,0.05816846
417436,0.02628921
417438,0.01940355
417439,0.04146567
417440,0.05907697
417441,0.02388207
417442,0.19135443
417443,0.08940675
417444,0.06086008
417445,0.13267659
417446,0.07014899
417447,0.08572060
417448,0.04809798
417449,0.03656369
417450,0.03917343
417451,0.05685678
417452,0.04888592
417453,0.04791852
417454,0.06414228
417455,0.25996872
417456,0.02547392
417457,0.02315704
417513,0.00716014
417544,0.20827895
417555,0.07931080
417567,0.06592165
417612,0.03210557
417625,0.10732283
417626,0.03408332
417627,0.13280052
417648,0.03642192
417735,0.03969663
417736,0.15233875
417749,0.03426637
417778,0.01902669
417863,0.03448848
417893,0.02712453
417895,0.03533851
417903,0.01620293
417910,0.05914393
417915,0.15499795
417925,0.03374388
417927,0.01269965
417940,0.31065557
417949,0.01695532
417950,0.00901286
417952,0.01731653
417956,0.01034277
417969,0.05726569
417970,0.02432736
417974,0.05265790
417975,0.00847054
417976,0.03806985
417980,0.01856698
417982,0.08528979
417983,0.02609333
417987,0.02341818
417988,0.09438849
417989,0.02583777
417990,0.63623809
417993,0.04605427
417994,0.02403193
417995,0.00486971
417996,0.02662615
417997,0.01162231
417998,0.14486211
417999,0.08761921
418000,0.03170321
418001,0.10105839
418002,0.01776576
418003,0.10270769
418004,0.10852847
418005,0.22218686
418006,0.02880563
418009,0.13059547
418011,0.08951006
418012,0.01255829
418013,0.12807794
418014,0.19575581
418015,0.13403204
418029,0.15167877
418030,0.05607641
418132,0.07808186
418217,0.08347131
418222,0.01604560
418237,0.02971763
418272,0.10567752
418343,0.27843738
418344,0.06423173
418345,0.11807321
418386,0.07868099
418387,0.04095038
418402,0.03952621
418436,0.01346000
418456,0.36225320
418458,0.06771776
418460,0.16291339
418487,0.09016930
418514,0.01655384
418519,0.00713788
418532,0.00800140
418539,0.01590661
418549,0.01891081
418555,0.02830638
418556,0.38467672
418558,0.06606651
418559,0.00844911
418562,0.00751027
418568,0.31105667
418576,0.01205301
418578,0.18771113
418580,0.07087333
418581,0.16130722
418582,0.00705702
418584,0.02465106
418585,0.05164672
418587,0.03339669
418591,0.01118440
418592,0.03147783
418593,0.08336634
418595,0.00870314
418596,0.06095955
418597,0.02232597
418598,0.02374796
418599,0.01454628
418600,0.04262110
418601,0.03714693
418602,0.37097922
418603,0.34376561
418604,0.01056333
418606,0.11059989
418607,0.00799181
418608,0.10681500
418609,0.03399541
418610,0.05949579
418611,0.15325267
418612,0.02496023
418613,0.05556776
418614,0.07350934
418615,0.00860250
418616,0.01133976
418618,0.22518739
418651,0.07742442
418652,0.01681064
418653,0.03678082
418658,0.14456374
418692,0.26743153
418749,0.19569413
418820,0.12929475
418843,0.08134850
418863,0.03052268
418915,0.02191300
418938,0.14011207
418957,0.06599622
419024,0.17357316
419061,0.01303641
419063,0.03138143
419076,0.05944973
419093,0.01224692
419131,0.05757092
419132,0.00907576
419138,0.01945626
419139,0.08302718
419141,0.02977188
419142,0.02558977
419143,0.03642227
419145,0.01423609
419149,0.02637687
419151,0.02266615
419152,0.02072302
419153,0.06241382
419154,0.05536784
419155,0.04149560
419156,0.03135954
419157,0.00747955
419158,0.44787848
419159,0.21437410
419162,0.01628345
419163,0.02045498
419165,0.18990345
419168,0.14239979
419169,0.01430204
419170,0.21172639
419171,0.33709951
419172,0.12783638
419173,0.07986425
419174,0.03149367
419175,0.00954501
419176,0.17808162
419177,0.14539201
419178,0.08910324
419270,0.14700000
419305,0.14400992
419330,0.05407686
419485,0.04032494
419491,0.06859241
419499,0.04572419
419513,0.08331050
419514,0.06506154
419535,0.04314129
419538,0.01199622
419582,0.40077032
419601,0.00924172
419611,0.07754071
419644,0.23152782
419648,0.05165663
419649,0.03191907
419656,0.07426557
419671,0.01017594
419677,0.10587028
419685,0.09895003
419688,0.14656498
419689,0.18901395
419690,0.01923571
419691,0.04214111
419698,0.36817463
419699,0.00641926
419701,0.26985650
419703,0.28219375
419704,0.02304564
419705,0.12651819
419746,0.29839628
419750,0.00740319
419767,0.01264251
419775,0.05988429
419783,0.06597472
419787,0.22792882
419788,0.10055045
419790,0.02089678
419791,0.03651814
419792,0.01273070
419794,0.13853128
419795,0.31097621
419797,0.04175128
419798,0.03114294
419799,0.01890972
419804,0.11786547
419805,0.08267091
419806,0.03758647
419808,0.01214316
419810,0.04988554
419811,0.06072347
419812,0.28275743
419815,0.08043905
419816,0.06562375
419817,0.02849366
419818,0.16706859
419820,0.02598818
419821,0.02782882
419824,0.24137855
419825,0.07694635
419826,0.02584754
419827,0.00559284
419828,0.02699797
419829,0.04541354
419830,0.35021105
419831,0.02984405
419832,0.07296251
419833,0.09368668
419834,0.04627595
419835,0.00440105
419836,0.02845064
419837,0.06611738
419838,0.01036951
419839,0.08047593
419840,0.07685498
419841,0.13928969
419842,0.28095393
419843,0.13947606
419913,0.04201196
419916,0.05774622
419955,0.00705751
419956,0.08545352
419992,0.02195942
420150,0.03720051
420160,0.12110215
420190,0.02959801
420195,0.05003565
420204,0.09573057
420207,0.08329351
420210,0.02498198
420214,0.10699582
420218,0.01112973
420219,0.02950878
420220,0.07751659
420242,0.00761533
420249,0.01201838
420254,0.01803383
420255,0.00829985
420258,0.20579422
420260,0.00730805
420263,0.08738249
420265,0.02437135
420271,0.01966792
420273,0.03501760
420274,0.02329902
420275,0.02401540
420277,0.00269936
420278,0.08728553
420279,0.02624667
420280,0.06051374
420281,0.03752485
420283,0.06102122
420284,0.03520150
420285,0.03184228
420286,0.01669771
420287,0.04557298
420288,0.00390609
420290,0.03520790
420291,0.02095608
420293,0.03103348
420294,0.00933084
420295,0.08970047
420296,0.01427639
420297,0.15629113
420298,0.01220118
420299,0.15686237
420300,0.08595902
420344,0.03952570
420345,0.19789084
420347,0.00663444
420348,0.05052667
420349,0.04484762
420350,0.00788516
420351,0.00987494
420352,0.01449126
420353,0.02508836
420354,0.13692868
420355,0.03505697
420356,0.08249821
420357,0.03351569
420358,0.08396544
420359,0.05712525
420360,0.01676154
420361,0.00943939
420362,0.05291806
420363,0.15077372
420364,0.08898505
420365,0.03141353
420366,0.03970647
420383,0.03785149
420436,0.05950471
420446,0.03963736
420554,0.06377712
420565,0.04235201
420569,0.07649086
420573,0.03985436
420574,0.10487309
420587,0.15012168
420589,0.10457044
420593,0.01838375
420594,0.06253918
420595,0.03855012
420598,0.00526273
420601,0.08527038
420602,0.16846937
420603,0.02082266
420607,0.00800186
420611,0.00685784
420613,0.03708184
420614,0.07408841
420615,0.08474267
420616,0.02056554
420617,0.09901761
420618,0.01814182
420619,0.04425441
420620,0.01961575
420621,0.13179309
420622,0.02739034
420623,0.06756435
420624,0.02793413
420625,0.01964294
420626,0.09481649
420627,0.20552368
420628,0.01586566
420629,0.00915338
420631,0.03108890
420633,0.08079399
420634,0.02826036
420635,0.02750593
420636,0.02502374
420637,0.06497323
420662,0.00998843
420727,0.03673425
420728,0.13980167
420733,0.08225151
420787,0.01832807
420789,0.02561090
420792,0.07230749
420797,0.08233907
420814,0.00997336
420833,0.26817159
420839,0.01999101
420841,0.15652421
420843,0.03772789
420844,0.06844932
420847,0.11079640
420849,0.02308148
420851,0.05087689
420853,0.04779074
420854,0.02863248
420855,0.04055356
420856,0.01606411
420857,0.04387559
420858,0.00803485
420859,0.02593494
420860,0.46211287
420861,0.14171284
420862,0.06664040
420863,0.04703339
420864,0.06037080
420866,0.42544876
420867,0.02288887
420868,0.03349348
420869,0.08490535
420870,0.00349343
420871,0.03708040
420872,0.07984091
420873,0.01291863
420874,0.06965012
420875,0.07856785
420876,0.02370050
420878,0.01410559
420879,0.07420478
420880,0.01612732
420881,0.02428300
420882,0.02600153
420883,0.15706712
420884,0.27052761
420885,0.01911764
420886,0.03995950
420887,0.06100147
420888,0.01990996
420905,0.01228574
421015,0.01455763
421200,0.40731403
421269,0.09621194
421272,0.02466454
421290,0.19157720
421323,0.16622007
421342,0.00566331
421349,0.08729062
421355,0.01897379
421356,0.03610132
421363,0.16575629
421365,0.14158249
421381,0.09587062
421383,0.03382276
421386,0.42146295
421394,0.00261315
421395,0.07007269
421399,0.06597841
421431,0.14279836
421467,0.05577479
421554,0.14880203
421557,0.05462160
421558,0.07628036
421562,0.00981663
421614,0.24818968
421690,0.00465342
421758,0.20725502
421776,0.04395377
421827,0.10184913
421828,0.08333327
421829,0.03700717
421848,0.02266530
421862,0.04280583
421863,0.03840150
421868,0.00326082
421884,0.04685561
421921,0.08010327
421924,0.05977562
421958,0.16751289
421961,0.00800026
421964,0.00783683
421968,0.03124918
421974,0.14895107
421975,0.00602891
421977,0.10995667
421978,0.35423905
421979,0.01062531
421980,0.01012023
421982,0.05276333
421985,0.01789706
421986,0.05809047
421987,0.04219011
421988,0.01327975
421989,0.10061944
421990,0.03245456
421991,0.03667282
421993,0.04281907
421994,0.08288490
421996,0.60919749
421997,0.00783431
421998,0.06957586
421999,0.09756511
422000,0.13755719
422001,0.02163176
422002,0.12643252
422004,0.06356939
422005,0.31423954
422007,0.03665325
422008,0.04665632
422010,0.11496617
422011,0.01813204
422012,0.04505111
422014,0.04833626
422015,0.24219034
422016,0.10109682
422017,0.01148517
422018,0.01138902
422019,0.22405303
422039,0.00812078
422041,0.01710192
422042,0.02719041
422043,0.02698888
422044,0.03772789
422045,0.07111221
422047,0.12297258
422048,0.01208454
422049,0.02075321
422050,0.04495443
422051,0.14177708
422053,0.05940356
422054,0.06402508
422055,0.02826815
422056,0.03321355
422057,0.12520300
422058,0.08367405
422059,0.03306040
422060,0.02190986
422063,0.07564730
422064,0.00541500
422065,0.08285193
422066,0.02122061
422067,0.04282138
422068,0.01684859
422069,0.05046572
422070,0.02539891
422071,0.00693711
422072,0.02123853
422074,0.13342696
422152,0.00693205
422210,0.11519960
422227,0.18523807
422308,0.08095359
422339,0.04986525
422368,0.07642082
422391,0.02233255
422407,0.13948069
422485,0.02826397
422491,0.06467995
422506,0.06530239
422508,0.17543634
422512,0.03754097
422513,0.02482334
422514,0.02018670
422518,0.01705432
422519,0.01284974
422523,0.04942780
422524,0.08396991
422525,0.04895644
422526,0.01245272
422527,0.02678825
422531,0.12141025
422533,0.00410538
422534,0.07976564
422536,0.04907186
422537,0.02154712
422538,0.15099571
422540,0.06032636
422541,0.36620524
422543,0.05705876
422544,0.26891914
422545,0.02676111
422546,0.02106873
422547,0.26174541
422548,0.08959109
422549,0.13259000
422550,0.03934833
422551,0.02435741
422552,0.02170632
422553,0.04661987
422554,0.12093562
422555,0.14926316
422556,0.01174772
422639,0.00538262
422667,0.11884540
422734,0.05392589
422748,0.09722129
422749,0.14237420
422796,0.04871144
422810,0.01684318
422839,0.03124885
422850,0.14621813
422891,0.08540171
422940,0.08693661
422962,0.01866893
422964,0.04074631
423009,0.18100055
423022,0.01834257
423041,0.15470912
423046,0.10423703
423052,0.05901045
423055,0.00575318
423061,0.32783904
423075,0.01890355
423076,0.06895809
423077,0.08939323
423081,0.24129419
423083,0.09458550
423087,0.03722726
423089,0.00513701
423091,0.04175954
423098,0.16148225
423105,0.01914781
423106,0.07724324
423107,0.05150411
423114,0.12106340
423116,0.02144982
423120,0.04475863
423121,0.07172931
423125,0.04284776
423132,0.01696572
423133,0.02958409
423134,0.25873326
423135,0.00658363
423137,0.02660520
423138,0.02534198
423139,0.02790624
423140,0.04061220
423141,0.13758880
423143,0.03358037
423144,0.05583891
423145,0.01598596
423146,0.06204314
423147,0.11832348
423148,0.06268628
423149,0.00898403
423150,0.07299601
423151,0.01451330
423152,0.00981500
423153,0.22063973
423154,0.00341149
423155,0.04838265
423156,0.02140438
423157,0.03640566
423158,0.02649697
423159,0.06458443
423228,0.06833781
423237,0.18181092
423386,0.26061366
423416,0.26767290
423417,0.13500320
423489,0.08757939
423503,0.25471643
423522,0.09394188
423571,0.03042996
423574,0.05765800
423580,0.02190255
423621,0.28375861
423622,0.13944788
423624,0.02317052
423629,0.01590172
423631,0.07755284
423648,0.01080914
423651,0.04993533
423652,0.04438427
423658,0.13973640
423663,0.00604293
423664,0.01196307
423665,0.04574659
423668,0.05915933
423670,0.03412461
423671,0.04987758
423672,0.01550319
423679,0.00807953
423681,0.14355286
423687,0.04396984
423688,0.02476693
423690,0.01470636
423691,0.02500546
423693,0.01459056
423696,0.10798674
423698,0.10255623
423699,0.16431745
423700,0.02764708
423701,0.02837313
423702,0.06406959
423703,0.02590520
423704,0.01001334
423706,0.05749167
423707,0.04245191
423708,0.00786347
423709,0.28200436
423710,0.15883003
423711,0.02908503
423712,0.10599536
423713,0.01063989
423714,0.44937227
423715,0.02854002
423717,0.07179792
423718,0.06856143
423719,0.14508707
423720,0.05267178
423721,0.03808725
423722,0.02236903
423723,0.13148050
423724,0.02595293
423726,0.01013392
423730,0.01776404
423734,0.02280106
423735,0.03843712
423736,0.04538369
423737,0.01239514
423738,0.06083006
423739,0.02635024
423740,0.02791312
423741,0.01207513
423742,0.09903245
423743,0.03925331
423746,0.01352945
423747,0.01332501
423748,0.08851710
423749,0.01362534
423750,0.18680662
423751,0.01250917
423752,0.02393285
423753,0.16977580
423754,0.03509411
423755,0.01084179
423756,0.09163322
423800,0.01912196
423894,0.00779816
423938,0.18574758
423939,0.06645111
423940,0.02675972
423947,0.03891441
423957,0.12379418
423959,0.07137129
423966,0.37070219
423968,0.06659441
423972,0.02718014
423978,0.17788899
423979,0.02478716
423982,0.08313195
423983,0.05407820
423986,0.03396649
423990,0.03411075
423993,0.00580515
423994,0.01038794
423996,0.01639682
423998,0.04100107
423999,0.06929831
424000,0.00958794
424001,0.02434723
424002,0.01732211
424003,0.07946213
424004,0.02332851
424005,0.06384811
424006,0.06572516
424007,0.04769897
424008,0.05136150
424009,0.13369391
424010,0.05934491
424011,0.06180753
424012,0.01382634
424013,0.03922933
424014,0.07523332
424015,0.03013840
424016,0.04665179
424161,0.12336383
424189,0.16472016
424192,0.02778593
424198,0.04164840
424202,0.01554708
424203,0.00452049
424207,0.05535079
424208,0.01975685
424211,0.00719178
424214,0.03736218
424215,0.07488859
424216,0.04582414
424220,0.03748886
424222,0.04684274
424223,0.01689631
424232,0.03735319
424234,0.00750206
424235,0.01047893
424236,0.01576911
424241,0.01230315
424244,0.01800007
424245,0.22248616
424246,0.01561993
424248,0.11678788
424249,0.05360392
424251,0.01563141
424252,0.02371596
424253,0.04638493
424254,0.03944721
424255,0.05544002
424256,0.14141450
424257,0.01552050
424258,0.09145563
424259,0.05474846
424260,0.00663827
424261,0.03759051
424262,0.02356847
424264,0.10246294
424265,0.05849471
424266,0.21505252
424267,0.01420424
424268,0.01039364
424270,0.10414148
424271,0.06060815
424272,0.01562201
424273,0.04827231
424274,0.08534686
424275,0.06852136
424320,0.05459055
424354,0.04548219
424359,0.03261134
424360,0.05736825
424361,0.08703193
424362,0.04966488
424363,0.05344610
424364,0.04165279
424365,0.03102617
424491,0.26285435
424576,0.04966345
424639,0.02434022
424640,0.02982282
424653,0.05713939
424672,0.16838952
424708,0.01286274
424724,0.04752546
424725,0.15268877
424734,0.20678793
424755,0.01772848
424758,0.23443246
424765,0.01928561
424770,0.11003679
424773,0.13542360
424780,0.05789417
424784,0.00780775
424791,0.03309389
424797,0.05727455
424800,0.01318120
424807,0.00874231
424809,0.03991771
424812,0.05984950
424813,0.09453823
424816,0.00980219
424817,0.01849366
424820,0.02728717
424822,0.03792601
424823,0.08555748
424825,0.01717588
424826,0.09802791
424827,0.04591077
424828,0.06583472
424830,0.02846156
424831,0.01402244
424832,0.04647900
424833,0.04207711
424834,0.03958664
424835,0.13911706
424836,0.08964080
424837,0.16924420
424838,0.11257591
424839,0.02750423
424840,0.05283684
424841,0.13592174
424843,0.00700937
424845,0.12230804
424846,0.02096265
424847,0.02170100
424848,0.03570924
424849,0.32225047
424850,0.45211484
424851,0.04349383
424852,0.02130190
424853,0.01750088
424854,0.03042112
424856,0.01218198
424857,0.04315116
424947,0.06271659
425037,0.07854970
425039,0.10668984
425096,0.03394428
425107,0.02552604
425156,0.02180672
425191,0.04054728
425192,0.04135167
425230,0.00758028
425231,0.05374939
425237,0.00969934
425281,0.04186306
425301,0.06660654
425306,0.16902647
425312,0.02126351
425313,0.01240647
425317,0.02962773
425326,0.02539638
425330,0.01645607
425336,0.12489680
425338,0.11679651
425343,0.08749299
425345,0.01355754
425360,0.22000143
425364,0.09534499
425368,0.02052370
425369,0.00543147
425371,0.08035891
425372,0.00654121
425373,0.10445439
425374,0.02338795
425376,0.29945328
425379,0.02918126
425380,0.00642577
425381,0.01689576
425382,0.01899389
425383,0.01734338
425384,0.05738591
425385,0.02106526
425388,0.12224052
425389,0.02331409
425390,0.01372784
425391,0.06242719
425392,0.10614206
425394,0.05974364
425395,0.05938795
425396,0.02446701
425397,0.00448305
425398,0.03650658
425399,0.03614289
425400,0.03203077
425403,0.01669945
425404,0.07085390
425405,0.01932820
425406,0.07274864
425407,0.05122875
425408,0.02025312
425409,0.02055546
425411,0.02443688
425412,0.05306504
425413,0.22965701
425414,0.06385926
425415,0.12264870
425416,0.08098229
425418,0.01444522
425419,0.01254397
425423,0.06118522
425424,0.05104059
425425,0.53295147
425426,0.03286442
425429,0.02965427
425430,0.00726335
425431,0.09562211
425432,0.00920962
425433,0.09428066
425434,0.02815855
425435,0.10185954
425437,0.01427722
425438,0.00468460
425439,0.02937401
425440,0.03678429
425441,0.02996382
425442,0.19040735
425444,0.11583723
425446,0.03353054
425447,0.08908381
425448,0.23193675
425449,0.16360411
425450,0.02160239
425451,0.01331896
425453,0.15727635
425454,0.15104203
425455,0.07073806
425456,0.13126442
425457,0.04754797
425458,0.12841799
425459,0.16094664
425460,0.00624279
425461,0.02940837
425462,0.00416404
425511,0.03444198
425601,0.02019609
425810,0.05828979
425824,0.11547788
425830,0.21166077
425835,0.10040532
425838,0.03662478
425865,0.04955930
425877,0.14307097
425904,0.09703292
425905,0.01439733
425906,0.02283915
425909,0.08134973
425911,0.16416126
425913,0.05967764
425923,0.04837581
425932,0.03207594
425938,0.00557644
425939,0.08985532
425943,0.01821144
425944,0.00709368
425945,0.00592418
425946,0.02154127
425948,0.05880491
425950,0.02040182
425952,0.05259812
425954,0.14328046
425955,0.01228021
425957,0.15083704
425958,0.02526635
425959,0.14564724
425960,0.12870982
425961,0.24076274
425962,0.01421897
425964,0.08881166
425965,0.03041965
425966,0.08512908
425967,0.03786118
425968,0.10088924
425969,0.07732782
425970,0.11035222
425971,0.08459485
425972,0.00553598
425976,0.03947347
426050,0.00954722
426051,0.25773591
426052,0.02044371
426053,0.01161036
426124,0.01890758
426132,0.05864100
426154,0.03373096
426192,0.05770450
426235,0.02796906
426297,0.10190873
426387,0.06197251
426396,0.02144503
426436,0.05780594
426437,0.06494165
426460,0.02423341
426466,0.03813339
426469,0.02707246
426510,0.08853351
426617,0.13547939
426630,0.01319613
426631,0.00963225
426650,0.02864128
426688,0.03197095
426691,0.01353620
426855,0.08376830
426873,0.22252174
426890,0.02104681
426891,0.03946699
426895,0.00575534
426928,0.24812322
426929,0.01623366
426955,0.09727882
426957,0.04194537
427007,0.07372167
427009,0.02034871
427021,0.08981991
427023,0.02788819
427032,0.06795846
427036,0.00948179
427040,0.03052060
427041,0.02528499
427042,0.01273722
427044,0.01332512
427048,0.10087916
427050,0.08933348
427054,0.01644580
427057,0.02742469
427058,0.02128883
427059,0.02845745
427060,0.35304590
427062,0.02047507
427063,0.12363951
427064,0.02353295
427065,0.01091840
427067,0.07049550
427069,0.00865347
427070,0.01116303
427071,0.04832656
427072,0.02409138
427073,0.08380364
427074,0.02887997
427075,0.02316689
427076,0.01328368
427077,0.07353386
427078,0.06174538
427079,0.02718649
427080,0.00643338
427081,0.04758633
427082,0.04810396
427088,0.05002729
427109,0.02879011
427110,0.13417511
427111,0.01598562
427114,0.02625676
427115,0.14762685
427120,0.00718179
427121,0.01230980
427122,0.24724558
427125,0.01079284
427126,0.02011351
427127,0.02177781
427128,0.01202484
427129,0.04530963
427130,0.28954520
427131,0.00845908
427132,0.01333850
427133,0.01494995
427134,0.02061755
427135,0.01395835
427137,0.11650793
427138,0.02011892
427139,0.02104970
427140,0.11298750
427142,0.02749703
427143,0.04292876
427144,0.20946159
427145,0.01053511
427146,0.07641093
427147,0.07702598
427148,0.01628580
427149,0.19417599
427150,0.07018494
427151,0.00877885
427152,0.01336881
427153,0.01003553
427154,0.26863593
427155,0.01670683
427156,0.01167377
427157,0.09835747
427158,0.13795767
427159,0.09348621
427160,0.00756788
427161,0.04486588
427162,0.34560606
427163,0.20271068
427164,0.02937427
427165,0.00435577
427254,0.03653706
427263,0.08775557
427324,0.13039587
427330,0.20758047
427379,0.03018893
427465,0.00963869
427485,0.33358828
427489,0.02005847
427505,0.04770502
427567,0.19212259
427575,0.24584492
427578,0.05873740
427589,0.39177766
427612,0.16315389
427615,0.04356272
427618,0.01682859
427620,0.10951567
427622,0.00184776
427627,0.02564692
427628,0.05472329
427632,0.03634375
427634,0.00504498
427635,0.06524744
427637,0.04731129
427639,0.06945337
427640,0.08384582
427641,0.01087850
427642,0.04217504
427643,0.11004116
427645,0.04672479
427646,0.04348414
427647,0.03446395
427649,0.00845168
427650,0.01767449
427652,0.11158921
427653,0.09008678
427654,0.01136389
427655,0.11940983
427656,0.01813044
427657,0.03350371
427658,0.14303778
427659,0.02427984
427660,0.09061880
427661,0.04147138
427662,0.01025417
427663,0.08236100
427664,0.14725625
427665,0.00890357
427666,0.01893135
427667,0.03287116
427668,0.05552576
427669,0.06726133
427671,0.11871700
427672,0.23863659
427673,0.01083464
427676,0.03059789
427677,0.00471283
427703,0.05691077
427738,0.02381110
427809,0.02814706
427881,0.03840989
427949,0.02250607
427985,0.56543747
428047,0.10571435
428054,0.51918838
428080,0.05797386
428143,0.11051993
428162,0.17465563
428166,0.01581653
428187,0.01767831
428188,0.06517806
428189,0.03380690
428195,0.04673100
428196,0.10992465
428198,0.16700665
428200,0.02848680
428201,0.03789500
428204,0.36773470
428206,0.04022761
428207,0.06237550
428208,0.03897583
428210,0.00555678
428211,0.01435702
428212,0.26756097
428213,0.05632241
428215,0.01280646
428217,0.03011562
428218,0.03605184
428219,0.02195177
428220,0.01289332
428222,0.25464952
428223,0.02233425
428224,0.03428217
428225,0.02533745
428227,0.02148318
428228,0.07254678
428229,0.05862789
428230,0.17299546
428231,0.01759318
428232,0.02854532
428233,0.03081210
428234,0.02163677
428235,0.38967819
428236,0.04197459
428237,0.06948800
428238,0.01430858
428240,0.00539553
428241,0.02199998
428242,0.02477218
428243,0.20744881
428244,0.24480215
428311,0.04954230
428312,0.06418037
428313,0.17362722
428314,0.04877237
428409,0.02077957
428416,0.01634613
428423,0.04177570
428424,0.09172420
428463,0.03958065
428485,0.18930840
428517,0.02683950
428518,0.10953129
428561,0.02646842
428565,0.02472553
428590,0.03233876
428597,0.01670016
428614,0.05392582
428616,0.11704373
428621,0.00564668
428626,0.06701960
428629,0.01268850
428636,0.12911174
428647,0.03754847
428654,0.01826474
428659,0.02334040
428686,0.02371218
428690,0.01357344
428701,0.03226267
428708,0.09568029
428714,0.04465568
428722,0.01193149
428729,0.01875027
428745,0.00813726
428751,0.05066232
428757,0.06339991
428764,0.03905151
428774,0.05016691
428778,0.02070806
428783,0.02751919
428789,0.00569654
428797,0.03324364
428799,0.04972023
428801,0.26454840
428804,0.06018014
428806,0.02758756
428813,0.01091304
428816,0.01450432
428821,0.14811235
428832,0.01807309
428839,0.02677827
428842,0.03983853
428850,0.16184767
428859,0.07836930
428871,0.04636355
428907,0.13252164
428913,0.02933744
428920,0.21281912
428924,0.04125995
428928,0.04640201
428930,0.02121533
428933,0.16752592
428938,0.07377430
428944,0.08815529
428948,0.14129863
428963,0.03112869
428975,0.07534227
428979,0.02203581
428982,0.33767823
428984,0.01249156
428987,0.02564068
429015,0.00757715
429018,0.03311357
429028,0.01411268
429035,0.11923278
429037,0.00646639
429042,0.00631331
429055,0.02268835
429066,0.05957903
429067,0.15218413
429069,0.01098331
429077,0.05634168
429078,0.09820031
429083,0.00877639
429091,0.09410360
429093,0.01214100
429094,0.03619852
429103,0.03451158
429109,0.09894473
429121,0.13251138
429129,0.00786499
429134,0.02200662
429138,0.06074249
429164,0.05729324
429173,0.10045708
429182,0.05655328
429190,0.01206948
429199,0.00622603
429219,0.13783645
429224,0.01797893
429226,0.23311779
429230,0.02334538
429239,0.01883943
429243,0.04545352
429256,0.06019802
429266,0.06619815
429269,0.09371461
429294,0.01571650
429295,0.11369283
429297,0.09853825
429299,0.06705507
429302,0.01529658
429305,0.20364455
429308,0.01394835
429314,0.17867713
429318,0.01581948
429348,0.04506119
429356,0.33828888
429359,0.12726345
429372,0.09548629
429373,0.06216722
429384,0.09695610
429385,0.11833927
429398,0.02387631
429405,0.07223160
429407,0.01403800
429408,0.05780052
429412,0.07403602
429414,0.05178832
429415,0.07768560
429421,0.06725495
429422,0.01854437
429430,0.03406267
429432,0.02216739
429440,0.11887028
429442,0.26454543
429451,0.35520399
429459,0.04536259
429469,0.01736004
429471,0.00396162
429482,0.01092669
429483,0.08777428
429491,0.17036520
429493,0.17540865
429496,0.12669558
429498,0.01765265
429501,0.01283902
429502,0.04758617
429508,0.03987887
429509,0.02001560
429511,0.46114703
429528,0.01070826
429531,0.17732217
429539,0.16397566
429549,0.21311144
429555,0.04545297
429557,0.02755007
429567,0.06698646
429570,0.02552834
429576,0.01416818
429590,0.01991170
429591,0.19811356
429597,0.04383233
429600,0.33108898
429602,0.03478891
429604,0.06955497
429623,0.03077045
429625,0.00582445
429626,0.04660551
429628,0.00893175
429634,0.03154249
429637,0.01317997
429666,0.02061098
429667,0.11042029
429670,0.03903679
429673,0.00817713
429678,0.03332685
429693,0.02346046
429702,0.00742309
429708,0.02182214
429737,0.02874619
429739,0.01351229
429740,0.01748480
429750,0.12025500
429770,0.10794778
429774,0.05787220
429777,0.03269453
429780,0.04187935
429809,0.07557546
429810,0.00734956
429831,0.02813966
429835,0.10318832
429838,0.06204140
429846,0.03675414
429851,0.03198186
429852,0.00942489
429856,0.02371823
429857,0.12021117
429866,0.38118527
429871,0.03699666
429873,0.19646540
429879,0.17124934
429882,0.02440704
429885,0.01327320
429890,0.10348077
429897,0.01234493
429933,0.03591752
429936,0.01154678
429948,0.03951558
429952,0.23943097
429967,0.01773063
429982,0.00878754
429989,0.09025782
430000,0.02091808
430003,0.01775602
430011,0.06230284
430019,0.11095230
430035,0.00621937
430042,0.23666118
430047,0.02377389
430048,0.04921113
430059,0.02444850
430060,0.14362001
430077,0.03710038
430080,0.08106677
430083,0.19339555
430086,0.08166237
430090,0.05728797
430103,0.01346161
430107,0.07112192
430114,0.00699752
430116,0.02769911
430124,0.04834076
430129,0.07697159
430132,0.14640988
430146,0.04358253
430155,0.09557589
430156,0.01261459
430160,0.06295871
430168,0.06173018
430170,0.05813527
430176,0.06146412
430177,0.34648728
430186,0.32915354
430187,0.02475395
430195,0.11268397
430198,0.37345286
430204,0.18591912
430210,0.05314302
430211,0.11760523
430213,0.10033547
430216,0.19940923
430217,0.03113883
430227,0.01776846
430253,0.02208165
430266,0.25160352
430274,0.03707605
430280,0.01031262
430300,0.00239825
430301,0.00892653
430309,0.06853928
430313,0.05401578
430316,0.03350609
430319,0.06948686
430332,0.07477018
430346,0.03425230
430357,0.03798442
430359,0.03613665
430368,0.01931445
430376,0.04616561
430383,0.04032132
430389,0.02862994
430393,0.18914581
430394,0.02850126
430404,0.05644607
430405,0.03460711
430407,0.09686665
430433,0.05839077
430445,0.01671790
430446,0.05029152
430451,0.04382691
430452,0.01101376
430459,0.01280201
430466,0.02378847
430467,0.01676072
430473,0.28053255
430477,0.01365984
430483,0.13327684
430512,0.01493242
430521,0.00601884
430524,0.01088613
430529,0.04724365
430533,0.02355384
430536,0.01450743
430538,0.01765202
430540,0.15070582
430548,0.07759751
430549,0.02495683
430550,0.02339166
430566,0.20428135
430574,0.03167383
430576,0.03771331
430582,0.05957118
430585,0.07844053
430625,0.02407683
430627,0.02765024
430629,0.03015066
430637,0.10204892
430639,0.01199143
430641,0.04660454
430656,0.01941139
430659,0.01572834
430661,0.00829865
430671,0.13132774
430672,0.04253401
430673,0.02827104
430674,0.02452168
430676,0.01032377
430691,0.00611645
430698,0.02296966
430699,0.12039671
430708,0.08779215
430719,0.02995075
430726,0.01609469
430728,0.25515039
430730,0.13154546
430731,0.07469939
430732,0.03584074
430738,0.07011149
430770,0.04928412
430782,0.10338895
430785,0.04188578
430786,0.03322734
430806,0.24710665
430818,0.32739489
430819,0.02375524
430820,0.03345161
430835,0.04472643
430836,0.05231918
430837,0.02403897
430838,0.01077942
430839,0.02885164
430847,0.34837923
430853,0.02965768
430856,0.00340490
430876,0.06211150
430886,0.00651117
430887,0.02578572
430889,0.03758679
430927,0.00694381
430931,0.12223620
430939,0.01885814
430942,0.01382488
430949,0.04305620
430957,0.01930236
430960,0.00894366
430961,0.02161601
430962,0.15333451
430973,0.04046914
430975,0.01331070
430976,0.06454708
430981,0.02995459
430992,0.02567833
431007,0.10388945
431010,0.17878825
431013,0.03829258
431023,0.00990610
431027,0.03650276
431044,0.02450001
431056,0.00651734
431058,0.00642330
431065,0.00911508
431077,0.10413470
431080,0.11243323
431082,0.00647765
431088,0.14316206
431095,0.15597304
431100,0.05185438
431106,0.04839964
431107,0.01486095
431110,0.14253926
431114,0.17817801
431138,0.05855361
431144,0.01152855
431162,0.08091883
431170,0.51722003
431171,0.04794506
431176,0.04989955
431203,0.08008763
431211,0.07789364
431212,0.05341015
431215,0.01366722
431238,0.53117459
431241,0.03252061
431244,0.09161114
431254,0.06838938
431263,0.03721779
431278,0.02011488
431285,0.16482548
431286,0.13673738
431298,0.04038286
431305,0.00658758
431315,0.40090025
431323,0.03145617
431325,0.00333495
431334,0.01277118
431358,0.20507604
431372,0.02765455
431373,0.00402162
431374,0.28366163
431377,0.12047962
431386,0.09008560
431388,0.20486384
431395,0.00694622
431396,0.08142322
431413,0.03285450
431416,0.08749660
431418,0.07984727
431431,0.03763338
431444,0.02244522
431449,0.26579073
431467,0.10488541
431469,0.03381377
431479,0.03497297
431480,0.03307735
431481,0.03449596
431488,0.04965804
431492,0.21316924
431496,0.04255810
431497,0.01322135
431508,0.08479299
431511,0.03739943
431517,0.02445826
431520,0.06504831
431538,0.04222997
431540,0.00981379
431543,0.56327694
431545,0.00719122
431560,0.01436994
431561,0.06082833
431584,0.30946519
431591,0.06501307
431593,0.15229568
431625,0.07415496
431630,0.10977858
431633,0.15128830
431635,0.04893320
431649,0.08037053
431650,0.09082507
431651,0.04465562
431652,0.00610951
431667,0.18099021
431668,0.28455953
431672,0.02707179
431675,0.25781119
431680,0.33415676
431682,0.02418846
431683,0.00975144
431693,0.02622011
431697,0.04170957
431726,0.12682592
431731,0.11543755
431732,0.07337114
431744,0.00374115
431750,0.01934252
431755,0.08836650
431756,0.07230196
431757,0.06819049
431765,0.05623426
431766,0.01989914
431768,0.06239743
431770,0.00435956
431773,0.00801768
431775,0.04448671
431777,0.12397817
431778,0.28301538
431801,0.05093397
431807,0.01486170
431810,0.01870529
431815,0.07436318
431816,0.04890510
431823,0.07391016
431831,0.02840783
431837,0.08486186
431841,0.06218541
431845,0.01157512
431854,0.04994685
431857,0.09614828
431865,0.04466567
431866,0.06605764
431867,0.04241146
431869,0.06751063
431889,0.03789938
431899,0.01420064
431903,0.08667549
431909,0.08286923
431914,0.08143014
431916,0.00681147
431918,0.27910532
431931,0.03683678
431940,0.01313210
431948,0.14996132
431962,0.01402674
431965,0.01861169
431974,0.00524850
431976,0.01727233
431987,0.06300713
431988,0.02235852
431995,0.15255306
431999,0.06830943
432003,0.00432367
432005,0.16907787
432009,0.03877909
432011,0.00656112
432022,0.31254753
432028,0.07220492
432030,0.00791349
432037,0.01673168
432065,0.06042741
432070,0.01877251
432075,0.24075294
432078,0.17001719
432080,0.05468420
432085,0.01632125
432092,0.02405370
432111,0.13031925
432112,0.01484236
432115,0.01248396
432117,0.07078705
432118,0.05306463
432129,0.15869077
432132,0.05814449
432133,0.05285201
432145,0.07166348
432146,0.01734283
432148,0.01532293
432156,0.05817235
432167,0.02027095
432169,0.00304554
432188,0.00822633
432192,0.19322948
432221,0.03547849
432226,0.12046867
432231,0.00588235
432247,0.02465275
432252,0.03567436
432254,0.03968944
432263,0.07136308
432265,0.01454227
432271,0.11091506
432280,0.02758433
432282,0.04210797
432284,0.00979352
432291,0.27800886
432296,0.05700117
432298,0.11816415
432301,0.02327656
432309,0.03915992
432312,0.11117003
432320,0.01058688
432324,0.02237122
432330,0.03792112
432339,0.01396535
432356,0.01096614
432357,0.00550957
432362,0.02891033
432365,0.02634178
432366,0.07334857
432370,0.09679570
432377,0.06970056
432384,0.02858870
432391,0.02554258
432405,0.01595437
432406,0.13586134
432414,0.13732784
432415,0.00798502
432417,0.01410513
432419,0.03271584
432424,0.03295817
432425,0.07294219
432432,0.11979396
432438,0.02716727
432441,0.04709481
432444,0.31100425
432446,0.47242890
432452,0.04973556
432454,0.05353433
432473,0.33751569
432482,0.13257656
432489,0.04116647
432492,0.27842699
432495,0.02165747
432501,0.19089792
432507,0.02048772
432509,0.20089870
432510,0.04749751
432522,0.01853396
432525,0.04905277
432526,0.04801633
432527,0.34604908
432532,0.02271539
432535,0.03482271
432544,0.01042366
432547,0.04286582
432551,0.04511220
432553,0.01905663
432555,0.01592811
432560,0.03394782
432569,0.07063511
432577,0.04284459
432585,0.02665250
432590,0.01849932
432591,0.07131072
432594,0.00640380
432607,0.05041792
432608,0.21274291
432609,0.06033446
432612,0.15007848
432613,0.01063503
432616,0.06283148
432618,0.28959183
432622,0.01439395
432626,0.01409989
432639,0.00461484
432640,0.03805226
432642,0.17375389
432648,0.03157964
432653,0.02235650
432661,0.15224408
432668,0.02736521
432682,0.14387337
432686,0.20944327
432693,0.01886368
432695,0.13423611
432696,0.18057153
432698,0.08791132
432699,0.02350682
432702,0.10554565
432707,0.03388385
432712,0.01658997
432719,0.01549596
432724,0.00635391
432728,0.17215012
432737,0.06817379
432745,0.19514820
432746,0.02144428
432749,0.09884168
432752,0.01974453
432758,0.02116803
432769,0.06193326
432770,0.04005973
432771,0.01322051
432788,0.00900172
432804,0.02136033
432807,0.39116057
432830,0.11034117
432831,0.04655986
432842,0.15298691
432849,0.12872233
432876,0.20325199
432886,0.02878296
432888,0.01714255
432897,0.01195628
432918,0.05376472
432919,0.10549194
432920,0.03823275
432921,0.05262167
432930,0.18747009
432932,0.04385803
432943,0.06704550
432944,0.02620016
432951,0.06160531
432952,0.00866172
432965,0.08124027
432969,0.03521683
432981,0.01836227
432985,0.01942847
432986,0.01625539
432988,0.05026948
432991,0.04741906
432992,0.03236544
433002,0.03861576
433018,0.01541726
433019,0.01311855
433021,0.03205059
433024,0.00575880
433031,0.06161879
433035,0.14399461
433047,0.19946345
433050,0.00845236
433051,0.01853651
433055,0.01057442
433058,0.03485155
433069,0.01897685
433079,0.09346120
433098,0.16574337
433099,0.01547005
433104,0.06376705
433112,0.02825970
433117,0.04284922
433119,0.01838946
433130,0.00530109
433132,0.07125755
433158,0.31181432
433159,0.03352189
433162,0.01804767
433166,0.05637725
433169,0.09417053
433173,0.02648347
433174,0.03710213
433183,0.19561603
433184,0.02875977
433198,0.01390466
433205,0.07760265
433221,0.11077547
433271,0.23966962
433274,0.03689937
433276,0.12170947
433281,0.02824388
433283,0.03952827
433296,0.02486549
433300,0.05132475
433304,0.02743179
433308,0.06316044
433312,0.01523929
433313,0.13880994
433319,0.01025227
433332,0.10808928
433342,0.03068246
433343,0.01273260
433344,0.03363246
433345,0.00372223
433347,0.09339796
433350,0.03627169
433355,0.40772212
433356,0.01847540
433359,0.06115601
433361,0.02738720
433363,0.19197974
433370,0.01464828
433371,0.03941733
433374,0.10097525
433384,0.04290675
433390,0.05621459
433392,0.01573468
433396,0.10329187
433403,0.11124484
433405,0.03039957
433408,0.30236609
433410,0.28331598
433411,0.09034295
433424,0.02380065
433431,0.02373216
433432,0.11667413
433440,0.03348489
433441,0.04530423
433451,0.10576023
433452,0.05972677
433459,0.02332199
433463,0.01755564
433464,0.07953007
433470,0.03684363
433480,0.08501668
433482,0.16343999
433485,0.07238836
433494,0.28199084
433495,0.06268942
433496,0.01546978
433505,0.04618032
433509,0.03588239
433515,0.08395793
433518,0.01641911
433519,0.30273195
433527,0.12683520
433532,0.01236944
433535,0.03457021
433539,0.07717101
433561,0.04991045
433564,0.37771545
433566,0.01814096
433574,0.01207141
433575,0.01054396
433584,0.16682945
433591,0.20028943
433596,0.14112921
433598,0.03284791
433602,0.02796915
433606,0.01743066
433611,0.00757837
433617,0.01412666
433620,0.20776477
433628,0.02344211
433631,0.04474089
433651,0.02311849
433653,0.05179679
433657,0.08824338
433661,0.04747817
433662,0.08186629
433663,0.13201399
433668,0.02355840
433670,0.22157831
433680,0.19241734
433686,0.17533950
433709,0.01619924
433725,0.07301171
433731,0.05939691
433735,0.13730100
433745,0.04593041
433748,0.00420294
433754,0.04057024
433762,0.09453322
433766,0.02206300
433767,0.01916750
433779,0.03867118
433783,0.00445096
433785,0.09614509
433789,0.00747122
433794,0.14273413
433799,0.08157233
433800,0.01899587
433804,0.10278582
433816,0.03504878
433820,0.04268618
433829,0.01091659
433837,0.02020274
433840,0.01505934
433842,0.04826447
433849,0.04174796
433853,0.01798610
433862,0.00596352
433872,0.01604061
433882,0.03363675
433892,0.07214735
433896,0.00616316
433906,0.03767563
433913,0.15907857
433914,0.00970087
433957,0.01478922
433958,0.02391686
433965,0.05233003
433976,0.05936798
433984,0.00867602
433995,0.08204094
433996,0.02536370
434006,0.46361794
434007,0.01787700
434009,0.03460899
434019,0.04371901
434024,0.08672144
434026,0.13686277
434027,0.00720171
434034,0.05747569
434036,0.01177106
434037,0.09869610
434046,0.04045651
434050,0.00286018
434051,0.01412824
434052,0.01891142
434055,0.06810954
434061,0.06769916
434064,0.04047652
434108,0.11539047
434109,0.12823686
434121,0.08071323
434122,0.04974050
434140,0.00471416
434151,0.06549454
434156,0.03032569
434157,0.00996213
434160,0.06395772
434164,0.00914852
434167,0.01214402
434169,0.09502544
434173,0.00695691
434176,0.10634924
434177,0.18717100
434179,0.09525752
434180,0.05360741
434183,0.09436299
434192,0.01470571
434205,0.02290099
434209,0.04022769
434212,0.12348701
434214,0.17029049
434216,0.07860093
434222,0.16883706
434223,0.02901067
434224,0.32967291
434259,0.17098293
434261,0.02232732
434263,0.09254680
434264,0.05140958
434282,0.04759886
434283,0.00353921
434293,0.19397440
434317,0.13819782
434322,0.04389342
434326,0.02157935
434327,0.01682397
434328,0.02520011
434336,0.05304436
434340,0.03711720
434342,0.04270445
434350,0.11433793
434355,0.02851617
434375,0.01636913
434387,0.06459481
434390,0.05463201
434391,0.02680680
434408,0.02554395
434410,0.06624783
434423,0.01624552
434439,0.21226088
434442,0.02213330
434445,0.20308040
434448,0.01635027
434460,0.02985119
434465,0.00409124
434467,0.03229258
434468,0.03937953
434501,0.10389215
434504,0.13392339
434505,0.04797052
434507,0.00723029
434514,0.04376112
434535,0.04560744
434538,0.42029359
434542,0.10004661
434545,0.09397832
434554,0.13646675
434556,0.05001875
434568,0.12589563
434569,0.06254249
434571,0.21655081
434574,0.09536639
434579,0.02938736
434599,0.18660505
434604,0.09974797
434606,0.00584610
434607,0.01436676
434608,0.00920115
434610,0.05132053
434615,0.14598949
434616,0.15613106
434619,0.08965934
434658,0.14659869
434669,0.03882660
434675,0.01586160
434678,0.00976515
434680,0.04365783
434690,0.15896250
434698,0.02375784
434702,0.17036989
434704,0.00794994
434722,0.01010015
434727,0.25179758
434730,0.01106512
434735,0.01133282
434739,0.04744883
434765,0.04077749
434767,0.23029384
434784,0.16985176
434787,0.13078314
434788,0.09706363
434789,0.03592103
434790,0.07735822
434791,0.15462176
434802,0.05331084
434806,0.00595100
434807,0.25398841
434808,0.39385287
434815,0.06052304
434816,0.12467144
434817,0.05936618
434818,0.31834823
434830,0.12142861
434918,0.02851064
434920,0.05749833
434921,0.05752061
434922,0.23991651
434937,0.01394615
434948,0.01517565
434949,0.05644537
434952,0.08931391
434954,0.02314014
434957,0.01947999
434968,0.01504550
434974,0.02013682
434982,0.04518060
434986,0.02654523
434993,0.02147959
434995,0.10911337
435005,0.03509588
435013,0.02951737
435027,0.02603802
435034,0.44904610
435056,0.21464955
435060,0.16272432
435062,0.20276336
435068,0.02336588
435069,0.05670601
435071,0.11322933
435079,0.00891257
435086,0.12056578
435092,0.05169166
435099,0.01665113
435100,0.07086903
435108,0.03529359
435118,0.01515924
435120,0.01273819
435129,0.03887562
435132,0.27928714
435138,0.00458777
435139,0.11041286
435142,0.22673228
435147,0.15107023
435148,0.07699614
435151,0.00772690
435153,0.01169644
435154,0.15816981
435164,0.06168086
435173,0.02809492
435174,0.04091151
435179,0.01068738
435199,0.03577181
435202,0.02697494
435203,0.07337601
435214,0.11009870
435217,0.08668880
435222,0.08481511
435229,0.34356268
435239,0.01547228
435248,0.06033476
435259,0.03268352
435260,0.01400726
435263,0.08099353
435264,0.01651484
435267,0.01595417
435274,0.15695005
435286,0.00627520
435296,0.01452360
435308,0.02957131
435328,0.12009902
435333,0.03340266
435363,0.04787818
435366,0.01445477
435375,0.01240815
435378,0.30259399
435400,0.04225500
435408,0.11302410
435409,0.01516614
435415,0.00598870
435419,0.21194780
435422,0.02436004
435428,0.19571212
435432,0.07894650
435434,0.08411960
435435,0.09245517
435440,0.04111423
435455,0.05759393
435464,0.06050264
435470,0.00355625
435475,0.15501837
435478,0.03567075
435480,0.11277452
435482,0.01314105
435490,0.02553536
435507,0.04305915
435509,0.05224562
435510,0.03142829
435519,0.06970111
435527,0.15702507
435533,0.01918376
435534,0.06830879
435535,0.03859693
435536,0.04002904
435540,0.01140700
435551,0.02257141
435562,0.59118756
435564,0.08947930
435585,0.04607172
435590,0.00687379
435609,0.01944154
435610,0.01705724
435611,0.02591289
435623,0.03209790
435681,0.32118751
435682,0.06744468
435683,0.01563437
435704,0.05969186
435711,0.03436072
435713,0.03019742
435714,0.04744623
435716,0.00697929
435717,0.30186423
435718,0.13301123
435719,0.02260270
435741,0.01504769
435765,0.11517613
435766,0.02845707
435767,0.00910062
435773,0.19269937
435802,0.03179326
435806,0.01884252
435807,0.30817611
435809,0.01653426
435811,0.07621799
435816,0.01679313
435823,0.02301565
435835,0.27478124
435848,0.18785730
435849,0.13255567
435858,0.01913967
435870,0.20633884
435874,0.02171174
435890,0.13768356
435892,0.01340731
435911,0.03805367
435915,0.01904762
435924,0.10726801
435937,0.04019523
435943,0.26753847
435958,0.01757591
435962,0.01501273
435965,0.37167355
435968,0.21690425
435997,0.01686196
435998,0.12469953
435999,0.02605919
436009,0.02101181
436021,0.06945322
436022,0.05261218
436026,0.12270723
436032,0.01477763
436037,0.02272089
436049,0.05758647
436058,0.03349467
436059,0.03275900
436062,0.05591596
436068,0.02172985
436079,0.06813290
436082,0.07070150
436083,0.10363087
436093,0.11366387
436098,0.01479799
436113,0.02401874
436127,0.20382011
436148,0.04952924
436152,0.15187484
436159,0.00613744
436165,0.01114828
436170,0.01738498
436174,0.00828214
436176,0.08519389
436183,0.00779560
436194,0.01918770
436196,0.06229325
436204,0.02441830
436207,0.12263262
436210,0.01513109
436219,0.35032604
436227,0.04424521
436230,0.01094473
436233,0.04759751
436235,0.29620218
436250,0.03768926
436260,0.16687588
436285,0.11568737
436291,0.03777482
436304,0.02176722
436307,0.14422161
436308,0.07837728
436311,0.03039887
436314,0.04171754
436322,0.03237299
436323,0.33839986
436339,0.01412360
436350,0.01586804
436358,0.05444471
436359,0.04179587
436363,0.00583005
436365,0.05982428
436369,0.01132294
436377,0.02362647
436378,0.09396479
436387,0.02460157
436394,0.22256128
436397,0.03177949
436399,0.22734540
436401,0.04923890
436404,0.02129311
436421,0.06155964
436422,0.07860843
436426,0.01766043
436430,0.02374793
436464,0.01819018
436471,0.01462048
436476,0.03990469
436478,0.01063372
436486,0.00625392
436497,0.06755756
436508,0.00691384
436509,0.01539722
436510,0.04631377
436511,0.32624456
436528,0.07642591
436531,0.06391147
436534,0.23358529
436535,0.08297940
436536,0.00654142
436537,0.02021943
436560,0.02666571
436562,0.15116775
436563,0.19686672
436564,0.12422826
436598,0.03397378
436599,0.01216554
436600,0.18364957
436637,0.03748189
436674,0.00906639
436706,0.03226878
436721,0.05418732
436722,0.06577289
436735,0.01530182
436747,0.25538768
436748,0.02142058
436750,0.11010723
436757,0.27141896
436767,0.12915205
436771,0.00660973
436781,0.09853439
436786,0.01614687
436799,0.01086957
436807,0.04856071
436812,0.06836239
436821,0.04270889
436835,0.02218973
436836,0.23938097
436846,0.06531921
436874,0.01019127
436880,0.26279819
436882,0.10857091
436885,0.00784412
436893,0.06776527
436894,0.00610009
436896,0.04447946
436902,0.09571723
436918,0.01455774
436921,0.02167902
436935,0.06269458
436955,0.01274098
436961,0.06283969
436963,0.04607699
436964,0.02355032
436970,0.03014199
436975,0.01969765
437005,0.08157406
437014,0.07470994
437020,0.02867790
437043,0.01875229
437045,0.05888228
437070,0.09679258
437078,0.01163299
437095,0.04430147
437097,0.04372068
437123,0.00436442
437127,0.03233771
437128,0.05059175
437130,0.03022531
437147,0.40236562
437156,0.00894609
437157,0.05854804
437160,0.04679341
437161,0.02039457
437169,0.01690136
437189,0.17360888
437196,0.07509952
437198,0.02335135
437200,0.02522897
437206,0.09967891
437211,0.01342185
437215,0.04595234
437218,0.03115172
437226,0.02031954
437229,0.08903815
437235,0.02216698
437244,0.02690232
437245,0.04506110
437246,0.02802202
437264,0.01483488
437266,0.00977358
437268,0.05938791
437269,0.04524897
437273,0.01244598
437275,0.09687351
437276,0.03252566
437302,0.01912874
437304,0.11646964
437305,0.08254486
437306,0.03624809
437334,0.02081547
437335,0.05759184
437336,0.02901988
437338,0.11647744
437343,0.56076379
437356,0.04160939
437357,0.03510846
437358,0.05683875
437359,0.02302736
437360,0.23485416
437393,0.01047040
437397,0.08126308
437403,0.03468388
437409,0.05687512
437426,0.11781424
437430,0.33738839
437446,0.17772421
437459,0.02189999
437461,0.02166954
437462,0.04894689
437463,0.01190938
437475,0.01068738
437478,0.03902697
437480,0.01073227
437482,0.13078988
437486,0.03829778
437491,0.07256484
437492,0.02703700
437493,0.16143603
437496,0.06041069
437510,0.00968909
437515,0.01193275
437516,0.08404102
437519,0.01240768
437522,0.04812853
437524,0.02001844
437532,0.06996999
437538,0.01042540
437546,0.08895883
437551,0.08538522
437553,0.10030569
437556,0.07435311
437573,0.20805214
437575,0.01686846
437584,0.10693814
437591,0.30908399
437592,0.03460496
437595,0.02648285
437602,0.04257826
437610,0.02753679
437611,0.01873709
437621,0.07108117
437622,0.16276877
437624,0.04042076
437630,0.03614812
437631,0.18464601
437636,0.37267828
437666,0.00691859
437672,0.12427894
437676,0.04623629
437687,0.04523200
437689,0.20263264
437706,0.32353061
437712,0.11242134
437735,0.04293050
437757,0.01930029
437763,0.05650768
437790,0.01438667
437791,0.00837728
437795,0.06275899
437803,0.02100180
437810,0.06081539
437811,0.08774521
437813,0.04854578
437820,0.02012654
437823,0.17094237
437832,0.00492939
437841,0.01203025
437852,0.03836087
437858,0.08186060
437862,0.00780617
437892,0.01613541
437896,0.03192064
437903,0.20888306
437905,0.01980462
437911,0.25091509
437913,0.06857306
437918,0.01013778
437922,0.08403012
437933,0.02072343
437936,0.06581047
437945,0.01977560
437966,0.03169311
437967,0.09706118
437972,0.00896686
437977,0.04512556
437984,0.34013832
437996,0.02075456
437997,0.01165616
437999,0.02068926
438001,0.01281460
438004,0.10839679
438007,0.02433437
438029,0.01371820
438031,0.01350783
438034,0.05091583
438038,0.19690616
438054,0.04894361
438058,0.01306950
438064,0.05696545
438065,0.03251229
438074,0.02740520
438084,0.05195434
438088,0.06241675
438089,0.00856714
438090,0.01635757
438117,0.07260392
438118,0.03143956
438151,0.08070331
438152,0.02743438
438153,0.18502538
438154,0.03597157
438167,0.03838413
438187,0.05864537
438192,0.24381702
438195,0.06658357
438196,0.14585873
438220,0.01752595
438223,0.13805271
438229,0.03564307
438256,0.02599224
438258,0.09964020
438260,0.05501419
438264,0.13064985
438273,0.09484238
438306,0.11807162
438307,0.02374928
438308,0.01819611
438309,0.01025411
438310,0.04161494
438341,0.04211351
438348,0.00724680
438349,0.02485149
438364,0.01437559
438368,0.05150633
438380,0.16122093
438382,0.01214328
438402,0.03678375
438404,0.02447148
438408,0.07567651
438410,0.11243326
438429,0.02908844
438434,0.04062880
438435,0.02151174
438437,0.15657740
438438,0.07928118
438444,0.07908095
438471,0.02437117
438506,0.02157880
438521,0.01986917
438524,0.15737222
438525,0.09285162
438534,0.02471885
438541,0.02402152
438546,0.01132492
438547,0.03799912
438564,0.03046105
438568,0.01776839
438570,0.00531297
438578,0.00573959
438582,0.01366971
438587,0.02084949
438604,0.01569738
438620,0.01643632
438621,0.00714510
438624,0.02186591
438634,0.09296492
438644,0.05831147
438645,0.04933201
438651,0.07938951
438659,0.04557062
438660,0.01111696
438662,0.02589839
438668,0.00487029
438673,0.05530701
438677,0.02302550
438683,0.46256231
438687,0.09903633
438700,0.05356370
438713,0.05811576
438714,0.02342848
438715,0.02594539
438717,0.02872207
438721,0.13583628
438738,0.10663284
438749,0.01228539
438750,0.03454508
438756,0.04044664
438771,0.02542770
438777,0.02049717
438781,0.00512677
438783,0.08117902
438786,0.26898921
438792,0.02645146
438802,0.02731880
438808,0.01501745
438814,0.03760222
438829,0.06138862
438846,0.05655625
438851,0.09009740
438856,0.44977409
438858,0.10135417
438861,0.00389176
438862,0.04451487
438876,0.23695325
438880,0.01331808
438891,0.13378190
438896,0.07957391
438898,0.11887406
438904,0.00628472
438908,0.01136398
438921,0.06554285
438923,0.08373591
438929,0.04053265
438942,0.04361662
438950,0.06564318
438979,0.22816120
438994,0.16982430
438995,0.02519438
438996,0.00421693
439002,0.11494542
439013,0.03410048
439015,0.01359300
439017,0.03062997
439029,0.00635591
439047,0.19581546
439048,0.04017060
439049,0.18826251
439050,0.05109866
439061,0.12759799
439065,0.17370288
439069,0.10510416
439070,0.18021680
439071,0.07281309
439072,0.23397549
439073,0.14015777
439076,0.03365823
439077,0.01732417
439078,0.04996123
439089,0.05495658
439095,0.01777509
439113,0.06525383
439122,0.00954846
439127,0.05446365
439153,0.02791798
439154,0.11585748
439157,0.00935929
439197,0.00428574
439205,0.10844841
439207,0.16789535
439209,0.01658519
439213,0.00933409
439218,0.07032326
439222,0.04127089
439229,0.07660000
439233,0.02090942
439235,0.02821581
439236,0.08664973
439239,0.06688660
439248,0.12763757
439255,0.11183436
439265,0.03253324
439266,0.10746090
439268,0.02022144
439270,0.01268922
439276,0.16826596
439285,0.01163310
439294,0.06900082
439296,0.04369023
439299,0.29477885
439310,0.05365002
439319,0.00968768
439320,0.00760064
439325,0.02689915
439327,0.03766877
439328,0.01597404
439334,0.04313681
439335,0.05268559
439339,0.08945118
439343,0.00734848
439353,0.11556073
439356,0.01401080
439374,0.01080337
439391,0.30068597
439400,0.01013814
439405,0.09776523
439413,0.03565948
439448,0.04776219
439451,0.09118090
439455,0.02974392
439468,0.07831586
439472,0.01889469
439473,0.02809674
439477,0.01043167
439483,0.02759124
439484,0.04017790
439501,0.02284281
439505,0.04517633
439512,0.03174325
439515,0.06498607
439525,0.02242230
439535,0.05704383
439539,0.01245208
439548,0.12469554
439549,0.11543233
439550,0.06123016
439551,0.02107218
439558,0.00876024
439562,0.02517040
439566,0.02823296
439571,0.03194989
439587,0.03119325
439591,0.05810918
439595,0.05188458
439611,0.14207836
439614,0.11222561
439618,0.25602710
439620,0.06176011
439626,0.01605573
439633,0.02032866
439657,0.02599109
439660,0.10109914
439661,0.01349211
439666,0.02358721
439673,0.03882372
439675,0.06380177
439705,0.04690185
439707,0.08575505
439720,0.05216782
439727,0.04314835
439733,0.06204047
439736,0.02849688
439737,0.05016261
439746,0.05958834
439755,0.02397186
439763,0.06335731
439765,0.06923688
439766,0.02184933
439768,0.20104290
439774,0.01876962
439779,0.01239932
439781,0.25781807
439784,0.15475365
439808,0.05082094
439816,0.04044535
439818,0.01495604
439820,0.01052426
439824,0.01223379
439830,0.03661313
439839,0.01593686
439841,0.17958912
439845,0.01631075
439874,0.03129559
439875,0.00477832
439879,0.06582870
439882,0.02138291
439883,0.30056209
439900,0.08231169
439901,0.01158115
439906,0.05973707
439909,0.24696690
439911,0.09946371
439914,0.01362095
439936,0.07791408
439937,0.03416326
439945,0.02200557
439950,0.01763007
439955,0.08246906
439956,0.01558389
439971,0.07791713
439977,0.03106493
439984,0.16947167
439985,0.01600891
439990,0.02368943
439994,0.08185205
440003,0.02025742
440030,0.02561560
440042,0.10520929
440048,0.06439617
440054,0.15888958
440073,0.03999159
440074,0.11335127
440080,0.02591314
440082,0.11746785
440085,0.09326453
440088,0.06571476
440091,0.02320330
440100,0.00757086
440103,0.02905285
440113,0.13934052
440119,0.01643938
440127,0.00687480
440130,0.00967607
440131,0.01503759
440135,0.18892748
440139,0.03587407
440147,0.05275079
440156,0.23470268
440158,0.04492265
440162,0.01954835
440163,0.15835964
440176,0.01800583
440181,0.00384473
440191,0.00958152
440192,0.05006842
440215,0.00493413
440219,0.14979981
440222,0.03296894
440238,0.01939887
440239,0.01726669
440244,0.01542842
440245,0.01904504
440252,0.05012688
440266,0.04554729
440267,0.08872606
440281,0.12567306
440283,0.05720933
440292,0.13489160
440307,0.03807575
440309,0.00938828
440313,0.02275943
440315,0.03145118
440320,0.02519210
440332,0.00736270
440336,0.03897420
440338,0.04365544
440342,0.15442849
440350,0.05063033
440352,0.03062350
440356,0.03229753
440359,0.03734673
440384,0.01295473
440395,0.13496661
440396,0.03021488
440397,0.05068600
440401,0.02936264
440408,0.10650810
440411,0.06802760
440425,0.01525746
440439,0.02011089
440451,0.13437656
440460,0.18859422
440463,0.04970791
440473,0.01350392
440479,0.01089101
440497,0.14207735
440506,0.01190322
440509,0.02923493
440518,0.01096529
440528,0.10351362
440536,0.05019767
440543,0.25339755
440561,0.00681002
440562,0.03524820
440566,0.10947035
440572,0.03792645
440574,0.12433564
440585,0.10186522
440592,0.05474286
440601,0.08883691
440606,0.03155213
440632,0.10248743
440643,0.03660755
440653,0.01565111
440669,0.01933836
440682,0.03085753
440691,0.02087796
440701,0.00753170
440706,0.02758983
440708,0.02792087
440714,0.42023690
440721,0.25506351
440723,0.22384299
440750,0.02490006
440759,0.14559337
440773,0.03208982
440792,0.17437259
440793,0.00866349
440798,0.21728051
440804,0.05644999
440819,0.06990128
440827,0.13102620
440851,0.13908624
440861,0.01490095
440862,0.01172612
440868,0.03657642
440874,0.02113580
440877,0.09140761
440883,0.01560500
440884,0.17319398
440886,0.00845376
440900,0.02287717
440902,0.00940275
440904,0.10037337
440910,0.07050274
440913,0.02812253
440915,0.21037793
440923,0.09574788
440924,0.01238326
440927,0.01808754
440936,0.03224226
440968,0.04111655
440973,0.01132046
440975,0.02835256
440979,0.16857596
440986,0.06250191
440987,0.01032810
440995,0.02275078
440998,0.06619636
441000,0.00528065
441004,0.06679677
441007,0.27331506
441014,0.12195986
441026,0.19342762
441032,0.22693924
441042,0.00680545
441051,0.13127058
441060,0.02860762
441061,0.04959304
441081,0.02773311
441082,0.04673035
441085,0.03908957
441087,0.09084616
441089,0.02451750
441091,0.01050813
441095,0.02888597
441114,0.04062941
441128,0.12989231
441138,0.22144019
441154,0.01176243
441156,0.11607541
441157,0.30886085
441175,0.05625699
441183,0.04280630
441189,0.01564455
441207,0.02617038
441209,0.10001190
441217,0.04613682
441228,0.02674547
441229,0.01106781
441239,0.03361224
441244,0.01401196
441256,0.05565388
441275,0.05791713
441278,0.02330297
441284,0.01284315
441288,0.02292199
441293,0.13030052
441294,0.21312128
441297,0.54118020
441298,0.03713568
441304,0.00966535
441316,0.00439645
441318,0.03806657
441351,0.05913977
441354,0.08785539
441363,0.05692298
441373,0.21976334
441375,0.02902581
441382,0.05140252
441385,0.02716728
441388,0.02764909
441392,0.42938337
441402,0.12335028
441413,0.06108753
441417,0.25524961
441427,0.11279777
441437,0.06158098
441453,0.04006856
441458,0.05249438
441459,0.03323012
441463,0.00260244
441466,0.01867868
441475,0.00616627
441479,0.01822623
441497,0.03573531
441501,0.04813155
441509,0.03765615
441513,0.04924820
441546,0.06989702
441547,0.02951690
441563,0.33687983
441565,0.03930562
441567,0.02905505
441576,0.19493776
441577,0.06597379
441578,0.18158524
441597,0.02821477
441607,0.01829358
441609,0.01495826
441611,0.04452977
441613,0.02005429
441622,0.01519836
441637,0.04515129
441638,0.02086609
441652,0.01475506
441660,0.12074183
441667,0.06486992
441671,0.05356270
441672,0.00963205
441675,0.15150984
441679,0.01505599
441700,0.01967600
441701,0.02112840
441711,0.01688040
441725,0.02437339
441732,0.02145350
441741,0.09665012
441743,0.03356058
441761,0.01164535
441763,0.02086663
441766,0.01879156
441778,0.14724526
441780,0.03726197
441782,0.05353332
441785,0.15817402
441796,0.01959851
441808,0.11903792
441809,0.04567116
441811,0.01187306
441825,0.05641824
441828,0.18953503
441835,0.09996237
441860,0.02263258
441865,0.03555786
441871,0.02136074
441874,0.01358599
441876,0.00465370
441885,0.03074033
441896,0.08675593
441908,0.02021380
441913,0.02678573
441921,0.04297818
441926,0.00867232
441936,0.03263563
441941,0.03714832
441947,0.01899075
441957,0.07592769
441961,0.02410855
441969,0.01511953
441979,0.05575218
441986,0.03829036
441987,0.00933640
441996,0.12162010
441997,0.01531841
441998,0.03362190
442001,0.02205100
442002,0.10698504
442003,0.08661466
442010,0.00508755
442013,0.04117101
442015,0.20281522
442026,0.02001433
442030,0.04270940
442032,0.18545994
442033,0.51350212
442039,0.15623100
442049,0.02576026
442054,0.11061388
442060,0.01967482
442065,0.11544519
442067,0.03975852
442074,0.02342186
442076,0.02342571
442080,0.09367389
442085,0.01345323
442093,0.02986391
442100,0.06429644
442123,0.11365012
442124,0.11524435
442128,0.05596801
442149,0.10804313
442151,0.05591529
442157,0.04690730
442158,0.03370520
442159,0.04446891
442161,0.07241539
442179,0.04219535
442187,0.09865993
442190,0.01956535
442195,0.04837536
442199,0.06257560
442233,0.01931803
442234,0.11601143
442235,0.01110040
442250,0.00458665
442256,0.01592034
442258,0.10583680
442264,0.18763568
442280,0.03936807
442288,0.01144995
442290,0.01073338
442293,0.08507871
442299,0.15979990
442303,0.08870907
442306,0.01646744
442308,0.01535982
442312,0.03447985
442315,0.04932024
442320,0.06223672
442321,0.09553480
442328,0.09464609
442331,0.28996599
442359,0.02182975
442361,0.00856926
442366,0.04515646
442368,0.06261477
442372,0.15797928
442378,0.02832522
442392,0.11522872
442393,0.01820015
442399,0.03971706
442401,0.16224356
442404,0.01178354
442405,0.15600008
442438,0.07608709
442442,0.06359053
442451,0.15944261
442452,0.01174654
442458,0.11426824
442461,0.12936589
442464,0.01100272
442468,0.12412852
442479,0.16437708
442484,0.07374164
442504,0.04369686
442505,0.02654035
442513,0.06184875
442520,0.00277108
442527,0.01459260
442539,0.01652082
442540,0.06157588
442541,0.00535823
442555,0.01174485
442577,0.20778769
442586,0.03672699
442588,0.01382885
442613,0.14982821
442616,0.07874985
442622,0.07207308
442626,0.04860289
442627,0.04830300
442641,0.02071265
442647,0.01103047
442653,0.17365895
442656,0.01556793
442662,0.04071130
442672,0.00845517
442682,0.02859892
442684,0.08642958
442685,0.05408094
442698,0.11824530
442709,0.04593042
442716,0.05216101
442718,0.03578117
442723,0.09517615
442724,0.08250236
442737,0.02488589
442742,0.20888136
442743,0.00995939
442746,0.06728740
442766,0.03575406
442767,0.05964230
442769,0.01886249
442792,0.06191000
442797,0.08499219
442799,0.03561789
442804,0.03079316
442807,0.03495598
442816,0.14966375
442819,0.02594809
442826,0.09604604
442831,0.03969148
442846,0.00940935
442854,0.10720183
442861,0.00770631
442862,0.02280417
442870,0.22592787
442875,0.03169696
442890,0.01785816
442891,0.12437255
442896,0.02853645
442897,0.06367065
442902,0.02879126
442903,0.06439967
442905,0.01053712
442915,0.20112357
442937,0.01828224
442947,0.37174576
442949,0.03919512
442954,0.08105617
442972,0.05839681
443012,0.06946262
443018,0.05118874
443029,0.03844586
443031,0.01932834
443033,0.01071828
443035,0.04408260
443039,0.00310590
443040,0.01970095
443051,0.12358067
443062,0.03265819
443069,0.08554278
443080,0.03788199
443081,0.06852920
443090,0.15218833
443092,0.01165988
443106,0.06033754
443119,0.17611554
443134,0.01357929
443161,0.03232978
443170,0.02259874
443177,0.04080470
443189,0.01743449
443193,0.02074721
443199,0.05586267
443212,0.12457847
443226,0.27554446
443230,0.03544009
443239,0.08306353
443241,0.00987422
443244,0.01565284
443249,0.01297484
443253,0.03142378
443262,0.01674365
443264,0.50049400
443266,0.05906393
443274,0.01504119
443283,0.01331412
443295,0.00631560
443304,0.01178251
443313,0.08580610
443317,0.00504471
443324,0.01741878
443339,0.02501774
443344,0.05945332
443345,0.02084171
443352,0.01785972
443355,0.03837634
443356,0.19073904
443360,0.12437049
443364,0.15856360
443368,0.00653951
443375,0.04178548
443380,0.17989214
443391,0.12317619
443392,0.00182199
443397,0.03719575
443403,0.04169483
443406,0.09678606
443420,0.10528776
443431,0.01613192
443441,0.03779281
443456,0.16335762
443457,0.13448148
443459,0.03990344
443460,0.10481697
443471,0.03044245
443474,0.11511138
443486,0.06900567
443487,0.02138508
443490,0.01839183
443492,0.34930603
443495,0.07063158
443505,0.03192060
443512,0.03408246
443555,0.03167737
443576,0.16321365
443582,0.00316191
443583,0.00463223
443585,0.02047602
443588,0.01165473
443592,0.01995953
443596,0.03436673
443597,0.00827766
443606,0.03122326
443607,0.10280612
443608,0.09787858
443611,0.11114776
443612,0.03334352
443618,0.17581664
443623,0.00530818
443632,0.01614758
443633,0.16392500
443634,0.02670544
443637,0.02231391
443638,0.20199360
443669,0.01350974
443672,0.03960080
443685,0.01944703
443686,0.00201178
443694,0.01651686
443695,0.11071246
443697,0.25645346
443700,0.02606651
443734,0.11345665
443738,0.04437560
443742,0.03296890
443759,0.12158356
443760,0.02205336
443770,0.03034637
443776,0.02719375
443788,0.00887398
443791,0.19211830
443792,0.01764436
443803,0.05717067
443808,0.03108841
443832,0.04597916
443842,0.02103442
443847,0.01220243
443853,0.02639051
443854,0.41360132
443868,0.02464018
443873,0.01857185
443879,0.01902613
443883,0.02565047
443891,0.07610288
443908,0.07504141
443910,0.18297244
443918,0.02639375
443927,0.01514845
443935,0.05851477
443965,0.17923103
443974,0.00808271
443984,0.02223310
443986,0.06454071
443991,0.01031690
443996,0.01020409
444008,0.01025078
444014,0.01757277
444015,0.02592767
444016,0.07968768
444018,0.02721057
444053,0.06355062
444058,0.12063205
444065,0.05181789
444069,0.01461423
444082,0.01070088
444087,0.07568613
444089,0.04019921
444093,0.08371500
444104,0.00447824
444113,0.00730443
444118,0.07446552
444122,0.05135569
444123,0.04742016
444128,0.05216454
444136,0.02904855
444152,0.02884424
444155,0.02376628
444182,0.01470075
444183,0.03219219
444185,0.01824018
444213,0.06654149
444229,0.02375639
444231,0.01142838
444234,0.01793741
444240,0.02037586
444249,0.02310176
444265,0.13504744
444268,0.03293716
444271,0.01192391
444278,0.00821454
444279,0.10208466
444283,0.13516546
444285,0.01070310
444291,0.08727043
444297,0.01744252
444313,0.02289741
444318,0.04242989
444322,0.01156913
444333,0.01379052
444334,0.02513159
444359,0.08164115
444367,0.07111092
444369,0.03931110
444370,0.08996220
444376,0.01747750
444384,0.00659041
444387,0.05965215
444406,0.01327138
444409,0.04212561
444412,0.04397260
444418,0.11888060
444420,0.06422027
444424,0.00577541
444429,0.01142283
444432,0.03153296
444434,0.01772755
444440,0.01468469
444444,0.02568166
444450,0.01739892
444456,0.01589335
444457,0.02529463
444461,0.05697761
444504,0.08850035
444515,0.08889256
444516,0.15288647
444517,0.01156002
444519,0.12044052
444540,0.01643315
444573,0.15469276
444581,0.04302797
444582,0.01335548
444602,0.21176823
444605,0.02142201
444611,0.00928229
444614,0.01282801
444622,0.19138138
444624,0.13995576
444625,0.02949831
444639,0.02150379
444658,0.03305004
444673,0.04453471
444696,0.03375498
444719,0.02524268
444729,0.03164938
444737,0.02791211
444743,0.10018557
444758,0.02223402
444764,0.03743688
444780,0.02028821
444789,0.06825118
444795,0.03587566
444811,0.03051570
444814,0.00681072
444825,0.05792445
444831,0.02374928
444832,0.00964211
444835,0.19471746
444840,0.05608002
444841,0.05193139
444842,0.07735687
444846,0.01249871
444849,0.03593328
444867,0.01705972
444876,0.04690006
444893,0.02865795
444896,0.05345737
444897,0.03291774
444907,0.01423968
444908,0.01901879
444932,0.08402164
444933,0.05041698
444936,0.01951487
444941,0.07491707
444942,0.04053021
444950,0.04910766
444956,0.00957599
444965,0.01378988
444966,0.13383866
444970,0.01739722
444971,0.29628202
444978,0.01190172
444982,0.06839739
444984,0.06686922
444986,0.03081382
445001,0.03729228
445016,0.02227489
445027,0.04436909
445029,0.03142852
445032,0.03496248
445037,0.01947477
445043,0.01145618
445044,0.10727100
445047,0.17613764
445052,0.23629380
445073,0.04417484
445075,0.00359190
445076,0.03475160
445092,0.04584347
445095,0.08642511
445106,0.02123943
445110,0.09364680
445123,0.02718377
445124,0.02957343
445141,0.04823996
445151,0.02385482
445160,0.01532010
445161,0.08235227
445164,0.08936366
445165,0.01428978
445169,0.06000561
445175,0.27988988
445178,0.01869130
445182,0.05710125
445183,0.00367507
445192,0.01435473
445193,0.03902336
445200,0.00885729
445202,0.01031664
445203,0.00379994
445207,0.02431075
445245,0.06001197
445256,0.03092406
445282,0.15476115
445294,0.03227214
445300,0.24458902
445316,0.02054990
445331,0.04185235
445332,0.00977855
445343,0.03418212
445345,0.01941750
445346,0.03651528
445354,0.14119291
445355,0.35313844
445356,0.13684169
445366,0.13757460
445369,0.09483437
445390,0.04621721
445392,0.04416852
445398,0.00745858
445401,0.04805384
445417,0.01657766
445427,0.01173354
445465,0.17601226
445469,0.03095740
445472,0.01291873
445475,0.41771425
445483,0.02209543
445484,0.03955344
445493,0.23990593
445496,0.04061369
445504,0.00717199
445505,0.25967726
445507,0.01401534
445531,0.41162757
445536,0.04232036
445544,0.01878294
445559,0.00814308
445580,0.02407514
445589,0.00645078
445591,0.02535827
445595,0.02008032
445601,0.01523485
445612,0.05083847
445639,0.04235468
445656,0.07049875
445666,0.02226747
445682,0.29641391
445686,0.01873988
445700,0.04751186
445713,0.12308363
445716,0.02543352
445725,0.00646373
445728,0.02704621
445731,0.00671478
445742,0.05005452
445743,0.47941117
445755,0.02036912
445766,0.01473883
445781,0.50928279
445798,0.06686621
445799,0.10917044
445801,0.31081444
445810,0.03017327
445813,0.06331898
445822,0.00890656
445824,0.06308656
445826,0.12923827
445828,0.07577802
445829,0.02257115
445838,0.05684668
445840,0.01494356
445845,0.03471641
445847,0.03459573
445849,0.08829012
445852,0.06058221
445853,0.13694924
445856,0.02681954
445863,0.01643676
445864,0.38636275
445871,0.05787983
445907,0.04255675
445908,0.03258126
445917,0.02051620
445919,0.06370053
445925,0.01550044
445930,0.03934509
445938,0.01606690
445943,0.07511132
445946,0.00994701
445948,0.18565357
445970,0.03595731
445972,0.00818813
445974,0.39819241
445976,0.01157613
445979,0.05382121
445993,0.01087655
446001,0.10384453
446004,0.07162247
446025,0.11997384
446026,0.05386141
446046,0.24287360
446048,0.07288493
446055,0.01777453
446064,0.04953106
446068,0.01014252
446078,0.00845678
446094,0.03273959
446096,0.29039351
446120,0.09098274
446131,0.02077458
446139,0.17578555
446157,0.14582752
446179,0.03321260
446180,0.05274388
446186,0.05469452
446189,0.31329739
446200,0.12083912
446208,0.21281164
446210,0.10970454
446214,0.08521345
446226,0.01196609
446229,0.05956749
446237,0.05606631
446247,0.02007945
446256,0.01514890
446273,0.06443577
446286,0.03248752
446296,0.01339577
446302,0.05515262
446310,0.11332913
446315,0.01925555
446319,0.27103851
446320,0.12297202
446322,0.07647447
446356,0.31743348
446374,0.02934806
446375,0.09073107
446406,0.01840830
446407,0.00699562
446426,0.12143954
446428,0.05516163
446431,0.13710671
446433,0.01090557
446437,0.17611105
446441,0.05690970
446452,0.01781086
446464,0.08064723
446466,0.11042633
446468,0.11707048
446469,0.14338127
446472,0.50001755
446476,0.09335952
446478,0.02697345
446485,0.02790337
446499,0.05089695
446503,0.03582624
446504,0.00812528
446509,0.12240720
446512,0.08347301
446525,0.03086939
446534,0.02263831
446535,0.08286286
446543,0.20370530
446546,0.00614786
446550,0.27629619
446555,0.09027631
446560,0.01847057
446564,0.02618671
446572,0.02517125
446593,0.03252922
446616,0.04260110
446617,0.04644735
446625,0.00956305
446626,0.17776773
446631,0.14085246
446643,0.10669867
446647,0.11177333
446652,0.03406377
446655,0.13247401
446657,0.32011217
446663,0.06342592
446665,0.21765121
446676,0.02237582
446684,0.09428626
446694,0.01248036
446699,0.01457558
446702,0.13120306
446713,0.00913749
446720,0.21511912
446724,0.07731843
446728,0.04253978
446730,0.01762477
446738,0.08267877
446742,0.01222621
446743,0.01888109
446744,0.05905472
446750,0.08988084
446759,0.03876115
446760,0.04962605
446772,0.00924171
446786,0.04366830
446799,0.04800618
446800,0.17630973
446803,0.18044544
446812,0.04157267
446813,0.04656240
446815,0.01356456
446816,0.02533330
446832,0.15003895
446845,0.05664237
446846,0.00717616
446847,0.12005535
446850,0.01192553
446851,0.10821626
446855,0.05695530
446856,0.05654503
446867,0.00731748
446877,0.21117859
446880,0.06715885
446885,0.00789129
446892,0.01019591
446905,0.12431162
446909,0.17868577
446924,0.00697994
446935,0.01247334
446944,0.03146966
446945,0.01281453
446949,0.00213663
446952,0.02547725
446957,0.02035483
446961,0.04610954
446979,0.03491765
446980,0.07424395
446987,0.09637320
446991,0.03582792
447001,0.02471636
447013,0.07825662
447014,0.02095165
447023,0.04329212
447062,0.00768727
447072,0.03733229
447082,0.08913306
447084,0.01529649
447087,0.00297806
447092,0.05501414
447106,0.02182802
447107,0.04506860
447112,0.02745077
447147,0.08866623
447160,0.09157008
447176,0.01668100
447184,0.02151886
447188,0.00507500
447190,0.05349814
447191,0.02846741
447198,0.06087987
447199,0.04616895
447200,0.15731739
447202,0.03264095
447209,0.18660125
447210,0.11792766
447228,0.48534709
447230,0.01505802
447235,0.03067404
447246,0.10217278
447248,0.08489593
447263,0.03007123
447265,0.02264463
447272,0.02830566
447285,0.04150140
447293,0.25501601
447305,0.05222242
447312,0.02937805
447326,0.02809658
447327,0.04447722
447361,0.01713543
447367,0.24018372
447381,0.02455503
447387,0.12971401
447390,0.21348641
447391,0.07213236
447416,0.07454645
447419,0.11601685
447420,0.05138392
447422,0.01116134
447425,0.04881727
447444,0.02100276
447458,0.03595979
447460,0.04061688
447467,0.01556793
447479,0.06641212
447482,0.09677294
447496,0.01198596
447504,0.00982537
447507,0.02292958
447519,0.01284073
447522,0.01280076
447528,0.05820850
447529,0.01201810
447532,0.08686680
447540,0.03962036
447543,0.12810861
447546,0.03372082
447554,0.01584501
447571,0.01850412
447575,0.01065061
447591,0.03428123
447599,0.12981109
447600,0.09349671
447601,0.04846932
447606,0.06175721
447607,0.01823388
447618,0.06325324
447621,0.01290146
447633,0.01010622
447638,0.02156938
447642,0.02674262
447644,0.03124061
447654,0.09914571
447670,0.01562213
447671,0.02424476
447672,0.04082132
447674,0.09631067
447676,0.05091872
447692,0.20875522
447696,0.15929309
447698,0.12455051
447704,0.01445961
447705,0.08324107
447708,0.06287578
447709,0.29370898
447715,0.05782042
447727,0.01274915
447736,0.04328378
447742,0.01006378
447743,0.13832920
447745,0.03284394
447748,0.21063083
447751,0.34337647
447752,0.02305768
447796,0.04493167
447810,0.02588316
447812,0.03736199
447814,0.31868763
447815,0.02429708
447816,0.10151903
447817,0.18563392
447835,0.02910569
447842,0.17305642
447844,0.00657237
447862,0.19502774
447865,0.05034593
447868,0.12565865
447873,0.02187680
447876,0.00636377
447881,0.07909056
447882,0.16680517
447883,0.00870697
447904,0.05448103
447907,0.27847943
447915,0.13118275
447931,0.02662666
447945,0.02481502
447947,0.11627927
447958,0.01734292
447967,0.00465069
447968,0.10006148
447972,0.45545501
447975,0.03574052
447976,0.12455116
447978,0.00575271
447983,0.02727924
447993,0.14315744
447998,0.20336458
448001,0.07968534
448005,0.09001148
448007,0.02903935
448011,0.11351886
448012,0.01657760
448016,0.08093071
448030,0.04137498
448039,0.06474797
448040,0.01713745
448045,0.05442197
448046,0.05625856
448051,0.02640188
448084,0.07175105
448091,0.11045251
448100,0.05873369
448125,0.16841520
448143,0.04347115
448146,0.03987998
448150,0.05534984
448160,0.13169796
448163,0.03323686
448165,0.06535360
448182,0.01078606
448185,0.01909055
448188,0.02915744
448189,0.02878527
448209,0.02113531
448210,0.13397237
448218,0.01141270
448224,0.18789241
448241,0.03079322
448243,0.00411556
448244,0.01734124
448245,0.11374590
448254,0.03028055
448278,0.12392478
448279,0.05346312
448282,0.03875004
448284,0.02902532
448285,0.25855672
448301,0.14224833
448302,0.27941588
448305,0.04260956
448317,0.05083091
448330,0.15915898
448335,0.02024495
448338,0.02100248
448340,0.01001170
448341,0.01839663
448347,0.33871667
448350,0.09646052
448353,0.02103600
448361,0.06013487
448370,0.05421171
448380,0.07658331
448400,0.13779649
448411,0.15056081
448412,0.06256028
448417,0.02936017
448420,0.05348724
448422,0.02614515
448424,0.00999100
448447,0.09581012
448459,0.02989083
448464,0.01607990
448470,0.07358473
448490,0.00924661
448494,0.07729295
448500,0.12726141
448515,0.00348077
448522,0.04150991
448526,0.01191504
448536,0.51549628
448548,0.00779835
448566,0.05546418
448573,0.02064285
448584,0.01593496
448585,0.04456626
448597,0.01859645
448599,0.03003222
448601,0.00428792
448604,0.02874872
448606,0.07338873
448610,0.02807101
448642,0.06790357
448660,0.01047642
448669,0.01019658
448674,0.04621086
448675,0.04158943
448678,0.02467809
448690,0.03807700
448693,0.01515732
448695,0.19970319
448700,0.11679095
448703,0.03927810
448704,0.20123066
448707,0.01993747
448720,0.24282887
448727,0.35328387
448728,0.05658407
448734,0.26576766
448746,0.03710816
448755,0.03069818
448760,0.24457999
448770,0.06532054
448778,0.00802046
448788,0.07627447
448790,0.09783963
448801,0.02145763
448805,0.01960185
448806,0.00769150
448812,0.00586771
448817,0.07259962
448834,0.01291180
448837,0.20217045
448838,0.04123868
448853,0.15238371
448856,0.03772068
448868,0.11171671
448876,0.01284186
448909,0.19463237
448917,0.04930951
448919,0.06253554
448922,0.09463137
448931,0.02472984
448935,0.01785369
448937,0.01867998
448940,0.03484058
448948,0.09560574
448958,0.06649188
448967,0.03814515
448968,0.03028726
448973,0.15140309
448993,0.02342526
449000,0.07442900
449011,0.20304947
449015,0.00634645
449030,0.04500754
449035,0.02245439
449040,0.01074342
449045,0.00449381
449060,0.01705987
449081,0.03460939
449082,0.04025593
449087,0.18167406
449095,0.03909652
449105,0.12177331
449110,0.02096533
449117,0.06130619
449126,0.14723107
449134,0.01194568
449141,0.03116232
449148,0.23126347
449155,0.02057720
449158,0.22801865
449160,0.02106898
449178,0.15523173
449180,0.12285355
449183,0.07378087
449186,0.03516018
449193,0.05261177
449196,0.01617683
449203,0.01500886
449213,0.04363084
449214,0.00322818
449215,0.03249758
449216,0.01756205
449224,0.05927876
449227,0.03783842
449230,0.00725053
449233,0.10827623
449253,0.04947070
449254,0.04997144
449264,0.34922078
449289,0.12606785
449302,0.00341171
449308,0.07438846
449314,0.00866289
449322,0.06465698
449323,0.01047387
449364,0.03428300
449368,0.02180244
449391,0.02566647
449403,0.08009306
449408,0.08815045
449409,0.03226117
449412,0.01010968
449424,0.07412899
449427,0.01877525
449462,0.03404418
449465,0.02543723
449469,0.01653111
449475,0.00674882
449476,0.03147623
449483,0.01422978
449484,0.31698864
449487,0.01363466
449492,0.02888269
449499,0.07382361
449502,0.01902287
449506,0.01315310
449508,0.04070225
449514,0.01721581
449517,0.02586636
449534,0.03011854
449540,0.03467152
449543,0.04216830
449545,0.03722592
449548,0.07195021
449555,0.07576508
449556,0.10225318
449558,0.02072653
449566,0.11479189
449574,0.08006183
449576,0.04642495
449578,0.00377087
449581,0.01716713
449586,0.14730815
449591,0.10790061
449594,0.02197887
449599,0.08878188
449606,0.02403994
449615,0.00736515
449616,0.02445106
449625,0.01553760
449633,0.01768386
449636,0.21518643
449637,0.27565453
449642,0.01050838
449683,0.08470402
449684,0.00932133
449711,0.01739842
449713,0.01901260
449716,0.08483624
449741,0.04224947
449745,0.02605850
449747,0.02761300
449756,0.04373879
449759,0.01560828
449760,0.09345925
449768,0.01130704
449773,0.03851295
449775,0.03493642
449780,0.00558796
449788,0.11046740
449792,0.03523999
449802,0.10103998
449812,0.19635966
449815,0.12493968
449818,0.04390965
449820,0.05550526
449821,0.01187070
449822,0.31840315
449831,0.02039544
449837,0.03927117
449855,0.12636930
449857,0.04052022
449865,0.05634824
449866,0.02339394
449871,0.09049093
449873,0.03725454
449874,0.08125845
449877,0.01281554
449881,0.02977106
449889,0.04428727
449893,0.01031755
449894,0.05875978
449897,0.07404276
449900,0.01489523
449910,0.01655762
449924,0.15322099
449928,0.05790412
449932,0.25794578
449942,0.04420531
449947,0.02395877
449955,0.04627958
449972,0.00557166
449984,0.09487924
450004,0.02843908
450027,0.04942763
450029,0.00708081
450035,0.04276681
450038,0.01292051
450042,0.53048278
450044,0.03586067
450060,0.02768652
450065,0.00895590
450076,0.04103098
450081,0.26530446
450083,0.04885956
450096,0.09718765
450102,0.02812729
450107,0.07994969
450109,0.05284110
450110,0.01809434
450111,0.03065107
450114,0.04698926
450117,0.03030806
450118,0.14550705
450124,0.19010095
450141,0.23319718
450145,0.02980335
450148,0.05340566
450169,0.03637955
450172,0.13740312
450173,0.02028486
450180,0.04927424
450182,0.01088356
450190,0.03022145
450200,0.02688357
450216,0.01837690
450221,0.03457215
450227,0.33444726
450229,0.02997034
450233,0.03675762
450244,0.12994987
450251,0.22763127
450260,0.01175872
450266,0.12930020
450267,0.04388110
450272,0.00526163
450280,0.08112766
450287,0.01610189
450290,0.01881570
450291,0.19807083
450303,0.02847739
450310,0.04872271
450311,0.06862347
450358,0.09625390
450373,0.09610472
450376,0.09271927
450383,0.05246374
450395,0.10190295
450398,0.27813805
450412,0.36850189
450415,0.06645044
450420,0.01357021
450421,0.17166589
450427,0.02480475
450428,0.03520670
450429,0.04332890
450433,0.03327315
450443,0.02643206
450453,0.01988902
450454,0.01408180
450458,0.07592788
450464,0.01709597
450469,0.10820443
450475,0.02646559
450478,0.26228549
450498,0.10265007
450501,0.11744386
450503,0.03368627
450513,0.31414654
450523,0.03624472
450530,0.08935838
450537,0.04297445
450543,0.05866625
450554,0.05112357
450555,0.01767753
450558,0.09072695
450568,0.01416693
450569,0.04127089
450580,0.01224890
450581,0.02249694
450588,0.02059346
450589,0.10874989
450602,0.05481657
450603,0.01186420
450621,0.02009834
450626,0.36826912
450640,0.01314126
450641,0.00745315
450644,0.36801828
450658,0.15592214
450672,0.15106903
450685,0.03323367
450687,0.07633181
450689,0.09828857
450690,0.09036419
450693,0.01408146
450699,0.01821288
450706,0.51010177
450708,0.13552170
450710,0.03860975
450716,0.08964041
450722,0.03476244
450752,0.13235901
450759,0.32791622
450763,0.06793204
450767,0.02852358
450768,0.07459418
450772,0.03397496
450778,0.04851478
450781,0.02094336
450788,0.01243976
450792,0.11112840
450817,0.00706615
450820,0.01387307
450835,0.21054760
450848,0.22871451
450853,0.28841161
450865,0.04156159
450878,0.01303916
450883,0.00923958
450885,0.05363604
450896,0.01106730
450897,0.02708875
450898,0.12989150
450904,0.06332919
450908,0.12470704
450917,0.00992526
450921,0.01678736
450923,0.08318664
450926,0.04137932
450929,0.05369354
450937,0.03065094
450963,0.14492235
450971,0.14730129
450973,0.04744016
450978,0.21110546
450982,0.00961352
450995,0.10246585
450997,0.01738420
451033,0.00963255
451035,0.00602038
451037,0.34340254
451039,0.00947068
451063,0.01155923
451079,0.03599520
451081,0.00981737
451083,0.03606408
451100,0.03623515
451101,0.00610130
451104,0.01753777
451109,0.02780551
451119,0.05196376
451124,0.01070033
451126,0.01536032
451146,0.07263516
451155,0.01508649
451156,0.01199987
451160,0.19152995
451163,0.00744050
451168,0.05670107
451175,0.06399452
451184,0.02476698
451189,0.03723920
451206,0.08567296
451208,0.02266714
451225,0.00911983
451226,0.02685331
451228,0.23577763
451230,0.13166554
451235,0.02175409
451239,0.01337637
451242,0.01688018
451247,0.08988697
451248,0.06637488
451255,0.04992501
451261,0.04109926
451270,0.18397739
451277,0.01087304
451278,0.11722475
451282,0.03383795
451283,0.03884099
451302,0.03071146
451310,0.06181370
451315,0.06442938
451328,0.02417443
451330,0.05648045
451331,0.18672216
451338,0.02076195
451342,0.07933664
451347,0.01309997
451350,0.14542707
451351,0.04712268
451354,0.02374365
451358,0.02380479
451370,0.01484043
451379,0.32440747
451383,0.05310564
451390,0.09822492
451391,0.02137097
451392,0.08657491
451412,0.06095582
451422,0.00411709
451429,0.01286421
451432,0.06588579
451437,0.02450534
451442,0.08804926
451455,0.04131961
451457,0.06227695
451464,0.04877942
451472,0.04596695
451474,0.06304038
451488,0.04495597
451512,0.00840873
451516,0.07391405
451519,0.22328215
451528,0.01643441
451531,0.01970628
451551,0.06480134
451564,0.07120207
451570,0.16967042
451571,0.01668048
451575,0.12422340
451576,0.07538696
451582,0.15393492
451586,0.03467994
451587,0.11921989
451594,0.07726941
451596,0.03162660
451600,0.08058418
451615,0.01355384
451616,0.04692034
451646,0.30894339
451648,0.08330993
451650,0.03473905
451651,0.14898921
451662,0.10815990
451675,0.01433530
451680,0.04045072
451682,0.11903629
451688,0.01932345
451691,0.02818341
451698,0.04418961
451703,0.03822959
451709,0.07369625
451714,0.12857426
451716,0.10831900
451719,0.03695423
451724,0.04883056
451726,0.05280425
451733,0.01220972
451743,0.04200464
451747,0.01512678
451756,0.03465509
451761,0.06390967
451762,0.07130167
451768,0.01110244
451785,0.00980889
451805,0.01063342
451811,0.21168791
451817,0.03289022
451823,0.10124431
451831,0.01872422
451840,0.06778253
451845,0.01713709
451852,0.04678858
451855,0.02847973
451856,0.02378468
451871,0.01251576
451873,0.07252231
451897,0.03602643
451907,0.06997339
451908,0.05906579
451919,0.02953542
451932,0.03024205
451934,0.14510405
451935,0.02563651
451936,0.11714089
451938,0.02228175
451954,0.02225178
451958,0.06176558
451976,0.12155958
451977,0.04794591
451983,0.16018701
452000,0.08825149
452023,0.02325998
452024,0.00557317
452028,0.00862731
452039,0.03107049
452043,0.02379927
452047,0.01074338
452067,0.13863517
452069,0.02293860
452071,0.01607134
452096,0.36828578
452101,0.08651600
452107,0.09507583
452108,0.03046368
452109,0.05148769
452123,0.01784226
452127,0.01258882
452131,0.10146891
452133,0.00910553
452136,0.13861535
452137,0.03877747
452142,0.03580129
452147,0.06866049
452158,0.04981824
452172,0.08874462
452190,0.24543092
452191,0.06631802
452192,0.00635372
452195,0.02423221
452209,0.03417860
452237,0.03710439
452239,0.00721329
452242,0.05090426
452246,0.00443578
452249,0.07191824
452263,0.04348547
452267,0.02405193
452273,0.07023106
452274,0.03983212
452291,0.12541017
452310,0.10626121
452319,0.01991187
452325,0.03264177
452328,0.04781055
452330,0.25305380
452332,0.02104509
452337,0.02220716
452353,0.22721901
452356,0.16990721
452368,0.00693372
452379,0.08839475
452380,0.26971504
452396,0.04151805
452398,0.13314060
452401,0.02601961
452408,0.07029162
452409,0.07173520
452414,0.05429066
452418,0.07522419
452422,0.06439931
452430,0.10936647
452432,0.01637001
452451,0.08754963
452455,0.02194690
452495,0.03803931
452497,0.18658247
452511,0.08951170
452514,0.01299921
452522,0.03797418
452529,0.04464425
452530,0.15754843
452542,0.04335279
452545,0.01679584
452558,0.02222120
452592,0.17511673
452604,0.00969876
452616,0.01493199
452619,0.03398529
452620,0.01145150
452630,0.02278640
452644,0.06361677
452658,0.02911574
452663,0.08081135
452668,0.03114219
452672,0.10675531
452679,0.03146575
452685,0.04221482
452690,0.05846992
452701,0.17603503
452702,0.07147062
452708,0.11124446
452714,0.02553363
452718,0.06585018
452731,0.00795112
452733,0.08212291
452741,0.04316919
452748,0.29094560
452750,0.01997528
452753,0.03448890
452759,0.00789009
452767,0.18339419
452768,0.28735087
452788,0.03277861
452802,0.01674302
452807,0.04303971
452819,0.05975645
452820,0.00905683
452821,0.01687256
452840,0.09694544
452851,0.01269188
452861,0.03057581
452865,0.01942565
452871,0.07356884
452882,0.02262590
452903,0.01353969
452906,0.06850594
452907,0.28222805
452914,0.01686872
452929,0.07207017
452931,0.08631480
452932,0.04200979
452948,0.06529604
452950,0.02661747
452963,0.02945392
452974,0.01381868
452982,0.07614181
452984,0.14723349
452994,0.01300407
452995,0.06578880
452998,0.01409262
453003,0.13250550
453021,0.03854956
453040,0.07599079
453042,0.08577305
453052,0.02891339
453056,0.04930522
453066,0.03019918
453067,0.00712164
453072,0.00988218
453085,0.02784198
453093,0.03753352
453094,0.01644114
453100,0.00871973
453101,0.04694975
453107,0.11758154
453110,0.11678412
453111,0.10671502
453113,0.01659959
453114,0.00749136
453124,0.01073350
453129,0.01032156
453142,0.27709774
453145,0.03760600
453152,0.12942184
453159,0.03964952
453168,0.05280289
453196,0.05797300
453212,0.03378369
453214,0.01425558
453215,0.04550691
453220,0.00637383
453230,0.32967261
453233,0.19545827
453235,0.03356608
453244,0.08175737
453248,0.29936443
453262,0.00651274
453268,0.02266554
453283,0.01535552
453284,0.03407841
453287,0.01760234
453299,0.02981904
453314,0.03391093
453322,0.02427101
453349,0.16732290
453354,0.05926081
453356,0.09825167
453359,0.19131558
453366,0.04264046
453367,0.07814034
453372,0.01109407
453378,0.42379016
453390,0.00634521
453397,0.10300167
453403,0.02195880
453406,0.30846136
453412,0.10567597
453415,0.30894563
453428,0.04307257
453431,0.01397244
453442,0.02995688
453449,0.04505051
453465,0.01258915
453473,0.29835087
453476,0.02018152
453479,0.01614075
453480,0.01469123
453481,0.02609145
453493,0.02257257
453494,0.05067594
453507,0.25869197
453509,0.01306776
453514,0.07622747
453524,0.09749031
453534,0.03501529
453538,0.02054954
453544,0.18561310
453549,0.00663460
453550,0.11514186
453551,0.01556787
453556,0.01802893
453560,0.29313378
453566,0.02681576
453569,0.05544039
453579,0.02263478
453582,0.01633196
453586,0.04406197
453618,0.01395920
453620,0.05118860
453655,0.07334506
453659,0.04788719
453668,0.06094137
453681,0.02448086
453686,0.04897628
453687,0.04912196
453704,0.03596540
453707,0.05482127
453708,0.02728488
453709,0.11203773
453715,0.02532254
453721,0.21555543
453725,0.03485018
453727,0.01712858
453747,0.18192853
453753,0.15633083
453755,0.03000451
453761,0.01896095
453763,0.00594586
453766,0.00699426
453774,0.00861715
453781,0.32734334
453790,0.04022715
453797,0.31104694
453808,0.16799143
453814,0.03875453
453836,0.06891332
453837,0.01385608
453843,0.03171742
453844,0.03451153
453871,0.01429520
453881,0.05824646
453892,0.34158341
453893,0.01989614
453894,0.02703711
453895,0.01650427
453903,0.04852250
453906,0.06115451
453918,0.12015575
453924,0.02649946
453930,0.12316178
453940,0.02200784
453944,0.13828059
453947,0.32983300
453949,0.14202112
453952,0.09752917
453959,0.05728453
453971,0.05359551
453986,0.29334076
453988,0.01221179
453989,0.03457790
453999,0.14259834
454007,0.04785207
454021,0.00893316
454023,0.20979361
454036,0.03649200
454046,0.01078226
454052,0.03551407
454066,0.02614088
454070,0.25131357
454071,0.02783471
454075,0.06037846
454080,0.02164621
454085,0.02651529
454097,0.11911894
454103,0.02804206
454105,0.08333155
454108,0.02444583
454109,0.08970655
454137,0.14985532
454150,0.02002460
454155,0.02640675
454164,0.10402340
454165,0.02354185
454170,0.12357462
454173,0.02440674
454181,0.00938441
454183,0.14428840
454188,0.17359801
454192,0.00706730
454198,0.28650349
454200,0.01383013
454209,0.00496309
454211,0.31531765
454212,0.01060623
454218,0.24551964
454220,0.04054219
454231,0.00987934
454242,0.00537941
454245,0.01777243
454261,0.02352312
454269,0.06819761
454271,0.01836267
454287,0.04901924
454293,0.15554022
454296,0.04766861
454304,0.03673297
454313,0.23287387
454315,0.10034346
454321,0.01716160
454333,0.10365674
454334,0.04114408
454345,0.01915774
454347,0.06043123
454361,0.06686522
454380,0.01697541
454382,0.14298743
454386,0.06401405
454390,0.05938211
454396,0.03916141
454398,0.14138098
454403,0.03090980
454405,0.03144100
454406,0.04075185
454412,0.13017272
454418,0.06731005
454436,0.08029434
454443,0.08880471
454449,0.06583520
454457,0.11940697
454466,0.01324889
454471,0.25987566
454476,0.27814680
454489,0.19265149
454493,0.10554538
454495,0.03448820
454497,0.00947901
454522,0.03741850
454554,0.16020294
454557,0.01286502
454560,0.02441248
454561,0.05160673
454563,0.05458179
454565,0.04032889
454566,0.06900480
454578,0.09247495
454605,0.05519370
454608,0.02031375
454612,0.01184482
454618,0.12610714
454622,0.03710722
454631,0.07855622
454638,0.01358563
454639,0.13374280
454640,0.11927292
454653,0.16050402
454663,0.01436068
454664,0.27218187
454674,0.28840022
454678,0.19618901
454680,0.01675164
454687,0.05003494
454690,0.03148316
454698,0.15219037
454700,0.08635070
454707,0.00942402
454714,0.01083095
454722,0.09059536
454723,0.03482883
454739,0.10494322
454745,0.02162734
454763,0.06029936
454765,0.03426632
454774,0.01660373
454778,0.01684747
454780,0.02502328
454781,0.05889138
454789,0.01168137
454801,0.05437863
454802,0.02842114
454835,0.20654371
454837,0.06482626
454841,0.00841003
454872,0.08206380
454878,0.01782306
454884,0.00402318
454891,0.09859971
454897,0.03219304
454908,0.02507431
454912,0.03733436
454922,0.01660623
454929,0.06746562
454935,0.04010736
454946,0.05204156
454959,0.04779644
454970,0.03336559
454991,0.02921005
455002,0.11854749
455005,0.14134299
455016,0.14922372
455021,0.00417749
455022,0.03336595
455024,0.11144905
455044,0.20084525
455050,0.01938999
455055,0.14170071
455056,0.04862520
455067,0.02104323
455069,0.01114101
455082,0.04255312
455087,0.02381964
455088,0.04216491
455112,0.05414181
455126,0.03332522
455132,0.05181491
455135,0.12655452
455148,0.01804397
455156,0.07059718
455161,0.08156820
455162,0.19673039
455164,0.16047605
455171,0.07670613
455174,0.01028626
455175,0.04722330
455184,0.14063738
455188,0.03532147
455200,0.06554906
455209,0.15547892
455212,0.22691027
455217,0.02299901
455222,0.01902467
455223,0.02093267
455228,0.05407828
455243,0.02926010
455246,0.03076984
455255,0.44623863
455262,0.06591059
455268,0.02360608
455277,0.17563740
455281,0.14625865
455296,0.02329846
455297,0.00872733
455322,0.01145369
455326,0.40363093
455327,0.10630873
455328,0.03406991
455368,0.00793164
455374,0.07856516
455377,0.01629411
455378,0.00797421
455379,0.07280572
455395,0.02155248
455424,0.08265018
455425,0.02714465
455429,0.00626767
455434,0.06400071
455436,0.01083032
455438,0.00763754
455439,0.13469098
455440,0.01027995
455441,0.01264912
455481,0.00877575
455482,0.00633698
455483,0.00425218
455484,0.20232974
455489,0.03470249
455490,0.08183408
455513,0.61589358
455515,0.13046373
455536,0.03125689
455537,0.03745794
455538,0.00600141
455539,0.07406784
455567,0.28792031
455583,0.09603134
455607,0.01758160
455636,0.24307089
455638,0.02767311
455640,0.28292729
455644,0.01121430
455645,0.02268581
455648,0.03230198
455650,0.02161222
455658,0.11171545
455694,0.03176747
455695,0.04847434
455696,0.01167540
455703,0.06106552
455742,0.01087976
455748,0.05187076
455749,0.10927386
455750,0.18159669
455751,0.02227448
455752,0.06472769
455787,0.06512858
455798,0.03481441
455802,0.14634045
455803,0.04082942
455804,0.11097467
455805,0.01074248
455829,0.00502079
455840,0.04460383
455849,0.02089827
455850,0.09165909
455852,0.03504547
455854,0.16785196
455863,0.02930229
455897,0.05249608
455902,0.01750355
455907,0.01962518
455908,0.05254364
455909,0.02898094
455940,0.06163927
455955,0.07560812
455958,0.05943394
455959,0.07944462
455960,0.01501853
455961,0.32345425
455962,0.02938971
455963,0.03159977
455965,0.01761359
456007,0.20461931
456008,0.01208371
456009,0.03841568
456010,0.10563222
456011,0.02716480
456013,0.19765704
456028,0.13411600
456058,0.15287789
456111,0.06142569
456114,0.16458154
456115,0.02050193
456116,0.00663644
456119,0.00756155
456120,0.10292095
456122,0.05304556
456123,0.02020276
456166,0.10626550
456167,0.03473304
456168,0.02950559
456169,0.09108269
456170,0.01188169
456189,0.11037908
456202,0.07120460
456221,0.03278900
456222,0.04233263
456223,0.00725094
456224,0.03192519
456250,0.17907741
